{"thingDefinitions":[{"id":"5cb1ea89981488266be4b9bf","def":"{\"n\":\"boden\",\"v\":9,\"a\":[7],\"p\":[{\"s\":[{\"p\":[0,0,0],\"r\":[0,0,0],\"s\":[0.2164964,15.3006,14.83321],\"c\":[1,1,1]}]}]}"},{"id":"5cb1eb1a1a4c6b70441acb12","def":"{\"n\":\"wand 1\",\"v\":9,\"a\":[7],\"p\":[{\"s\":[{\"p\":[0,0,0],\"r\":[0,0,0],\"s\":[2.223774,0.05393157,2.006682],\"c\":[0.4938272,0.5555556,0.5502645]}]}]}"}],"serveTime":4}