{"ok":true,"areaId":"5cb1ac6c9a0164790c8ed649","areaName":"chill n' build","areaKey":"rr5cb1ac6cc7e439790c6343ae","areaCreatorId":"5c26ec506e3e726e4f89854f","isPrivate":false,"isZeroGravity":false,"hasFloatingDust":false,"isCopyable":false,"onlyOwnerSetsLocks":false,"isExcluded":false,"environmentChangersJSON":"{\"environmentChangers\":[{\"Name\":\"sun\",\"Rotation\":{\"x\":277.56695556640625,\"y\":223.26220703125,\"z\":72.0076904296875},\"Scale\":0.050000037997961044,\"Color\":{\"r\":1,\"g\":1,\"b\":1,\"a\":1}}]}","requestorIsEditor":false,"requestorIsListEditor":false,"requestorIsOwner":false,"placements":[{"Id":"5cb1ad20188adf2850b292fe","Tid":"5cb1ad20a13360482344a71a","P":{"x":1.0430618524551392,"y":-0.36852189898490906,"z":-0.8181844353675842},"R":{"x":0.00001001791224553017,"y":0.00001001791224553017,"z":180}},{"Id":"5cb1ad55188adf2850b292ff","Tid":"5cb1ad5521bdca26726f579c","P":{"x":0.5787229537963867,"y":0.7639831304550171,"z":-0.6579908132553101},"R":{"x":282.10125732421875,"y":299.8311462402344,"z":193.43930053710938},"S":1.000000238418579},{"Id":"5ccf4305188adf34c4576142","Tid":"5ccf4ab844d5af1774ed9790","P":{"x":0.6004084944725037,"y":0.9584150314331055,"z":-0.5578657388687134},"R":{"x":281.8407287597656,"y":31.140106201171875,"z":62.911888122558594}}],"serveTime":19}