{"ok":true,"areaId":"5f81d347fe99c863186cfae1","areaName":"machoman's home","areaKey":"rr5f81d347cee3956318158431","areaCreatorId":"5f81d347fe99c863186cfae0","isPrivate":false,"isZeroGravity":false,"hasFloatingDust":false,"isCopyable":false,"onlyOwnerSetsLocks":false,"isExcluded":false,"environmentChangersJSON":"{\"environmentChangers\":[{\"Name\":\"ambientLight\",\"Rotation\":{\"x\":2.4146599769592285,\"y\":2.840813159942627,\"z\":1.559890627861023},\"Scale\":0.09999996423721313,\"Color\":{\"r\":0.09999997168779373,\"g\":0.09899996966123581,\"b\":0.06999997794628143,\"a\":1}}]}","requestorIsEditor":false,"requestorIsListEditor":false,"requestorIsOwner":false,"placements":[{"Id":"5f81d347cee3956318158432","Tid":"000000000000000000000001","P":{"x":0.62715387344,"y":-0.275627732,"z":0.321439146995},"R":{"x":0,"y":0,"z":0},"A":[1]}],"serveTime":13}