{"ok":true,"areaId":"631fb93e688d437fad2347b9","areaName":"jonny able's home","areaKey":"rr631fb93e9e869f7fadb7d743","areaCreatorId":"631fb93e688d437fad2347b8","isPrivate":false,"isZeroGravity":false,"hasFloatingDust":false,"isCopyable":false,"onlyOwnerSetsLocks":false,"isExcluded":false,"environmentChangersJSON":"{\"environmentChangers\":[]}","requestorIsEditor":false,"requestorIsListEditor":false,"requestorIsOwner":false,"placements":[{"Id":"631fb93e9e869f7fadb7d744","Tid":"000000000000000000000001","P":{"x":0.62715387344,"y":-0.275627732,"z":0.321439146995},"R":{"x":0,"y":0,"z":0},"A":[1]},{"Id":"631fbb5b89b68e11c0edd364","Tid":"631fbb5090e5997fb218b357","P":{"x":-0.5980252027511597,"y":0.9699885845184326,"z":0.4415706396102905},"R":{"x":347.78173828125,"y":267.88153076171875,"z":56.574745178222656},"S":1.000000238418579},{"Id":"631fbbd789b68e11c0edd365","Tid":"631fbbcde79e647fb98310a4","P":{"x":0.11010852456092834,"y":0.9405603408813477,"z":0.4204879105091095},"R":{"x":4.879700660705566,"y":153.1649627685547,"z":94.40641021728516},"S":1.000000238418579},{"Id":"631fbdda89b68e2208b280dc","Tid":"631fbdd0c93fc77fb425a135","P":{"x":1.069841742515564,"y":0.9771154522895813,"z":0.2278188318014145},"R":{"x":323.7106018066406,"y":278.2807312011719,"z":30.282215118408203},"A":[]}],"serveTime":57}