{"thingDefinitions":[{"id":"5aac2957435a7513d0951f2d","def":"{\"v\":2,\"a\":[31],\"p\":[{\"b\":9,\"t\":3,\"s\":[{\"p\":[0,0,0],\"r\":[0,0,-1.280661E-06],\"s\":[0.5975128,0.5975127,0.597513],\"c\":[1,0.1714285,0]}]}]}"}],"serveTime":3}