{"thingDefinitions":[{"id":"5b159f6e55e46e0f837f825e","def":"{\"v\":4,\"p\":[{\"s\":[{\"p\":[0,0,0],\"r\":[0,0,0],\"s\":[0.7322505,0.04291862,0.4647711],\"c\":[1,1,1],\"b\":[\"when starts then\",\"when touched then play \"]},{\"p\":[0,0,0],\"r\":[0,0,0],\"s\":[0.7322505,0.04291862,0.4647711],\"c\":[1,1,1],\"b\":[\"when \"]}]}]}"}],"serveTime":3}