{"n":"button","a":[],"p":[{"s":[{"p":[0,0,0],"r":[271.105,242.0361,31.02237],"s":[0.11979,0.1014364,0.1750003],"c":[0.48,0.6079999,0.8]}]},{"t":2,"s":[{"p":[0.03879857,0.005686164,-0.004933834],"r":[271.9876,253.3226,19.6679],"s":[0.0986344,0.1105682,0.1342698],"c":[0.2799999,0.7,0.3039999],"b":["when touched then become 2 in 1s, tell nearby pressed, play button click 3"]},{"p":[-0.001477718,0.004050136,0.001946926],"r":[271.5724,256.7458,15.31363],"s":[0.09863447,0.1105683,0.1342701],"c":[0.2799999,0.7,0.3039999],"b":["when starts then become 1 in 1s"]}]}]}