{"n":"lamp","a":[1],"p":[{"b":3,"t":3,"s":[{"p":[0,0,0],"r":[331.2709,43.58334,0.3894802],"s":[0.2903318,0.3041825,0.2861362],"c":[0.8922857,0.9,0.63]}]},{"t":3,"s":[{"p":[0.04703379,-0.5885215,0.07573795],"r":[289.8915,213.8365,180.9628],"s":[0.03514073,0.05224542,0.8211492],"c":[0.4099998,0.5,0.04999994]}]}]}