{"n":"ceiling","a":[1,7],"p":[{"s":[{"p":[0,0,0],"r":[270,1.001791E-05,0],"s":[12.54473,14.11428,0.1339199],"c":[0.8,0.6239999,0.2399999]}]}]}