{"n":"rock","a":[1],"p":[{"b":17,"s":[{"p":[0,0,0],"r":[9.059478,218.1634,273.7901],"s":[0.8245968,0.4503205,0.2451144],"c":[0.5982856,0.6,0.5399999]}]}]}