{"n":"wall","a":[7,18],"p":[{"s":[{"p":[0,0,0],"r":[0,0,0],"s":[0.6388075,50,5.273014],"c":[0.4444444,0.3202821,0.04938265]}]}]}