{"n":"thing","a":[7],"p":[{"s":[{"p":[0,0,0],"r":[0,0,0],"s":[17.53868,0.6539097,0.9523591],"c":[0.7777778,0.6419752,0.3456789]}]}]}