{"n":"lamp","p":[{"b":3,"t":3,"s":[{"p":[0,0,0],"r":[0,0,-1.334021E-08],"s":[0.3350465,0.1250002,0.2912512],"c":[0.9904761,1,0.6666666]}]}]}