{"n":"thing","a":[2,15,17],"p":[{"b":9,"s":[{"p":[0.01039186,-0.252697,-0.05402794],"r":[281.5628,350.6537,16.62903],"s":[0.1395132,0.1250002,0.4013716],"c":[0.2962962,0.4444444,0.3047618]}]},{"b":16,"s":[{"p":[0.0002101224,-0.01830616,-0.0100887],"r":[3.830361,356.5297,358.6906],"s":[0.2290117,0.125,0.2582885],"c":[1,0.1714285,0]}]}]}