{"n":"thing","a":[2],"p":[{"b":14,"s":[{"p":[0,0,0],"r":[0,0,0],"s":[0.06000004,0.06000011,0.06000017],"c":[1,0,0],"b":["when raised then play energy shot"]}]},{"b":13,"s":[{"p":[0.002752521,-0.003686011,-0.1638928],"r":[354.5919,1.227718,2.156962],"s":[0.02725113,0.03118215,0.0163992],"c":[0,0.3999996,1]}]},{"b":5,"s":[{"p":[0.007028108,-0.005625933,-0.2786059],"r":[354.0998,358.9325,11.35774],"s":[0.02388618,0.02365368,0.2393887],"c":[0.1142856,1,0]}]}]}