{"n":"thing","a":[2],"p":[{"b":3,"t":2,"s":[{"p":[0,0,0],"r":[0,0,3.415094E-06],"s":[0.06054145,0.06300426,0.06002276],"c":[0.3456789,0.7777778,0.7777778]}]}]}