{"n":"thing","p":[{"s":[{"p":[0.1665748,-0.6761606,0.5649678],"r":[32.19087,345.0305,352.5701],"s":[0.01837271,0.02842859,0.05902845],"c":[1,1,1],"b":["when someone in vicinity then loop fire"]},{"p":[0,0,0],"r":[0,0,-2.134434E-07],"s":[0.175,0.175,0.175],"c":[1,1,1]}]}]}