{"n":"wall2","a":[2,13,16],"p":[{"t":7,"s":[{"p":[0,0,0],"r":[0,0,0],"s":[0.8276642,0.1750004,1.251177],"c":[1,0,0],"b":["when touches shot3 then become 2 in 0.2s"]},{"p":[0,0,0],"r":[0,0,0],"s":[0.8276642,0.1750004,1.251177],"c":[0.6666667,0.07407402,0.07407402],"b":["when touches shot3 then become 3 in 0.2s"]},{"p":[0,0,0],"r":[0,0,0],"s":[0.8276642,0.1750004,1.251177],"c":[0.2222221,0.04938265,0.04938265],"b":["when touches shot3 then become 4 in 0.2s"]},{"p":[0,0,0],"r":[0,0,0],"s":[0.01315057,0.007168233,0.009851098],"c":[0.2222219,0.04938255,0.04938255],"b":["when starts then become 1 in 15s"]}]}]}