{"n":"thing","p":[{"b":14,"s":[{"p":[0,0,0],"r":[0,0,0],"s":[0.004999998,0.01032928,0.02174939],"c":[0.5555556,0.4761905,0]}]},{"b":14,"s":[{"p":[-0.2951567,0.05570323,-0.01732647],"r":[340.0295,344.2998,335.4778],"s":[0.005000002,0.01032929,0.02174941],"c":[0.5555556,0.4761905,0]}]},{"b":14,"s":[{"p":[-0.2349714,-0.1537488,-0.01524798],"r":[354.7024,351.0897,329.0078],"s":[0.005000004,0.01032929,0.02174942],"c":[0.5555556,0.4761905,0]}]}]}