{"n":"target","p":[{"b":5,"s":[{"p":[-0.1634406,-0.4734503,-0.1510016],"r":[36.04245,344.2127,335.8382],"s":[0.4137324,0.4137396,0.4138128],"c":[0.3456789,0.3513226,0.4444444]}]},{"b":5,"s":[{"p":[-0.1531219,-0.4455388,-0.1812137],"r":[36.04245,344.2127,335.8382],"s":[0.3472448,0.34725,0.3473162],"c":[1,1,1]}]},{"b":5,"s":[{"p":[-0.1305334,-0.385436,-0.2673914],"r":[36.04246,344.2127,335.8382],"s":[0.1250539,0.1250564,0.1250843],"c":[1,0,0.1714283]}]}]}