{"n":"thing","p":[{"b":18,"e":"MEGAPHONES","s":[{"p":[0,0,0],"r":[0,0,0],"s":[0.007644795,0.007644786,0.007644793],"c":[1,1,1]}]}]}