{"n":"thing","p":[{"s":[{"p":[0,0,0],"r":[0,0,-3.126613E-10],"s":[2.663121,2.89226,0.1750093],"c":[1,1,1]}]}]}