{"n":"thing","p":[{"s":[{"p":[0,0,0],"r":[0,0,4.002064E-08],"s":[1.174206,0.7116205,0.6539959],"c":[1,1,1]}]}]}