{"n":"ball54","a":[9,13],"p":[{"b":9,"t":6,"a":[3],"s":[{"p":[0,0,0],"r":[0,0,1.28066E-06],"s":[0.05627388,0.05627388,0.05627384],"c":[0,0.05714257,1]}]}]}