{"n":"thing","p":[{"s":[{"p":[0,0,0],"r":[0,0,0],"s":[48.90978,0.3001657,10.71906],"c":[0.9873015,1,0.5555556]}]}]}