{"n":"redshot","a":[2,15],"p":[{"b":9,"t":6,"s":[{"p":[0,0,0],"r":[0,0,0],"s":[0.01652639,0.01942146,0.01593179],"c":[1,0,0.1714283]}]}]}