{"n":"thing","p":[{"b":9,"s":[{"p":[0.0234589,0.006842642,0.005062763],"r":[0.5335746,359.7894,355.9123],"s":[0.06300177,0.1015922,0.05230951],"c":[0.1142857,0,1]}]},{"b":17,"s":[{"p":[-0.03653132,-0.01614104,0.007242199],"r":[3.749411,354.0493,32.48824],"s":[0.005000014,0.005000008,0.005000011],"c":[1,1,1]}]},{"b":17,"s":[{"p":[-0.03080445,0.05769815,0.01219653],"r":[350.4641,355.0669,38.47622],"s":[0.00500001,0.005000005,0.005000006],"c":[1,1,1]}]},{"b":14,"s":[{"p":[-0.03263213,0.01952033,-0.03188468],"r":[359.533,349.7334,350.4604],"s":[0.005000004,0.08214083,0.005000001],"c":[1,0,0.1714283]}]}]}