{"n":"thing","p":[{"b":22,"e":"FOOLED YOU!","s":[{"p":[0,0,0],"r":[0,0,0],"s":[0.004570904,0.004570899,0.004570903],"c":[1,1,1]}]}]}