{"n":"thing","p":[{"b":18,"e":"M PLUSPLUS","s":[{"p":[0,0,0],"r":[0,0,0],"s":[0.02948375,0.02948375,0.02948376],"c":[0.2222218,0.2222218,0.2222218]}]}]}