{"n":"ground","a":[7,18],"p":[{"s":[{"p":[0,0,0],"r":[0,0,0],"s":[50,50,0.1774757],"c":[0,1,0.9142858]}]}]}