{"n":"thing","a":[7],"p":[{"b":8,"t":2,"s":[{"p":[0,0,0],"r":[0,0,0],"s":[0.03533208,0.055693,0.06698193],"c":[0.8888889,0.8888889,0.8888889],"b":["when starts then become 2 in 1s"]},{"p":[-0.004286286,0.01269853,0.007750988],"r":[1.162597E-06,-1.162597E-06,90],"s":[0.03533638,0.05569785,0.06698626],"c":[1,0.9206349,0.4444443],"b":["when starts then become 1 in 1s"]}]}]}