{"n":"platform","p":[{"b":4,"s":[{"p":[0,0,0],"r":[0,0,0],"s":[0.5328376,0.5516515,0.6577202],"c":[1,0,0.5142856]}]}]}