{"n":"thing","p":[{"b":5,"t":6,"s":[{"p":[0,0,0],"r":[0,0,1.300671E-06],"s":[0.1322322,0.252255,0.07464293],"c":[1,0.5142855,0]}]}]}