{"n":"platform","p":[{"b":4,"s":[{"p":[0,0,0],"r":[0,0,0],"s":[0.5999986,0.5265927,0.6732257],"c":[1,0.3333332,0.5619048]}]},{"b":4,"s":[{"p":[-1.396225,-1.357788,0.1836386],"r":[9.815745,2.436726,356.7596],"s":[1.447594,1.254832,1.090613],"c":[1,0.3333332,0.5619048]}]}]}