{"n":"thing","p":[{"b":16,"s":[{"p":[0,0,0],"r":[-4.268869E-07,-1.987847E-16,5.336086E-08],"s":[0.03341614,0.006455802,0.03567493],"c":[0.4444444,0.4444444,0.4444444]}]}]}