{"n":"thing","p":[{"b":12,"s":[{"p":[-0.02267655,-0.007977656,0.006865181],"r":[357.1517,0.976945,0.9207173],"s":[0.2725804,0.06000002,0.04994469],"c":[0.6666667,0.6031746,0.2222221]}]}]}