{"n":"thing","a":[2,3,7,18],"p":[{"s":[{"p":[-0.05019758,0.1570572,8.113682E-06],"r":[1.001791E-05,180,1.001791E-05],"s":[0.8147773,2.001543,0.03259406],"c":[0.6666667,0.5714286,0],"b":["when touched then become 2 in 2s"]},{"p":[0.3650829,0.1128164,0.3789435],"r":[-1.001792E-05,270,1.001791E-05],"s":[0.8569476,2.005403,0.03266806],"c":[0.6666667,0.5714286,0],"b":["when touched then become 1 in 2s"]}]}]}