{"n":"pk","p":[{"b":4,"t":3,"s":[{"p":[0,0,0],"r":[0,0,0],"s":[0.005000005,0.005000008,0.1250005],"c":[1,0,0.1714283]}]}]}