{"n":"thing","a":[2],"p":[{"b":11,"s":[{"p":[-0.009777096,-0.007238795,0.004618779],"r":[1.889502,0.001573827,352.595],"s":[0.005000033,0.02218764,0.1250002],"c":[0.7777778,0.7777778,0.7777778]}]},{"s":[{"p":[-0.009040767,-0.001755905,-0.1659007],"r":[352.5991,270.2471,88.09463],"s":[0.02689914,0.1750234,0.01724279],"c":[0,0,0]}]}]}