{"n":"dou","a":[13,19],"p":[{"b":4,"t":6,"s":[{"p":[0,0,0],"r":[0,0,0],"s":[0.005000006,0.005000008,0.01546328],"c":[1,0.1714285,0]}]}]}