{"n":"thing","a":[7,18],"p":[{"s":[{"p":[0,0,0],"r":[0,0,0],"s":[3.927965,0.1730878,4.618373],"c":[0.3456789,0.4021163,0.4444443]}]}]}