{"n":"boden","a":[7],"p":[{"s":[{"p":[0,0,0],"r":[0,0,0],"s":[0.3290014,3.435583,5.469822],"c":[0.8888889,0.09876537,0.09876537]}]}]}