{"n":"thing","a":[7],"p":[{"b":5,"s":[{"p":[0,0,0],"r":[0,0,0],"s":[0.1250043,0.1250087,0.1250221],"c":[1,1,1]}]}]}