{"n":"thing","p":[{"s":[{"p":[0,0,0],"r":[0,0,0],"s":[0.1075389,0.2085652,3.938972],"c":[1,1,1]}]}]}