{"n":"thing","a":[7,18],"p":[{"s":[{"p":[0,0,0],"r":[0,0,0],"s":[1.351204,1.09066,0.1008209],"c":[1,0.7555555,0.2222221]}]}]}