{"n":"thing","a":[7],"p":[{"b":12,"t":2,"a":[5],"s":[{"p":[0,0,0],"r":[0,0,-3.828216E-20],"s":[42.28947,46.00948,42.22122],"c":[0,0.9142855,1],"b":["when starts then become 2 in 10s"]},{"p":[0,0,0],"r":[0,0,-3.828216E-20],"s":[42.28947,41.08743,42.22122],"c":[1,0,0.6857142],"b":["when starts then become 3 in 10s"]},{"p":[0,0,0],"r":[0,0,-3.828216E-20],"s":[42.28947,50,42.22122],"c":[0,1,0.7428571],"b":["when starts then become 1 in 10s"]}]}]}