{"n":"thing","a":[7],"p":[{"s":[{"p":[0,0,0],"r":[0,0,0],"s":[0.04970322,0.08275182,0.06071011],"c":[0.5555556,0.5555556,0.5555556],"b":["when touched then become 2 in 0.2s","when touched then tell any affirmative"]},{"p":[0,0,0],"r":[0,0,0],"s":[0.04970322,0.08275182,0.06071011],"c":[0.5555556,0.5555556,0.5555556],"b":["when touched then become 1 in 0.2s","when touched then tell any awff"]}]}]}