{"n":"thing","a":[7,18],"p":[{"s":[{"p":[0,0,0],"r":[0,0,0],"s":[0.1750415,9.325217,4.64558],"c":[1,1,1]}]}]}