{"n":"fuckoff","p":[{"s":[{"p":[0,0,0],"r":[0,0,1.067217E-07],"s":[0.02642223,0.09107898,0.02918778],"c":[1,0,0.1714283]}]}]}