{"n":"coffeetable","a":[7,18],"p":[{"b":13,"s":[{"p":[0.01785898,5.960464E-08,0.5224003],"r":[0,0,1.001791E-05],"s":[0.4958071,0.2262775,0.01796706],"c":[0,0,0]}]},{"b":7,"s":[{"p":[0.01969719,-0.004201353,0.4610945],"r":[0,180,5.008957E-06],"s":[0.6835349,0.2955183,0.1184133],"c":[0,0,0]}]},{"b":7,"s":[{"p":[0.4176068,-0.008166701,0.257121],"r":[0,0,90.00001],"s":[0.2464782,0.04248052,0.3586514],"c":[0,0,0]}]},{"b":7,"s":[{"p":[-0.3818493,-0.007662445,0.2644643],"r":[0,0,90],"s":[0.2465803,0.04249631,0.3587244],"c":[0,0,0]}]}]}