{"n":"thing","a":[1,2],"p":[{"b":14,"s":[{"p":[-0.008824162,0.003399994,-0.07704073],"r":[358.3396,358.8824,356.8776],"s":[0.005000007,0.005000005,0.07569275],"c":[0.4444444,0.300529,0.1481481]}]},{"b":5,"s":[{"p":[-0.009930877,0.0102194,0.0266589],"r":[358.1908,355.8073,352.4478],"s":[0.02160754,0.01919717,0.06872545],"c":[1,1,1]}]},{"b":5,"s":[{"p":[-0.01147657,0.003369981,-0.05010162],"r":[357.2043,357.6065,351.585],"s":[0.02160756,0.01919718,0.06872541],"c":[1,1,1]}]},{"b":5,"s":[{"p":[-0.01290395,0.008914024,0.1025619],"r":[358.5198,357.2056,358.0883],"s":[0.02160748,0.01919713,0.06872524],"c":[1,1,1]}]}]}