{"n":"casingone","a":[2],"p":[{"b":14,"s":[{"p":[0,0,0],"r":[0,0,2.668042E-08],"s":[0.007611332,0.009089035,0.006038372],"c":[1,0,0.3428572]}]}]}