{"n":"thing","p":[{"b":6,"t":3,"s":[{"p":[0,0,0],"r":[0,0,0],"s":[0.005,0.005000001,0.2629252],"c":[0.9714285,0,1]}]}]}