{"n":"ground","a":[1,7],"p":[{"b":17,"s":[{"p":[0,0,0],"r":[0,0,0],"s":[6.1822,0.11062,6.156949],"c":[0.2299822,0.4444444,0.04938265]}]}]}