{"n":"thing","p":[{"b":5,"t":7,"s":[{"p":[-0.07122809,-0.04573974,0.05784242],"r":[55.13964,319.8917,266.3131],"s":[0.005000036,0.005000019,0.005000038],"c":[0.9714285,0,1],"b":["when told shield then become 2 in 0.2s","when told shield then play soft whoosh"]},{"p":[-0.0448846,0.09173825,0.2098601],"r":[52.81253,351.3658,351.7884],"s":[0.2265661,0.1639344,0.005000038],"c":[0.9714285,0,1],"b":["when told shield then become 1 in 0.2s"]}]}]}