{"n":"thing","p":[{"b":23,"e":"EMILY'S WAFFLE","s":[{"p":[0,0,0],"r":[0,0,0],"s":[0.009746341,0.009746347,0.009746343],"c":[0.9714285,0,1]}]}]}