{"n":"thing","p":[{"b":12,"s":[{"p":[0.08166903,0.002449445,-0.1352551],"r":[291.494,350.9997,12.79603],"s":[0.1047311,0.3833375,0.1112091],"c":[0.9714286,1,0]}]},{"b":12,"s":[{"p":[-0.3540058,0.09230332,-0.2253126],"r":[333.0359,189.8777,169.1759],"s":[0.1047311,0.3833376,0.1112091],"c":[0.9714286,1,0]}]},{"s":[{"p":[0.08627423,-0.0003805459,-0.1482223],"r":[3.5891,276.6426,162.185],"s":[0.4875493,0.03453022,0.4887785],"c":[0.3280421,0.3333333,0.148148]}]},{"s":[{"p":[-0.35085,0.1192825,-0.2169836],"r":[13.96347,275.5144,58.42429],"s":[0.4875495,0.03453029,0.4887794],"c":[0.3280421,0.3333333,0.148148]}]}]}