{"n":"thing","p":[{"s":[{"p":[-0.09689994,-0.02864888,0.03387642],"r":[1.001791E-05,1.001791E-05,1.313691E-12],"s":[0.9602532,1.73233,0.8912255],"c":[1,0.8571429,0]}]},{"t":7,"s":[{"p":[-0.6862027,-0.0546189,0.02794635],"r":[8.14222E-13,270,9.83863E-06],"s":[0.7123785,1.552186,0.8227019],"c":[1,1,1]}]},{"b":7,"s":[{"p":[-0.3981467,-0.03250358,-0.4498034],"r":[-5.008957E-06,180,4.378969E-13],"s":[0.161484,0.4482513,0.1250555],"c":[0.4444444,0.4444444,0.4444444]}]},{"b":19,"e":"MINIGUN","s":[{"p":[-0.444186,-0.2127342,-0.505664],"r":[1.221333E-12,-1.001791E-05,90],"s":[0.008198151,0.008198302,0.008198304],"c":[1,0.8571429,0]}]}]}