{"n":"thing","p":[{"b":16,"t":3,"s":[{"p":[0,0,0],"r":[0,0,0],"s":[0.03681563,0.125,0.04539979],"c":[1,0,0]}]}]}