{"n":"thing","p":[{"b":13,"s":[{"p":[0.0363421,-0.3134609,-0.08121201],"r":[352.9948,3.079361,356.7061],"s":[0.005000018,0.0600004,1.420183],"c":[0.2222221,0.1975307,0.04938262]}]},{"b":13,"s":[{"p":[0.03302973,0.1177234,-0.04751224],"r":[358.6043,3.381596,355.1034],"s":[0.005000009,0.06000037,1.420181],"c":[0.2222221,0.1975308,0.04938265]}]}]}