{"n":"thing","p":[{"b":17,"s":[{"p":[0,0,0],"r":[0,0,0],"s":[0.1896749,0.1959036,0.2396716],"c":[0.1523808,0.3333333,0]}]},{"b":17,"s":[{"p":[-0.05290183,-0.151701,-0.2304512],"r":[36.30376,342.0706,349.1604],"s":[0.05490515,0.1986791,0.03930275],"c":[0.2222221,0.1523809,0]}]}]}