{"n":"thing","a":[5],"p":[{"t":7,"s":[{"p":[0,0,0],"r":[0,0,0],"s":[1.202339,0.04561206,2.00804],"c":[1,1,1]}]}]}