{"n":"thing","p":[{"s":[{"p":[0,0,0],"r":[0,0,7.50387E-09],"s":[50,0.008328644,50],"c":[1,1,1]}]}]}