{"n":"thing","p":[{"b":10,"s":[{"p":[-0.3351102,-0.09895396,-0.3446001],"r":[11.92313,293.7944,10.25012],"s":[0.2650603,0.2255416,0.1552303],"c":[0.7777778,0.7777778,0.7777778]}]},{"b":10,"s":[{"p":[-0.07426155,-0.03936993,0.02971949],"r":[6.974697,333.6608,12.04576],"s":[0.332849,0.2255417,0.2281295],"c":[0.7777778,0.7777778,0.7777778]}]},{"b":10,"s":[{"p":[-0.1278348,-0.02956951,-0.2652074],"r":[69.35988,28.50674,340.9538],"s":[0.1354478,0.1830451,0.09523068],"c":[0.7777778,0.7777778,0.7777778]}]}]}