{"n":"thing","p":[{"a":[1],"s":[{"p":[0,0,0],"r":[0,0,0],"s":[1.47806,0.005000006,1.355435],"c":[1,1,1]}]},{"a":[2],"s":[{"p":[-0.03621327,0.01288068,-0.8241464],"r":[88.45136,19.81721,289.9822],"s":[0.1750005,0.1750003,0.1750008],"c":[1,1,1],"b":["when touched then become 2 in 0.1s"]},{"p":[-0.0378944,-0.04813528,-0.8138],"r":[86.54617,26.09935,298.3093],"s":[0.1750007,0.1750004,0.175001],"c":[1,1,1],"b":["when starts then become 1 in 0.2s"]}]}]}