{"n":"thing","p":[{"s":[{"p":[0,0,0],"r":[0,0,0],"s":[0.7151551,0.1750002,0.5035013],"c":[1,1,1]}]}]}