{"n":"cieling","a":[7,18],"p":[{"s":[{"p":[0,0,0],"r":[0,0,0],"s":[4.183445,4.788047,0.2640604],"c":[1,1,1]}]}]}