{"n":"thing","p":[{"b":5,"s":[{"p":[0,0,0],"r":[0,0,0],"s":[0.1250003,0.1250003,0.1250001],"c":[1,1,1]}]},{"b":5,"s":[{"p":[-0.417042,0.6972763,0.1712166],"r":[53.05659,321.9995,242.9609],"s":[0.1250005,0.1250004,0.1250002],"c":[1,1,1]}]},{"b":14,"s":[{"p":[0.2917261,0.5651772,1.261716],"r":[3.072159,10.60943,326.9141],"s":[0.06000002,0.06000004,0.06000001],"c":[1,1,1]}]},{"b":14,"s":[{"p":[0.5042827,0.2433501,1.183075],"r":[5.408636,8.766109,3.06513],"s":[0.06000002,0.06000003,0.06000004],"c":[1,1,1]}]}]}