{"n":"thing","p":[{"s":[{"p":[0,0,0],"r":[0,0,0],"s":[0.07023025,0.06499656,0.05343893],"c":[1,1,1]}]}]}