{"n":"thing","p":[{"s":[{"p":[0,0,0],"r":[0,0,0],"s":[0.7409484,1.699674,0.1750009],"c":[1,0,0.1714283]}]}]}