{"n":"thing","p":[{"b":10,"t":6,"s":[{"p":[0,0,0],"r":[0,0,-1.707547E-06],"s":[0.05655915,0.05898225,0.125],"c":[1,1,1]}]}]}