{"n":"rocket","p":[{"b":5,"s":[{"p":[0.1905921,0.2638395,-0.1119246],"r":[344.8907,18.05424,343.8281],"s":[0.01807695,0.01894471,0.2275183],"c":[0,0.5555556,0.3174603]}]},{"b":10,"t":6,"s":[{"p":[0.1756032,0.2442448,-0.1761773],"r":[326.5588,275.0056,110.8636],"s":[0.01955274,0.05081387,0.01575884],"c":[1,0,0.1714283]}]},{"b":10,"t":6,"s":[{"p":[0.1694729,0.2460262,-0.1754595],"r":[327.6874,280.6244,105.2878],"s":[0.01955277,0.05081397,0.01575887],"c":[1,1,1]}]},{"b":10,"s":[{"p":[0.2355689,0.3048096,0.03553546],"r":[345.7401,19.33402,10.79693],"s":[0.08925882,0.07985288,0.1791371],"c":[0,0.5555556,0.3174603],"b":["when hit then tell blam","when told blam then destroy all parts"]}]}]}