{"n":"thing","a":[7,18],"p":[{"s":[{"p":[0,0,0],"r":[0,0,0],"s":[17.22074,0.08546853,23.96636],"c":[0.15873,0.5555556,0]}]}]}