{"n":"thing","p":[{"s":[{"p":[0,0,0],"r":[0,0,1.707547E-06],"s":[0.005000003,0.005000015,0.2788594],"c":[0.3333331,0.3015869,0.1111107]}]},{"s":[{"p":[0.06689145,-0.032158,0.1894566],"r":[20.7887,53.4433,7.360498],"s":[0.005000007,0.005000022,0.1848773],"c":[0.3333331,0.3015869,0.1111107]}]}]}