{"n":"thing","a":[7,18],"p":[{"s":[{"p":[0,0,0],"r":[0,0,0],"s":[9.35272,1.978794,0.2551505],"c":[0.7777778,0.5876543,0.1728394]}]},{"s":[{"p":[0.101729,-0.9791892,0.1129533],"r":[356.9682,359.5536,0.8539429],"s":[9.352905,0.1128013,0.2551536],"c":[0.7777778,0.7777778,0.7777778]}]},{"s":[{"p":[0.03345636,1.002386,0.1063609],"r":[3.679024,359.4749,359.9343],"s":[9.352792,0.1128005,0.255152],"c":[0.7777778,0.7777778,0.7777778]}]}]}