{"n":"thing","a":[7,18],"p":[{"s":[{"p":[0,0,0],"r":[0,0,0],"s":[14.17013,0.005,33.14013],"c":[0.1587299,0.5555556,0]}]}]}