{"n":"thing","p":[{"b":18,"e":"M PLUSPLUS","s":[{"p":[0,0,0],"r":[0,0,-5.336085E-08],"s":[0.01592623,0.01592624,0.01592625],"c":[1,1,1]}]}]}