{"n":"thing","p":[{"b":5,"s":[{"p":[0,0,0],"r":[0,0,0],"s":[0.1959585,0.005000011,1.254081],"c":[1,1,1]}]},{"b":5,"s":[{"p":[0.3932539,-0.105203,-0.110157],"r":[356.7596,0.04927569,324.1444],"s":[0.1959583,0.005000006,1.25408],"c":[1,1,1]}]},{"b":5,"s":[{"p":[0.628082,-0.4937679,-0.1313618],"r":[3.603232,2.918523,275.4223],"s":[0.1959583,0.005000007,1.25408],"c":[1,1,1]}]},{"b":5,"s":[{"p":[0.6809688,-0.02478977,0.07173353],"r":[333.3468,39.0366,175.81],"s":[0.1959583,0.005000006,1.25408],"c":[1,1,1]}]}]}