{"n":"thing","a":[7,8,18],"p":[{"s":[{"p":[0,0,0],"r":[0,0,0],"s":[0.06181365,0.03330839,5.721686],"c":[0.2962961,0.533333,0.8888889]}]}]}