{"n":"lamp","a":[1,2],"p":[{"b":5,"t":3,"s":[{"p":[0.4184544,-0.1535729,-0.5311641],"r":[359.059,1.36901,254.8413],"s":[0.005000727,0.005000163,0.9165223],"c":[0.9809523,1,0.3333332]}]},{"b":5,"t":7,"s":[{"p":[0.4206244,-0.1518297,-0.4678034],"r":[0.9410278,181.369,15.15873],"s":[0.07086574,0.07293623,0.8337448],"c":[0.9809523,1,0.3333331]}]},{"b":2,"t":1,"s":[{"p":[0.4100739,-0.1591976,-0.8944117],"r":[359.059,1.36901,254.8413],"s":[0.0631675,0.06312169,0.125045],"c":[0.4444444,0.4444444,0.4444444]}]}]}