{"n":"thing","p":[{"b":17,"s":[{"p":[0,0,0],"r":[0,0,0],"s":[0.06000012,0.1272321,0.06000019],"c":[0.5555556,0.5555556,0.5555556]}]},{"b":17,"s":[{"p":[-0.2807809,-0.6565821,-0.01958069],"r":[7.437246,2.865137,62.52338],"s":[0.225861,0.1272323,0.06000029],"c":[0.5555556,0.5555556,0.5555556]}]},{"b":17,"s":[{"p":[-0.2238117,-0.2523357,0.02659491],"r":[8.949921,17.4566,18.64712],"s":[0.2258611,0.1272323,0.06000032],"c":[0.5555556,0.5555556,0.5555556]}]}]}