{"n":"wall small","a":[7,8,18],"p":[{"s":[{"p":[0.05110168,0.07469802,0.680403],"r":[0,1.001791E-05,0],"s":[2.346282,0.09608454,2.793351],"c":[1,1,1]}]},{"s":[{"p":[0.05340499,0.08530622,0.7023051],"r":[90,270,0],"s":[2.833811,0.03081351,0.08447934],"c":[0.2962962,0.533333,0.8888889]}]},{"s":[{"p":[-0.09545703,0.09199556,0.7035642],"r":[90,270,0],"s":[2.830849,0.03405342,0.06819129],"c":[0.8888889,0,0.1523807]}]}]}