{"n":"thing","p":[{"b":15,"s":[{"p":[0,0,0],"r":[0,0,0],"s":[0.5775732,0.6097239,0.6322021],"c":[1,1,1]}]},{"b":15,"t":7,"a":[5],"s":[{"p":[-0.01781936,0.06941237,0.2369771],"r":[359.3294,359.5905,3.685711],"s":[0.4519323,0.5135331,0.1303526],"c":[0.2222221,0.7999996,1]}]}]}