{"n":"thing","a":[7],"p":[{"b":5,"s":[{"p":[0,0,0],"r":[0,0,0],"s":[0.03460977,0.0280704,0.9445099],"c":[0.3333331,0.2285712,0]}]},{"b":5,"s":[{"p":[2.673652,0.0100255,0.05073357],"r":[0,0,89.99999],"s":[0.03461147,0.02807326,0.9446176],"c":[0.3333331,0.2285712,0]}]},{"b":5,"s":[{"p":[2.725011,3.000108,0.03196955],"r":[0,0,89.99999],"s":[0.03461331,0.02808481,0.9449139],"c":[0.3333331,0.2285712,0]}]},{"b":5,"s":[{"p":[-0.01405948,2.992977,0.01346004],"r":[0,0,-2.049057E-05],"s":[0.03463711,0.02810034,0.9456755],"c":[0.333333,0.2285711,0]}]}]}