{"n":"thing","a":[7,8,18],"p":[{"s":[{"p":[-0.03173912,0.03443837,0.002718918],"r":[0,0,0],"s":[2.277485,0.06418124,6.183087],"c":[1,1,1]}]},{"s":[{"p":[0.003219668,0.03699827,-0.02565587],"r":[90,270,0],"s":[6.166279,0.03074456,0.06724762],"c":[0.2962962,0.533333,0.8888889]}]},{"s":[{"p":[0.1484624,0.05927324,-0.04739723],"r":[90,270,0],"s":[6.210074,0.02754005,0.02700756],"c":[0.8888889,0,0.1523807]}]}]}