{"n":"floor","a":[7,18],"p":[{"s":[{"p":[0,0,0],"r":[0,0,0],"s":[3.526028,4.598945,0.1750833],"c":[0,0,0]}]}]}