{"n":"smoke","p":[{"b":17,"t":7,"s":[{"p":[0,0,0],"r":[0,0,3.201651E-07],"s":[0.005000001,0.005000003,0.005000005],"c":[1,1,1],"b":["when starts then become 2 in 5s"]},{"p":[-0.0108878,0.02584276,0.09016651],"r":[16.246,357.7984,2.609239],"s":[0.03140516,0.03304546,0.03313584],"c":[1,1,1]}]}]}