{"n":"gunbulletgdfs6","a":[2,16],"p":[{"b":9,"t":2,"s":[{"p":[0,0,0],"r":[0,0,0],"s":[0.01152522,0.009812598,0.01210025],"c":[1,0.8571429,0],"b":["when touches face then become 2"]},{"p":[0,0,0],"r":[0,0,0],"s":[0.2878585,0.3054924,0.2855828],"c":[0.6666667,0.07407402,0.07407402]}]}]}