{"n":"thing","a":[2,16],"p":[{"b":10,"t":3,"s":[{"p":[0,0,0],"r":[0,0,0],"s":[0.01367027,0.01294928,0.01454558],"c":[0.9714286,1,0],"b":["when touches \"face\" then become 2"]},{"p":[0,0,0],"r":[0,0,0],"s":[0.3528601,0.2969505,0.4076291],"c":[1,0,0],"b":["when starts then play tone c 3"]}]}]}