{"n":"newbullet57","p":[{"b":9,"s":[{"p":[0,0,0],"r":[0,0,0],"s":[0.01117884,0.01106953,0.01008077],"c":[1,0.8571429,0],"b":["when touches face then become 2"]},{"p":[0,0,0],"r":[0,0,0],"s":[0.4145385,0.3638665,0.4307851],"c":[1,0.1714284,0]}]}]}