{"n":"bulletdc10","a":[13],"p":[{"b":10,"t":2,"s":[{"p":[0,0,0],"r":[0,0,0],"s":[0.01730856,0.01622574,0.01621947],"c":[0.9714286,1,0],"b":["when destroyed then play energy shot"]},{"p":[0,0,0],"r":[0,0,0],"s":[0.01730856,0.01622574,0.01621947],"c":[0.9714286,1,0]}]}]}