{"n":"thing","p":[{"b":23,"e":"BETA AREA","s":[{"p":[0,0,0],"r":[0,0,0],"s":[0.04116863,0.0411686,0.04116861],"c":[1,1,1]}]}]}