{"n":"blood z","a":[2,16],"p":[{"b":3,"t":5,"s":[{"p":[-3.611296E-05,-0.003713569,0.002023129],"r":[66.20066,325.8271,275.5684],"s":[0.009869883,0.005000025,0.02310264],"c":[1,0,0.1714283]}]},{"b":3,"t":5,"s":[{"p":[-0.01151549,0.0191357,-0.00910751],"r":[16.55754,69.17857,353.0138],"s":[0.009869903,0.005000038,0.01837827],"c":[1,0,0.1714283]}]},{"b":3,"t":5,"s":[{"p":[0.01146941,-0.02567882,0.009740572],"r":[21.05205,78.57539,358.8702],"s":[0.009869898,0.005000043,0.02186852],"c":[1,0,0.1714283]}]}]}