{"n":"halflog","a":[2],"p":[{"b":11,"s":[{"p":[0.01481717,0.005104398,0.0304343],"r":[21.14629,357.0846,355.1103],"s":[0.1548533,0.02475824,0.02333288],"c":[0.7777778,0.5506173,0.4320986]}]},{"b":11,"s":[{"p":[0.01002218,-0.04482177,0.02315176],"r":[73.79826,340.503,341.1898],"s":[0.1548536,0.02475828,0.02333294],"c":[0.7777778,0.5506173,0.4320986]}]},{"b":11,"s":[{"p":[0.0062065,-0.076818,-0.02323575],"r":[63.37345,191.1242,193.1245],"s":[0.1548539,0.02475831,0.02333299],"c":[0.7777778,0.5506173,0.4320986]}]},{"s":[{"p":[0.01300486,-0.034496,0.008017443],"r":[58.15856,190.0911,190.1706],"s":[0.3163535,0.04413844,0.07230441],"c":[0.7777778,0.5506173,0.4320987]}]}]}