{"n":"one","p":[{"b":18,"e":"1","s":[{"p":[0,0,0],"r":[0,0,0],"s":[0.05000009,0.05000001,0.05000007],"c":[1,1,1]}]}]}