{"n":"thing","a":[1,2,3,15],"p":[{"t":6,"s":[{"p":[0,0,0],"r":[0,0,0],"s":[0.04738769,0.05284943,0.03038105],"c":[0,0.7428566,1]}]}]}