{"n":"eyearms1","a":[7,18],"p":[{"b":3,"t":1,"s":[{"p":[0,0,0.001136541],"r":[0,0,1.024528E-05],"s":[0.05171553,0.1029595,0.06254356],"c":[0,1,0.228571]}]},{"b":3,"t":1,"s":[{"p":[0.001921654,0.07602692,0],"r":[0,0,1.024528E-05],"s":[0.08034047,0.1250075,0.08192991],"c":[0,1,0.228571]}]},{"b":16,"t":1,"s":[{"p":[-0.001795292,0.2013779,0.007997036],"r":[0,180,180],"s":[0.02791301,0.1250187,0.07673333],"c":[0,1,0.228571]}]},{"b":7,"t":6,"s":[{"p":[-0.001089931,0.2082329,0.007236481],"r":[270,5.008956E-06,0],"s":[0.0201698,0.04369793,0.05727153],"c":[0.8888889,0.8042328,0.2962962]}]}]}