{"n":"shotgunbullet","p":[{"b":10,"t":3,"s":[{"p":[0,0,0],"r":[0,0,0],"s":[0.007591848,0.008265664,0.008383457],"c":[1,0.6857142,0]}]}]}