{"n":"thing","p":[{"b":17,"s":[{"p":[0,0,0],"r":[0,0,0],"s":[3.657685,3.133603,4.526535],"c":[0.4444444,0.4444444,0.4444444]}]}]}