{"n":"thing","p":[{"b":14,"s":[{"p":[-0.2319937,0.2251026,0.2247704],"r":[334.5241,305.9597,35.252],"s":[0.06000035,0.06000011,0.1514453],"c":[0.3333332,0.2857142,0]}]},{"b":3,"s":[{"p":[-0.01753363,-0.0220753,-0.005780673],"r":[1.611614,359.3985,0.1274074],"s":[0.1345179,0.1250002,0.1250005],"c":[0.3333333,0.2857142,0]}]},{"b":3,"s":[{"p":[0.1121242,0.1383387,0.065076],"r":[340.7243,34.76059,346.3077],"s":[0.1250003,0.1250001,0.1250003],"c":[0.3333333,0.2857142,0]}]},{"b":4,"s":[{"p":[-0.5845336,0.4368139,0.4710015],"r":[326.6651,292.5533,356.552],"s":[0.1250001,0.1250001,0.125],"c":[1,0,0.6857142]}]}]}