{"n":"dollar bill","a":[2],"p":[{"b":5,"s":[{"p":[-0.008057985,-0.02473905,-0.01286059],"r":[4.812548,0.2828744,356.1086],"s":[0.02155058,0.0222053,0.01131722],"c":[0.6137566,0.6666667,0.5925926]}]},{"s":[{"p":[-0.007110366,-0.02401447,-0.01180152],"r":[4.76451,359.6514,320.1127],"s":[0.0727658,0.1750283,0.00500085],"c":[0.3738976,0.4444443,0.3456789]}]}]}