{"n":"thing","p":[{"a":[1],"s":[{"p":[0,0,0],"r":[0,0,0],"s":[2.038667,0.005000005,1.321759],"c":[1,1,1]}]}]}