{"n":"thing","p":[{"b":17,"s":[{"p":[0,0,0],"r":[0,0,0],"s":[0.3983494,0.3395285,0.4610774],"c":[0,0.4444444,0.02539684]}]},{"b":17,"s":[{"p":[-0.1068393,-0.357516,-1.106321],"r":[358.1695,299.0648,27.87354],"s":[0.3983486,0.5561495,0.461077],"c":[0,0.4444444,0.02539684]}]},{"b":17,"s":[{"p":[-0.8271994,0.05651175,-0.300366],"r":[7.105177,3.837227,8.718723],"s":[0.39835,0.7626499,0.4610786],"c":[0,0.4444444,0.02539684]}]}]}