{"n":"thing","a":[1,7,18],"p":[{"s":[{"p":[0.03236389,-0.001558786,0],"r":[-3.415095E-06,0,180],"s":[1.070928,9.086811,0.1745409],"c":[1,1,1]}]}]}