{"n":"thing","a":[7,18],"p":[{"s":[{"p":[0,0,0],"r":[0,0,-4.378969E-13],"s":[2.768582,6.052288,0.1294529],"c":[1,1,1]}]}]}