{"n":"thing","a":[7],"p":[{"s":[{"p":[0,0,0],"r":[0,0,0],"s":[4.05182,0.114109,1.994401],"c":[1,1,1]}]}]}