{"n":"teachgun","p":[{"b":14,"s":[{"p":[0,0,0],"r":[0,0,0],"s":[0.06000002,0.06000005,0.06000004],"c":[1,1,1]}]},{"b":14,"s":[{"p":[-0.08176605,-0.0004422292,-0.127248],"r":[4.275515,63.59641,2.350107],"s":[0.06000001,0.03881124,0.02566813],"c":[1,1,1]}]}]}