{"n":"thing","a":[1,7,18],"p":[{"s":[{"p":[0,0,0],"r":[0,0,0],"s":[0.1644607,0.8955574,2.898053],"c":[1,1,1]}]}]}