{"n":"thing","p":[{"b":17,"s":[{"p":[0,0,0],"r":[0,0,1.006769E-07],"s":[1.506294,3.019181,1.813468],"c":[0.6666667,0.5037037,0.148148]}]},{"b":17,"s":[{"p":[-9.562119,-1.617769,-11.43432],"r":[32.498,36.38069,265.0469],"s":[1.506294,3.019183,1.813468],"c":[0.6666667,0.5037037,0.148148]}]},{"b":17,"s":[{"p":[-15.3049,-5.839007,18.39027],"r":[45.19731,345.0039,255.3269],"s":[1.506296,3.019187,1.813472],"c":[0.7777778,0.6962963,0.5185185]}]},{"b":17,"s":[{"p":[-2.988027,-4.603879,20.80392],"r":[358.0724,335.8988,324.9884],"s":[1.506297,3.01919,1.813473],"c":[0.4444443,0.3047617,0]}]}]}