{"n":"thing","a":[1,7,18],"p":[{"s":[{"p":[0,0,0],"r":[0,0,0],"s":[0.1753006,1.443668,0.4947923],"c":[1,1,1]}]}]}