{"n":"bluebullet","p":[{"b":3,"s":[{"p":[0,0,0],"r":[0,0,0],"s":[0.1250001,0.1250001,0.1250001],"c":[0,0.05714232,1],"b":["when touches redbody then send nearby onto redflagbase"]},{"p":[0,0,0],"r":[0,0,0],"s":[0.1250001,0.1250001,0.1250001],"c":[0,0.0571423,1]}]}]}