{"n":"thing","p":[{"b":5,"t":1,"s":[{"p":[0,0,0],"r":[0,0,0],"s":[0.02935556,0.02912386,0.1250002],"c":[0.8888889,0.8888889,0.8888889]}]}]}