{"n":"thing","a":[7],"p":[{"b":21,"e":"WELCOME TO","s":[{"p":[0,0,0],"r":[0,0,7.656432E-20],"s":[0.002619556,0.002619555,0.002619596],"c":[1,1,1]}]}]}