{"n":"thing","p":[{"b":5,"s":[{"p":[0,0,0],"r":[0,0,0],"s":[0.005,0.005,0.1250001],"c":[0.8,1,0]}]},{"t":5,"s":[{"p":[-0.003340997,-0.0002147686,0.01439731],"r":[8.286671,0.5752766,349.1072],"s":[0.006803215,0.00848865,0.01655262],"c":[0,0,0]}]}]}