{"n":"thing","p":[{"b":11,"s":[{"p":[0,0,0],"r":[0,0,0],"s":[0.2699193,0.581444,0.3358316],"c":[0.2222221,0.3999998,1]}]},{"b":11,"s":[{"p":[-0.002324708,-0.6101066,-0.007323109],"r":[0.1101555,359.2871,179.8385],"s":[0.2699212,0.5814472,0.3358332],"c":[0.2222221,0.3999998,1]}]}]}