{"n":"the endless ocean","a":[5,7,20],"p":[{"a":[5],"s":[{"p":[0,0,0],"r":[0,0,0],"s":[50.00313,50.00336,0.5644264],"c":[0,0.05714232,1]}]}]}