{"n":"thing","p":[{"b":18,"e":"...AND EVERYONE IN THE WORLD CAN HEAR YOU TALK!","s":[{"p":[0,0,0],"r":[0,0,0],"s":[0.002464646,0.002464643,0.002464646],"c":[0,0,0]}]}]}