{"n":"thing","a":[7],"p":[{"b":14,"t":2,"s":[{"p":[0,0,0],"r":[0,0,0],"s":[0.5955512,0.5723368,2.429805],"c":[0.5925926,0.863492,0.8888889]}]}]}