{"n":"bouncy ball","a":[2,9],"p":[{"b":3,"s":[{"p":[0,0,0],"r":[0,0,8.537735E-07],"s":[0.125,0.125,0.125],"c":[0.111111,0.9238093,1],"b":["when touched then play baby laugh"]}]}]}