{"n":"thing","a":[7,18],"p":[{"t":7,"s":[{"p":[0,0,0],"r":[0,0,0],"s":[1.30903,0.3783413,0.005000073],"c":[0,0,0]}]}]}