{"n":"thing","a":[7],"p":[{"a":[1],"s":[{"p":[0,0,0],"r":[0,0,0],"s":[5.021255,0.00837772,3.375352],"c":[0,0.006349154,0.111111]}]}]}