{"n":"hall2","a":[7],"p":[{"s":[{"p":[0,0,0],"r":[0,0,0],"s":[13.29768,0.09810858,6.469241],"c":[0.8888889,0.8747795,0.7901235]}]}]}