{"n":"thing","a":[7,18],"p":[{"s":[{"p":[0,0,0],"r":[0,0,0],"s":[1.15233,0.07464954,0.05595462],"c":[1,1,1]}]}]}