{"n":"bullet","a":[21],"p":[{"b":16,"s":[{"p":[0,0,0],"r":[0,0,-1.707547E-06],"s":[0.003342469,0.01365082,0.003342454],"c":[0.8888889,0.7619048,0]}]}]}