{"n":"thing","a":[7],"p":[{"s":[{"p":[0,0,0],"r":[0,0,0],"s":[4.777044,0.5720347,0.1751394],"c":[1,1,1]}]}]}