{"n":"thing","a":[7,18],"p":[{"s":[{"p":[0,0,0],"r":[0,0,0],"s":[2.813926,3.182221,0.1750436],"c":[0.4444444,0.3668429,0.1975307]}]},{"s":[{"p":[1.29487,-4.768372E-07,0.0006847382],"r":[-1.001791E-05,1.001791E-05,-8.757938E-13],"s":[0.1494385,3.183729,0.2079423],"c":[0.6666667,0.5968254,0.4444444]}]}]}