{"n":"thing","p":[{"s":[{"p":[0.001784325,0.036057,-0.009307265],"r":[0,0,1.024528E-05],"s":[0.06000675,0.09088673,0.005000757],"c":[0.3333333,0.3333333,0.3333333]}]},{"s":[{"p":[0,-0.0009040833,-0.01649296],"r":[0,0,1.024528E-05],"s":[0.07474864,0.2014741,0.01374348],"c":[0.111111,0.111111,0.111111]}]},{"s":[{"p":[0.002300262,-0.05860806,-0.009489179],"r":[90,-9.659345E-06,0],"s":[0.06304242,0.005000323,0.05679199],"c":[0.3333333,0.3333333,0.3333333]}]},{"b":3,"t":3,"s":[{"p":[-0.0007328987,-0.1016889,-0.01803958],"r":[90,-9.659346E-06,0],"s":[0.005002164,0.005000076,0.005002089],"c":[1,0.1714284,0]}]}]}