{"n":"chhair","a":[1,4,7,13,18],"p":[{"s":[{"p":[-0.15932,-0.3976905,-0.004355967],"r":[0,270,0],"s":[0.5829983,0.1128737,0.8896446],"c":[0,0,0]}]},{"s":[{"p":[-0.1608561,0.3971921,-0.005237669],"r":[0,270,0],"s":[0.5832,0.1129071,0.9024524],"c":[0,0,0]}]},{"s":[{"p":[-0.004042864,-0.002714097,-0.004014909],"r":[-1.526666E-13,1.024528E-05,1.707547E-06],"s":[0.5802566,0.6873897,0.5912842],"c":[0,0,0]}]},{"s":[{"p":[-0.3030589,-0.01058334,-0.2755745],"r":[0,0,90],"s":[0.7591257,1.139817,0.1291509],"c":[0,0,0]}]}]}