{"n":"johnny corner","a":[13],"p":[{"s":[{"p":[0,0,0],"r":[0,0,0],"s":[1.985511,0.006915292,3.102199],"c":[1,1,1]}]},{"s":[{"p":[0,0.006227493,0],"r":[0,0,1.024528E-05],"s":[1.985512,0.006915306,3.102202],"c":[1,1,1]}]},{"s":[{"p":[-0.9950657,1.001672,0],"r":[0,0,270],"s":[1.985667,0.006917254,3.103271],"c":[1,1,1]}]},{"b":22,"e":"JOHNNY'S CORNER","s":[{"p":[-0.8785253,1.016004,1.433332],"r":[42.58918,266.4914,268.4092],"s":[0.01307461,0.01307447,0.01307455],"c":[1,1,1]}]}]}