{"n":"thing","p":[{"s":[{"p":[0.3425455,-0.09011006,-0.01294638],"r":[276.2653,184.2895,186.2699],"s":[0.6899912,0.00829991,0.2227063],"c":[0.1142856,1,0]}]},{"b":18,"e":"TELE-COOKIE\n\"COOKIE RADIO\"\n\nEAT ONE AND EVERYONE ON THE\nMAP CAN HEAR YOU TALK FOR A LITTLE WHILE","s":[{"p":[0.04039559,-0.00394935,0.01966095],"r":[354.5002,11.24433,358.3562],"s":[0.002399676,0.002399675,0.002399679],"c":[1,1,1]}]}]}