{"n":"joke ball","a":[1,2,9],"p":[{"b":3,"s":[{"p":[0,0,0],"r":[0,0,0],"s":[0.1250004,0.1250002,0.1250003],"c":[0.8,0,1],"b":["when shaken then play ba da bum tish joke drums"]}]},{"b":22,"e":"SHAKE ME","s":[{"p":[0.1173877,-0.08401638,-0.0278796],"r":[294.4699,270.4701,300.0166],"s":[0.003000002,0.003000002,0.003000002],"c":[1,1,1]}]}]}