{"n":"baby ball","a":[1,2,9],"p":[{"b":3,"s":[{"p":[0,0,0],"r":[0,0,8.537735E-07],"s":[0.125,0.125,0.125],"c":[0.111111,0.9238093,1],"b":["when touched then play baby laugh"]}]},{"b":22,"e":"TOUCH ME","s":[{"p":[0.0668343,0.01964911,-0.1275053],"r":[16.14787,300.3246,23.7107],"s":[0.003000002,0.003000003,0.003000001],"c":[1,1,1]}]}]}