{"n":"greeting bubble","a":[2,14,15],"p":[{"b":3,"t":7,"s":[{"p":[0,0,0],"r":[0,0,-8.537737E-07],"s":[0.08145673,0.08254848,0.08148067],"c":[0,0.5714284,1],"b":["when destroyed then play evil why hello there voice"]}]}]}