{"n":"ceiling","a":[7,18],"p":[{"s":[{"p":[0,0,0],"r":[0,0,-3.828216E-20],"s":[15.4031,0.241197,5.006374],"c":[1,1,1]}]}]}