{"n":"rock1","a":[2,15,17],"p":[{"b":3,"s":[{"p":[0,0,0],"r":[0,0,0],"s":[0.06831862,0.1000358,0.07510357],"c":[0.3333333,0.3333333,0.3333333]}]}]}