{"n":"thing","a":[7,18],"p":[{"t":7,"s":[{"p":[0,0,0],"r":[0,0,0],"s":[0.4596545,0.005000908,0.883827],"c":[0,0,0]}]},{"s":[{"p":[0.2037411,0.02024551,-0.005926967],"r":[90,-1.931869E-05,0],"s":[0.01074719,0.08173199,0.03747771],"c":[1,1,1]}]},{"s":[{"p":[0.2473087,0.02024551,-0.005926967],"r":[90,-1.931869E-05,0],"s":[0.01074802,0.08173317,0.03748061],"c":[1,1,1]}]}]}