{"n":"thing","a":[2,16],"p":[{"b":14,"s":[{"p":[0,0,0],"r":[0,0,-1.600825E-07],"s":[0.07254287,0.06000012,0.09812698],"c":[0.09876537,0.2962961,0.4444444]}]}]}