{"n":"thing","p":[{"t":2,"s":[{"p":[0.03122517,-0.0791661,0.04059645],"r":[353.5707,327.8443,7.017891],"s":[0.1374315,0.05776292,0.1326909],"c":[1,0,0.1714283],"b":["when told by nearby 1 then become next in 1s"]},{"p":[-0.04244176,-0.1097711,-0.3141105],"r":[11.35517,136.4459,0.04839754],"s":[0.1374316,0.05776294,0.132691],"c":[1,0,0.1714283],"b":["when told by nearby 2 then become previous in 1s"]}]},{"t":2,"s":[{"p":[-0.005155925,-0.06922381,-0.09930271],"r":[355.336,3.828464,355.9979],"s":[0.1750017,0.08213578,0.03211242],"c":[1,1,1],"b":["when told by nearby 1 then become next in 1s"]},{"p":[-0.005155925,-0.06922381,-0.09930271],"r":[355.336,3.828464,355.9979],"s":[0.1750017,0.08213578,0.03211242],"c":[1,1,1],"b":["when told by nearby 2 then become previous in 1s"]}]}]}