{"n":"thing","a":[7,18],"p":[{"s":[{"p":[0,0,0],"r":[0,0,0],"s":[0.1198426,2.616913,6.55667],"c":[0.8888889,0.7957672,0.5925926]}]}]}