{"n":"thing","a":[1,7,18],"p":[{"t":1,"s":[{"p":[0,0,0],"r":[0,0,0],"s":[0.133288,6.5012,6.561056],"c":[1,0.895238,0.6666666]}]}]}