{"n":"thing","a":[7,18],"p":[{"s":[{"p":[0,0,0],"r":[0,0,0],"s":[0.0260764,0.8880965,0.3910936],"c":[0.1728393,0.1841268,0.222222]}]}]}