{"n":"headthing","p":[{"b":3,"s":[{"p":[0,0,0],"r":[0,0,0],"s":[0.125,0.125,0.125],"c":[0.5555556,0.5555556,0.5555556]}]},{"b":16,"s":[{"p":[0.005872916,0.0356557,0.1090562],"r":[48.94584,72.15939,58.05321],"s":[0.02276558,0.01450704,0.02342937],"c":[0,1,0.5714287],"b":["when starts then all parts face someone"]}]}]}