{"n":"thing","a":[9,21],"p":[{"b":3,"s":[{"p":[0,0,0],"r":[0,0,8.537735E-07],"s":[0.05574908,0.05574909,0.05574898],"c":[0,1,0.05714282]}]}]}