{"n":"thing","a":[6,7],"p":[{"b":12,"t":7,"s":[{"p":[-0.1019897,0.2047806,-0.0175934],"r":[0,0,0],"s":[28.84843,0.4508129,50],"c":[0.4444443,0.8571426,1]}]},{"b":12,"t":7,"s":[{"p":[0.0218506,0.07881548,0.02688599],"r":[-1.001791E-05,4.378969E-13,-3.828217E-20],"s":[30.16339,0.2554255,50],"c":[0.111111,0.2761903,0.3333332]}]},{"b":12,"t":7,"s":[{"p":[-0.0777588,-0.001331323,-0.009277351],"r":[-1.001791E-05,4.378969E-13,-3.828217E-20],"s":[29.66817,0.1822671,31.71422],"c":[0,0,0]}]}]}