{"n":"thing","a":[1,5,7,13,18],"p":[{"s":[{"p":[-0.00528276,-2.898968,-0.0192368],"r":[0,0,0],"s":[2.414181,0.563894,0.07095715],"c":[0.5555556,0.3809523,0]}]},{"s":[{"p":[-0.005286098,-1.178619,-0.01923704],"r":[0,0,0],"s":[2.426109,1.179959,0.07102498],"c":[0.5555556,0.3809523,0]}]},{"s":[{"p":[-1.18554,-1.828986,-0.01841927],"r":[0,0,270],"s":[2.602048,0.1048398,0.09241778],"c":[0.3333332,0.2751321,0.148148]}]},{"s":[{"p":[1.03974,-1.828986,-0.01841903],"r":[8.14222E-13,-9.659346E-06,270],"s":[2.600238,0.4903169,0.08764265],"c":[0.3333333,0.2285713,0]}]}]}