{"n":"thing","a":[7],"p":[{"b":3,"t":7,"s":[{"p":[174.5824,1.605299,7.799744],"r":[0,0,-2.257484E-06],"s":[8.40079,2.577349,0.7520374],"c":[0.6049383,0.7777778,0.7333333],"b":["when starts then become 2 in 1s"]},{"p":[174.5824,1.605299,7.799744],"r":[0,0,-1.024528E-05],"s":[8.400791,2.582483,0.08903216],"c":[0.6049383,0.7777778,0.7333333],"b":["when starts then become 3 in 1s"]},{"p":[174.5824,1.605299,7.799744],"r":[0,0,-2.257484E-06],"s":[0.005,0.005,0.005],"c":[0.6049383,0.7777778,0.7333333],"b":["when starts then become 4 in 0.2s"]},{"p":[11.47719,2.330169,-1.886491],"r":[0,0,89.99999],"s":[0.005000804,0.005002859,0.005002831],"c":[0.6049383,0.7777778,0.7333333],"b":["when starts then become 1 in 60s"]}]}]}