{"n":"thing","a":[2,5,9,13,17,21],"p":[{"b":9,"s":[{"p":[0,0,0],"r":[0,0,1.707547E-06],"s":[0.3561943,0.3561947,0.3561951],"c":[1,1,1]}]}]}