{"n":"water","a":[1,2,6,5],"p":[{"b":3,"t":7,"s":[{"p":[0,0,0],"r":[0,0,0],"s":[0.03524134,0.08411211,0.1714599],"c":[0,0.3999993,1]},{"p":[0,0,0],"r":[0,0,0],"s":[0.03524134,0.08411211,0.1714599],"c":[0,0.3999992,1]}]}]}