{"n":"thing","p":[{"b":5,"s":[{"p":[0,0,0],"r":[1.024528E-05,-1.526666E-13,-1.707547E-06],"s":[0.162769,0.1644563,0.8508701],"c":[0.5555556,0.4056432,0.2469131]}]}]}