{"n":"thing","a":[7,18],"p":[{"b":18,"e":"LEGO SHOP","s":[{"p":[0,0,0],"r":[0,0,-6.157171E-14],"s":[0.02277472,0.02277644,0.02277579],"c":[1,1,1]}]}]}