{"n":"podium2","a":[7,18],"p":[{"s":[{"p":[0.006984712,0.004495203,-0.5867723],"r":[-8.964216E-08,-8.964215E-08,270],"s":[0.5235481,0.5492813,0.922778],"c":[0.6666667,0.6666667,0.6666667]}]},{"b":7,"s":[{"p":[0,7.450581E-09,-0.06343008],"r":[0,0,0],"s":[0.2170045,0.2216613,0.3861674],"c":[0.5555556,0.5555556,0.5555556]}]}]}