{"n":"thing","p":[{"s":[{"p":[0,0,0],"r":[0,0,0],"s":[50,0.1911606,50],"c":[0.8888889,0.6405643,0.09876534]}]}]}