{"n":"thing","a":[12],"inc":[["spikeball2","5824ee88c8d391fd0f7ef80e"]],"p":[{"s":[{"p":[0,0,0],"r":[0,0,0],"s":[0.1750029,0.1750026,0.1750004],"c":[1,1,1],"b":["when touched then emit spikeball2 with 100"]}]}]}