{"n":"returnscroll","p":[{"b":13,"s":[{"p":[0.2514787,0.01474432,0.008805394],"r":[359.5265,4.745172,9.004244],"s":[0.1213887,0.009396491,0.09947982],"c":[0.7777778,0.7777778,0.7777778],"b":["when touches hand then send nearby onto waystone1"]}]},{"b":14,"s":[{"p":[0.0454198,-0.001253236,0.02817455],"r":[357.8665,3.659022,6.657315],"s":[0.06000004,0.06000007,0.06000009],"c":[0.6666667,0.6666667,0.6666667]}]},{"b":14,"s":[{"p":[0.4563638,0.04735061,-0.005137201],"r":[0.4539528,3.922271,6.740457],"s":[0.06000002,0.06000007,0.06000011],"c":[0.6666667,0.6666667,0.6666667]}]},{"b":19,"e":"UNDER CONSTRUCTION,\nTOUCH TO RETURN TO\nFIRST ISLAND.","s":[{"p":[0.1017243,0.009543113,0.08509412],"r":[81.13309,85.12017,80.65935],"s":[0.003000002,0.003000004,0.003000002],"c":[1,1,1]}]}]}