{"n":"thing","a":[7,13,18],"p":[{"s":[{"p":[1.752381E-06,-7.353412,-5.590764],"r":[90,-9.838631E-06,0],"s":[2.08775,11.25912,0.07769453],"c":[0.6666667,0.6349207,0.4444444]}]},{"s":[{"p":[5.960466E-08,0.5222421,2.084322E-14],"r":[0,0,-4.378969E-13],"s":[2.086118,15.68872,0.07765689],"c":[0.6666667,0.6349207,0.4444444]}]}]}