{"n":"broomt","a":[7,18],"p":[{"b":16,"t":1,"s":[{"p":[0,0,0],"r":[0,0,0],"s":[0.03292018,0.05207601,0.0366566],"c":[1,0.6761904,0.3333332],"b":["when touched then send nearby onto telepadb1"]}]}]}