{"n":"thing","p":[{"b":3,"s":[{"p":[0,0,0],"r":[0,0,0],"s":[0.6126448,0.291297,0.2931299],"c":[1,1,1]}]},{"b":16,"s":[{"p":[-0.510692,0.01067914,-0.004776269],"r":[17.25683,175.411,273.8428],"s":[0.09256318,0.07762969,0.09995646],"c":[1,1,1]}]}]}