{"n":"thing","p":[{"b":12,"s":[{"p":[0,0,0],"r":[0,0,4.669075E-08],"s":[3.516476,1.612113,5.838878],"c":[1,1,1]}]}]}