{"n":"thing","p":[{"b":12,"s":[{"p":[0,0,0],"r":[0,0,5.336085E-08],"s":[10.06781,1.256894,3.551397],"c":[1,1,1]}]}]}