{"n":"thing","a":[7,18],"p":[{"b":7,"s":[{"p":[0,0,0],"r":[0,0,0],"s":[0.04474948,0.04630111,0.125],"c":[0.09876537,0.4148147,0.4444444]}]},{"b":7,"s":[{"p":[1.192093E-07,2.980232E-08,-0.04631537],"r":[0,0,-1.024528E-05],"s":[0.03543031,0.03958151,0.005000169],"c":[0.04938265,0.2074073,0.2222221]}]}]}