{"n":"thing","p":[{"b":5,"s":[{"p":[0,0,0],"r":[0,0,0],"s":[0.03095899,0.0309489,0.43694],"c":[0.03703704,0.3333333,0.05396815]}]},{"b":5,"s":[{"p":[0.002255418,-0.003264414,0.1868313],"r":[359.89,0.6810637,358.0966],"s":[0.03096242,0.03095253,0.02427085],"c":[0.7777778,0.7777778,0.7777778]}]}]}