{"n":"thing","p":[{"b":18,"e":"WAIT","s":[{"p":[0,0,0],"r":[0,0,0],"s":[0.003000007,0.003,0.003000004],"c":[1,1,1]}]}]}