{"n":"thing","p":[{"b":14,"t":7,"s":[{"p":[0,0,0],"r":[0,0,0],"s":[0.2082838,0.2245053,0.3316985],"c":[0.8,1,0]}]}]}