{"n":"thing","a":[2,3,9,21],"p":[{"b":3,"s":[{"p":[0,0,0],"r":[0,0,1.28066E-06],"s":[0.03545702,0.03545689,0.035457],"c":[0.8804232,0.5925926,0.8888889]}]},{"b":3,"s":[{"p":[-0.02999655,0.03039853,-0.02241144],"r":[347.7553,352.0005,307.3129],"s":[0.03545702,0.0354569,0.03545703],"c":[0.8804232,0.5925926,0.8888889]}]},{"b":3,"s":[{"p":[0.03362601,0.01257604,-0.005495934],"r":[334.7739,339.6646,47.83084],"s":[0.001908703,0.00542844,0.004165585],"c":[0.8804232,0.5925926,0.8888889]}]},{"b":3,"s":[{"p":[-0.006175645,0.05033373,-0.03568062],"r":[326.9683,335.673,39.32167],"s":[0.001908701,0.005428441,0.004165581],"c":[0.8804232,0.5925926,0.8888889]}]}]}