{"n":"thing","a":[2,16],"p":[{"b":16,"t":1,"s":[{"p":[0,0,0],"r":[0,0,-1.600826E-06],"s":[0.005000002,0.03953894,0.005],"c":[0.8888889,0.7026455,0.2962962]}]}]}