{"n":"thing","p":[{"b":16,"s":[{"p":[0.3933155,-0.0125138,-0.05180772],"r":[11.90124,4.769116,1.792274],"s":[0.02916563,0.02355239,0.03321875],"c":[1,0.8888889,0.9079365],"b":["when talked to then become 2 in 0.2s"]},{"p":[0.388059,0.002689888,-0.04817864],"r":[20.92871,2.929023,1.769267],"s":[0.02916563,0.02355238,0.03321874],"c":[1,0.8888889,0.9079365],"b":["when starts then become 1 in 1s"]}]},{"b":16,"s":[{"p":[0.003031267,0.006504904,-0.002216977],"r":[3.85279,358.7399,358.7751],"s":[0.02916563,0.02355239,0.03321875],"c":[1,0.8888889,0.9079365],"b":["when talked to then become 2 in 0.2s"]},{"p":[0.002975132,0.02647586,0.000222405],"r":[37.11342,0.6627885,353.3507],"s":[0.02916563,0.0235524,0.03321876],"c":[1,0.8888889,0.9079365],"b":["when starts then become 1 in 0.5s"]}]}]}