{"n":"thing","a":[7,18],"p":[{"s":[{"p":[0,0,0],"r":[0,0,0],"s":[50.00032,0.1749814,30.14513],"c":[0.06172832,0.5555556,0.2592592]}]},{"b":5,"s":[{"p":[-0.7263528,0.03819449,-0.308659],"r":[270.0198,-1.001791E-05,0],"s":[0.417599,0.3256547,0.1250333],"c":[0.4444444,0.04938265,0.1848325]}]}]}