{"n":"arrow2","a":[2,3,7,12,16,18],"inc":[["arrow","58264053c68f01f30fc604fa"]],"p":[{"b":5,"t":1,"s":[{"p":[0.3302522,0.02783263,0.02376798],"r":[2.003583E-05,180,2.003583E-05],"s":[0.005002591,0.005000102,0.5450653],"c":[1,1,1]}]},{"b":8,"t":1,"s":[{"p":[0.3293955,0.02629698,0.2251607],"r":[-8.14222E-13,270,180],"s":[0.09155633,0.005001911,0.01907076],"c":[0.6666667,0.222222,0.2984125]}]},{"b":4,"t":1,"s":[{"p":[0.3309854,0.02717763,-0.2163697],"r":[9.838631E-06,180,270],"s":[0.02848667,0.01901695,0.01589933],"c":[0.6666667,0.222222,0.2984125],"b":["when starts then play arrow shot"]}]},{"b":8,"t":1,"s":[{"p":[0.3306592,0.03284089,0.2251607],"r":[270,90.00001,0],"s":[0.09156171,0.005002065,0.01907213],"c":[0.6666667,0.222222,0.2984125],"b":["when "]}]}]}