{"n":"thing","p":[{"s":[{"p":[0,0,0],"r":[0,0,0],"s":[0.1750022,0.06902859,9.661064],"c":[0.09347434,0.08641968,0.111111]}]}]}