{"n":"thing","a":[7,18],"p":[{"t":1,"s":[{"p":[0,0,0],"r":[0,0,0],"s":[9.217988,0.175004,2.381006],"c":[0.5555556,0.5555556,0.5555556]}]},{"t":1,"s":[{"p":[1.192093E-07,0.3176106,1.088859],"r":[0,270,180],"s":[0.175048,25.40851,1.600052],"c":[0.5555556,0.5555556,0.5555556]}]}]}