{"n":"thing","a":[7],"p":[{"b":13,"s":[{"p":[0,0,0],"r":[0,0,0],"s":[0.01455814,0.02356805,0.01785422],"c":[0.7777778,0.6666667,0],"b":["when touched then become next in 1s"]},{"p":[0,0,0.04941559],"r":[0,0,8.537737E-06],"s":[0.01455898,0.02356962,0.01785547],"c":[0.7777778,0.6666667,0],"b":["when starts then become next in 2s"]},{"p":[0,0,0.04941559],"r":[0,0,8.537737E-06],"s":[0.01455898,0.02356962,0.01785547],"c":[0.7777778,0.6666667,0],"b":["when starts then become 1 in 2s"]}]}]}