{"n":"wall35","p":[{"b":5,"t":1,"s":[{"p":[-20.93992,-1.211758E-06,-0.1124744],"r":[0,0,0],"s":[0.02334489,0.7268658,39.96073],"c":[1,1,1]}]},{"b":5,"t":1,"s":[{"p":[0.1028805,1.390575E-06,-0.2284088],"r":[-1.001791E-05,0,0],"s":[0.03145428,0.7268932,39.83672],"c":[1,1,1]}]},{"b":5,"t":1,"s":[{"p":[-20.49446,-0.4687072,16.88466],"r":[40.1674,307.2321,311.9446],"s":[0.03581562,0.01057549,0.06927847],"c":[1,1,1]}]}]}