{"n":"telepadb1","a":[7,18],"p":[{"t":1,"s":[{"p":[0,0,0],"r":[0,0,0],"s":[0.9751338,1.026787,0.04340529],"c":[0.4444443,0.2285713,0]}]},{"t":1,"s":[{"p":[0,0,0.02322006],"r":[0,0,-8.537737E-06],"s":[0.7991506,0.9178487,0.04340798],"c":[1,0.6761904,0.3333332]}]}]}