{"n":"thing","p":[{"b":9,"t":1,"s":[{"p":[0,0,0],"r":[0,0,0],"s":[8.205253,4.192879,0.1250003],"c":[0,1,0.5714287]},{"p":[0,0,0],"r":[0,0,0],"s":[8.205254,4.192877,0.1250003],"c":[1,1,1]}]}]}