{"n":"thing","a":[7,12,18],"p":[{"b":4,"t":2,"a":[5],"s":[{"p":[0,0,0],"r":[0,0,4.378969E-13],"s":[0.005,0.005,0.03094429],"c":[0.5555556,0.3456789,0.1234567],"b":["when touched then destroy all parts"]}]},{"b":4,"t":3,"a":[5],"s":[{"p":[0,2.732296E-09,-0.01562691],"r":[0,0,4.378969E-13],"s":[0.005001821,0.005001112,0.03094673],"c":[0.7777778,0.6790124,0.08641969]}]}]}