{"n":"thing","p":[{"b":3,"s":[{"p":[0,0,0],"r":[0,0,0],"s":[0.3308477,0.2633861,0.3657461],"c":[0,0.5714284,1]}]}]}