{"n":"stump","p":[{"b":5,"s":[{"p":[0.0006909482,-0.0006256253,0.2500392],"r":[0.3732671,359.1664,357.4566],"s":[0.1016361,0.1106164,0.005000009],"c":[0.8888889,0.6490299,0.3950616]}]},{"b":5,"s":[{"p":[0.001043775,0.0002518734,-0.008873889],"r":[0.5375625,359.4937,0.7423873],"s":[0.1250002,0.1343618,0.6045629],"c":[0.4444444,0.2285713,0]}]}]}