{"n":"step","p":[{"b":13,"s":[{"p":[0,0,0],"r":[0,0,0],"s":[0.008179909,0.005,0.005000003],"c":[0.6666667,0.6666667,0.6666667]}]}]}