{"n":"wall 1","p":[{"b":13,"s":[{"p":[0,0,0],"r":[0,0,0],"s":[0.01494419,0.005000008,0.007502174],"c":[0.2222221,0.2222221,0.2222221]}]}]}