{"n":"pyramid","a":[7,13,18,20],"p":[{"b":7,"s":[{"p":[0,0,0],"r":[0,0,0],"s":[18.52625,30.00477,2.380087],"c":[0.6666667,0.5820107,0.07407402]}]}]}