{"n":"energybull","p":[{"b":9,"t":6,"s":[{"p":[0,0,0],"r":[0,0,0],"s":[0.01900663,0.01532254,0.01514787],"c":[0,1,1]}]}]}