{"n":"toggle","a":[21],"p":[{"b":7,"t":1,"a":[3],"s":[{"p":[0.0007918612,-0.0006572353,-0.0001845317],"r":[5.049575,0.3948202,352.8001],"s":[0.03587492,0.035875,0.03587559],"c":[0.7777778,0.7777778,0.7777778]}]},{"b":16,"t":1,"a":[3],"s":[{"p":[-0.000620815,-0.0009386865,0.01240719],"r":[81.21352,235.5281,234.8154],"s":[0.01137942,0.01137957,0.01137959],"c":[0,0,0]}]},{"b":2,"t":1,"s":[{"p":[0.001041344,0.003815001,0.04198726],"r":[17.27,183.2738,277.5123],"s":[0.00433436,0.02520407,0.0688461],"c":[0,0,0],"b":["when touched then play bashing","when touched then become 2 in 0.2s"]},{"p":[-0.001451915,-0.01900277,0.03574988],"r":[310.4435,172.5427,281.0961],"s":[0.004333949,0.0251896,0.06880475],"c":[0,0,0],"b":["when touched then become 1 in 0.2s","when touched then play bashing"]}]}]}