{"n":"thing","a":[22,18],"p":[{"b":7,"t":1,"s":[{"p":[0,0,0],"r":[0,0,0],"s":[0.9872971,0.3287871,0.2230586],"c":[0.8888889,0.8888889,0.8888889]}]},{"b":8,"t":1,"s":[{"p":[-0.04033858,-0.06379902,-0.4443215],"r":[9.055637E-07,-9.055637E-07,90],"s":[0.2745889,0.892115,0.3383287],"c":[0.8888889,0.8888889,0.8888889]}]}]}