{"n":"thing","a":[2,3,12],"p":[{"b":5,"t":1,"s":[{"p":[0,0,0],"r":[0,0,0],"s":[0.0132148,0.01308762,1.865135],"c":[1,0,0]}]},{"b":3,"t":1,"s":[{"p":[0.00128375,0.0008006543,0.784443],"r":[19.50869,90.00912,2.717768],"s":[0.02840795,0.03309458,0.03361579],"c":[1,0,0]}]},{"b":8,"t":1,"s":[{"p":[0.001307577,-6.657839E-05,0.9406487],"r":[64.30968,90.2699,0.3900304],"s":[0.2936948,0.01215091,0.02903738],"c":[0.8888889,0.8888889,0.8888889]}]}]}