{"n":"lamppost","p":[{"b":12,"t":3,"s":[{"p":[0,0,0],"r":[0,0,0],"s":[0.8406893,0.1010101,0.02603946],"c":[0.2222221,0.2010581,0.07407401]}]},{"b":3,"t":3,"s":[{"p":[-1.804555,-0.004909396,-0.003865182],"r":[329.8937,306.4792,228.5777],"s":[0.1250003,0.1250002,0.1250002],"c":[1,0.8730159,0.111111]}]},{"b":7,"t":3,"s":[{"p":[-1.907077,-0.003426313,0.004734427],"r":[2.726472,270.5175,125.4482],"s":[0.1250003,0.1250003,0.1250004],"c":[0.2222221,0.2010581,0.07407401]}]}]}