{"n":"isle2","a":[7,18],"p":[{"b":17,"s":[{"p":[0,0,0],"r":[0,0,0],"s":[49.86967,46.8596,3.623475],"c":[0.2222221,0.3333333,0.3333333]}]}]}