{"n":"sm room wall","a":[7,18],"p":[{"s":[{"p":[0,0,0],"r":[0,0,0],"s":[2.969957,0.1347776,1.056688],"c":[0.6666667,0.4719577,0.3703703]}]}]}