{"n":"stickbull","a":[2,16],"p":[{"b":9,"t":6,"s":[{"p":[0,0,0],"r":[0,0,0],"s":[0.0103193,0.01093066,0.01231841],"c":[0.4938272,0.8550264,0.8888889],"b":["when touched then become 2 in 3s"]},{"p":[0,0,0],"r":[0,0,0],"s":[0.0103193,0.01093066,0.01231841],"c":[0.4938272,0.8550264,0.8888889],"b":["when starts then destroy all parts"]}]},{"b":3,"s":[{"p":[-0.000437527,-0.02096131,0.009989558],"r":[288.7679,240.3771,43.04342],"s":[0.005000001,0.005000002,0.005],"c":[1,1,1]}]}]}