{"n":"sm room wall","a":[7,18],"p":[{"s":[{"p":[0,0,0],"r":[0,0,0],"s":[2.969973,0.1347892,1.742407],"c":[0.6666667,0.4719577,0.3703703]}]}]}