{"n":"watterbul","p":[{"b":3,"a":[5],"s":[{"p":[0,0,0],"r":[0,0,8.537737E-07],"s":[0.005000001,0.005,0.005],"c":[0.8,0,1]}]}]}