{"n":"water","a":[2,6],"p":[{"a":[5],"s":[{"p":[0,0,0],"r":[0,0,0],"s":[0.06419933,0.09772015,0.6340535],"c":[0,0.2285712,1]}]},{"b":4,"a":[5],"s":[{"p":[-0.2411953,-0.02005164,-0.6599287],"r":[1.801745,11.65155,4.712031],"s":[0.1250001,0.0147466,0.4542382],"c":[0.8,0,1]}]}]}