{"n":"thing","p":[{"b":9,"t":7,"s":[{"p":[0,0,0],"r":[0,0,0],"s":[0.1250001,0.1250001,0.1250002],"c":[0.7777778,0.7777778,0.7777778],"b":["when starts then become 2 in 0.6s"]},{"p":[0,0,0],"r":[0,0,0],"s":[0.3356588,0.1887277,0.2906864],"c":[0.7777778,0.7777778,0.7777778],"b":["when starts then destroy all parts"]}]},{"b":3,"t":7,"s":[{"p":[0.08152295,0.05131242,-0.1061878],"r":[29.81222,21.28464,30.7472],"s":[0.005000003,0.005000003,0.005000004],"c":[0.7777778,0.7777778,0.7777778]}]}]}