{"n":"dart","p":[{"b":14,"t":2,"s":[{"p":[0,0,0],"r":[0,0,0],"s":[0.005,0.005,0.01472032],"c":[1,0.342857,0]}]}]}