{"n":"thing","p":[{"b":3,"s":[{"p":[0,0,0],"r":[0,0,0],"s":[0.005,0.005,0.005941406],"c":[1,1,1],"b":["when told by nearby pressed then become next in 1s"]},{"p":[0.2706587,0.2356149,-0.09093382],"r":[344.0928,24.28863,325.7963],"s":[0.005000005,0.005,0.005941407],"c":[0.1142855,1,0],"b":["when told by nearby pressed then become previous in 1s"]}]}]}