{"n":"thing","a":[22,18],"p":[{"t":1,"s":[{"p":[0,0,0],"r":[0,0,0],"s":[4.238441,2.860919,0.2442707],"c":[0.4444442,0.4444442,0.4444442]}]}]}