{"n":"window divider","a":[7,18],"p":[{"s":[{"p":[0,0,0],"r":[0,0,0],"s":[0.08500955,0.134881,1.13473],"c":[0.222222,0.1382715,0.0493826]}]},{"s":[{"p":[-0.01309777,-1.862645E-09,-0.01450038],"r":[0,89.99999,0],"s":[0.08502769,0.1349117,1.431068],"c":[0.222222,0.1382715,0.04938252]}]},{"t":7,"s":[{"p":[-0.00195122,0.02523423,0.01634217],"r":[270,-5.757418E-13,0],"s":[1.362213,1.130781,0.1750689],"c":[0.3333333,0.3333333,0.3333333]}]}]}