{"n":"thing","p":[{"b":5,"s":[{"p":[0,0,0],"r":[0,0,0],"s":[0.125,0.1363897,2.710985],"c":[1,1,1]}]},{"b":5,"s":[{"p":[-0.4775271,0.7252212,1.094937],"r":[59.8499,82.30312,121.7755],"s":[0.1250001,0.1363898,2.348855],"c":[1,1,1]}]},{"b":5,"s":[{"p":[-0.3485793,0.7750575,-0.02286273],"r":[358.9196,355.505,46.46497],"s":[0.125,0.1363899,2.710984],"c":[1,1,1]}]},{"b":5,"s":[{"p":[-0.7335553,1.480711,-0.03882003],"r":[2.176521,351.802,84.20841],"s":[0.1250003,0.1363902,2.710989],"c":[1,1,1]}]}]}