{"n":"thing","a":[2,15],"p":[{"b":16,"t":7,"s":[{"p":[0,0,0],"r":[0,0,0],"s":[0.03705153,0.08377716,0.03472159],"c":[1,1,1]}]},{"b":16,"t":2,"s":[{"p":[-4.894404E-10,-0.005598546,0],"r":[0,0,0],"s":[0.02683116,0.07110547,0.02751428],"c":[1,1,1]}]},{"b":5,"t":7,"s":[{"p":[0.008230221,0.1214065,-0.004966735],"r":[270,270,0],"s":[0.01922767,0.02106836,0.02198464],"c":[1,1,1]}]}]}