{"n":"fluorescent light fixture","a":[1,7,18],"p":[{"b":7,"s":[{"p":[0.189278,0.1003057,-0.01972386],"r":[270,9.659345E-06,0],"s":[0.06825498,0.5506675,0.1250049],"c":[0.3333333,0.3333333,0.3333333]}]},{"b":15,"t":3,"s":[{"p":[0.1634175,0.0499773,-0.0476687],"r":[0,0,0],"s":[0.01155133,0.01088688,1.196774],"c":[1,1,1]},{"p":[0,0,0],"r":[0,0,0],"s":[0.01154568,0.01088621,1.196282],"c":[1,1,1],"b":["when starts then play electric buzz hum"]}]},{"b":15,"t":3,"s":[{"p":[0.2195314,0.0499773,-0.04766868],"r":[0,0,0],"s":[0.01155282,0.01088698,1.196997],"c":[1,1,1]}]}]}