{"n":"thing","p":[{"b":17,"s":[{"p":[0,0,0],"r":[0,0,0],"s":[0.06000018,0.06000005,0.06000012],"c":[0.8888889,1,0.4444443]}]},{"b":9,"s":[{"p":[0.1239111,-0.1130661,-0.2387924],"r":[352.5833,348.0287,1.106246],"s":[0.1250001,0.1250001,0.1250001],"c":[0,1,0.7428571]}]},{"b":15,"s":[{"p":[0.2388047,-0.2289625,-0.4550406],"r":[342.9558,330.335,29.79578],"s":[0.125,0.125,0.125],"c":[1,0,0.1714283]}]}]}