{"n":"thing","a":[7,18],"p":[{"s":[{"p":[0,0,0],"r":[0,0,0],"s":[0.1750585,0.4566627,2.072942],"c":[0.8888889,0.8747795,0.7901235]}]}]}