{"n":"thing","a":[7],"p":[{"b":14,"t":2,"s":[{"p":[0,0,0],"r":[0,0,0],"s":[0.5641171,0.6176025,1.111654],"c":[1,1,1]}]},{"b":3,"t":2,"s":[{"p":[-0.0706749,0.02713728,3.011309],"r":[0,0,0],"s":[0.8291861,0.8815611,0.8531721],"c":[1,1,1]}]},{"b":3,"t":2,"s":[{"p":[-0.02614206,0.7245078,2.968556],"r":[-8.964216E-08,90,8.964215E-08],"s":[0.4674968,0.1900346,0.463638],"c":[0.1142857,0,1]}]},{"b":3,"t":2,"s":[{"p":[-0.03607166,0.8129363,2.964923],"r":[1.024528E-05,90.00001,270],"s":[0.1250309,0.2058719,0.2059638],"c":[0,0,0]}]}]}