{"n":"portalshot","a":[2,12,16],"p":[{"b":9,"t":2,"s":[{"p":[0,0,0],"r":[0,0,-1.494104E-06],"s":[0.01012627,0.01347274,0.01046836],"c":[0,1,1],"b":["when told by any getgone then destroy all parts"]}]}]}