{"n":"thing","a":[7,18],"p":[{"b":7,"t":3,"s":[{"p":[0,0,1.548287],"r":[0,0,90],"s":[0.1250265,0.12501,0.1250179],"c":[1,1,1]}]},{"b":7,"t":1,"s":[{"p":[0,0,1.605061],"r":[1.072956E-06,-1.072956E-06,90.00002],"s":[0.1568094,0.1589646,0.1250261],"c":[0.3333333,0.3333333,0.3333333]}]}]}