{"n":"home","p":[{"b":5,"t":2,"s":[{"p":[0,0,0],"r":[0,0,2.134434E-07],"s":[0.3937298,0.477008,0.008608202],"c":[0,1,0.9142858]}]}]}