{"n":"thing","a":[7,18],"p":[{"b":5,"a":[3],"s":[{"p":[0,0,0],"r":[0,0,0],"s":[0.8398501,0.4126879,0.005],"c":[0.3333331,0,0.1714284]}]},{"b":5,"a":[3],"s":[{"p":[-0.004016748,0.7328851,5.960464E-08],"r":[0,0,-1.001791E-05],"s":[0.5474865,0.1204143,0.005000458],"c":[0.3333332,0,0.1714285]}]},{"b":5,"s":[{"p":[1.887345E-07,1.079435,-0.04115784],"r":[0,0,0],"s":[0.1256767,0.1299793,0.1138196],"c":[0.3333332,0,0.1714285]}]}]}