{"n":"thing","a":[7],"p":[{"b":3,"t":2,"s":[{"p":[0.1942361,0.0572052,0.1500807],"r":[356.1699,355.1891,354.5654],"s":[0.0220217,0.05400567,0.06501561],"c":[1,0,0.1714283],"b":["when touched then play sword hitting","when touched then play hitting metal","when told tar1 then become 2 in 3s"]},{"p":[0.1942361,0.0572052,0.1500807],"r":[356.1699,355.1891,354.5654],"s":[0.0220217,0.05400567,0.06501561],"c":[1,0,0.1714283]}]},{"b":5,"t":2,"s":[{"p":[0.2234745,0.04752734,0.1677787],"r":[1.221333E-12,90.00001,-1.001791E-05],"s":[0.125049,0.1250315,0.1250656],"c":[1,1,1],"b":["when touched then play sword hitting"]}]},{"b":3,"s":[{"p":[0.2013455,0.06266978,0.1509025],"r":[0,0,1.001791E-05],"s":[0.005004265,0.4069803,0.4245938],"c":[0.9174604,1,0.7777778],"b":["when touched then play sword hitting"]}]}]}