{"n":"thing","a":[7,13,18],"p":[{"s":[{"p":[0,0,0],"r":[0,0,0],"s":[8.26946,0.1489233,1.228085],"c":[0,0,0]}]},{"s":[{"p":[-0.001812458,0.100934,-1.74623E-08],"r":[-1.001791E-05,0,0],"s":[8.273581,0.005000258,1.228694],"c":[0,0,0]}]}]}