{"n":"thing","a":[7,18],"p":[{"s":[{"p":[0,0,0],"r":[0,0,0],"s":[11.41925,0.1563274,50],"c":[0.0493826,0.222222,0.05925915]}]}]}