{"n":"thing","p":[{"b":3,"t":1,"a":[3],"s":[{"p":[0,0,0],"r":[0,0,0],"s":[0.05345254,0.05345246,0.05345251],"c":[0.3333332,0.2074073,0.07407398]}]}]}