{"n":"thing","a":[7,18],"p":[{"b":5,"s":[{"p":[0,0,0],"r":[0,0,0],"s":[1.399813,0.9726508,0.02089177],"c":[0.3333332,0,0.1714285]}]}]}