{"n":"thing","a":[20],"p":[{"b":3,"t":3,"s":[{"p":[0,0,0],"r":[0,0,2.134434E-07],"s":[0.06984032,0.09744474,0.07021724],"c":[1,0,0],"b":["when starts then become next in 2s"]},{"p":[0,0,0],"r":[0,0,2.134434E-07],"s":[0.005,0.01700407,0.005],"c":[1,0,0],"b":["when starts then become next in 2s"]}]}]}