{"n":"thing","a":[7,18],"p":[{"b":5,"s":[{"p":[0,0,0],"r":[0,0,0],"s":[0.2075142,0.1899285,0.005001182],"c":[0.5555556,0.06172832,0.3156966]}]}]}