{"n":"thing","a":[7,18],"p":[{"b":18,"e":"GRAPHICS MONKEY'S HOUSE","s":[{"p":[0,0,0],"r":[0,0,0],"s":[0.003000034,0.003000184,0.003000222],"c":[0.03703704,0.111111,0.111111]}]}]}