{"n":"thing","a":[7,18,20,23],"p":[{"b":12,"s":[{"p":[0,0,0],"r":[0,0,0],"s":[0.1786264,0.06000014,0.08856075],"c":[0.4444444,0.388007,0.04938265]}]},{"b":12,"s":[{"p":[2.989477E-10,0.001709782,0],"r":[0,0,-1.001791E-05],"s":[0.1471933,0.06000295,0.07915951],"c":[0.3333333,0.2857142,0]}]}]}