{"n":"thing","p":[{"b":17,"s":[{"p":[0,0,0],"r":[0,0,0],"s":[28.44544,2.120639,0.06000039],"c":[1,1,1]}]}]}