{"n":"thing","a":[7,13,18,20],"p":[{"t":2,"s":[{"p":[1.490116E-08,0.4602721,0.1208257],"r":[0,0,0],"s":[2.902852,0.04027791,0.07333609],"c":[1,1,1]}]},{"s":[{"p":[1.490116E-08,2.182718E-08,0.1248369],"r":[0,0,0],"s":[2.806528,0.9244545,0.01895737],"c":[0,0,0]}]},{"s":[{"p":[-1.907349E-06,-1.506315E-06,-9.978708],"r":[-1.001791E-05,0,0],"s":[2.808165,0.9244967,0.01896924],"c":[0,0,0]}]},{"t":2,"s":[{"p":[-1.430511E-06,0.4602703,-9.952404],"r":[-1.628444E-12,0,0],"s":[2.903983,0.04027853,0.07336502],"c":[1,1,1]}]}]}