{"n":"thing","p":[{"b":17,"s":[{"p":[0,0,0],"r":[0,0,0],"s":[12.36922,0.02995831,13.26051],"c":[0.2222216,0.2857137,0.3333328]}]}]}