{"n":"junktionmerge2","a":[7,20],"p":[{"s":[{"p":[-0.03567994,0.8538476,-0.1064529],"r":[90,9.659345E-06,0],"s":[0.2833389,1.472213,0.2411248],"c":[0.7777778,0.7777778,0.7777778]}]},{"s":[{"p":[-0.03372861,0.07005228,-0.7226734],"r":[1.001791E-05,0,0],"s":[0.2832619,1.451721,0.2410211],"c":[0.7777778,0.7777778,0.7777778]}]},{"s":[{"p":[-0.005894669,0.09011078,0.01726533],"r":[1.001791E-05,1.001791E-05,1.313691E-12],"s":[0.17518,1.372029,1.294079],"c":[1,1,1]}]}]}