{"n":"thing","a":[7,18],"p":[{"b":21,"e":"PRESS TO","s":[{"p":[0,0,0],"r":[0,0,0],"s":[0.001000022,0.001000112,0.001000082],"c":[1,1,1]}]},{"b":21,"e":"OPEN","s":[{"p":[0.0004138928,-0.01084018,0.00183773],"r":[0,0,0],"s":[0.001635022,0.001635159,0.001635058],"c":[1,1,1]}]}]}