{"n":"thing","p":[{"b":18,"e":"DAGELIJKSHAADEE","s":[{"p":[0,0,0],"r":[0,0,-1.334021E-08],"s":[0.005023823,0.005023816,0.00502382],"c":[1,1,1]}]}]}