{"n":"guns","a":[7],"p":[{"b":5,"t":2,"s":[{"p":[0,0,0],"r":[0,0,0],"s":[0.3364927,0.3494819,0.05452373],"c":[0,1,0.9142858]}]}]}