{"n":"thing","p":[{"b":12,"s":[{"p":[5.490604E-09,0.03140253,0.4248371],"r":[-9.928273E-06,270,180],"s":[0.1381515,0.02800178,0.0118212],"c":[0.4444443,0.3047618,0]}]},{"b":14,"s":[{"p":[-0.001873577,0.03107732,0.4174327],"r":[359.6777,1.295455,353.4863],"s":[0.03828125,0.03164855,0.1236247],"c":[0.5555556,0.4003526,0.0617283]}]}]}