{"n":"thing","p":[{"b":5,"s":[{"p":[0.002759924,0.003151655,-0.6747461],"r":[354.7295,177.3516,32.03154],"s":[0.1250006,0.1250007,0.2019052],"c":[1,1,1]}]},{"b":5,"s":[{"p":[-0.1524068,0.2202095,0.6727633],"r":[303.5936,243.7711,326.3504],"s":[0.01132993,0.01668835,0.6476764],"c":[1,1,1]}]},{"b":5,"s":[{"p":[0.2549454,0.09247237,0.6998035],"r":[334.9582,100.9446,86.78706],"s":[0.01132993,0.01668834,0.6476761],"c":[1,1,1]}]},{"b":5,"s":[{"p":[0.0110412,-0.01315412,0.01247846],"r":[358.4213,359.9033,1.000617],"s":[0.04187831,0.03654249,2.02832],"c":[1,1,1]}]}]}