{"n":"thing","p":[{"b":16,"s":[{"p":[-0.5245948,-0.1728081,-0.5578683],"r":[1.075965,288.2014,356.782],"s":[0.1250002,0.1250003,0.1250001],"c":[0.7777778,0.7777778,0.7777778]}]},{"b":16,"s":[{"p":[-0.5322523,-0.1758182,-0.557801],"r":[2.588242,318.4982,358.2235],"s":[0.1183456,0.1250008,0.1173137],"c":[0.1851851,0.3968253,0.5555556]}]}]}