{"n":"thing","a":[8,20],"p":[{"b":3,"t":3,"s":[{"p":[0.6544598,0.3473363,-0.1813408],"r":[27.38866,309.0421,60.18444],"s":[0.1245144,0.1245225,0.1242956],"c":[0.9986699,0.858093,0],"b":["when starts then become 2 in 0.2s"]},{"p":[0,0,0],"r":[0,0,0],"s":[0.05195126,0.05319738,0.01905774],"c":[0.8,1,0],"b":["when starts then become 1 in 2s"]}]},{"b":9,"t":3,"s":[{"p":[1.140487,0.7399374,-0.1276255],"r":[325.3705,46.04425,5.434568],"s":[0.1391706,0.1749501,0.1206206],"c":[0.4471797,0,0.07665924]}]},{"b":9,"t":3,"s":[{"p":[4.639291,4.094766,-3.361041],"r":[7.740654,160.1686,20.01175],"s":[0.1391709,0.1749501,0.1206207],"c":[0.4471797,0,0.07665924]}]}]}