{"n":"thing","a":[23],"p":[{"b":17,"s":[{"p":[0,0,0],"r":[0,0,0],"s":[1.104232,1.244204,0.4705343],"c":[0.2222215,0.2857136,0.3333327]}]},{"b":17,"s":[{"p":[5.775996,4.010965,0.6575513],"r":[22.47073,264.0699,279.7996],"s":[0.6668146,0.4296975,3.00816],"c":[0.2222215,0.2857136,0.3333327]}]}]}