{"n":"thing","p":[{"b":17,"t":7,"s":[{"p":[0.002429923,0.0037206,0.02373725],"r":[0.9070487,1.922987,3.112799],"s":[0.01647209,0.01530579,0.2602844],"c":[1,1,1]}]},{"b":17,"t":7,"s":[{"p":[0.00176395,0.0006654363,0.00303231],"r":[0.05618989,1.542003,0.4718664],"s":[0.02085656,0.02523566,0.289661],"c":[0.6049383,0.7777778,0.7777778]}]}]}