{"n":"ray blast small","a":[15],"p":[{"b":14,"t":3,"s":[{"p":[0.0004510414,0.001156658,0.06365039],"r":[0.7806781,358.2944,15.1746],"s":[0.01184864,0.0117481,0.01449051],"c":[0,1,1]}]},{"b":17,"t":7,"s":[{"p":[0.000208443,0.0006706873,0.06219609],"r":[67.74509,89.70794,90.49577],"s":[0.01163716,0.0338608,0.01168539],"c":[0,1,1]}]}]}