{"n":"thing","p":[{"b":17,"s":[{"p":[0,0,0],"r":[0,0,0],"s":[0.1824672,0.06000001,0.2008877],"c":[1,1,1]}]},{"b":17,"s":[{"p":[0.02297184,0.02811528,0.02432875],"r":[16.39371,30.9217,1.073404],"s":[0.1130855,0.06000002,0.1283457],"c":[1,1,1]}]},{"b":17,"s":[{"p":[-0.03102238,0.09077146,-0.01904857],"r":[356.8233,30.66772,346.1304],"s":[0.04416523,0.06000006,0.04293977],"c":[1,1,1]}]},{"b":17,"t":7,"s":[{"p":[-0.0006777369,0.0944071,0.006983628],"r":[81.6413,133.371,37.94501],"s":[0.04416539,0.0600001,0.04293986],"c":[0.7777778,1,0.9809523]}]}]}