{"n":"thing","a":[2,19],"p":[{"b":18,"e":"ZW CHAT\nFOREVER\nNOM NOM","s":[{"p":[0.07078123,-0.03538895,-0.07522964],"r":[0,90,90],"s":[0.003000042,0.003000073,0.003000038],"c":[0,0,0]}]},{"s":[{"p":[0.0746758,0.03842926,-0.1330547],"r":[0,0,0],"s":[0.005000969,0.1520106,0.1069877],"c":[0,1,1],"b":["when consumed then destroy all parts, play baby laugh"]}]}]}