{"n":"thing","a":[7,18],"p":[{"b":22,"e":"WELCOME","s":[{"p":[0,0,0],"r":[0,0,0],"s":[0.009944877,0.00994548,0.009945394],"c":[1,1,1]}]}]}