{"n":"thing","a":[7,18],"p":[{"b":5,"t":2,"s":[{"p":[1.537757E-06,-0.008766174,-4.218864],"r":[0,0,0],"s":[0.03420781,0.0342416,5.784969],"c":[0.3456788,0.7777778,0.7407408]}]},{"b":10,"t":2,"a":[3],"s":[{"p":[0.004289063,-0.009464741,-6.442238],"r":[-1.001791E-05,180,180],"s":[0.04880996,0.04877444,0.04882108],"c":[0.3456788,0.7777778,0.7407408]}]},{"b":10,"t":2,"a":[3],"s":[{"p":[0.002960522,-0.009120941,-1.815113],"r":[-1.001791E-05,180,180],"s":[0.04880948,0.04877399,0.04883084],"c":[0.3456788,0.7777778,0.7407408]}]}]}