{"n":"thing","a":[8],"p":[{"b":3,"t":3,"s":[{"p":[0,0,0],"r":[0,0,8.537737E-07],"s":[0.1250002,0.1250001,0.1432024],"c":[0.2962962,0.4317459,0.8888889]}]},{"b":3,"t":3,"s":[{"p":[0.2462826,0.3617108,0.2232505],"r":[321.3891,7.264469,10.68221],"s":[0.1250002,0.1250001,0.1432026],"c":[1,0,0.1714283]}]},{"b":3,"t":3,"s":[{"p":[0.1524963,0.1785532,-0.08790004],"r":[16.00803,14.80281,2.585518],"s":[0.07425302,0.06725205,0.05098765],"c":[0,1,0.3999999]}]},{"b":3,"t":3,"s":[{"p":[-0.1491407,0.4934919,0.3108214],"r":[327.3766,345.293,7.610878],"s":[0.04979765,0.03745686,0.005],"c":[0.9714286,1,0]}]}]}