{"n":"spacemarker3","p":[{"t":8,"a":[12],"s":[{"p":[0,0,0],"r":[0,0,0],"s":[0.04261227,0.1750003,0.1750003],"c":[1,1,1]}]}]}