{"n":"thing","a":[7,18],"p":[{"s":[{"p":[0,0,0],"r":[0,0,0],"s":[50,50,0.1642109],"c":[0.2839505,0.7777778,0.08641969]}]}]}