{"n":"thing","a":[7,18],"p":[{"b":5,"t":7,"s":[{"p":[0,0,0],"r":[0,0,0],"s":[0.3849963,0.4143325,2.064157],"c":[0,0.9142855,1]}]},{"b":5,"t":1,"s":[{"p":[-0.0270139,0,-1.319727],"r":[0,0,0],"s":[0.4260598,0.4644719,1.304701],"c":[0.4444444,0.4444444,0.4444444]}]},{"b":5,"t":1,"s":[{"p":[-0.02701402,-4.768372E-07,0.9008392],"r":[0,0,0],"s":[0.426194,0.4646218,0.1991892],"c":[0.4444444,0.4444444,0.4444444]}]}]}