{"n":"thing","a":[8],"p":[{"b":3,"t":3,"s":[{"p":[0,0,0],"r":[0,0,-4.268868E-07],"s":[0.005000005,0.03251191,0.005000002],"c":[0.4042327,0.3703703,0.6666667]}]}]}