{"n":"thing","a":[23],"p":[{"b":12,"s":[{"p":[0,0,0],"r":[0,0,0],"s":[0.3967438,0.02662393,0.03417611],"c":[0.5555556,0.3756613,0.185185]}]},{"b":12,"s":[{"p":[0.01378338,-0.005540717,0.01023273],"r":[1.610734,359.8226,359.8926],"s":[0.3967458,0.03939635,0.03417635],"c":[0.4444444,0.3202821,0.04938265]}]},{"b":12,"s":[{"p":[0.03341787,-0.01715686,0.01016081],"r":[1.645107,1.388241,359.7517],"s":[0.3967469,0.01740797,0.03417639],"c":[0.5555556,0.4391533,0.1851851]}]}]}