{"n":"thing","p":[{"b":17,"s":[{"p":[0,0,0],"r":[0,0,0],"s":[1.312045,0.1011225,0.5412111],"c":[0.2222205,0.2857127,0.3333318]}]},{"b":17,"s":[{"p":[-0.8533995,0.110428,-0.3957233],"r":[347.7033,330.7226,345.9951],"s":[1.312046,0.3025103,0.5412112],"c":[0.2222205,0.2857127,0.3333318]}]},{"b":17,"s":[{"p":[-1.916272,-0.1206955,9.320498],"r":[346.747,345.4533,23.78089],"s":[1.312046,0.3025103,0.5412115],"c":[0.2222205,0.2857127,0.3333318]}]},{"b":17,"s":[{"p":[1.276746,-0.3530204,-0.8141593],"r":[1.792912,224.8571,2.367218],"s":[1.312048,0.3025105,0.5412123],"c":[0.2222205,0.2857127,0.3333318]}]}]}