{"n":"thing","p":[{"b":17,"s":[{"p":[0.1627672,0.2495055,0.3944433],"r":[335.6194,2.25428,80.35625],"s":[0.01633637,0.01189438,0.04794634],"c":[1,1,1]}]},{"b":17,"s":[{"p":[0.1627679,0.2616445,0.4479259],"r":[327.0515,17.04318,76.63792],"s":[0.01633636,0.01189437,0.04794632],"c":[1,1,1]}]},{"b":17,"s":[{"p":[0.1619341,0.2236391,0.3608793],"r":[338.7518,357.2007,88.32639],"s":[0.01633637,0.01189438,0.04794633],"c":[1,1,1]}]}]}