{"n":"thing","p":[{"b":17,"s":[{"p":[0,0,0],"r":[0,0,0],"s":[7.773825,0.1467568,1.512033],"c":[1,1,1]}]}]}