{"n":"room7","a":[7],"p":[{"b":5,"s":[{"p":[0,0,0],"r":[0,0,0],"s":[0.2603856,0.2602153,0.1250151],"c":[1,1,1]}]}]}