{"n":"1spawn","a":[7],"p":[{"s":[{"p":[0,0,0],"r":[0,0,0],"s":[0.1750022,0.1750004,0.1750022],"c":[0,0,0]}]}]}