{"n":"dbull","a":[2,16],"p":[{"b":10,"a":[5],"s":[{"p":[0,0,0],"r":[0,0,0],"s":[0.005,0.005,0.005],"c":[0.111111,0.06313924,0.01234568],"b":["when touched then become 2 in 1s"]},{"p":[0,0,0],"r":[0,0,0],"s":[0.005,0.005,0.005],"c":[0.111111,0.06313922,0.01234568],"b":["when starts then destroy all parts"]}]}]}