{"n":"thing","p":[{"b":17,"s":[{"p":[0,0,0],"r":[0,0,1.334021E-08],"s":[50,2.018549,45.97502],"c":[1,1,1]}]}]}