{"n":"thing","a":[7,18],"p":[{"s":[{"p":[0,0,0],"r":[0,0,0],"s":[47.06407,0.1750014,50],"c":[1,1,1]}]},{"s":[{"p":[1.907349E-06,2.384186E-07,-18.26674],"r":[0,0,-1.001791E-05],"s":[47.08375,0.1750061,50.02651],"c":[1,1,1]}]}]}