{"n":"thing","p":[{"b":23,"e":"CAN YOU SLEEP IN VIRTUAL REALITY?","s":[{"p":[0,0,0],"r":[0,0,0],"s":[0.007385756,0.007385754,0.007385758],"c":[0,0,0]}]}]}