{"n":"thing","a":[1],"p":[{"b":9,"s":[{"p":[0,0,0],"r":[0,0,0],"s":[15.71462,0.9429902,18.62438],"c":[1,1,1]}]},{"b":9,"s":[{"p":[3.307897,6.391455,-20.55321],"r":[15.34056,345.3864,4.97998],"s":[15.71464,0.9429902,18.6244],"c":[1,1,1]}]},{"b":9,"s":[{"p":[-19.48615,3.679913,-24.40885],"r":[15.06306,329.5218,354.1347],"s":[50,1.725541,50],"c":[1,1,1]}]}]}