{"n":"thing","a":[20,21],"p":[{"b":9,"s":[{"p":[0,0,0],"r":[0,0,0],"s":[8.719433,8.719454,8.719457],"c":[0.6666667,0.6666667,0.6666667]}]},{"b":9,"s":[{"p":[12.28407,1.527957,-3.221402],"r":[39.0247,11.77901,8.081167],"s":[8.719446,6.825415,7.706245],"c":[0.6666667,0.6666667,0.6666667]}]},{"b":9,"s":[{"p":[-6.7178,1.472767,3.875015],"r":[45.66882,358.1133,316.1569],"s":[8.719451,6.825418,7.706254],"c":[0.6666667,0.6666667,0.6666667]}]},{"b":9,"s":[{"p":[-13.79242,-5.189144,-0.2898014],"r":[51.16374,14.9342,194.0143],"s":[11.45904,6.825469,7.706254],"c":[0.6666667,0.6666667,0.6666667]}]}]}