{"n":"thing","a":[22,13,20],"p":[{"b":5,"s":[{"p":[0,0,0],"r":[0,0,0],"s":[1.589661,2.927392,0.1250784],"c":[0.5185186,0.6666667,0.5777778]}]}]}