{"n":"player finder","a":[2,7,12],"p":[{"b":5,"t":1,"s":[{"p":[0,0,0],"r":[0,0,0],"s":[0.009512186,0.009106994,0.1644484],"c":[0,0,0],"b":["when starts then all parts face someone else"]}]},{"b":6,"t":1,"s":[{"p":[-0.0009051078,0.0006728331,0.09063054],"r":[-9.748988E-06,8.964176E-08,270],"s":[0.02263437,0.02645686,0.05944913],"c":[0,0,0]}]}]}