{"n":"sdwlk","a":[7],"p":[{"s":[{"p":[0,0,0],"r":[0,0,0],"s":[0.005002236,0.005001282,0.05241188],"c":[1,1,1]}]}]}