{"n":"thing","a":[1,22],"p":[{"t":1,"s":[{"p":[0,0,0],"r":[0,0,3.096398E-13],"s":[0.1104909,0.04348239,0.1045589],"c":[0.2222221,0.2222221,0.2222221]}]},{"t":2,"s":[{"p":[2.023205E-05,0.02562933,-0.0008678468],"r":[-4.829673E-06,90,1.108523E-06],"s":[0.08336169,0.01974492,0.08404394],"c":[0,1,0.2285714],"b":["when touched then become 2 in 0.2s","when touched then send nearby onto sdwlk","when touched then play button click"]},{"p":[2.023205E-05,0.02562933,-0.0008678468],"r":[-4.829674E-06,90,1.108523E-06],"s":[0.08336169,0.007186104,0.08404394],"c":[0,0.3333333,0.07619046],"b":["when starts then become 1 in 0.2s"]}]}]}