{"n":"glass table modern","a":[7],"p":[{"b":7,"t":1,"s":[{"p":[-0.01954079,-0.3030045,-0.01930613],"r":[270,90.00002,0],"s":[0.1250005,0.1250304,0.5360753],"c":[0.6666666,0.9142855,1]}]},{"t":1,"s":[{"p":[-0.01197624,-0.07076073,-0.01823805],"r":[-1.001791E-05,0,1.001791E-05],"s":[0.3251483,0.01919217,0.1750025],"c":[0.2222221,0.2222221,0.2222221]}]},{"t":7,"s":[{"p":[0.0003242493,-0.02376438,-0.01782989],"r":[-1.001791E-05,1.001791E-05,-1.751587E-12],"s":[1.090442,0.06877307,0.4366316],"c":[0.6666666,0.9142855,1]}]},{"b":7,"t":1,"s":[{"p":[-0.01943016,-0.3042405,-0.01304621],"r":[270,45,0],"s":[0.1250196,0.125089,0.5363183],"c":[0.6666666,0.9142855,1]}]}]}