{"n":"thing","a":[1],"p":[{"b":10,"s":[{"p":[0,0,0],"r":[0,0,0],"s":[0.1250009,0.1250011,0.1250014],"c":[1,0,0],"b":["when someone new in vicinity then become 2 in 1s"]},{"p":[0.09289741,0.2175388,0.3788435],"r":[346.5824,8.671375,3.519272],"s":[0.125001,0.1250011,0.1250015],"c":[0,0.05714257,1],"b":["when starts then become 1 in 0.2s"]}]},{"b":18,"e":"NEW IN\nVICINITY","s":[{"p":[-0.1519313,0.07456133,0.01842472],"r":[40.35984,68.70689,55.57167],"s":[0.003000006,0.003000002,0.003000005],"c":[0,1,0.9142858]}]}]}