{"n":"thing","a":[22],"p":[{"s":[{"p":[0,0,0],"r":[0,0,0],"s":[4.968607,0.1750619,1.171476],"c":[0.6666667,0.6666667,0.6666667]}]}]}