{"n":"clear","a":[2,6,5,12],"p":[{"b":5,"t":7,"a":[5],"s":[{"p":[0,0,0],"r":[0,0,0],"s":[0.005,0.005,0.05642012],"c":[0.6666666,1,1],"b":["when starts then become 2 in 0.1s"]},{"p":[0,0,0],"r":[0,0,0],"s":[9.16504,9.12922,11.6475],"c":[1,0.4444442,0.4444442],"b":["when starts then become 3 in 0.2s"]},{"p":[0,0,0],"r":[0,0,0],"s":[9.16504,9.360395,0.05642012],"c":[0.6666666,1,1],"b":["when starts then become 4 in 0.1s"]},{"p":[0,0,0],"r":[0,0,0],"s":[0.005,0.005,0.05642012],"c":[0.6666666,1,1]}]}]}