{"n":"thing","p":[{"b":9,"s":[{"p":[0,0,0],"r":[0,0,0],"s":[1.259926,1.204497,0.5888281],"c":[0.6666667,0.6666667,0.6666667]}]}]}