{"n":"thing","p":[{"b":14,"s":[{"p":[0,0,0],"r":[0,0,0],"s":[0.06000008,0.06000004,0.3046389],"c":[0.4317459,0.4444444,0]}]},{"b":14,"s":[{"p":[-0.002692109,-0.001311123,0.304749],"r":[0.3934064,92.47297,2.041038],"s":[0.06000025,0.06000019,0.1042593],"c":[0.4317459,0.4444444,0]}]}]}