{"n":"thing","p":[{"b":13,"t":7,"s":[{"p":[0,0,0],"r":[0,0,0],"s":[0.01811087,0.01582062,0.02016492],"c":[1,0,0.1714283],"b":["when told by nearby si then send nearby onto room9"]}]}]}