{"n":"thing","p":[{"b":3,"a":[2],"s":[{"p":[0,0,0],"r":[0,0,-1.707547E-06],"s":[0.1250001,0.1250001,0.1250001],"c":[0,1,0.05714282]}]}]}