{"n":"thing","p":[{"b":5,"s":[{"p":[0,0,0],"r":[0,0,0],"s":[0.01096149,0.01100251,0.005000008],"c":[0.7580247,0.7777778,0.08641969]}]}]}