{"n":"thing","p":[{"s":[{"p":[0.6331341,5.960464E-08,-0.9821715],"r":[90,90,0],"s":[0.233871,50,50],"c":[0.2222221,0.3333333,0.247619]}]}]}