{"n":"thing","p":[{"b":11,"t":3,"s":[{"p":[0,0,0],"r":[0,0,0],"s":[1.100918,0.0321416,0.03220562],"c":[0,0.7428566,1]}]}]}