{"n":"thing","p":[{"s":[{"p":[0,0,0],"r":[0,0,0],"s":[0.6242088,1.528744,0.6981714],"c":[1,1,1]}]}]}