{"n":"thing","a":[7,18],"p":[{"t":2,"s":[{"p":[0.07851601,-9.677142E-07,-8.270144E-06],"r":[0,0,-1.024528E-05],"s":[0.1278766,50.00135,0.17758],"c":[1,0.8571429,0]}]},{"t":2,"s":[{"p":[-0.04503822,-4.760318E-06,-8.791685E-07],"r":[0,0,-2.049057E-05],"s":[0.127877,50.00127,0.1775798],"c":[0,1,0.9142858]}]}]}