{"n":"thing","p":[{"t":1,"s":[{"p":[0,0,0],"r":[0,0,0],"s":[5.792771,0.1750165,3.938359],"c":[0.9714286,1,0]}]},{"b":18,"e":"HALLWAY UNDER CONSTRUCTION","s":[{"p":[-0.7213287,0.09312833,-0.09807062],"r":[90,-9.659345E-06,0],"s":[0.007551188,0.007550097,0.007551949],"c":[0,0,0]}]},{"b":18,"e":"HALLWAY UNDER CONSTRUCTION","s":[{"p":[-0.7389297,0.1288902,-0.1051869],"r":[90,-9.659346E-06,0],"s":[0.007555764,0.007548562,0.007557083],"c":[1,1,1]}]}]}