{"n":"batgun","a":[1,2,3,12,14],"inc":[["smallbat","584ca3e6a430f20a1369a2ff"]],"p":[{"b":5,"t":6,"s":[{"p":[0,0,0],"r":[0,0,0],"s":[0.01902902,0.02034401,0.08521105],"c":[0.2222221,0,0],"b":["when touched then emit smallbat with 15"]}]},{"b":5,"t":6,"s":[{"p":[-0.001431384,-0.0001767089,0.001293259],"r":[0.4543827,1.599558,320.0387],"s":[0.01040352,0.009965925,0.1250003],"c":[0,0,0],"b":["when triggered then emit smallbat with 13"]}]},{"b":2,"t":7,"a":[3],"s":[{"p":[-0.004103074,0.002603627,-0.06499832],"r":[359.4921,359.796,7.055151],"s":[0.05961484,0.05961478,0.05961477],"c":[0,0,0]}]},{"b":2,"t":7,"a":[3],"s":[{"p":[-0.0004543392,0.001141476,-0.06520368],"r":[358.0497,1.2188,322.0204],"s":[0.05961493,0.05961484,0.05961484],"c":[0,0,0]}]}]}