{"n":"thing","p":[{"b":3,"s":[{"p":[0,0,0],"r":[0,0,-8.537737E-07],"s":[0.125,0.1249999,0.1249999],"c":[1,1,1]}]}]}