{"n":"bed","p":[{"s":[{"p":[0.04721139,-0.007699683,-0.2910606],"r":[358.3971,352.0989,0.391201],"s":[1.306278,2.399089,0.7869408],"c":[0.3333333,0.0878306,0.03703704]}]},{"b":13,"s":[{"p":[-0.2088998,-0.8395864,0.1733913],"r":[353.2555,349.243,1.935442],"s":[0.2114914,0.1244996,0.05512175],"c":[1,1,1]}]},{"b":13,"s":[{"p":[0.3607925,-0.823378,0.2131643],"r":[344.7213,359.5688,1.317115],"s":[0.1731644,0.1244996,0.05512171],"c":[1,1,1]}]}]}