{"n":"thing","a":[7],"p":[{"t":1,"s":[{"p":[0,0,0],"r":[0,0,0],"s":[3.883038,15.73934,0.005000148],"c":[0.6645502,0.6666667,0.5925926]}]}]}