{"n":"thing","a":[7],"p":[{"s":[{"p":[0,0,0],"r":[0,0,0],"s":[1.10074,0.006446968,0.01576125],"c":[0,0,0]}]}]}