{"n":"thing","p":[{"b":23,"e":"SIR BURGSTALLER, \nA MAN OF MUCH WEALTH,\nEYES BURNING GOLD,\nHOLDING THE KEY TO ALL \nUNDER BLACK WINGS.","s":[{"p":[0,0,0],"r":[0,0,0],"s":[0.004924441,0.004924438,0.00492444],"c":[0.8888889,0.7760141,0.09876537]}]}]}