{"n":"thing","a":[7,18],"p":[{"s":[{"p":[0,0,0],"r":[0,0,0],"s":[0.08303259,0.03010204,0.04367802],"c":[1,1,1],"b":["when touched then tell any partypop"]}]}]}