{"n":"thing","a":[7],"p":[{"b":22,"e":"974 ILE DE LA REUNION","s":[{"p":[0,0,0],"r":[0,0,0],"s":[0.01271657,0.01271692,0.01271658],"c":[0,0,0],"b":["when starts then become 2 in 2s"]},{"p":[0,0,0],"r":[0,0,0],"s":[0.01271657,0.01271692,0.01271658],"c":[1,0,0],"b":["when starts then become 1 in 2s"]}]}]}