{"n":"thing","p":[{"b":9,"t":1,"s":[{"p":[0,0,0],"r":[0,0,0],"s":[0.1561473,0.04706758,0.0441388],"c":[0.6666667,0,0]}]},{"b":5,"t":1,"s":[{"p":[0.1259692,-0.0008830838,0.003833979],"r":[359.919,87.80698,65.03992],"s":[0.0359241,0.03264882,0.07335821],"c":[0.222222,0.3999997,1]}]},{"b":13,"t":1,"s":[{"p":[-0.1004484,0.003904749,-0.00510738],"r":[0.1141667,87.46239,87.43381],"s":[0.03175611,0.02859447,0.03670909],"c":[0.222222,0.3999997,1]}]}]}