{"n":"bullit","a":[2,15],"p":[{"b":4,"t":3,"a":[5],"s":[{"p":[0,0,0],"r":[0,0,0],"s":[0.005,0.005,0.02827285],"c":[0.8888889,0,0],"b":["when hitting target then become 2 in 1s"]},{"p":[0,0,0],"r":[0,0,0],"s":[0.005,0.005,0.02827285],"c":[1,0,0.1714283],"b":["when starts then become 3 in 2s"]},{"p":[0,0,0],"r":[0,0,0],"s":[0.005,0.005,0.02827285],"c":[1,0,0.1714283],"b":["when starts then destroy all parts"]}]}]}