{"n":"bluedes","a":[2,16],"p":[{"b":9,"t":3,"s":[{"p":[0.00454439,0.00113573,-0.002306639],"r":[344.8936,358.0967,4.714381],"s":[0.02018116,0.0205239,0.01957827],"c":[0.2222221,0.9333332,1],"b":["when told by any vanish then destroy all parts"]}]},{"b":14,"t":8,"a":[12],"s":[{"p":[-0.009381861,0.0001901593,-0.00407156],"r":[355.4489,89.32792,344.8447],"s":[0.005000265,0.005000228,0.2121272],"c":[0.2222221,0.9333332,1]}]},{"b":14,"t":8,"a":[12],"s":[{"p":[0.006453196,-0.006326067,-0.002162934],"r":[285.8085,195.6561,253.0661],"s":[0.005000796,0.005000691,0.2121378],"c":[0.2222221,0.9333332,1]}]},{"b":14,"t":8,"a":[12],"s":[{"p":[0.006096911,-0.005357577,-0.02664647],"r":[344.8936,358.0967,4.714366],"s":[0.005000447,0.005000192,0.2121288],"c":[0.2222221,0.9333332,1]}]}]}