{"n":"entrance1 trans","a":[5,7,12,18],"p":[{"b":5,"s":[{"p":[0,0,0],"r":[0,0,0],"s":[0.5890946,0.5890702,0.1132887],"c":[0,0,0],"b":["when walked into then become next in 1s"]},{"p":[0,0,0],"r":[0,0,0],"s":[0.5890946,0.5890702,0.1132887],"c":[0,0,0],"b":["when starts then send nearby onto entrance1, become 1"]}]}]}