{"n":"thing","a":[7],"p":[{"s":[{"p":[0,0,0],"r":[0,0,0],"s":[0.9517561,0.1888781,2.413807],"c":[0.4444436,0.4444436,0.4444436]}]}]}