{"n":"thing","p":[{"b":20,"e":"MAN THAT WAS\nA NICE NIGHT","s":[{"p":[0,0,0],"r":[0,0,0],"s":[0.003000003,0.003,0.003000002],"c":[0,1,1]}]}]}