{"n":"thing","p":[{"s":[{"p":[-0.1328879,-0.02315497,2.487662],"r":[0.8393482,359.0685,359.8419],"s":[0.9569551,0.1751219,1.066704],"c":[0.111111,0.111111,0.111111]}]},{"s":[{"p":[-0.07894164,0.003133014,-0.001256566],"r":[0.2962509,359.5623,358.7182],"s":[0.9568381,0.1751093,1.066632],"c":[0.111111,0.111111,0.111111]}]}]}