{"n":"thing","a":[7,18],"p":[{"s":[{"p":[0,0,0],"r":[0,0,0],"s":[4.974904,0.254875,3.308454],"c":[1,1,1]}]}]}