{"n":"thing","a":[7,18],"p":[{"s":[{"p":[0,0,0],"r":[0,0,0],"s":[2.951187,8.654936,0.1750585],"c":[0.4444436,0.4444436,0.4444436]}]}]}