{"n":"bottle","p":[{"b":10,"t":7,"s":[{"p":[0.06819804,0.1036539,-0.1304065],"r":[18.64865,10.93351,23.12229],"s":[0.07255089,0.06599975,0.07630929],"c":[0.5555556,0.8095238,1]}]},{"b":5,"t":7,"s":[{"p":[0.02192644,0.05777515,-0.05679266],"r":[26.26212,329.5131,31.63639],"s":[0.0245126,0.02034137,0.1250003],"c":[0.5555556,0.8095238,1]}]},{"b":10,"t":7,"s":[{"p":[-0.001943029,0.03468759,-0.01613106],"r":[26.62713,327.1995,13.96298],"s":[0.04190676,0.04094087,0.006157377],"c":[0.5555556,0.8095238,1]}]}]}