{"n":"thing","a":[7],"p":[{"b":16,"s":[{"p":[0,0,0],"r":[0,0,0],"s":[14.9236,0.2219777,5.077936],"c":[1,1,1]}]}]}