{"n":"thing","a":[7,18],"p":[{"t":1,"s":[{"p":[0,0,0],"r":[0,0,0],"s":[0.015247,0.05748628,0.03129728],"c":[0.8888889,0.8888889,0.8888889]}]},{"t":1,"s":[{"p":[0.6002541,-1.073338E-07,0],"r":[0,0,0],"s":[0.01524959,0.05749858,0.03130208],"c":[0.8888889,0.8888889,0.8888889]}]},{"b":5,"t":1,"s":[{"p":[0.2881136,0.01617045,0],"r":[-1.792843E-07,90.00001,1.792843E-07],"s":[0.005001598,0.005001139,0.7439097],"c":[0.8888889,0.8888889,0.8888889]}]},{"b":12,"s":[{"p":[0.3033667,0.007551193,-0.2243683],"r":[8.49675E-06,270,180],"s":[0.1243334,0.05922547,0.1316809],"c":[0.3950616,0.5079362,0.8888889]}]}]}