{"n":"thing","a":[7],"p":[{"b":14,"t":1,"s":[{"p":[0,0,0],"r":[0,0,0],"s":[0.05605432,0.04375615,0.1776228],"c":[0.3333332,0.3333332,0.3333332]}]},{"b":4,"t":3,"s":[{"p":[0.006898879,-0.01143742,0.4819999],"r":[0,180,180],"s":[0.1250264,0.1249973,0.1250242],"c":[0.8888889,0.8888889,0.8888889]}]}]}