{"n":"thing","a":[12],"p":[{"b":5,"t":7,"a":[5],"s":[{"p":[0,0,0],"r":[0,0,1.707547E-06],"s":[0.005,0.005,0.05398827],"c":[1,0.8571429,0],"b":["when starts then become 2 in 0.2s"]},{"p":[0,0,0],"r":[0,0,1.707547E-06],"s":[0.1150993,0.1183034,0.05398827],"c":[1,0.8571429,0],"b":["when starts then become 3 in 0.2s"]},{"p":[0,0,0],"r":[0,0,1.707547E-06],"s":[0.005,0.005,0.05398827],"c":[1,0.8571429,0],"b":["when starts then destroy all parts"]}]}]}