{"n":"park","a":[7],"p":[{"b":5,"t":2,"s":[{"p":[0,0,0],"r":[0,0,0],"s":[0.3241088,0.3823393,0.0494127],"c":[0,1,0.9142858]}]}]}