{"n":"thing","a":[7,18],"p":[{"t":8,"a":[12],"s":[{"p":[-0.03710842,8.590263,-10.42212],"r":[270,90.00002,0],"s":[11.83576,0.8004781,6.375807],"c":[1,1,1]}]},{"t":8,"a":[12],"s":[{"p":[-1.136868E-13,-9.536743E-07,-10.9323],"r":[0,0,-1.024528E-05],"s":[0.1677837,50.01347,11.52609],"c":[1,0,0.1714282]}]},{"t":8,"a":[12],"s":[{"p":[-0.06985474,0,-10.9323],"r":[0,0,-1.024528E-05],"s":[0.167788,50.01447,11.5264],"c":[1,0,0.1714282]}]}]}