{"n":"thing","a":[1,2],"p":[{"b":16,"s":[{"p":[0,0,0],"r":[0,0,0],"s":[0.125,0.1249999,0.125],"c":[0.4444443,0.7619047,1],"b":["when touched then propel forward with 10"]}]}]}