{"n":"lamp","a":[1,2],"p":[{"b":16,"t":1,"s":[{"p":[1.481984,0.04273009,-0.4192911],"r":[326.7961,118.582,136.6346],"s":[0.1944603,0.1757323,0.2005844],"c":[0.8663139,0.8888889,0.09876537]}]},{"b":3,"t":3,"s":[{"p":[2.51031,-0.8919396,0.2664894],"r":[324.9327,1.232432,221.9955],"s":[0.1392329,0.1282343,0.1167419],"c":[0.9714286,1,0]}]},{"b":7,"s":[{"p":[2.605641,-1.017879,0.3409017],"r":[37.46605,58.68677,133.6259],"s":[0.3218565,0.3279694,0.349132],"c":[1,0,0]}]},{"b":5,"t":1,"s":[{"p":[1.988669,-0.4189951,-0.08573532],"r":[37.46605,58.68677,133.6259],"s":[0.03476951,0.03507914,1.746406],"c":[0.8663139,0.8888889,0.09876537]}]}]}