{"n":"thing","a":[7],"p":[{"s":[{"p":[-0.41275,0.01867522,0.01624781],"r":[0,0,-1.001791E-05],"s":[0.6822273,0.02474371,7.280924],"c":[1,1,1]}]},{"b":13,"s":[{"p":[-0.2893191,-0.4845669,8.048679],"r":[2.003583E-05,90,0],"s":[2.957987,0.350819,2.815272],"c":[1,1,1]}]}]}