{"n":"san marcos","a":[21],"p":[{"b":17,"t":1,"s":[{"p":[0.02466919,-0.03729936,0.3873799],"r":[5.631933,359.4483,7.663894],"s":[0.18395,0.312266,0.07646404],"c":[0.4388006,0.4444444,0.2469135]}]},{"b":9,"t":3,"s":[{"p":[0.05997365,0.1383205,0.4303926],"r":[344.4221,27.72937,327.6443],"s":[0.3462632,0.106192,0.1593003],"c":[0.1100528,0.111111,0.07407401]}]},{"b":9,"t":1,"s":[{"p":[-0.05305712,-0.04469705,0.4289542],"r":[349.3829,21.25629,318.0544],"s":[0.1593,0.334617,0.1593001],"c":[0.2201057,0.2222221,0.1481481]}]},{"b":9,"t":1,"s":[{"p":[0.01849019,-0.1095965,0.4278308],"r":[9.910674,337.0505,41.35394],"s":[0.2238718,0.4282152,0.08839158],"c":[0.3291005,0.3333333,0.1851851]}]}]}