{"n":"le","p":[{"t":2,"s":[{"p":[0,0,0],"r":[0,0,-1.067217E-07],"s":[0.03064801,0.03450124,0.03045308],"c":[0,1,0.05714282],"b":["when told by nearby vanish1 then destroy all parts"]}]}]}