{"n":"thing","a":[8],"p":[{"t":5,"s":[{"p":[0,0,0],"r":[0,0,0],"s":[0.09926967,0.113622,0.06387],"c":[1,1,1]}]}]}