{"n":"thing","a":[2,13],"p":[{"b":12,"s":[{"p":[0,0,0],"r":[0,0,0],"s":[0.04320377,0.02750124,0.0390369],"c":[0.9777778,1,0.2222221]}]},{"b":5,"s":[{"p":[1.164153E-10,-0.001217842,-0.5373999],"r":[0,180,180],"s":[0.006431027,0.006949391,1.219082],"c":[0.4444443,0.3047618,0]}]},{"b":13,"s":[{"p":[1.164153E-10,-0.00131321,-0.07857485],"r":[0,180,180],"s":[0.06000429,0.01101381,0.01511381],"c":[0.4444443,0.3047618,0]}]}]}