{"n":"boule","p":[{"b":3,"t":6,"s":[{"p":[0,0,0],"r":[0,0,-8.537735E-07],"s":[0.008856803,0.005,0.01014903],"c":[0,0.9142855,1]}]},{"b":3,"t":6,"s":[{"p":[0.005417909,-0.000210288,-0.02967402],"r":[358.199,1.486883,5.408176],"s":[0.02740026,0.01319409,0.03052441],"c":[1,0,0.1714283]}]},{"b":3,"t":6,"s":[{"p":[-0.01251385,0.007286008,0.03565115],"r":[303.5821,95.15524,265.1427],"s":[0.00500003,0.01225817,0.007629199],"c":[1,0,0.1714283]}]},{"b":3,"t":6,"s":[{"p":[-0.0240563,0.01203359,0.07254311],"r":[352.789,350.4408,354.5178],"s":[0.03625416,0.005000012,0.01014904],"c":[0,0.9142855,1]}]}]}