{"n":"8 beach","a":[7,18],"p":[{"s":[{"p":[-0.4892713,-0.2835085,0.07048279],"r":[0,270,270],"s":[0.1643789,0.1750377,1.171668],"c":[0.3386242,0.6666667,0.2962962]}]},{"s":[{"p":[-0.4876691,-0.1949351,0.07048291],"r":[-3.415095E-06,270,270],"s":[0.01482714,0.1750399,1.169486],"c":[1,0.7904761,0.3333332]}]},{"b":11,"s":[{"p":[-0.4875661,-0.00239225,-2.307352E-07],"r":[0,0,-5.008957E-06],"s":[0.5839543,0.3554998,0.125087],"c":[0.6666667,0.5502645,0.2962961]}]},{"s":[{"p":[-0.4892713,-0.3740819,0.07048321],"r":[1.707547E-06,270,270],"s":[0.01882393,0.1750398,1.171956],"c":[0.4444443,0.4444443,0.4444443]}]}]}