{"n":"thing","p":[{"b":17,"t":7,"s":[{"p":[-0.00911211,0.009092253,-0.03589341],"r":[355.8388,354.2791,23.49204],"s":[0.005000006,0.005000005,0.05854067],"c":[1,0.1714285,0]}]},{"b":14,"t":7,"s":[{"p":[-0.008586619,0.006895249,-0.0317747],"r":[353.9256,352.769,8.50491],"s":[0.04715753,0.04413724,0.0440991],"c":[0,0.05714257,1]}]}]}