{"n":"thing","a":[7,18],"p":[{"b":16,"t":1,"s":[{"p":[5.960464E-08,0,0.1331379],"r":[90,-1.931869E-05,0],"s":[0.0309544,0.02250559,0.03250043],"c":[0.111111,0.100529,0.03703704]}]},{"b":16,"t":3,"s":[{"p":[0.001972854,-0.002565861,0.1329415],"r":[270,1.466831E-05,0],"s":[0.01471326,0.04422228,0.01707108],"c":[1,1,1]}]},{"b":3,"t":7,"s":[{"p":[-0.0005664828,-0.002565861,0.1053069],"r":[0,0,0],"s":[0.04830766,0.04928679,0.07002195],"c":[0.7777778,0.7777778,0.7777778],"b":["when starts then play sliding wooden door","when starts then play crystal"]}]}]}