{"n":"thing","a":[7,18],"p":[{"s":[{"p":[0,0,0],"r":[0,0,0],"s":[0.1750662,3.324922,0.2144461],"c":[0,0,0]}]}]}