{"n":"dripdripdrip","a":[8],"p":[{"t":6,"s":[{"p":[0,0,0],"r":[0,0,0],"s":[0.0630589,0.06349002,0.1849571],"c":[0.2857141,1,0]}]}]}