{"n":"thing","a":[7,18],"p":[{"s":[{"p":[0,0,0],"r":[0,0,0],"s":[1.583498,1.456343,0.5454904],"c":[0,0,0]}]}]}