{"n":"thing","p":[{"b":16,"t":3,"s":[{"p":[0,0,0],"r":[0,0,0],"s":[0.02217562,0.02015246,0.02469712],"c":[1,1,1]}]}]}