{"n":"thing","a":[7,18],"p":[{"s":[{"p":[0,0,0],"r":[0,0,0],"s":[0.005001424,0.08176882,0.1809405],"c":[1,1,1]}]}]}