{"n":"thing","p":[{"b":14,"s":[{"p":[0,0,0],"r":[0,0,2.134434E-07],"s":[0.06000001,0.06000002,0.06000004],"c":[1,1,1]}]},{"b":9,"s":[{"p":[0.003793479,0.04986966,0.1501576],"r":[2.941208,185.5441,63.58126],"s":[0.03495548,0.03418435,0.04996991],"c":[1,1,1]}]},{"b":9,"s":[{"p":[0.008774307,-0.04620388,0.1558348],"r":[6.224997,190.2119,62.97738],"s":[0.03495543,0.03418432,0.04996987],"c":[1,1,1]}]}]}