{"n":"thing","a":[7],"p":[{"b":12,"s":[{"p":[0.1188284,0.3375294,0.008436252],"r":[0,0,0],"s":[11.99124,0.005,3.595071],"c":[1,1,1]}]},{"b":12,"s":[{"p":[0.07862618,0.219227,0.05721179],"r":[0,0,0],"s":[11.26451,0.06009796,3.595549],"c":[0.5555556,0.5555556,0.5555556]}]}]}