{"n":"thing","a":[7,18],"p":[{"b":12,"s":[{"p":[0,0,0],"r":[0,0,0],"s":[0.2142732,0.04571163,0.9678963],"c":[0.4444443,0.3809522,0]}]}]}