{"n":"thing","p":[{"b":9,"s":[{"p":[0,0,0],"r":[0,0,-1.707547E-06],"s":[0.06668669,0.04418653,0.04720871],"c":[1,1,1]}]}]}