{"n":"thing","a":[7,18],"p":[{"b":16,"s":[{"p":[-7.792562E-08,-0.4456825,0],"r":[0,0,0],"s":[0.1250062,0.125001,0.1250057],"c":[1,1,1]}]},{"b":16,"s":[{"p":[-0.02132884,0.4997724,0.0367508],"r":[0,180,180],"s":[0.3964604,0.125077,0.3675071],"c":[1,1,1]}]},{"b":8,"t":5,"s":[{"p":[0.01172353,0.02706563,0.03675079],"r":[270,90,0],"s":[0.1250057,0.1250096,0.1250118],"c":[0.9714286,1,0]}]}]}