{"n":"thing","a":[7,18],"p":[{"s":[{"p":[0,0,0],"r":[0,0,0],"s":[22.28867,0.1750251,0.2667256],"c":[0,0,0]}]},{"s":[{"p":[10.32879,-6.291357,0.005423546],"r":[5.99227E-06,270,-1.162598E-06],"s":[0.2498646,22.36001,0.1750258],"c":[0,0,0]}]}]}