{"n":"sticky bullet","a":[2,14,16],"p":[{"b":3,"t":1,"a":[3],"s":[{"p":[0,0,0],"r":[0,0,0],"s":[0.01626819,0.01626821,0.01626816],"c":[0.3245148,0.09876537,0.8888889]}]}]}