{"n":"thing","p":[{"s":[{"p":[0,0,0],"r":[0,0,0],"s":[0.06398346,0.07660806,0.09500565],"c":[0.3333332,0.8285711,1]}]},{"s":[{"p":[0.0004129793,-0.004710939,0.0913106],"r":[4.450219,1.351312,359.2387],"s":[0.06398482,0.07660842,0.09500764],"c":[1,0.8603175,0.5555556]}]}]}