{"n":"wab","a":[1,2,7,18],"p":[{"s":[{"p":[0.004905642,0.2853626,-0.00234127],"r":[1.526666E-13,-1.024528E-05,1.707547E-06],"s":[0.02289896,0.03229855,0.9584724],"c":[0,0,0]}]},{"s":[{"p":[0.00530082,0.1045409,0.4598722],"r":[270,2.683762E-06,0],"s":[0.02291077,0.03232165,0.3792043],"c":[0.647619,0.6666667,0]}]},{"s":[{"p":[0.00607717,-0.06743157,0.2957535],"r":[0,0,0],"s":[0.02290975,0.03231689,0.3558711],"c":[1,1,1]}]}]}