{"n":"ray blast medium","a":[15],"p":[{"b":14,"t":3,"s":[{"p":[0.0007018298,0.001796504,0.09894337],"r":[0.7806786,358.2944,15.1746],"s":[0.01841848,0.01826219,0.0225252],"c":[0,1,1]}]},{"b":17,"t":7,"s":[{"p":[0.0003246907,0.001041808,0.09668263],"r":[67.74509,89.70792,90.49576],"s":[0.01808974,0.05263595,0.01816471],"c":[0,1,1]}]}]}