{"n":"thing","p":[{"s":[{"p":[0,0,0],"r":[0,0,0],"s":[0.1750001,0.175,0.175],"c":[0.5555556,0.2716048,0.1234567]}]}]}