{"n":"thing","p":[{"b":3,"t":3,"s":[{"p":[0,0,0],"r":[0,0,0],"s":[0.005000003,0.005000006,0.04131313],"c":[0.9714286,1,0]}]},{"b":3,"t":3,"s":[{"p":[0.0009147868,0.001329115,-0.01824359],"r":[1.161181,359.4317,1.46118],"s":[0.006680732,0.005000007,0.04131313],"c":[1,0.7206349,0.111111]}]},{"b":5,"s":[{"p":[0.003479958,0.003886141,-0.1098945],"r":[1.517112,358.9712,4.036103],"s":[0.0103598,0.00894784,0.1250003],"c":[1,1,1]}]}]}