{"n":"lazer","a":[2,15],"p":[{"b":14,"t":2,"s":[{"p":[0,0,0],"r":[0,0,0],"s":[0.005000003,0.005000003,0.03174408],"c":[0,1,0.05714279]}]}]}