{"n":"thing","a":[7,18],"p":[{"s":[{"p":[-0.001220699,0.03180885,0],"r":[0,0,-1.024528E-05],"s":[0.3531798,0.006073087,0.1746439],"c":[0,0,0]}]},{"s":[{"p":[-0.002288816,0.02279091,0],"r":[0,0,-1.024528E-05],"s":[0.3976402,0.01429867,0.2017064],"c":[0.4444444,0.4444444,0.4444444]}]},{"s":[{"p":[0.1834717,0.03155515,-0.08600628],"r":[0,0,-1.024528E-05],"s":[0.005000088,0.00500008,0.005000089],"c":[1,1,1]}]}]}