{"n":"genny","a":[7,18],"p":[{"s":[{"p":[0,0,0],"r":[0,0,0],"s":[0.8571342,0.499056,0.4149128],"c":[0.9714286,1,0]}]}]}