{"n":"bubble shield","p":[{"b":3,"t":7,"a":[3,5],"s":[{"p":[0.06461803,0.1670769,0.2439805],"r":[332.4716,4.386845,20.97462],"s":[0.005,0.005000003,0.005000004],"c":[0,0.3301583,0.4444442],"b":["when touches hand then become next in 0.5s, play energetic power up"]},{"p":[0.1435142,0.2106596,-0.02210209],"r":[329.3412,59.87034,0.4480264],"s":[0.9718634,0.9718634,0.9718634],"c":[0,0.3301581,0.4444439]}]}]}