{"n":"light","p":[{"b":5,"t":3,"s":[{"p":[0.005113764,0.06403714,0.0002522692],"r":[271.9982,158.3333,196.817],"s":[0.05207491,0.04864143,0.125001],"c":[0.3333333,0.3333333,0.3333333]}]},{"b":9,"t":3,"s":[{"p":[0.004044455,0.09022178,-0.001419276],"r":[77.52067,273.2434,197.9981],"s":[0.0544409,0.0605831,0.07533211],"c":[0.9714286,1,0]}]}]}