{"n":"wiz hat","a":[2,21],"p":[{"b":4,"s":[{"p":[-0.003246343,-0.001020089,0.1472707],"r":[1.862278,2.668741,340.6664],"s":[0.1191124,0.1191128,0.1651756],"c":[0.4024692,0.08641969,0.7777778]}]},{"b":4,"s":[{"p":[-0.004964639,0.002796143,0.2777317],"r":[353.0186,2.548208,354.4016],"s":[0.04379911,0.0288445,0.1231147],"c":[0.4024692,0.08641969,0.7777778]}]},{"b":4,"s":[{"p":[-0.004766552,0.002538661,0.00213259],"r":[0.02155093,359.7612,359.732],"s":[0.1958863,0.1870958,0.02459961],"c":[0.4024692,0.08641969,0.7777778]}]}]}