{"n":"thing","p":[{"s":[{"p":[0,0,0],"r":[0,0,-2.134434E-07],"s":[0.1750002,0.1750001,0.1750001],"c":[1,1,1]}]},{"s":[{"p":[-0.1733759,0.1447697,-0.08297939],"r":[359.5892,329.7767,350.136],"s":[0.175,0.175,0.175],"c":[1,1,1]}]},{"b":18,"e":"WELCOME","s":[{"p":[0.09458935,1.68662,-0.6835844],"r":[354.4775,326.6206,351.1026],"s":[0.003000001,0.003000001,0.003],"c":[1,1,1]}]}]}