{"n":"thing","p":[{"b":2,"s":[{"p":[0,0,0],"r":[0,0,0],"s":[0.125,0.1250001,0.125],"c":[1,0.1714284,0]}]},{"b":5,"s":[{"p":[0.01030101,-0.002070576,-0.07159837],"r":[359.2881,179.1256,326.2846],"s":[0.1250001,0.1250001,0.1250001],"c":[1,0.1714284,0]}]},{"b":14,"s":[{"p":[-0.00635904,-0.002098352,0.2870062],"r":[359.1011,177.7422,340.6135],"s":[0.06000013,0.06000006,0.06000009],"c":[1,0.1714284,0]}]},{"b":14,"s":[{"p":[-0.01006064,0.0268507,0.6448157],"r":[8.755147,178.4104,342.8866],"s":[0.06000002,0.06000002,0.06000002],"c":[1,0.1714284,0]}]}]}