{"n":"soda","a":[1,2],"p":[{"b":5,"s":[{"p":[0,0,0],"r":[0,0,0],"s":[0.04405838,0.03358535,0.1250002],"c":[0.4571426,1,0]}]}]}