{"n":"thing","p":[{"b":23,"a":[3,5],"e":"7","s":[{"p":[0,0,0],"r":[0,0,0],"s":[0.01140548,0.01140549,0.01140549],"c":[0,1,0.9142858]},{"p":[0.001683353,0.0579331,-0.04846406],"r":[349.7421,10.99919,352.6327],"s":[0.0114055,0.01140552,0.01140551],"c":[0,1,0.9142858],"b":["when starts then "]},{"p":[0.001683353,0.0579331,-0.04846406],"r":[349.7421,10.99919,352.6327],"s":[0.01088861,0.01088862,0.01088862],"c":[0,1,0.9142858],"b":["when starts then "]},{"p":[0.001683353,0.0579331,-0.04846406],"r":[349.7421,10.99919,352.6327],"s":[0.0114055,0.01140552,0.01140551],"c":[0,1,0.9142858]}]}]}