{"n":"thing","a":[22],"p":[{"s":[{"p":[0,0,0],"r":[0,0,0],"s":[0.4660993,0.5317138,1.237894],"c":[0.04938264,0.08465596,0.111111]}]}]}