{"n":"thing","a":[2,7,15],"p":[{"b":5,"t":2,"s":[{"p":[0,0,0],"r":[0,0,0],"s":[0.005000053,0.005000131,0.1828409],"c":[1,0,0.1714283]}]}]}