{"n":"thing","a":[7],"p":[{"b":17,"s":[{"p":[0,0,0],"r":[0,0,0],"s":[0.4616579,16.30484,8.725482],"c":[0.05079362,0,0.111111]}]}]}