{"n":"thing","p":[{"b":20,"e":"HEY GOOD LOOKIN' ","s":[{"p":[0,0,0],"r":[0,0,8.537737E-07],"s":[0.009418957,0.009418956,0.00941896],"c":[0.111111,0.3142855,1]}]}]}