{"n":"thing","p":[{"b":5,"s":[{"p":[-0.02008998,-0.1727127,-0.1299604],"r":[308.8907,4.980496,335.2954],"s":[0.0491994,0.04312286,0.07023866],"c":[0,0,0]}]},{"s":[{"p":[-0.01047674,-0.1509845,-0.1055384],"r":[37.85824,340.1213,343.5477],"s":[0.2017563,0.009570867,0.193039],"c":[0,0,0]}]},{"b":17,"s":[{"p":[0.0879142,-0.1518491,-0.1901641],"r":[313.4216,6.5183,8.84117],"s":[0.005,0.005000001,0.03509099],"c":[1,0,0.1714283]}]}]}