{"n":"thing","p":[{"t":1,"a":[1],"s":[{"p":[0,0,0],"r":[0,0,0],"s":[0.9204027,0.05953778,0.8350055],"c":[0,0,0]}]}]}