{"n":"thing","a":[7,13],"p":[{"s":[{"p":[-2.869487,-0.892419,-0.03605062],"r":[0,0,1.001791E-05],"s":[2.088015,0.354122,1.021394],"c":[0,0,0]}]},{"s":[{"p":[-1.521124,-0.8946735,-0.1298766],"r":[90,90.00001,0],"s":[1.20628,0.6194181,0.355469],"c":[0,0,0]}]},{"s":[{"p":[-1.027711,-0.03670073,-0.03803856],"r":[0,0,90.00001],"s":[2.088006,0.3919636,1.02162],"c":[0,0,0]}]}]}