{"n":"pee stain","a":[7,18],"p":[{"b":16,"s":[{"p":[0,-0.002783298,0],"r":[0,0,1.001791E-05],"s":[0.1250095,0.005,0.125009],"c":[1,0.9682539,0.7777778]}]},{"b":16,"s":[{"p":[-0.2326167,-0.002783298,-0.04831222],"r":[1.001791E-05,0,0],"s":[0.07011539,0.005000036,0.08127106],"c":[1,0.9682539,0.7777778]}]},{"b":16,"s":[{"p":[-0.1029285,0.003738165,-0.2440834],"r":[1.001791E-05,0,0],"s":[0.1464763,0.005,0.1553923],"c":[1,0.9682539,0.7777778]}]},{"b":16,"s":[{"p":[-0.0440494,-0.002783298,0.1351314],"r":[1.001791E-05,0,0],"s":[0.07012203,0.005000126,0.08127787],"c":[1,0.9682539,0.7777778]}]}]}