{"n":"hammer","a":[2,7,18],"p":[{"b":15,"s":[{"p":[-6.188768E-10,-0.007079124,-0.02013898],"r":[6.171555E-06,90,-1.162597E-06],"s":[0.02692765,0.02701039,0.1569287],"c":[0.2222221,0.2222221,0.2222221]}]},{"s":[{"p":[-0.001244068,-0.004412159,-0.09640361],"r":[0,90,0],"s":[0.1750307,0.03057006,0.03121062],"c":[0.8888889,0.8888889,0.8888889]}]},{"s":[{"p":[-0.0004580022,-0.003317818,-0.1756208],"r":[0,90,0],"s":[0.117706,0.04142066,0.04758368],"c":[0.3333333,0.1481481,0.1481481]}]}]}