{"n":"thing","p":[{"t":3,"s":[{"p":[0,0,0],"r":[0,0,0],"s":[0.1750003,0.1750002,0.1750003],"c":[0.9968254,1,0.8888889]}]}]}