{"n":"board","a":[7,18],"p":[{"s":[{"p":[0,0,0],"r":[0,0,0],"s":[0.9094603,0.04647144,0.6929635],"c":[1,0.8380952,0.6666666]}]}]}