{"n":"thing","a":[7,18],"p":[{"b":5,"s":[{"p":[0,0,0],"r":[0,0,0],"s":[0.1250023,0.1250031,0.1250041],"c":[1,1,1]}]},{"b":5,"s":[{"p":[0,0,0.5428896],"r":[0,0,-1.024528E-05],"s":[0.06472043,0.06818166,1.432291],"c":[1,1,1]}]}]}