{"n":"thing","a":[7,18],"p":[{"b":5,"s":[{"p":[0,0,0],"r":[0,0,0],"s":[0.011542,0.01331338,0.1250015],"c":[0.647619,0.6666667,0]}]},{"b":5,"t":1,"s":[{"p":[0,0,-0.09900868],"r":[0,0,0],"s":[0.005000016,0.005000004,0.1250056],"c":[0.6666667,0.6666667,0.6666667]}]},{"t":1,"s":[{"p":[0.0008583069,0,-0.1539891],"r":[0,0,270],"s":[0.01250432,0.005000656,0.01635876],"c":[0.6666667,0.6666667,0.6666667]}]}]}