{"n":"larm","a":[1,2,3],"p":[{"s":[{"p":[0,0,0],"r":[0,0,0],"s":[0.1209018,0.1134848,0.2963931],"c":[1,0,0.1714283],"b":["when touches hand then tell body su"]}]}]}