{"n":"jbl hat","a":[1,2,13,21],"p":[{"b":10,"s":[{"p":[-0.1373182,0.1059357,0.3429651],"r":[5.923572,355.9423,348.1753],"s":[0.2101943,0.2599132,0.01379641],"c":[1,1,1]}]},{"b":7,"s":[{"p":[-0.1378123,0.1216472,0.4135867],"r":[4.674733,356.3836,254.6404],"s":[0.1106173,0.1016097,0.158082],"c":[1,1,1]}]}]}