{"n":"thing","p":[{"s":[{"p":[0,0,0],"r":[0,0,6.692254E-08],"s":[1.610162,2.140752,0.175],"c":[1,1,1]}]}]}