{"n":"thing","p":[{"t":8,"a":[12],"s":[{"p":[0,0,0],"r":[0,0,0],"s":[0.1750016,0.1750024,0.1750018],"c":[0,0,0]}]}]}