{"n":"text","p":[{"b":18,"e":"RANDOM FOODS","s":[{"p":[0,0,0],"r":[0,0,0],"s":[0.003000007,0.003000001,0.003000005],"c":[0,0,0]}]}]}