{"n":"box","a":[2,16],"p":[{"s":[{"p":[0,0,0],"r":[0,0,0],"s":[0.4412638,0.1750001,0.1750003],"c":[0,0,0]}]},{"b":22,"e":"CENSORED","s":[{"p":[-0.1926281,0.09592977,0.09190997],"r":[88.3725,351.7935,340.6678],"s":[0.007323343,0.007323343,0.007323341],"c":[1,1,1]}]}]}