{"n":"thing","a":[7,18],"p":[{"b":18,"e":"FIRST EQUIPT THE HP SUPER ULTRA MEGA BAND","s":[{"p":[0,0,0],"r":[0,0,0],"s":[0.003088825,0.003088533,0.00308875],"c":[1,1,1]}]},{"b":18,"e":"BY OPENING THE \"ME\" TAB IN YOUR RING MENU\nAND DRAGGING IT ONTO YOUR FOREARM.","s":[{"p":[-2.384186E-07,-0.02929878,-2.084321E-14],"r":[0,0,1.001791E-05],"s":[0.00308897,0.003088549,0.003088911],"c":[1,1,1]}]},{"b":18,"e":"THEN GRAB YOUR SUPER ULTRA MEGA BLASTER.\nAND HIT THE WAVE BUTTON.","s":[{"p":[-3.576279E-07,-0.4681034,-3.126482E-14],"r":[0,0,0],"s":[0.003089387,0.003088559,0.00308934],"c":[1,1,1]}]}]}