{"n":"thing","a":[7],"p":[{"a":[2],"s":[{"p":[0,0,0],"r":[0,0,0],"s":[0.02550667,0.08283368,0.06023516],"c":[1,1,1],"b":["when touched then become 2 in 0.2s"]},{"p":[0.02417851,-0.001751069,0.004416466],"r":[1.001791E-05,-1.001791E-05,-8.757936E-13],"s":[0.01622715,0.06089493,0.04690223],"c":[1,0.1714284,0],"b":["when starts then become 1 in 0.2s"]}]},{"b":23,"e":"TITANTRON VIDEO","s":[{"p":[-0.0002224371,0.08083845,-0.04331017],"r":[0,270,270],"s":[0.002999821,0.003000725,0.003000799],"c":[1,1,1]}]}]}