{"n":"kick me note","a":[2,12,16],"p":[{"s":[{"p":[0,0,0],"r":[0,0,0],"s":[0.1554024,0.175,0.005],"c":[1,1,1]}]},{"t":7,"s":[{"p":[0.001949646,0.09347735,-0.003224375],"r":[359.421,1.018573,2.282631],"s":[0.03281572,0.06713923,0.005000007],"c":[0.8776014,0.8888889,0.4938272]}]},{"b":20,"e":"KICK\n ME","s":[{"p":[-0.04398048,0.0338682,-0.005195994],"r":[359.4906,0.1835197,3.504078],"s":[0.005664919,0.005664908,0.00566492],"c":[0,0,0]}]}]}