{"n":"thing","a":[7,18],"p":[{"b":11,"s":[{"p":[0,0,0],"r":[0,0,0],"s":[0.5804374,1.980666,2.128414],"c":[0.2222221,0.2222221,0.2222221]}]},{"b":11,"s":[{"p":[1.817942E-06,-1.907349E-06,-8.295105],"r":[0,180,0],"s":[0.5805957,1.9818,2.129765],"c":[0.2222221,0.2222221,0.2222221]}]},{"s":[{"p":[-0.1215899,1.060202,-4.14619],"r":[0,180,90],"s":[3.727873,1.404775,5.160983],"c":[0.2222221,0.2222221,0.2222221]}]},{"s":[{"p":[-0.1215898,-2.129507,-4.146189],"r":[0,180,90],"s":[2.668541,1.400294,11.53198],"c":[0.2222221,0.2222221,0.2222221]}]}]}