{"n":"thing","a":[1,7],"p":[{"s":[{"p":[0,0,0],"r":[0,0,0],"s":[50,50,0.158385],"c":[0,1,0.2285714]}]}]}