{"n":"atup","p":[{"b":14,"t":2,"s":[{"p":[-0.003555976,0.002832403,-0.002713209],"r":[4.445458,1.963084,0.4167077],"s":[0.03551354,0.02391071,0.0303835],"c":[0.8,1,0]}]},{"b":14,"t":7,"s":[{"p":[-0.0007999421,0.004183036,-0.003980461],"r":[4.576979,2.287943,1.19387],"s":[0.06000029,0.06000041,0.04664682],"c":[0,1,0.0571427]}]}]}