{"n":"baseball","a":[2],"p":[{"b":3,"s":[{"p":[0,0,0],"r":[0,0,-1.2273E-06],"s":[0.06497833,0.06514565,0.06450216],"c":[1,1,1]}]}]}