{"n":"destination","a":[7,18],"p":[{"s":[{"p":[0.06594276,-1.179149E-08,0],"r":[0,0,-8.537737E-06],"s":[1.639222,0.03307154,0.8305426],"c":[0.3333333,0.3333333,0.3333333]}]},{"s":[{"p":[0.07085419,0.002456652,-0.004803181],"r":[0,0,0],"s":[1.686519,0.01698668,0.8949453],"c":[0,0,0]}]}]}