{"n":"lvl4key","a":[21],"p":[{"b":9,"s":[{"p":[-0.01849546,0.01816887,-0.0415996],"r":[21.75646,23.96998,13.81756],"s":[0.01425302,0.00216754,0.01450287],"c":[0.8691358,0.8888889,0.1975307]}]},{"b":14,"s":[{"p":[0.006736891,0.02393405,-0.05095957],"r":[12.81586,288.7611,337.6581],"s":[0.009783049,0.002167583,0.008571253],"c":[0.8691358,0.8888889,0.1975307]}]},{"t":8,"a":[12],"s":[{"p":[0.01184208,0.02720147,-0.04571163],"r":[294.7164,4.782465,106.6581],"s":[0.1750005,0.1750005,0.1750004],"c":[1,1,1]}]}]}