{"n":"thing","a":[7,18],"p":[{"b":12,"s":[{"p":[0,0,0],"r":[0,0,0],"s":[4.111556,0.0533711,0.7542855],"c":[0.1724867,0.3333333,0.03703704]}]}]}