{"n":"thing","a":[7,18],"p":[{"b":12,"s":[{"p":[0,0,0],"r":[0,0,0],"s":[2.124777,0.1103415,0.5710766],"c":[0.111111,0.111111,0.111111]}]}]}