{"n":"light","a":[7,18],"p":[{"t":1,"s":[{"p":[0,0,0],"r":[0,0,0],"s":[1.034433,0.06342863,0.1471103],"c":[0,0,0]}]},{"t":2,"s":[{"p":[5.587935E-09,0.02586365,0],"r":[0,0,0],"s":[0.9628029,0.06343232,0.07959887],"c":[1,1,1]}]}]}