{"n":"thing","a":[22],"p":[{"s":[{"p":[0,0,0],"r":[0,0,0],"s":[6.616221,0.2852996,11.16146],"c":[0.3333332,0.3333332,0.3333332]}]}]}