{"n":"d1","a":[7,18],"p":[{"b":21,"e":"ON TIME\nON TIME\nON TIME\nDELAYED\nON TIME","s":[{"p":[0,0,0],"r":[0,0,0],"s":[0.009709323,0.009703458,0.009709092],"c":[0.9714286,1,0]}]}]}