{"n":"thing","p":[{"b":17,"s":[{"p":[-0.0984377,-0.07210225,-0.3453687],"r":[331.3314,2.007915,22.46419],"s":[0.08126929,0.1196527,0.07869862],"c":[0,0,0]}]},{"b":17,"s":[{"p":[0.01283743,-0.04598973,-0.03535419],"r":[357.2765,359.0884,359.6099],"s":[0.1663668,0.1196525,0.1375947],"c":[0,0,0]}]}]}