{"n":"thing","a":[22,18],"p":[{"t":1,"s":[{"p":[0.002592824,-4.656613E-10,0.01535943],"r":[-9.39151E-06,-8.537738E-07,2.134434E-06],"s":[0.02498078,0.04918694,0.05162946],"c":[0.8888889,0.8888889,0.8888889]}]},{"t":1,"s":[{"p":[0.005350664,9.313226E-10,-0.01246036],"r":[4.62059E-07,315,-1.115509E-06],"s":[0.0249845,0.04919878,0.02338707],"c":[0.8888889,0.8888889,0.8888889]}]},{"t":1,"s":[{"p":[0.02085385,3.72529E-09,-0.02247422],"r":[-4.711113E-07,292.5,2.368436E-06],"s":[0.02498733,0.04920626,0.03475945],"c":[0.8888889,0.8888889,0.8888889]}]}]}