{"n":"thing","a":[7,8,18],"p":[{"b":5,"t":7,"s":[{"p":[-0.0003865735,0.02493674,-0.003249787],"r":[88.04475,75.21881,76.02851],"s":[0.124863,0.1249953,0.005],"c":[1,0.952381,0.6666666]}]},{"b":5,"t":3,"s":[{"p":[-0.0003862381,-0.0001642699,-0.003249765],"r":[90,-1.001791E-05,0],"s":[0.1248649,0.1249956,0.004999961],"c":[1,0.952381,0.6666666]}]},{"b":5,"t":3,"s":[{"p":[-0.0003862307,0.0423007,-0.003249761],"r":[90,-2.003583E-05,0],"s":[0.1248655,0.1249954,0.004999952],"c":[1,0.952381,0.6666666]}]}]}