{"n":"thing","a":[7,18],"p":[{"s":[{"p":[0,0,0],"r":[0,0,0],"s":[1.137015,0.05688997,2.114739],"c":[0.2222221,0.1904761,0],"b":["when touched then become 2 in 2s"]},{"p":[0.5318163,-0.6294643,0.00963068],"r":[0,0,89.99999],"s":[1.15411,0.05697343,2.117377],"c":[0.222222,0.1904761,0],"b":["when touched then become 1 in 2s"]}]}]}