{"n":"thing","a":[7,18,21],"p":[{"b":14,"s":[{"p":[0.0001493692,-0.0001220713,0.005458474],"r":[90,-5.00896E-06,0],"s":[0.01025465,0.002112297,0.003589282],"c":[0,0,0],"b":["when touches lvl2key then tell any wave 2","when touches lvl2key then send nearby onto spawnpad"]}]},{"b":7,"t":1,"s":[{"p":[0,0,0],"r":[0,0,-3.828216E-20],"s":[0.02320262,0.02136067,0.01245752],"c":[1,1,1]}]}]}