{"n":"thing","a":[7,18],"p":[{"b":23,"e":"SELECT AREA                    TAKE TICKET","s":[{"p":[0,0,0],"r":[0,0,0],"s":[0.01136312,0.01136035,0.01136328],"c":[1,1,1]}]}]}