{"n":"thing","p":[{"b":14,"s":[{"p":[0,0,0],"r":[0,0,0],"s":[0.009144474,0.007412192,0.06000297],"c":[0.2469133,0.359788,0.4444442]}]},{"b":5,"s":[{"p":[1.74623E-10,0.0007581711,-0.2038148],"r":[0,0,0],"s":[0.008721833,0.007310039,0.1250183],"c":[0.222222,0.07619033,0]}]},{"s":[{"p":[1.74623E-10,0.0007581711,0.1592942],"r":[0,0,270],"s":[0.01922926,0.1203329,0.01565254],"c":[0.2469133,0.359788,0.4444442]}]},{"s":[{"p":[1.74623E-10,0.0007581711,0.2103066],"r":[0,0,270],"s":[0.01922914,0.120332,0.08919435],"c":[0,0.08253954,0.111111]}]}]}