{"n":"thing","a":[7,13],"p":[{"t":1,"s":[{"p":[0,0,0],"r":[0,0,0],"s":[50.00093,50.01335,0.1720169],"c":[0.3333333,0.3333333,0.3333333]}]}]}