{"n":"thing","p":[{"s":[{"p":[0,0,0],"r":[0,0,0],"s":[4.008626,0.005000015,0.005000031],"c":[0,0,0]}]}]}