{"n":"thing","p":[{"t":8,"a":[1,4,2,12],"s":[{"p":[0,0,0],"r":[0,0,0],"s":[1.091729,0.1750275,0.8466359],"c":[1,1,1]}]}]}