{"n":"thing","a":[7,18],"p":[{"s":[{"p":[-0.4502353,0,-1.231454E-06],"r":[1.001791E-05,6.157171E-14,1.001791E-05],"s":[1.927366,0.1318427,50.0385],"c":[0.8691358,0.8888889,0.7901235]}]},{"s":[{"p":[8.744171,0,0.01191168],"r":[0,0,1.001791E-05],"s":[2.902478,0.1313554,50.02145],"c":[0.8691358,0.8888889,0.7901235]}]}]}