{"n":"thing","a":[7,18],"p":[{"t":1,"s":[{"p":[0,0,0],"r":[0,0,0],"s":[2.840278,0.05385875,2.071762],"c":[0.7777778,0.9047619,1]}]}]}