{"n":"thing","a":[7,18],"p":[{"b":13,"s":[{"p":[0,0,0],"r":[0,0,0],"s":[0.08228635,0.04308049,0.01683013],"c":[0.886067,0.8888889,0.7901235]}]},{"b":13,"s":[{"p":[0.2726559,0.0005969522,-0.001513511],"r":[0,0,0],"s":[0.08242837,0.04307664,0.01682308],"c":[0.886067,0.8888889,0.7901235]}]},{"b":13,"s":[{"p":[0.1194974,-0.1466384,7.450581E-09],"r":[0,0,-1.001791E-05],"s":[0.08229162,0.04307982,0.01683072],"c":[0.886067,0.8888889,0.7901235]}]}]}