{"n":"thing","a":[7,18],"p":[{"t":1,"s":[{"p":[0,0,0],"r":[0,0,0],"s":[0.603411,0.05385875,1.024921],"c":[0.7777778,0.9047619,1]}]},{"t":1,"s":[{"p":[1.54972E-06,-1.907349E-06,-1.562422],"r":[0,0,0],"s":[0.6027006,0.0538685,1.026799],"c":[0.7777778,0.9047619,1]}]}]}