{"n":"thing","a":[2,6,12,16],"p":[{"b":9,"t":2,"s":[{"p":[0,0,0],"r":[0,0,4.268868E-07],"s":[0.01544751,0.01147383,0.02306363],"c":[0,0.2285712,1],"b":["when touched then become 2 in 1s"]},{"p":[0,0,0],"r":[0,0,4.268868E-07],"s":[0.9049067,0.8925392,1.079296],"c":[0,0.2285712,1]}]}]}