{"n":"thing","inc":[["thing","5876a6f1f1fac25a132e7e81"],["thing 2","5876a99a6a7c0bc414fb28dd"],["swarmer 2","5876c049c0d20177134fc1fc"],["swarmer 2 2","5876c14b4a02e6231090e177"],["bee","5876c1fa46ed08cf20dd3dbf"],["spider1","5878444dc7c59f69139fd18e"],["spiderkey2","58784cadf724907222fa74eb"],["bird1","5879d3eb8747317513da5faa"],["thing 3","5879d72fe8bfdd701394ff49"],["thing 4","587a612ce28b4d30147976d8"],["thing 5","587ac17173fcc2a825c51677"],["thing 6","587ac3bcbc18dfb4258a2914"],["swarmer2","587ac9cf52633bf813b98f18"],["spider1 2","587ad1feecc01a0d10138ad7"],["spider1 3","587ad36f73fcc2a825c51692"],["swarmer","587ac9652e00acff1313eab3"]],"p":[{"s":[{"p":[0,0,0],"r":[0,0,0],"s":[0.1750002,0.1750005,0.1750003],"c":[1,1,1],"b":["when starts then all parts face someone","when told by any spiderkey then emit spider1 3 with 2","when told by any bird1 then emit gravity-free thing 4 with 2","when told by any end then emit gravity-free thing 6 with 2","when told by any bug3 then emit gravity-free swarmer with .5"]}]}]}