{"n":"thing","a":[7,18],"p":[{"s":[{"p":[0,0,0],"r":[0,0,0],"s":[9.901837,15.42331,10.30811],"c":[0.4320987,0.5238094,0.5555556]}]}]}