{"n":"light1","a":[7,12,18],"inc":[["light","587b4bf5c9549788132c4259"]],"p":[{"t":3,"s":[{"p":[0,0,0],"r":[0,0,0],"s":[1.733493,0.1750366,0.01705304],"c":[0.7777778,1,1],"b":["when starts then become 2 in 3s"]},{"p":[0,0,0],"r":[0,0,0],"s":[1.741597,0.1750366,0.01328066],"c":[0.7777778,1,1],"b":["when starts then destroy all parts"]},{"p":[0,0,0],"r":[0,0,0],"s":[1.733493,0.1750366,0.1750517],"c":[0.5555556,0.5555556,0.5555556]},{"p":[0,0,0],"r":[0,0,0],"s":[1.741597,0.1750366,0.01328066],"c":[0.7777778,1,1]}]}]}