{"n":"thing","a":[7,18],"p":[{"s":[{"p":[-14.34271,12.69559,6.991848],"r":[-4.378969E-13,180,180],"s":[9.901958,15.42405,10.30944],"c":[0.4938272,0.5396826,0.5555556]}]},{"s":[{"p":[-1.573621E-06,3.817403,-1.239893E-06],"r":[1.001791E-05,-8.450078E-13,-7.387293E-20],"s":[9.905451,32.866,10.30977],"c":[0.5925926,0.647619,0.6666667]}]}]}