{"n":"thing","a":[7,18,21],"p":[{"b":18,"e":"TIME","s":[{"p":[0,0,0],"r":[0,0,0],"s":[0.1380965,0.1378657,0.1380775],"c":[1,1,1]}]}]}