{"n":"thing","a":[7,18],"p":[{"s":[{"p":[0,3.019225E-07,0.02230144],"r":[-1.001791E-05,0,1.001791E-05],"s":[4.673759,1.034402,0.09298646],"c":[0.3333333,0.3174602,0.222222]}]},{"s":[{"p":[-1.430511E-06,0.5197957,0.0279881],"r":[-1.001791E-05,0,0],"s":[4.679343,0.0323756,0.1250007],"c":[0.111111,0.09700162,0.01234568]}]},{"s":[{"p":[-1.907349E-06,1.277388,0.02230169],"r":[-6.157161E-14,1.001791E-05,1.001791E-05],"s":[4.662578,1.504126,0.09308868],"c":[0.6624339,0.6666667,0.5185186]}]}]}