{"n":"lower","a":[7],"p":[{"t":8,"a":[12],"s":[{"p":[0,0,0],"r":[0,0,0],"s":[1.323931,0.008735127,1.323329],"c":[1,1,1]}]}]}