{"n":"thing","a":[7],"p":[{"s":[{"p":[0,0,0],"r":[0,0,0],"s":[48.20222,0.1540358,17.91551],"c":[0.7777778,0.6691358,0.4320987]}]}]}