{"n":"thing","a":[7],"p":[{"b":12,"s":[{"p":[0,0,0],"r":[0,0,0],"s":[2.231055,0.2902567,0.5314658],"c":[0.7777778,0.7358024,0.691358]}]}]}