{"n":"thing","a":[7,18],"p":[{"b":12,"s":[{"p":[0,0,0],"r":[0,0,0],"s":[0.7399341,0.2499212,0.07173038],"c":[1,0.4444443,0.5396822]}]}]}