{"n":"thing","inc":[["s2","587661869696d96d13c673c1"],["middle","5876a1d95c5a7cdc1e175376"],["thing","5876a6f1f1fac25a132e7e81"],["3qguardian","5876800043aabd741320fd40"],["dragonfly2","5876479e10c4662015cf72da"],["spider1","5875c5eb815a110910443ac1"],["dragonfly2 2","5876c7542de158dc20f4aa66"],["walkingstick","5877168ba81a14db20eee954"],["walkingstick 2","58771a0d46ed08cf20dd3e06"],["walkingstick 3","58771aebba0fe26713797118"],["thing 2","5877f86ad3d90b0f1097f98a"],["thing 3","5878153ac4b1874514eeaafa"],["bird2","587a62ac4b2a656e13303212"],["dragonfly","58798104440bdb9e134f21ca"],["keyswarmer","587a67159ce641361458d5e8"],["spider1 2","58798b23e6f1d37322f9bccd"],["spider1 3","587a6924c2448e6813dd6ab4"],["3qguardian 2","587a7596c39fcc6513883c65"],["g4","587ac198fbde0d5713e84b42"],["g4 2","587ac43c11054fae25893360"],["swarmer2","587ac9cf52633bf813b98f18"]],"p":[{"s":[{"p":[0,0,0],"r":[-4.268868E-07,1.334021E-08,-2.134434E-07],"s":[0.1750001,0.1750003,0.1750003],"c":[1,1,1],"b":["when starts then all parts face someone","when told by any middle then emit gravity-free g4 2 with 2","when told by any key2 then emit gravity-free keyswarmer with .5","when told by any bug4 then emit gravity-free swarmer2 with .5"]}]}]}