{"n":"sign","a":[7,12,18],"p":[{"s":[{"p":[0,0,0],"r":[0,0,0],"s":[0.8528937,0.2839946,0.04500675],"c":[1,1,1]}]},{"s":[{"p":[-2.949592E-08,0.001752436,-3.06402E-10],"r":[-1.001791E-05,0,0],"s":[0.9300228,0.3367647,0.02983134],"c":[0,0,0]}]},{"b":18,"e":"[AREA NAME]","s":[{"p":[-0.3583533,0.05625218,-0.02863023],"r":[-1.001791E-05,8.757938E-13,-1.001791E-05],"s":[0.007477532,0.007472925,0.00747728],"c":[0,0,0]}]}]}