{"n":"thing","a":[2,15],"p":[{"b":5,"t":7,"s":[{"p":[0.002079487,0.001765963,0.03803164],"r":[0,0,90],"s":[0.01240674,0.01233252,0.04546714],"c":[0.7777778,0.7777778,0.7777778]}]},{"b":9,"t":7,"s":[{"p":[0,-3.72529E-09,0.02351517],"r":[0,0,0],"s":[0.01708197,0.01744453,0.005000113],"c":[0.7777778,0.7777778,0.7777778]}]},{"b":5,"t":1,"s":[{"p":[0.002079487,0.001765963,0.04058999],"r":[0,0,90.00001],"s":[0.009251842,0.009229767,0.04029575],"c":[0.7777778,0.5333333,0],"b":["when consumed then become 2 in 1s","when consumed then play slurping drink gulp"]},{"p":[0.002079487,0.001765963,0.02865416],"r":[0,0,90],"s":[0.009252208,0.009230127,0.005001138],"c":[0.7777778,0.5333333,0],"b":["when starts then become 1 in 3s"]}]}]}