{"n":"thing","a":[22],"p":[{"t":2,"s":[{"p":[0,0,0],"r":[0,0,0],"s":[0.3879331,0.4833531,0.00500393],"c":[0.8,1,0]}]},{"b":20,"e":"WATER BOTTLE FLIP CHALLENGE","s":[{"p":[-0.1902977,-0.1753145,0.02163598],"r":[1.536793E-05,112.5,90.00001],"s":[0.003001431,0.003000503,0.003002166],"c":[0,0,0]}]}]}