{"n":"thing","a":[22,13],"p":[{"s":[{"p":[-0.04109574,-0.02014542,0.01439155],"r":[0,0,-9.659347E-06],"s":[5.372292,0.2672932,3.937129],"c":[0,0,0]}]},{"s":[{"p":[3.342875,-0.8165199,0.01292729],"r":[0,0,135],"s":[2.4291,0.2759291,3.941085],"c":[0,0,0]}]},{"s":[{"p":[4.893137,-2.361703,1.491648],"r":[315,270,1.207418E-05],"s":[0.9954027,0.2768219,2.897209],"c":[0,0,0]}]},{"s":[{"p":[5.599484,-3.070046,0.07470822],"r":[0,0,315],"s":[0.9944722,0.2765691,3.814972],"c":[0,0,0]}]}]}