{"n":"thing","p":[{"b":20,"e":"SPECIAL THANKS TO NICOLAS CAGE","s":[{"p":[0,0,0],"r":[0,0,0],"s":[0.003000005,0.003000001,0.003000004],"c":[1,1,1]}]}]}