{"n":"thing","a":[7],"p":[{"s":[{"p":[0,0,0],"r":[0,0,0],"s":[1.541801,0.2672284,3.936236],"c":[0,0,0]}]}]}