{"n":"light","a":[7,18],"p":[{"s":[{"p":[0,0,0],"r":[0,0,0],"s":[0.08946635,0.1076084,0.2141465],"c":[1,1,1]}]},{"t":3,"s":[{"p":[0,-4.656613E-10,0.004570246],"r":[0,0,1.502687E-05],"s":[0.1506482,0.03488162,0.1284285],"c":[0.9873015,1,0.5555556]}]}]}