{"n":"ground","a":[1,7,18],"p":[{"b":17,"t":1,"s":[{"p":[0,0,0],"r":[0,0,-7.656432E-20],"s":[5.193339,0.1106226,28.71039],"c":[0.5555556,0.5555556,0.5555556]}]}]}