{"n":"thing","a":[1,22,18],"p":[{"s":[{"p":[0,0,0],"r":[0,0,0],"s":[5.8952,1.590298,11.73738],"c":[0.111111,0.111111,0.111111]}]}]}