{"n":"thing","a":[7,18,23],"p":[{"s":[{"p":[0,0,0],"r":[0,0,0],"s":[0.05484824,0.05484997,2.587392],"c":[0.2222221,0.2222221,0.2222221]}]}]}