{"n":"thing","a":[7,18],"p":[{"b":7,"s":[{"p":[0,0,0],"r":[0,0,0],"s":[1.181875,2.138602,0.5777067],"c":[0.2222221,0.2222221,0.2222221]}]}]}