{"n":"thing","a":[7,18,20],"p":[{"s":[{"p":[0,0,0],"r":[0,0,0],"s":[0.2905414,0.0129091,0.2905495],"c":[1,1,1]}]},{"b":7,"t":3,"s":[{"p":[-3.552714E-15,-0.01465011,3.236383E-08],"r":[90,180,0],"s":[0.1250753,0.1253185,0.02686149],"c":[1,1,1],"b":["when told by any lightsoff then become 2 in 0.2s"]},{"p":[-3.552714E-15,-0.01465011,3.236383E-08],"r":[90,180,0],"s":[0.1250753,0.1253185,0.02686149],"c":[0,0,0],"b":["when told by any lightson then become 1 in 0.2s"]}]}]}