{"n":"thing","inc":[["imp 2","587fd6c602da63b013bd2399"],["imp 2 2","587fd604f6f3c9fd2e43dc02"],["imp 2 3","587fd8bc8481b4092ff4dccf"]],"p":[{"s":[{"p":[0,0,0],"r":[0,0,-1.067217E-06],"s":[0.1750001,0.1750002,0.175],"c":[1,1,1],"b":["when starts then become next in 0.1s"]},{"p":[0,0,0],"r":[0,0,-1.067217E-06],"s":[0.1750001,0.1750002,0.175],"c":[1,1,1],"b":["when starts then become next in 29.9s"]}]}]}