{"n":"thing","p":[{"s":[{"p":[0,0,0],"r":[0,0,-1.197284E-06],"s":[2.240875,0.04606728,1.298687],"c":[0.7777778,0.5333333,0]}]},{"b":5,"s":[{"p":[-0.1536411,0.04870835,0.5232617],"r":[271.9062,352.585,357.7787],"s":[0.02241478,0.02358093,0.05646917],"c":[0.9714286,1,0]}]},{"b":16,"s":[{"p":[-0.1532581,0.0680737,0.5229521],"r":[359.0035,348.8076,358.2385],"s":[0.03437809,0.02405969,0.03552201],"c":[1,1,1]}]}]}