{"n":"thing","a":[7,13,18],"p":[{"s":[{"p":[0,0,0],"r":[0,0,0],"s":[2.027382,0.03479847,0.8645171],"c":[0.3333331,0.3333331,0.3333331]}]}]}