{"n":"wave 1","a":[6,7,12,18],"p":[{"b":14,"s":[{"p":[0,0,0],"r":[0,0,0],"s":[0.0600024,0.008983865,0.0600021],"c":[1,1,1]}]},{"b":17,"s":[{"p":[-0.008953032,0.05400163,-0.7122593],"r":[270.0198,180,0],"s":[2.630835,0.4955465,0.3878168],"c":[0.1234567,0.222222,0.5555556]}]},{"b":17,"s":[{"p":[-0.1809969,0.1660772,-0.4825402],"r":[270.0198,180,0],"s":[2.551373,0.2993309,0.2780351],"c":[1,1,1],"b":["when starts then become next in 1s"]},{"p":[0.06338625,0.1660775,-0.4825397],"r":[270.0198,180,0],"s":[2.55137,0.2993281,0.2780344],"c":[1,1,1],"b":["when starts then become previous in 1s"]}]}]}