{"n":"plasma ball","a":[1,2,8,14,15],"p":[{"b":3,"t":6,"a":[3],"s":[{"p":[-0.001621594,0.005131384,0.003998667],"r":[40.46829,338.0307,27.25178],"s":[0.04954512,0.04954442,0.04954468],"c":[0.08641969,0.1259255,0.7777778]}]},{"b":3,"t":2,"a":[3],"s":[{"p":[0,0,0],"r":[0,0,0],"s":[0.05089736,0.05089686,0.05089693],"c":[0.5555556,0.5809522,1]}]},{"b":3,"t":3,"a":[3],"s":[{"p":[-0.003229461,0.01580137,-0.003588174],"r":[0.6019755,1.408154,36.11198],"s":[0.04954519,0.04954448,0.04954473],"c":[0,0.05714248,1]}]},{"b":3,"t":7,"a":[3],"s":[{"p":[-0.001652389,0.000230279,0.0004391892],"r":[329.2373,19.48284,351.0637],"s":[0.09488954,0.09486284,0.09488734],"c":[0,0.05714237,1],"b":["when touched then tell nearby explosion"]}]}]}