{"n":"blue bottle","a":[2,15],"p":[{"b":3,"t":7,"s":[{"p":[0.0009342366,0.000494977,-0.0006931048],"r":[349.1791,350.8216,358.937],"s":[0.05819209,0.05818753,0.05818828],"c":[0,0.05714255,1]}]},{"b":5,"t":7,"s":[{"p":[-0.01232259,0.0148803,0.07966731],"r":[349.1791,350.8216,88.93695],"s":[0.01760598,0.01761356,0.08533998],"c":[0,0.05714255,1]}]},{"b":5,"t":1,"s":[{"p":[-0.01864895,0.02246106,0.1188208],"r":[349.1791,350.8216,88.93695],"s":[0.0189279,0.01893333,0.03434989],"c":[0,0,0]}]}]}