{"n":"thing","a":[7,12],"inc":[["black","5880d43398553a2b14866742"]],"p":[{"s":[{"p":[0,0,0],"r":[0,0,0],"s":[0.04009035,0.034867,0.04548451],"c":[0.111111,0.111111,0.111111]}]},{"b":4,"s":[{"p":[-0.003377915,-0.003567692,-0.04684055],"r":[0,180,90],"s":[0.04469245,0.03954644,0.01285429],"c":[1,1,1],"b":["when starts then become 2 in 2s"]},{"p":[-0.003377915,-0.003567692,-0.04684055],"r":[0,180,90],"s":[0.04469245,0.03954644,0.01285429],"c":[1,1,1],"b":["when starts then emit gravity-free black with 0.001","when starts then become 3 in 0.2s"]},{"p":[-0.003377915,-0.003567692,-0.04684055],"r":[0,180,90],"s":[0.04469245,0.03954644,0.01285429],"c":[1,1,1],"b":["when starts then tell any large"]}]}]}