{"n":"thing","a":[6,7,12,18],"inc":[["nightbox","5882b8f484ec4f0c10fa38cd"],["nightbox 2","5882b9c47d0da719107a8aff"]],"p":[{"s":[{"p":[0,0,0],"r":[0,0,0],"s":[0.005,0.005,0.02443019],"c":[0,0,0]}]},{"b":4,"t":8,"a":[12],"s":[{"p":[0,3.72529E-09,-0.03763527],"r":[0,180,0],"s":[0.02407297,0.02181828,0.01761341],"c":[0,0,0],"b":["when told by any dark then become 2"]},{"p":[0,3.72529E-09,-0.03763527],"r":[0,180,0],"s":[0.02407297,0.02181828,0.01761341],"c":[0,0,0],"b":["when starts then emit gravity-free nightbox 2 with 0.1","when starts then become 3 in 1s"]},{"p":[0,3.72529E-09,-0.03763527],"r":[0,180,0],"s":[0.02407297,0.02181828,0.01761341],"c":[0,0,0],"b":["when starts then destroy all parts"]}]}]}