{"n":"thing","a":[7,18],"p":[{"t":1,"s":[{"p":[0,0,0],"r":[0,0,0],"s":[12.32935,0.1750056,15.32276],"c":[0.2469135,0.4275131,0.4444444]}]}]}