{"n":"thing","a":[6,13],"inc":[["thing","5883d5956e2d4dd7139274d8"]],"p":[{"b":4,"t":8,"a":[12],"s":[{"p":[0,0,0],"r":[0,0,0],"s":[0.03439807,0.04329273,0.123609],"c":[1,1,1],"b":["when neared then emit thing with 10"]}]}]}