{"n":"thing","a":[1,2,5,7,18,20],"p":[{"b":12,"s":[{"p":[0,0,0],"r":[0,0,0],"s":[1.170122,0.3024311,1.111932],"c":[0.3333332,0.2634919,0.1111109]}]},{"b":12,"s":[{"p":[2.734506,1.641327,2.384186E-07],"r":[270,90,0],"s":[0.06002108,0.06001525,0.06002283],"c":[1,1,1]}]}]}