{"n":"thing","a":[22,13,18],"p":[{"s":[{"p":[0,0,0],"r":[0,0,-4.378969E-13],"s":[4.905017,0.06588185,3.83561],"c":[0.3703703,0.5396825,0.5555556]}]},{"s":[{"p":[-1.866951,-2.384186E-07,2.544998],"r":[-1.001791E-05,-1.001791E-05,4.378969E-13],"s":[1.168255,0.07576831,1.261992],"c":[0.3703703,0.5396825,0.5555556]}]},{"s":[{"p":[-1.37531E-06,0,7.865852],"r":[0,-1.001791E-05,0],"s":[4.902696,0.06584755,9.388962],"c":[0.3703703,0.5396825,0.5555556]}]}]}