{"n":"thing","a":[7,18],"p":[{"b":5,"s":[{"p":[0,0,0],"r":[0,0,0],"s":[0.125066,0.125029,0.1250262],"c":[1,0,0.1714283]}]}]}