{"n":"small branch","p":[{"b":16,"s":[{"p":[0,0,0],"r":[0,0,0],"s":[0.03433487,0.4834493,0.04763707],"c":[0.3333332,0.3068782,0.148148]}]}]}