{"n":"thing","a":[1,7,18],"p":[{"s":[{"p":[0,-0.07906222,1.382368E-08],"r":[-1.001791E-05,0,0],"s":[3.227075,0.07878183,1.231076],"c":[0.2222221,0.04938265,0.1382715],"b":["when told by any step then become 2 in 5s"]},{"p":[1.487568,0,1.192093E-07],"r":[-1.001791E-05,-8.757938E-13,1.001791E-05],"s":[0.005001493,0.07878557,1.231328],"c":[1,1,1]},{"p":[0,0,0],"r":[0,0,0],"s":[3.226539,0.07877953,1.230917],"c":[1,1,1]}]}]}