{"n":"artscanner","a":[2,3,14,16],"p":[{"b":7,"t":7,"s":[{"p":[0,0,0],"r":[0,0,0],"s":[0.07573131,0.03676014,0.01307635],"c":[0,0.7428569,1]}]}]}