{"n":"spsfrnt","a":[7],"p":[{"b":7,"t":1,"s":[{"p":[2.339218,-0.003610996,0.002285719],"r":[0,0,0],"s":[0.5963483,0.3453644,1.137329],"c":[0.3555554,0,0.4444443]}]},{"b":7,"t":1,"s":[{"p":[-0.1785014,-0.002707467,0.00376226],"r":[1.001791E-05,-4.37897E-13,-3.828218E-20],"s":[0.5960016,0.344837,1.136239],"c":[0.3555554,0,0.4444443]}]}]}