{"n":"thing","a":[7],"p":[{"b":5,"s":[{"p":[0,0,0],"r":[0,0,0],"s":[1.807958,0.188403,1.861719],"c":[0.3333332,0.2518517,0.07407398]}]}]}