{"n":"ppad1","p":[{"s":[{"p":[0,0,0],"r":[5.122642E-06,-2.29E-13,-5.122642E-06],"s":[0.1750009,0.1750008,0.005000005],"c":[1,1,1]}]}]}