{"n":"lftwl1","a":[5,7],"p":[{"b":6,"t":1,"s":[{"p":[0,0,0],"r":[0,0,-6.157171E-14],"s":[7.143834,1.015804,0.7919868],"c":[0.4571431,0,1]}]}]}