{"n":"thing","a":[7,13,18,20],"p":[{"b":15,"s":[{"p":[0,0,0],"r":[0,0,6.157171E-14],"s":[0.4502272,0.04899158,5.256071],"c":[0.1001761,0.1111108,0.09876522]}]}]}