{"n":"thing","p":[{"b":18,"e":"BALL","s":[{"p":[-0.04902364,-0.1567665,0.05733011],"r":[349.4774,175.5089,181.0936],"s":[0.003000002,0.003000003,0.003000003],"c":[1,1,1]}]},{"b":18,"e":"RACKET","s":[{"p":[-0.5087768,-0.3476444,0.08874595],"r":[1.329517,183.5187,181.4451],"s":[0.003000005,0.003000006,0.003000008],"c":[1,1,1]}]}]}