{"n":"thing","a":[7,18],"p":[{"s":[{"p":[0,0,0],"r":[0,0,0],"s":[2.283703,4.065297,0.1550178],"c":[0.2222218,0.2222218,0.2222218]}]}]}