{"n":"thing","a":[22,13],"p":[{"s":[{"p":[0,0,0],"r":[0,0,0],"s":[2.512893,0.1821193,37.87507],"c":[0.1001763,0.111111,0.09876537]}]}]}