{"n":"thing","p":[{"s":[{"p":[0,0,0],"r":[0,0,0],"s":[0.1750001,4.622974,4.270916],"c":[0.1001761,0.1111108,0.09876525]}]}]}