{"n":"thing","a":[7],"p":[{"s":[{"p":[0,0,0],"r":[0,0,0],"s":[5.713344,0.2733246,3.089767],"c":[0,0,0]}]}]}