{"n":"thing","a":[2],"p":[{"b":18,"e":"EMILSPONGE","s":[{"p":[-0.01404667,0.01763153,0.02976084],"r":[90,180,0],"s":[0.001000269,0.001000007,0.001000263],"c":[0.9714285,0,1]}]},{"b":12,"a":[5],"s":[{"p":[0,-0.002380371,0],"r":[0,0,-8.537737E-06],"s":[0.04350081,0.03279041,0.02475897],"c":[0.9936506,0.7777778,1]}]},{"b":18,"e":"EMILSPONGE","s":[{"p":[0.01526642,-0.02249718,0.03253913],"r":[270,0,0],"s":[0.001000565,0.00100004,0.001000556],"c":[0.9714285,0,1]}]}]}