{"n":"thing","p":[{"s":[{"p":[0,0,0],"r":[-3.415094E-06,-3.415094E-06,1.017777E-13],"s":[26.52797,0.1841256,22.23095],"c":[0.3333331,0.3333331,0.3333331]}]}]}