{"n":"sswndsld1","a":[5],"p":[{"t":8,"a":[12,14],"s":[{"p":[0,0,0],"r":[0,0,0],"s":[4.67215,0.005000006,2.910778],"c":[0,0,0]}]}]}