{"n":"manhole","a":[7,18],"p":[{"b":5,"t":1,"s":[{"p":[0.005869627,0.005450725,0.007802533],"r":[0,0,1.001791E-05],"s":[0.2132974,0.2136963,0.1251159],"c":[0.8888889,0.8888889,0.8888889]}]},{"b":5,"t":1,"s":[{"p":[0.003163338,0.005450726,0.0006147479],"r":[0,0,0],"s":[0.2531039,0.2565004,0.1251143],"c":[1,1,1]}]}]}