{"n":"electrical","a":[7,18],"p":[{"s":[{"p":[0,0,0],"r":[0,0,0],"s":[0.1750083,0.09352597,0.3206595],"c":[0.3333333,0.3333333,0.3333333]}]},{"b":15,"s":[{"p":[0.002314458,0.05638934,0.04165842],"r":[90,-1.001791E-05,0],"s":[0.04328721,0.04514289,0.05187296],"c":[0.5555556,0.5555556,0.5555556]}]}]}