{"n":"thing","p":[{"b":3,"t":7,"s":[{"p":[0.9203324,0.06288102,0.09308548],"r":[333.8147,322.4712,355.6671],"s":[0.8725305,0.9644142,1.456657],"c":[0,1,1]}]},{"b":3,"t":7,"s":[{"p":[-0.256645,-0.1182335,-0.009835131],"r":[20.84021,325.1301,357.1728],"s":[0.125,0.1250002,0.1250002],"c":[0,1,1],"b":["when starts then become next in 4s"]},{"p":[0.8069065,0.3293236,0.4221481],"r":[11.16692,358.4805,44.41965],"s":[0.125,0.1250002,0.1250003],"c":[0,1,1],"b":["when starts then become previous in 4s"]}]}]}