{"n":"detail","a":[7,18],"p":[{"t":1,"s":[{"p":[0,0,0],"r":[0,0,0],"s":[0.3574885,0.1750011,0.5039306],"c":[1,1,1]}]},{"t":1,"s":[{"p":[0,0.04957528,0],"r":[0,0,1.001791E-05],"s":[0.3024701,0.09571654,0.4371935],"c":[0.8888889,0.8888889,0.8888889]}]}]}