{"n":"thing","a":[7],"p":[{"s":[{"p":[0,0,0],"r":[0,0,0],"s":[0.1749844,0.1750108,0.1750269],"c":[1,1,1]},{"p":[0,0,0],"r":[0,0,0],"s":[0.1749844,0.1750108,0.1750269],"c":[1,1,1]}]}]}