{"n":"thing","p":[{"b":4,"s":[{"p":[-0.1190229,-0.05662033,-0.1885827],"r":[285.1222,344.2185,341.6421],"s":[0.00500001,0.005000019,0.03825841],"c":[1,1,1]}]},{"b":16,"s":[{"p":[-0.1215725,-0.02878629,-0.1815936],"r":[10.81681,328.7358,5.633597],"s":[0.005000012,0.01110393,0.005000007],"c":[1,1,1]}]}]}