{"n":"thing","a":[4],"p":[{"s":[{"p":[0,0,0],"r":[0,0,0],"s":[1.750265,0.05561808,1.524103],"c":[0.2222221,0.1142856,0]}]}]}