{"n":"thing","p":[{"b":19,"e":"41: CAVE","s":[{"p":[-0.06211115,0.02210368,0.04933728],"r":[80.98685,121.1927,121.1976],"s":[0.003000004,0.003,0.003000004],"c":[1,1,1]}]},{"s":[{"p":[-0.005155173,0.006975234,0.02942565],"r":[1.144323,0.6034553,2.796983],"s":[0.1920793,0.02187689,0.08107983],"c":[0.111111,0.111111,0.111111]}]}]}