{"n":"thing","p":[{"b":7,"t":1,"s":[{"p":[0.08698209,0.3155658,0.01287901],"r":[359.5591,359.6921,2.567074],"s":[0.03510557,0.03199691,0.025884],"c":[1,0,0.1714283],"b":["when starts then become next in 0.2s"]},{"p":[0.09556457,0.3111897,0.1641206],"r":[357.9701,2.24001,2.073263],"s":[0.03510558,0.03199691,0.02588402],"c":[0.2857141,0,1],"b":["when starts then become previous in 0.2s"]}]},{"t":7,"s":[{"p":[0.08548072,0.3192268,0.01746887],"r":[356.2187,0.4740269,2.805281],"s":[0.1750006,0.1750003,0.1750004],"c":[0,0,0]}]}]}