{"n":"thing","a":[4],"p":[{"s":[{"p":[0,0,0],"r":[0,0,0],"s":[0.0923214,1.574903,1.673115],"c":[1,1,1]}]}]}