{"n":"thing","p":[{"b":10,"s":[{"p":[0,0,0],"r":[0,0,0],"s":[2.146951,2.789512,2.173973],"c":[0.6074075,0.6666667,0.3703702]}]}]}