{"n":"thing","a":[4],"p":[{"b":12,"s":[{"p":[0,0,0],"r":[0,0,0],"s":[0.4323206,0.1228714,0.3546332],"c":[0.3753085,0.4444444,0.09876537]}]}]}