{"n":"thing","a":[13],"p":[{"b":6,"s":[{"p":[0.09297132,2.898782,-2.493555],"r":[292.5,180,270],"s":[0.8040329,0.1545818,1.87277],"c":[1,1,1]}]},{"b":6,"s":[{"p":[0.09201813,4.364141,-3.281641],"r":[292.5,180,270],"s":[0.5147763,0.1255794,2.261467],"c":[1,1,1]}]},{"t":1,"s":[{"p":[0.08499479,1.936963,-1.882668],"r":[22.5,180,270],"s":[0.6535065,0.05431161,0.4355393],"c":[0.5555556,0.5555556,0.5555556]}]}]}