{"n":"thing","a":[4],"p":[{"b":17,"s":[{"p":[0,0,0],"r":[0,0,0],"s":[0.3596672,0.8932482,0.15005],"c":[1,1,1]}]},{"b":17,"s":[{"p":[0.2416319,2.190686,-1.666135],"r":[291.589,274.7312,38.4146],"s":[0.3596689,1.194664,0.1285683],"c":[1,1,1]}]}]}