{"n":"thing","p":[{"b":19,"e":"44: CAVE MOUTH\n\nTOUCH UVULA\nTO BE EATEN","s":[{"p":[-0.1288627,0.01897998,0.06969814],"r":[84.49736,208.8442,209.7249],"s":[0.003,0.003000001,0.003],"c":[1,1,1]}]},{"s":[{"p":[-0.01421153,-0.003243066,0.004582962],"r":[5.505373,359.1349,353.7898],"s":[0.2956766,0.02370396,0.1750002],"c":[0.111111,0.111111,0.111111]}]}]}