{"n":"3","a":[6],"p":[{"b":17,"t":7,"a":[3,5,14],"s":[{"p":[0,0,0],"r":[-1.28066E-06,-7.156245E-15,6.403301E-07],"s":[0.01018361,0.0101836,0.01018362],"c":[0,0,0],"b":["when starts then become next in 0.1s"]},{"p":[0,0,0],"r":[-1.28066E-06,-7.156245E-15,6.403301E-07],"s":[1.185711,1.185711,1.185711],"c":[1,0.6857142,0],"b":["when starts then become next in 0.5s"]},{"p":[0,0,0],"r":[-1.28066E-06,-7.156245E-15,6.403301E-07],"s":[0.005,0.005,0.005],"c":[0.6666667,0.6666667,0.6666667],"b":["when starts then destroy all parts"]}]}]}