{"n":"thing","p":[{"b":7,"s":[{"p":[0.01104612,0.08414517,-0.08258168],"r":[359.0277,6.289943,4.004163],"s":[0.8595312,0.5057597,1.365933],"c":[0.9714285,0,1]}]},{"b":3,"t":3,"s":[{"p":[0.1089333,0.05865121,0.8171951],"r":[36.57255,36.8268,277.0486],"s":[0.1998761,0.1918972,0.2124746],"c":[1,1,1]}]},{"b":5,"t":7,"s":[{"p":[0.106843,0.09472907,0.7631151],"r":[355.1742,5.59539,331.3682],"s":[0.258478,0.2462225,0.7521362],"c":[1,1,1]}]}]}