{"n":"thing","a":[13],"p":[{"b":8,"s":[{"p":[0.03797102,-1.698837,-1.861536],"r":[5.366445E-06,22.5,180],"s":[0.3627605,0.5203339,1.896188],"c":[0.148148,0.4444443,0.6666667],"b":["when told by nearby weaponar then become 2 in 5s"]},{"p":[0.05647373,-1.698837,-1.851863],"r":[0,0,180],"s":[0.362779,0.5203625,1.896325],"c":[0.1481479,0.4444442,0.6666667],"b":["when told by nearby weaponar then become 1 in 5s"]}]},{"b":8,"s":[{"p":[0.02260208,-1.698837,-1.861536],"r":[1.017778E-13,22.5,180],"s":[0.3627759,0.4441052,1.80699],"c":[0.222222,0.222222,0.222222],"b":["when told by nearby weaponar then become 2 in 5s"]},{"p":[0.04527807,-1.698837,-1.861536],"r":[0,0,180],"s":[0.362826,0.4441881,1.807399],"c":[0.222222,0.222222,0.222222],"b":["when told by nearby weaponar then become 1 in 5s"]}]}]}