{"n":"ssppnt","p":[{"b":4,"t":1,"s":[{"p":[0,0,0],"r":[0,0,0],"s":[2.294861,0.3180126,1.386521],"c":[0.2793649,0,0.4444443]}]}]}