{"n":"damag3","a":[2,8,14,15],"p":[{"b":8,"t":2,"s":[{"p":[0,0,0],"r":[0,0,0],"s":[0.02588878,0.03395659,0.09982033],"c":[0,0.7428566,1]}]},{"b":8,"t":2,"s":[{"p":[-0.007093191,0,-0.001304507],"r":[0,0,0],"s":[0.01088307,0.03395945,0.0906252],"c":[1,1,1]}]},{"t":5,"s":[{"p":[0.004278839,0,0.03461301],"r":[8.14222E-13,180,270],"s":[0.05432948,0.03813945,0.1862878],"c":[0,0.7428566,1]}]},{"t":5,"s":[{"p":[0.004539788,0.002596855,0.03461301],"r":[0,180,0],"s":[0.03258193,0.05282609,0.1750153],"c":[1,1,1]}]}]}