{"n":"lswitch","a":[7,18],"p":[{"b":16,"t":2,"s":[{"p":[-0.0004441742,0.0001639137,0.005036056],"r":[90,-1.151484E-12,0],"s":[0.007196774,0.008542914,0.008155072],"c":[1,1,1],"b":["when touched hand then become 2 in 0.4s","when touched hand then play button click 2"]},{"p":[-0.0004441742,0.0001639137,0.005036056],"r":[90,-1.151484E-12,0],"s":[0.007196774,0.005,0.008155072],"c":[1,1,1],"b":["when touched hand then become 1 in 0.4s","when touched hand then play button click 2"]}]},{"b":15,"t":1,"s":[{"p":[-0.0003335477,0.0003347399,0.0009200571],"r":[0,0,0],"s":[0.009795573,0.009832453,0.02307944],"c":[0.3333333,0.3333333,0.3333333]}]}]}