{"n":"switc h","a":[22,18],"p":[{"b":5,"t":1,"s":[{"p":[0.004403115,0.004501343,0.07470489],"r":[-1.162597E-06,270,1.162597E-06],"s":[0.0518568,0.06393996,0.09419207],"c":[0.7777778,0.7777778,0.7777778]}]},{"b":5,"t":1,"s":[{"p":[0.00456202,0,0.0671069],"r":[0,0,-6.830189E-06],"s":[0.04908095,0.08334486,0.07283606],"c":[0.7777778,0.7777778,0.7777778]}]},{"b":16,"t":1,"s":[{"p":[0.002876878,-0.05255795,0.1183125],"r":[1.707547E-06,270,225],"s":[0.02166652,0.06603478,0.02126852],"c":[0.8888889,0.8888889,0.8888889],"b":["when touched hand then become 2 in 0.4s","when touched hand then play button click 2"]},{"p":[0.002876878,0.06234884,0.1190163],"r":[3.415095E-06,270,315],"s":[0.02166978,0.06603687,0.0212709],"c":[0.8888889,0.8888889,0.8888889],"b":["when touched hand then become 1 in 0.4s","when touched hand then play button click 2"]}]}]}