{"n":"thing","a":[7,18],"p":[{"t":5,"s":[{"p":[0,4.656613E-10,-0.005545736],"r":[0,0,1.001791E-05],"s":[0.521749,0.1750016,2.117378],"c":[0.2962961,0.6666667,0.148148]}]},{"t":5,"s":[{"p":[-1.641406,0,0],"r":[0,0,1.001791E-05],"s":[0.521932,0.1751252,2.119119],"c":[0.2962961,0.6666667,0.148148]}]}]}