{"n":"thing","a":[2,3,14,16],"p":[{"b":3,"s":[{"p":[0,0,0],"r":[0,0,0],"s":[0.1345235,0.244448,1.231165],"c":[1,1,1]}]}]}