{"n":"thing","inc":[["thing","588c53c4f586b7ce13c300be"]],"p":[{"b":3,"s":[{"p":[0,0,0],"r":[0,0,2.134434E-07],"s":[0.004999999,0.005000001,0.3472153],"c":[0.9714286,1,0],"b":["when touched then emit thing"]}]}]}