{"n":"thing","a":[7],"p":[{"s":[{"p":[0.001240253,-0.01436496,-0.003615379],"r":[-2.544444E-13,8.537737E-06,3.415095E-06],"s":[1.165285,0.03543421,0.03293287],"c":[1,1,1]}]},{"s":[{"p":[-0.5705767,0.7354307,0.2637464],"r":[-2.544444E-13,8.537737E-06,3.415095E-06],"s":[0.02203287,1.570961,0.5687591],"c":[1,1,1]}]},{"s":[{"p":[-0.5676851,-0.2704192,-0.2061282],"r":[90,0,0],"s":[0.02205926,1.517504,0.5687769],"c":[1,1,1]}]}]}