{"n":"thing","p":[{"b":4,"s":[{"p":[0,0,0],"r":[0,0,0],"s":[0.03607426,0.03313082,0.07688878],"c":[1,0,0.8571426]}]},{"b":3,"s":[{"p":[-0.009851204,0.02163301,-0.08800159],"r":[278.9239,238.8085,39.71261],"s":[0.03698434,0.03545208,0.02360774],"c":[0,0.05714257,1]}]},{"b":5,"s":[{"p":[-0.005009394,-0.00499557,-0.09322304],"r":[41.1987,253.9659,79.88931],"s":[0.005,0.02593036,0.04457217],"c":[1,1,1]}]}]}