{"n":"thing","p":[{"b":16,"s":[{"p":[0,0,0],"r":[0,0,0],"s":[0.192882,0.1250008,0.2184276],"c":[0.1142857,0,1],"b":["when touched then send nearby to fantasy oceans"]}]},{"b":23,"e":"TO FANTASY\nOCEANS","s":[{"p":[-0.1773374,-0.06658261,-0.1745865],"r":[281.3865,14.70634,341.6018],"s":[0.003000002,0.003,0.003000002],"c":[1,1,1]},{"p":[-0.1773374,-0.06658261,-0.1745865],"r":[281.3865,14.70634,341.6018],"s":[0.003000002,0.003,0.003000002],"c":[1,1,1]}]}]}