{"n":"teleport2","a":[7,18],"p":[{"b":5,"t":2,"s":[{"p":[0,0,0],"r":[0,0,0],"s":[0.1250063,0.1250024,0.1250033],"c":[0.6666666,1,1]}]}]}