{"n":"thing","a":[13],"p":[{"s":[{"p":[0,0,0],"r":[0,0,0],"s":[0.7713859,0.005000796,0.2005926],"c":[0.3333333,0.1714284,0]}]},{"s":[{"p":[-6.179545E-08,-0.3394449,-0.1406027],"r":[45.00001,-7.719786E-06,-1.362825E-05],"s":[0.7713823,0.005001967,0.2006489],"c":[0.3333333,0.1714284,0]}]},{"s":[{"p":[-0.3922873,-0.1798112,-0.08130731],"r":[22.50001,-3.696472E-06,270],"s":[0.4772365,0.02014576,0.2453658],"c":[0.3333333,0.1714284,0]}]},{"s":[{"p":[0.393732,-0.1798113,-0.08130734],"r":[22.50001,-3.696472E-06,270],"s":[0.477248,0.02015017,0.2454205],"c":[0.3333332,0.1714284,0]}]}]}