{"n":"ssptpx2","a":[5],"p":[{"b":4,"t":1,"s":[{"p":[-1.803784,0.8920174,-0.04329741],"r":[347.1791,9.757951,300.3639],"s":[0.9724565,0.107095,4.561258],"c":[0.8,0,1]}]},{"b":4,"t":1,"s":[{"p":[3.307697,1.789047,-0.2660182],"r":[350.204,352.1603,84.43273],"s":[1.101555,0.005008374,4.555242],"c":[0.8,0,1]}]},{"b":16,"t":1,"s":[{"p":[0.5041436,0.7469093,-4.487018],"r":[0.5769459,0.829355,190.4531],"s":[2.639089,1.130702,2.774248],"c":[0,0,0]}]}]}