{"n":"thing","p":[{"b":12,"s":[{"p":[0,0,0],"r":[0,0,-9.604953E-07],"s":[1.701116,0.06000031,0.4002649],"c":[1,0,0.1714283]}]},{"b":14,"s":[{"p":[6.241664,-4.548284,0.3591433],"r":[59.24028,112.6573,13.01502],"s":[23.32354,0.2224441,1.688463],"c":[0.9714285,0,1]}]}]}