{"n":"thing","a":[2,15],"p":[{"b":3,"t":1,"s":[{"p":[0.02143165,0.003415103,-0.03634691],"r":[81.43659,107.9474,111.8553],"s":[0.01694674,0.03634076,0.02345722],"c":[0.4444444,0.4444444,0.4444444]}]},{"b":3,"t":1,"s":[{"p":[-0.01791531,0.001083499,-0.04245728],"r":[82.31173,123.7182,126.6339],"s":[0.01694675,0.03634077,0.0234572],"c":[0.4444444,0.4444444,0.4444444]}]},{"b":4,"t":8,"a":[12],"s":[{"p":[0,0,0],"r":[0,0,0],"s":[0.00500002,0.005000038,0.005000019],"c":[1,1,1]}]}]}