{"n":"thing","p":[{"b":16,"s":[{"p":[0.06112462,-0.0542332,0.006234191],"r":[358.2556,186.9259,203.2214],"s":[0.005003298,0.005,0.03974204],"c":[0.6049383,0.7629629,0.7777778]}]},{"b":16,"s":[{"p":[0.06090178,-0.05475168,0.006245352],"r":[1.744463,6.925918,336.7786],"s":[0.005000318,0.01951412,0.03973024],"c":[0.6049383,0.7629629,0.7777778]}]}]}