{"n":"thing","p":[{"b":9,"s":[{"p":[0,0,0],"r":[0,0,0],"s":[0.0859534,0.0682732,0.02695563],"c":[0.2222221,0.2222221,0.2222221]}]},{"b":17,"t":2,"s":[{"p":[0.01331998,0.00191716,0.01335982],"r":[357.4115,9.144003,350.964],"s":[0.04394469,0.02925644,0.01421735],"c":[0.5555556,0,0]}]},{"b":17,"t":2,"s":[{"p":[0.01271178,0.00305235,0.03298273],"r":[19.15169,192.6379,100.2338],"s":[0.01555771,0.02224719,0.01599069],"c":[1,0.6857142,0]}]}]}