{"n":"thing","a":[7,18,20],"p":[{"s":[{"p":[0,0,0],"r":[0,0,0],"s":[0.9559856,0.175003,1.568244],"c":[0.4091705,0.4444439,0.3950613]}]}]}