{"n":"thing","a":[1,22,18],"p":[{"s":[{"p":[0,0,0],"r":[0,0,0],"s":[3.975902,1.590298,36.35175],"c":[0.300529,0.3333333,0.2962962]}]}]}