{"n":"thing","p":[{"b":7,"s":[{"p":[0,0,0],"r":[0,0,0],"s":[0.1851832,0.06772809,0.1250011],"c":[0.3333333,0.2857142,0]}]},{"b":5,"s":[{"p":[0.005103164,0.007170849,-0.08792436],"r":[358.8351,178.3943,179.7919],"s":[0.005,0.01356358,0.5977377],"c":[0.3333332,0.2857142,0]}]},{"b":6,"s":[{"p":[0.07204429,0.003961846,-0.2439446],"r":[1.513327,216.7613,356.6101],"s":[0.1978127,0.005000003,0.125001],"c":[0,1,0.9142858]}]}]}