{"n":"thing","a":[21],"p":[{"b":18,"e":"NICE","s":[{"p":[0,0,0],"r":[0,0,0],"s":[0.0411895,0.04118938,0.04118953],"c":[1,0,0]}]}]}