{"n":"thing","a":[7,18,21],"p":[{"b":5,"s":[{"p":[-0.1799333,0.5500777,-0.312111],"r":[43.51189,38.70405,39.2642],"s":[0.02658706,0.02658704,131.5288],"c":[0.2003526,0.2222221,0.1975308]}]},{"b":5,"s":[{"p":[-0.1774693,0.6026847,-0.1836223],"r":[316.4881,218.7041,320.7358],"s":[0.02658732,0.02658832,119.5223],"c":[0.2003526,0.2222221,0.1975308],"b":["when starts then play sparks with 60"]}]},{"b":5,"s":[{"p":[-0.1429087,0.5001894,-0.4153013],"r":[43.51189,38.70405,39.2642],"s":[0.02658881,0.02658853,139.2531],"c":[0.2003526,0.2222221,0.1975308]}]}]}