{"n":"thing","p":[{"b":9,"t":7,"s":[{"p":[0,0,0],"r":[0,0,0],"s":[0.1647277,0.1250008,0.125001],"c":[0.6666666,1,0.6857142],"b":["when starts then become 2 in 0.2s"]},{"p":[-0.01327415,-0.006495863,-0.06228985],"r":[33.27111,182.6627,179.875],"s":[0.1647277,0.1188111,0.125001],"c":[0.6666666,1,0.6857142],"b":["when starts then become 3 in 0.2s"]},{"p":[-0.01312064,-0.01081842,-0.07529954],"r":[341.5466,175.7272,188.1283],"s":[0.1647277,0.1188112,0.1551307],"c":[0.6666666,1,0.6857142],"b":["when starts then become 1 in 0.2s"]}]}]}