{"n":"thing","p":[{"t":2,"s":[{"p":[0,0,0],"r":[0,0,0],"s":[0.4037,0.3998464,0.4828622],"c":[0,1,0.05714279]}]}]}