{"n":"thing","p":[{"s":[{"p":[6.162921,-4.261052,0.2696562],"r":[356.916,359.6425,112.9867],"s":[8.924438,0.06154638,11.75146],"c":[0,0,0]}]},{"b":4,"t":5,"a":[8],"s":[{"p":[7.522829,-1.988294,-0.5525475],"r":[29.0459,273.7295,164.3733],"s":[0.125002,0.1250031,0.1250034],"c":[1,1,1]}]},{"b":4,"t":5,"s":[{"p":[7.281872,-1.509815,-0.5459762],"r":[21.95156,271.7737,57.64543],"s":[0.1250015,0.1250028,0.1250032],"c":[1,1,1]}]},{"b":4,"t":5,"s":[{"p":[7.505933,-1.7174,-0.8755364],"r":[28.83495,260.3051,149.7051],"s":[0.1250015,0.1250027,0.1250029],"c":[1,1,1]}]}]}