{"n":"thing","p":[{"b":4,"t":5,"s":[{"p":[0,0,0],"r":[0,0,1.574145E-06],"s":[0.1250004,0.1250009,0.08037414],"c":[1,1,1]}]}]}