{"n":"thing","a":[2,9],"p":[{"b":3,"s":[{"p":[0,0,0],"r":[0,0,0],"s":[0.1020679,0.1002878,0.1025931],"c":[1,0.6857142,0]}]}]}