{"n":"thing","a":[7],"p":[{"s":[{"p":[0,0,0],"r":[0,0,0],"s":[0.1749953,0.2332709,1.172992],"c":[0.5555556,0.5555556,0.5555556]}]},{"b":60,"s":[{"p":[0.007509233,-0.005088866,0.5466262],"r":[0,0,90.00001],"s":[0.1578542,0.1417142,0.1250052],"c":[0,0,0]}]},{"t":7,"s":[{"p":[0.04690553,-0.01194972,0.6372074],"r":[0,0,90],"s":[0.04749142,0.02338313,0.1750311],"c":[1,1,1]}]},{"t":7,"s":[{"p":[-0.02956868,-0.01174325,0.6236632],"r":[0,0,90.00001],"s":[0.04749098,0.02338206,0.1750585],"c":[1,1,1]}]}]}