{"n":"thing","a":[2,7],"p":[{"b":23,"e":"MENU","s":[{"p":[0.00763798,0.01630294,0.04367984],"r":[-1.195283E-05,270,270],"s":[0.001495543,0.001495538,0.001495343],"c":[1,1,1]}]},{"b":23,"e":"TEA, EARL GREY, HOT","s":[{"p":[0.005906112,0.03649956,0.01405621],"r":[-1.024528E-05,270,270],"s":[0.001000219,0.0009997049,0.001000324],"c":[1,1,1]}]},{"b":60,"s":[{"p":[-0.0007839202,0.0006282916,0.006250978],"r":[0,0,-1.001791E-05],"s":[0.01193863,0.07573079,0.09764466],"c":[0.3333333,0,0.05714274]}]}]}