{"n":"thing","p":[{"b":17,"s":[{"p":[0,0,0],"r":[0,0,1.067217E-07],"s":[0.2123291,0.3518908,0.1657055],"c":[0.5555556,0.5555556,0.5555556]}]},{"b":17,"s":[{"p":[0.4439878,-0.3676842,0.1686115],"r":[55.85381,61.09621,300.7965],"s":[0.3518711,0.6029947,0.4259499],"c":[0.5555556,0.5555556,0.5555556]}]}]}