{"n":"thing","a":[2,14,16],"p":[{"b":14,"t":3,"a":[3],"s":[{"p":[0,0,0],"r":[0,0,6.403303E-07],"s":[0.01788258,0.0178826,0.01788258],"c":[1,0.8571429,0]}]}]}