{"n":"the no","a":[2,7,18,25],"p":[{"t":7,"s":[{"p":[0,0,0],"r":[0,0,0],"s":[0.06059284,0.06530167,0.108949],"c":[0,1,1],"b":["when touches hand then play no scream with 500","when touches hand then play drum set 16 with 500"]}]},{"s":[{"p":[0,-5.215406E-08,-0.06180341],"r":[0,0,0],"s":[0.1005068,0.1007638,0.03652915],"c":[0.3333333,0.3333333,0.3333333]}]},{"s":[{"p":[0,-6.705523E-08,0.05618907],"r":[0,0,1.001791E-05],"s":[0.100507,0.1007675,0.0365301],"c":[0.3333333,0.3333333,0.3333333]}]},{"s":[{"p":[0,-5.937181E-08,-0.001982212],"r":[0,0,1.001791E-05],"s":[0.06469863,0.07351743,0.0365357],"c":[0.3333333,0.3333333,0.3333333]}]}]}