{"n":"bin","p":[{"b":3,"s":[{"p":[0,0,0],"r":[0,0,0],"s":[0.1157553,0.02362003,0.1350288],"c":[0.5555556,0.1234567,0.1234567],"b":["when touches pepsi then play baby laughter"]}]}]}