{"n":"thing","a":[2,22,20],"p":[{"im":"158025865642249635/AFE86350C8D02114FC55DF60467D3DD141D61AC6/","s":[{"p":[0,0,0],"r":[0,0,0],"s":[0.5670482,0.01,0.7205538],"c":[1,1,1]}]}]}