{"n":"thing","a":[2,15],"p":[{"b":8,"t":5,"s":[{"p":[0,0,0],"r":[0,0,0],"s":[0.005,0.005,0.06115934],"c":[1,0,0.1714283]}]}]}