{"n":"thing","a":[22,20],"p":[{"im":"158025865642250877/D706064022BB1FD898215E35A448CC21EEE7A865/","s":[{"p":[0,0,0],"r":[0,0,0],"s":[0.9620383,0.01000125,0.7228352],"c":[1,1,1]}]}]}