{"n":"thing","p":[{"b":16,"t":1,"s":[{"p":[1.862644E-09,-7.450581E-09,0.02080727],"r":[0,0,0],"s":[0.005002928,0.005000137,0.005004284],"c":[0.4444443,0.4444443,0.4444443]}]},{"b":16,"t":1,"s":[{"p":[1.16414E-10,-7.450581E-09,0.001078606],"r":[1.001791E-05,-8.757938E-13,-1.001791E-05],"s":[0.005006839,0.005000404,0.005005889],"c":[0.4444443,0.4444443,0.4444443]}]},{"t":1,"s":[{"p":[-0.009502889,-0.003470872,0.01109219],"r":[270,9.659346E-06,0],"s":[0.04018592,0.03453898,0.005005206],"c":[0.4444443,0.4444443,0.4444443]}]},{"b":58,"t":1,"s":[{"p":[-0.04650354,0.0180178,0.01248645],"r":[29.35091,150.5004,218.1894],"s":[0.03694651,0.0369899,0.0369718],"c":[0.4444444,0.4444444,0.4444444]}]}]}