{"n":"thing","a":[7],"p":[{"s":[{"p":[0,0,0],"r":[0,0,0],"s":[2.06699,18.15529,0.1592698],"c":[0.7777778,0.6962963,0.5185185]}]},{"s":[{"p":[0.02999009,-4.041421,0.07902336],"r":[90,-1.151484E-12,0],"s":[1.999507,0.01989654,0.02932315],"c":[1,0,0]}]}]}