{"n":"thing","a":[1,2],"p":[{"im":"82590571757506910/2675CFD66BDC24717DE79FEB3D8F2DE16116955F/","s":[{"p":[0,0,0],"r":[0,0,0],"s":[0.5433624,0.01,0.5347215],"c":[0,0,0]}]}]}