{"n":"thing","p":[{"s":[{"p":[0,0,0],"r":[0,0,0],"s":[0.4346492,0.07878778,0.2892657],"c":[0.1142857,0,1]}]},{"b":23,"e":"KEEP IT IF YOU WANT","s":[{"p":[-0.1121145,0.04477341,0.006751291],"r":[85.98932,149.2679,149.444],"s":[0.003000005,0.003,0.003000007],"c":[0,1,0.05714282]}]}]}