{"n":"outsidessp","a":[2,15],"p":[{"s":[{"p":[-0.005121656,0.003980481,0.01211765],"r":[358.1217,0.7444431,1.458675],"s":[0.1031523,0.06897229,0.02189478],"c":[1,1,1]}]},{"b":7,"s":[{"p":[-0.005896084,0.003672108,0.02782319],"r":[357.8421,359.6095,2.723692],"s":[0.03103141,0.01259712,0.00794084],"c":[1,1,1],"b":["when touches hand then send nearby onto out"]}]},{"b":45,"s":[{"p":[-0.00505248,-0.02088423,0.02727583],"r":[359.6149,264.0752,151.9454],"s":[0.1250002,0.005000017,0.06684743],"c":[1,1,1],"b":["when touches hand then send nearby onto lunoplanet"]}]}]}