{"n":"thing","p":[{"b":18,"e":"MAKE IT SO","s":[{"p":[0,0,0],"r":[0,0,2.668042E-08],"s":[0.001,0.001000001,0.001000001],"c":[1,1,1]}]}]}