{"n":"thing","a":[1,22,20],"p":[{"im":"158025865642277318/A7883DECB866970454D33DD3F4F21B8F00F8B7C8/","s":[{"p":[0,0,0],"r":[0,0,0],"s":[1.194053,0.01,1.265194],"c":[0,0,0]}]}]}