{"n":"thing","p":[{"b":63,"s":[{"p":[0,0,0],"r":[0,0,0],"s":[0.08212261,0.02045144,0.09450549],"c":[0,0,0]}]}]}