{"n":"thing","a":[22],"p":[{"im":"158025865642165519/4784577844F338D734B2DB3EB29A9195AAF65665/","s":[{"p":[0,0,0],"r":[0,0,0],"s":[0.5145454,0.01000001,0.4732972],"c":[1,1,1]}]}]}