{"n":"thing","a":[1,22],"p":[{"im":"158025865642162387/A85D14896511504A023EC7A42260A7EE364BAB97/","s":[{"p":[0,0,0],"r":[0,0,0],"s":[0.9677268,0.01,1.250787],"c":[1,1,1]}]}]}