{"n":"thing","a":[13,21],"p":[{"b":60,"s":[{"p":[0,0,0],"r":[0,0,-1.067217E-07],"s":[0.2494712,0.3244714,0.02010297],"c":[0.4444444,0.3202821,0.04938265]}]},{"b":60,"s":[{"p":[-0.1206118,0.0001765225,0.025677],"r":[6.037092E-06,90,-1.811127E-06],"s":[0.07696758,0.3245576,0.02010485],"c":[0.4444444,0.3202821,0.04938265]}]},{"b":13,"s":[{"p":[-0.003107379,0.001578078,0.02891305],"r":[90,-6.338946E-06,0],"s":[0.07487155,0.01589962,0.09737688],"c":[1,1,1]}]},{"b":60,"s":[{"p":[-2.793968E-09,-1.024455E-08,0.05339066],"r":[6.181581E-14,-7.137013E-07,9.925118E-06],"s":[0.2494863,0.3244915,0.02010406],"c":[0.4444444,0.3202821,0.04938265]}]}]}