{"n":"thing","a":[22],"p":[{"b":63,"s":[{"p":[0,0,0],"r":[0,0,0],"s":[-0.3862696,-0.8369719,-0.8462532],"c":[0.6666667,0.6349207,0.4444444]}]},{"t":2,"s":[{"p":[-0.2438025,0.03499952,-0.2981726],"r":[0,0,270],"s":[-0.1892409,-0.09421622,-0.4732709],"c":[0,0.5714284,1]}]},{"b":60,"s":[{"p":[-0.3302391,-0.3668371,-0.7106652],"r":[9.391511E-06,337.5,270],"s":[-1.012343,-0.5958035,-0.1350255],"c":[0.6666667,0.6349207,0.4444443]}]},{"im":"158025865641990752/078F398E0221D22F19B741F621FDF3EDB99BE7D0/","s":[{"p":[-0.3074117,-0.3715733,-0.7739499],"r":[-3.415095E-06,247.5,90.00002],"s":[0.898443,0.01,0.5051246],"c":[0,0,0],"b":["when touched then play enter digital beep"]}]}]}