{"n":"thing","a":[2,22,20],"p":[{"im":"158025865642240641/10DB41C7A9D0CAD0EBAFC680A573E3FE2BE64EB3/","s":[{"p":[0,0,0],"r":[0,0,0],"s":[0.4217121,0.005543001,0.6736293],"c":[1,1,1]}]}]}