{"n":"thing","a":[22],"p":[{"im":"158025865642161624/FE6BD40753EC7D72FCAEACF4C9F32E8048E8F922/","s":[{"p":[0,0,0],"r":[0,0,0],"s":[0.5925316,0.01,0.5925316],"c":[1,1,1]}]}]}