{"n":"thing","a":[7,18],"p":[{"b":4,"t":1,"s":[{"p":[0,0,0],"r":[0,0,0],"s":[0.1248587,0.1251216,0.08487511],"c":[0.5555556,0.5555556,0.5555556]}]},{"b":10,"t":3,"s":[{"p":[-0.001594305,0,-0.07076001],"r":[0,0,89.99999],"s":[0.04433865,0.04155117,0.05566361],"c":[0.8888889,0.8888889,0.8888889]}]},{"b":10,"t":1,"s":[{"p":[-0.0005177259,0,0.0738647],"r":[0,0,90.00001],"s":[0.03447077,0.03181269,0.02493894],"c":[0.5555556,0.5555556,0.5555556]}]},{"b":5,"t":1,"s":[{"p":[0.0003092289,0,0.4821389],"r":[0,0,-1.024528E-05],"s":[0.005000199,0.005000816,1.37855],"c":[0,0,0]}]}]}