{"n":"ground","a":[1],"p":[{"b":17,"s":[{"p":[0,0,0],"r":[0,0,0],"s":[150,0.005,150],"c":[0.2222221,0.2222221,0.2222221]}]}]}