{"n":"thing","a":[2,22,17],"p":[{"im":"158025865642239160/F7222C5539D689C8A56C9287E0578B599C51FA9D/","s":[{"p":[0,0,0],"r":[0,0,0],"s":[0.4758065,0.007779732,0.5848452],"c":[1,1,1]}]}]}