{"n":"thing","a":[13,20],"p":[{"b":58,"a":[3],"s":[{"p":[0,0,0],"r":[0,0,8.537737E-07],"s":[1.244779,38.56371,1.243699],"c":[0.2172837,0.222222,0.1975306]}]},{"b":38,"s":[{"p":[-1.770205,3.688632,0.3245558],"r":[0.5908901,72.89292,264.1514],"s":[0.1250014,0.787885,0.9518921],"c":[0.2172837,0.222222,0.1975306]}]},{"b":38,"s":[{"p":[1.156247,3.700449,1.233688],"r":[0.7309918,253.0485,94.24175],"s":[0.1250013,0.7878886,0.9519005],"c":[0.2172837,0.222222,0.1975306]}]},{"s":[{"p":[-0.4888021,3.682613,1.728133],"r":[1.234327,346.2097,176.8094],"s":[2.591275,0.1750007,1.138014],"c":[0.2172837,0.222222,0.1975306]}]}]}