{"n":"thing","p":[{"b":17,"s":[{"p":[0,0,0],"r":[0,0,0],"s":[0.5409313,1.276356,2.379282],"c":[0.2222221,0.2222221,0.2222221]}]}]}