{"n":"thing","p":[{"b":17,"t":3,"s":[{"p":[0,0,0],"r":[0,0,0],"s":[0.04788075,0.03040135,0.03606351],"c":[0,1,1]}]}]}