{"n":"thing","p":[{"b":17,"s":[{"p":[0,0,0],"r":[0,0,0],"s":[0.9979138,0.8353128,0.1517572],"c":[0.4444443,0.4444443,0.4444443]}]}]}