{"n":"thing","p":[{"t":8,"a":[12],"s":[{"p":[0,0,0],"r":[0,0,0],"s":[10.66416,0.1728449,6.578093],"c":[1,1,1]}]}]}