{"n":"thing","a":[2,7],"p":[{"s":[{"p":[0,0,0],"r":[0,0,0],"s":[0.1750033,0.1750025,0.1750037],"c":[1,1,1]}]},{"b":26,"s":[{"p":[0.02083611,0.147952,-0.02774501],"r":[0,0,270],"s":[0.1250065,0.1250008,0.1250063],"c":[1,1,1]}]},{"b":32,"s":[{"p":[-0.06315434,0.1417033,-0.2173772],"r":[0,0,270],"s":[0.1250203,0.1250067,0.1250211],"c":[1,1,1]}]}]}