{"n":"thing","a":[7,18],"p":[{"b":63,"t":8,"a":[12],"su":[{"i":"589681f46a51e62908cba359","t":"5896891012ff029f13142bb2","p":[-0.8307646,1.023692,0.1654918],"r":[90,180,0]}],"s":[{"p":[0,0,0],"r":[0,0,0],"s":[0.1250132,0.1250015,0.1250124],"c":[1,1,1],"b":["when told pressed then become 2 in 2s"]},{"p":[0.8167248,-1.428007E-07,7.140035E-08],"r":[0,0,0],"s":[0.1250822,0.125008,0.1250784],"c":[1,1,1],"b":["when starts then become 3 in 10s"]},{"p":[0.8217182,-1.548496E-07,7.183689E-08],"r":[-3.763252E-13,3.289939E-20,-1.001791E-05],"s":[0.1250858,0.1250072,0.1250824],"c":[1,1,1],"b":["when starts then become 1 in 2s"]}]}]}