{"n":"thing","p":[{"b":49,"t":7,"s":[{"p":[-0.05216984,-0.008961558,-0.1339643],"r":[7.140515,227.7758,354.4064],"s":[0.1250004,0.1250002,0.1250001],"c":[1,1,1]}]},{"b":48,"t":7,"s":[{"p":[-0.2120498,-0.0004789233,-0.1906467],"r":[335.6145,256.9761,122.4064],"s":[0.1250006,0.1250008,0.1250006],"c":[1,1,1]}]},{"b":46,"t":7,"s":[{"p":[-0.3265029,0.1226333,-0.2870304],"r":[344.0061,214.0823,287.5252],"s":[0.125,0.125,0.1250001],"c":[1,1,1]}]}]}