{"n":"thing","a":[7],"p":[{"b":12,"t":1,"s":[{"p":[0,0,0],"r":[0,0,0],"s":[0.27631,0.06000403,0.256542],"c":[1,0.2634919,0.111111]}]}]}