{"n":"thing","a":[7,18],"p":[{"s":[{"p":[0,0,0],"r":[0,0,0],"s":[2.25186,2.745695,0.1750655],"c":[0.8888889,0.8888889,0.8888889]}]}]}