{"n":"thing","a":[7,18],"p":[{"s":[{"p":[0,0,0],"r":[0,0,0],"s":[0.1750263,5.335066,0.1750241],"c":[0.4444443,0.3358023,0.09876534]}]}]}