{"n":"thing","p":[{"b":39,"t":1,"s":[{"p":[0,0,0],"r":[0,0,0],"s":[0.09608371,0.06840457,0.1654394],"c":[1,0,0.1714283]}]},{"b":39,"t":1,"s":[{"p":[-1.321442,0.4333797,0.2642144],"r":[353.274,22.46642,309.1069],"s":[0.09608364,0.06840454,0.1654394],"c":[1,0,0.1714283]}]}]}