{"n":"thing","a":[7,18,20,23],"p":[{"s":[{"p":[0,0,0],"r":[0,0,0],"s":[19.89337,0.08169348,1.338902],"c":[0.4444441,0.3358021,0.0987651]}]}]}