{"n":"thing","p":[{"b":50,"t":1,"s":[{"p":[0.03943251,0.01357885,-0.07312029],"r":[4.702078,303.1552,9.279503],"s":[0.3749063,0.3418192,0.2134228],"c":[0.5555556,0.5555556,0.5555556]}]},{"b":50,"t":1,"s":[{"p":[0.01451389,0.006322922,0.004224286],"r":[359.4972,10.08014,0.9928961],"s":[0.3749077,0.3180675,0.2134237],"c":[0.5555556,0.5555556,0.5555556]}]},{"b":4,"t":1,"s":[{"p":[0.1029937,0.01155907,0.1667026],"r":[356.3406,64.06902,2.792859],"s":[0.0482512,0.05447467,0.04740351],"c":[0.5555556,0.5555556,0.5555556]}]},{"b":55,"t":1,"s":[{"p":[0.2536418,0.03995366,-0.1478517],"r":[351.2897,99.99409,357.59],"s":[0.07091199,0.1250004,0.06311814],"c":[0.5555556,0.5555556,0.5555556]}]}]}