{"n":"thing","a":[7,13,18],"p":[{"s":[{"p":[0,0,0],"r":[0,0,0],"s":[0.0998005,4.073471,0.1416202],"c":[0.4444444,0.3047618,0]}]},{"s":[{"p":[0.7108059,-1.035738,-0.002843976],"r":[2.930908E-06,180,45],"s":[0.1751048,2.059322,0.04249587],"c":[0.4444441,0.3358021,0.09876513]}]},{"s":[{"p":[1.452813,-4.768372E-07,-0.01372936],"r":[1.526666E-13,1.024528E-05,-1.707547E-06],"s":[0.1673247,1.216237,0.07147373],"c":[0.4444444,0.3047618,0]}]},{"s":[{"p":[0.7196481,1.02973,-0.008286595],"r":[-2.930904E-06,180,315],"s":[0.1750955,2.059316,0.04249397],"c":[0.4444441,0.3358021,0.09876513]}]}]}