{"n":"thing","p":[{"b":9,"t":1,"s":[{"p":[0,0,0],"r":[0,0,0],"s":[0.1250002,0.1250002,0.1250002],"c":[0,1,0.9142858]}]}]}