{"n":"thing","a":[22],"p":[{"s":[{"p":[0,0,0],"r":[0,0,0],"s":[30.90795,14.11685,0.1976541],"c":[0.3086419,0.5555556,0.5555556]}]}]}