{"n":"thing","a":[20,21],"p":[{"b":29,"s":[{"p":[-4.150431,2.151216,-7.259572],"r":[323.3711,30.07022,43.94495],"s":[15.72033,1.569233,7.148501],"c":[0.1234567,0.1629628,0.2222221]}]},{"b":29,"s":[{"p":[-12.08881,-9.131297,-3.16457],"r":[37.65111,207.9072,314.792],"s":[15.72027,1.569233,7.148483],"c":[0.1234567,0.1629628,0.2222221]}]},{"b":29,"s":[{"p":[-18.57328,-18.06146,7.992671],"r":[37.1032,207.984,133.989],"s":[15.7204,1.569251,7.148515],"c":[0.1234567,0.1629628,0.2222221]}]}]}