{"n":"thing","p":[{"s":[{"p":[0,0,0],"r":[0,0,0],"s":[3.124581,0.005000002,2.502894],"c":[0.1234567,0.3703702,0.5555556]}]}]}