{"n":"ramp","a":[22],"p":[{"b":11,"t":1,"s":[{"p":[0,0,0],"r":[0,0,0],"s":[0.452028,2.086223,0.7216309],"c":[0.3185183,0.7777778,0.2592591]}]},{"b":11,"t":1,"s":[{"p":[1.076513E-06,4.171935,-1.442503],"r":[0,0,0],"s":[0.452028,2.086223,0.7216309],"c":[0.3185183,0.7777778,0.2592591]}]}]}