{"n":"thing","a":[22],"p":[{"b":38,"s":[{"p":[0,0,0],"r":[0,0,0],"s":[9.774923,1.375977,1.375922],"c":[0.222222,0.222222,0.222222]}]}]}