{"n":"thing","a":[22,21],"p":[{"b":86,"t":2,"s":[{"p":[0,0,0],"r":[0,0,0],"s":[13.70152,13.70082,13.70139],"c":[0,0,0]}]},{"b":86,"t":2,"s":[{"p":[0,35.07651,-6.132972E-06],"r":[1.001792E-05,90.00001,180],"s":[13.70129,13.70249,13.70153],"c":[0,0,0]}]},{"b":59,"t":7,"a":[3],"s":[{"p":[-0.2728496,18.87283,0.001483679],"r":[7.083739E-06,225,7.083736E-06],"s":[25.7254,120.5574,25.35218],"c":[0.5555556,1,1]}]}]}