{"n":"thing","a":[22,18],"p":[{"s":[{"p":[0,0,0],"r":[0,0,0],"s":[3.395488,0.04260427,0.08068693],"c":[0.4444442,0.3047616,0]}]},{"s":[{"p":[0,-0.04042447,0],"r":[1.001791E-05,8.757938E-13,1.001791E-05],"s":[3.366222,0.0426047,0.04077618],"c":[0.4444442,0.3047616,0]}]}]}