{"n":"thing","a":[2,7,15,18],"p":[{"b":59,"t":7,"s":[{"p":[-0.001627814,0.004671877,0.0005392605],"r":[3.977472,7.409222,1.388996],"s":[0.026282,0.8048018,0.02730776],"c":[0,0,0],"b":["when consumed then become 2 in 0.2s","when consumed then play drink sip and swallow"]}]},{"b":3,"t":7,"s":[{"p":[-0.001050589,-0.03346334,-0.002209729],"r":[274.2126,348.1415,19.21951],"s":[0.02580689,0.02927116,0.005000242],"c":[0,0,0]}]},{"b":5,"t":7,"s":[{"p":[-0.001930859,-0.001883405,0.001923448],"r":[274.2126,348.1415,289.2195],"s":[0.01951174,0.01591216,0.06774845],"c":[0,1,0.05714282],"b":["when consumed then become 2 in 0.4s"]},{"p":[-0.001930242,-0.03066635,0.001923562],"r":[270,270,0],"s":[0.01951306,0.01591151,0.00500005],"c":[0,1,0.05714273]}]}]}