{"n":"thing","a":[7,18,20],"p":[{"s":[{"p":[0,0,0],"r":[0,0,0],"s":[2.978935,0.1750158,2.91137],"c":[0.5555556,0.4585538,0.2469132]}]}]}