{"n":"brass","a":[2,21],"p":[{"b":5,"s":[{"p":[0,0,0],"r":[0,0,0],"s":[0.001084829,0.001084829,0.001084829],"c":[1,1,1]}]},{"b":5,"t":1,"s":[{"p":[0.003355145,-0.00245218,-0.00281024],"r":[-9.659349E-06,270,180],"s":[0.003743889,0.003745547,0.03146414],"c":[0.5555556,0.4938272,0.1234567],"b":["when any part touches then play bullet shells"]}]},{"b":58,"t":1,"s":[{"p":[0.01655877,-0.002535138,-0.002870917],"r":[0,0,270],"s":[0.004268588,0.04264806,0.004275437],"c":[0.5555556,0.4938272,0.1234567]}]},{"b":5,"t":1,"s":[{"p":[-0.01036006,-0.002206249,-0.002634645],"r":[1.439355E-13,90,1.439355E-13],"s":[0.004109596,0.00412315,0.002650388],"c":[0.5555556,0.4938272,0.1234567]}]}]}