{"n":"thing","a":[2,6,12,14,20],"p":[{"b":73,"t":7,"s":[{"p":[0,0,0],"r":[0,0,0],"s":[0.2456299,0.2456302,0.2456302],"c":[0,0.2222221,0.2031745]}]},{"b":73,"t":6,"s":[{"p":[-0.006221718,-0.001504752,-0.001379041],"r":[354.9189,5.778302,351.3582],"s":[0.04661778,0.04661814,0.04661811],"c":[1,1,1]}]}]}