{"n":"thing","a":[2,22],"p":[{"im":"158026487778952219/B95FE97C2DE046CAD1756315E40B94BE7BAA0C26/","s":[{"p":[0,0,0],"r":[0,0,0],"s":[0.3167548,0.01000014,0.4130562],"c":[1,1,1]}]}]}