{"n":"thing","a":[7,13,18,20],"p":[{"s":[{"p":[0,0,0],"r":[0,0,0],"s":[1.513821,0.1374932,2.293236],"c":[0.5555556,0.4585538,0.2469132]}]},{"s":[{"p":[1.886792,-5.758033E-07,0],"r":[0,0,0],"s":[0.2744422,0.1486892,2.293457],"c":[0.5555556,0.4585538,0.2469132]}]}]}