{"n":"thing","a":[7],"p":[{"s":[{"p":[-0.1348872,0.007458195,-0.01023533],"r":[0,-1.001791E-05,0],"s":[0.4686828,16.65139,0.3805259],"c":[1,1,1]}]},{"s":[{"p":[-0.1937067,0.004824698,-6.423583],"r":[0,0,0],"s":[0.4688485,16.65886,0.3808241],"c":[1,1,1]}]}]}