{"n":"gold","a":[2],"p":[{"b":7,"t":1,"s":[{"p":[0,0,0],"r":[0,0,0],"s":[0.1250021,0.04763856,0.04759369],"c":[0.9714286,1,0]}]}]}