{"n":"thing","a":[5,20],"p":[{"b":17,"s":[{"p":[0,0,0],"r":[0,0,0],"s":[2.473043,0.1601625,2.380676],"c":[0.9019608,0.8509804,0.7215686]}]}]}