{"n":"thing","a":[21],"p":[{"b":3,"s":[{"p":[0,0,0],"r":[0,0,0],"s":[6.59958,6.598469,6.599027],"c":[0.1728394,0.4148144,0.7777778]}]},{"b":17,"s":[{"p":[1.645647E-06,0.0263508,1.627952E-06],"r":[7.24451E-06,-7.24451E-06,90],"s":[4.13977,4.268363,4.313435],"c":[0.07407401,0.6666667,0.1079364]}]}]}