{"n":"thing","a":[7],"p":[{"t":8,"a":[12],"su":[{"i":"589ea9667004612aa41731ac","t":"589ea967c934cdff136b5cb5","p":[0.01453686,-0.240056,-0.21943],"r":[0,0,270]}],"s":[{"p":[0,0,0],"r":[0,0,0],"s":[0.02916497,0.1437515,0.1750891],"c":[1,1,1],"b":["when told by any openg then become 2 in 2s"]},{"p":[0.007487297,0.005701065,0.002418637],"r":[0,0,90],"s":[0.02917034,0.1437302,0.1750928],"c":[1,1,1],"b":["when told by any openg then become 1 in 2s"]}]}]}