{"n":"ma5g bullet","a":[2,15],"p":[{"b":14,"t":3,"s":[{"p":[0,0,0],"r":[0,0,0],"s":[0.005,0.005,0.032129],"c":[1,0.8571429,0]}]}]}