{"n":"thing","a":[21],"p":[{"b":86,"s":[{"p":[-0.01000502,0.008685618,-0.1956187],"r":[286.4867,84.8286,103.63],"s":[0.02273739,0.1361122,0.02389065],"c":[0,0,0]}]},{"b":5,"s":[{"p":[0.008148587,0.00311251,-0.05835924],"r":[3.022793,9.367645,347.3219],"s":[0.03872172,0.04190282,0.04315599],"c":[0,0,0]}]},{"b":69,"t":8,"a":[12],"s":[{"p":[-0.007431325,-0.007332947,-0.1855042],"r":[87.06021,243.5335,57.74004],"s":[0.05455872,0.08452056,0.06572949],"c":[1,1,1]}]}]}