{"n":"thing","a":[7],"p":[{"s":[{"p":[0,0,0],"r":[0,0,0],"s":[1.093469,0.01902699,0.4753775],"c":[0.5555556,0.1234567,0.271605]}]}]}