{"n":"table","a":[4,7,21,23],"p":[{"b":83,"s":[{"p":[0,0,0],"r":[0,0,0],"s":[0.1706537,0.04228563,0.4488557],"c":[1,1,1]}]},{"b":83,"s":[{"p":[0.002922297,-0.01517677,0.002449989],"r":[0,0,270],"s":[0.1706542,0.04228772,0.4488776],"c":[1,1,1]}]},{"b":72,"s":[{"p":[0.000207901,-0.01283264,0.3339107],"r":[0,270,270],"s":[0.2780579,0.006708001,0.2726384],"c":[0,0,0]}]}]}