{"n":"thing","p":[{"b":45,"t":7,"s":[{"p":[0,0,0],"r":[0,0,0],"s":[0.564825,0.9544908,0.3471758],"c":[0,1,0.9142858]}]}]}