{"n":"thing","p":[{"s":[{"p":[0,0,0],"r":[0,0,0],"s":[1.356392,0.1750007,2.050902],"c":[0.3333333,0.3333333,0.3333333],"b":["when told by nearby door play flag pole being struck ","when told by nearby door then become 2 in 2s"]},{"p":[-0.7143347,-0.01193848,0.06518012],"r":[355.5432,1.840343,346.0937],"s":[0.09534644,0.1750008,2.050904],"c":[0.3333332,0.3333332,0.3333332],"b":["when told by nearby door then become 1 in 0.5s"]}]}]}