{"n":"thing","a":[21],"p":[{"b":5,"t":1,"s":[{"p":[0,0,0],"r":[0,0,0],"s":[0.02018769,0.02018772,0.02018776],"c":[0.9714286,1,0]}]},{"b":5,"t":1,"s":[{"p":[0.005605092,0.0287559,0.002785013],"r":[346.5401,3.635137,359.0846],"s":[0.0201877,0.02018774,0.02018776],"c":[0.9714286,1,0]}]},{"b":5,"t":1,"s":[{"p":[0.04081156,-0.008532928,0.002962898],"r":[3.116456,8.882957,354.5364],"s":[0.02018772,0.02018775,0.02018778],"c":[0.9714286,1,0]}]}]}