{"n":"thing","a":[7,18,21],"p":[{"b":19,"e":"CREATED BY\nGILLS, ZID,\nMURKYMUDD\nAND\nCABBAGE","s":[{"p":[-0.00554657,0.0001230249,0.005490303],"r":[90,-9.659345E-06,0],"s":[0.0002160267,0.0002159798,0.0002160293],"c":[1,1,1]}]},{"s":[{"p":[0.0009040833,-1.616627E-10,0],"r":[0,0,0],"s":[0.01857932,0.0001562549,0.0151821],"c":[0,0,0]}]}]}