{"n":"thing","p":[{"im":"92724624758713298/C541B2669681B13E55A0BBC4C83161C86976413B/","s":[{"p":[0,0,0],"r":[0,0,0],"s":[0.3370088,0.01000001,0.2093291],"c":[1,1,1]}]}]}