{"n":"thing","p":[{"t":3,"s":[{"p":[0,0,0],"r":[0,0,0],"s":[0.7590826,0.6975231,0.2002518],"c":[0.222222,0,0.03809521]}]}]}