{"n":"thing","p":[{"s":[{"p":[0,0,0],"r":[0,0,0],"s":[0.1303835,0.03531173,0.03357113],"c":[0.3372133,0.4444444,0.2469135]}]},{"s":[{"p":[-0.006969878,-0.002132539,-0.04637247],"r":[2.718523,359.9286,0.6481258],"s":[0.1303835,0.03531174,0.03357114],"c":[0.5555556,0.4656083,0.3703703]}]},{"s":[{"p":[-0.01414516,-0.001058534,-0.09073199],"r":[1.24021,359.0344,359.1377],"s":[0.1303835,0.03531174,0.03357115],"c":[0.3333333,0.2793649,0.2222221]}]}]}