{"n":"2","a":[2,12,14,15],"p":[{"b":3,"t":2,"a":[3],"s":[{"p":[0,0,0],"r":[0,0,1.707547E-06],"s":[0.02736578,0.02736539,0.03310696],"c":[0,0.9142855,1]}]},{"b":3,"t":3,"s":[{"p":[3.35509E-07,2.230518E-07,-0.04275644],"r":[-5.122643E-06,1.024528E-05,1.024528E-05],"s":[0.02472856,0.02472838,0.06274793],"c":[0,0.9142855,1]}]},{"b":3,"t":2,"s":[{"p":[4.842877E-08,1.108274E-07,-0.08541064],"r":[-1.195283E-05,1.109905E-05,1.024528E-05],"s":[0.01434784,0.0143472,0.08594535],"c":[0,0.9142855,1]}]}]}