{"n":"floor platform","a":[7,18,21],"p":[{"b":2,"s":[{"p":[0,0,0],"r":[0,0,0],"s":[4.729151,4.732718,4.732647],"c":[0.311111,1,0.222222]}]}]}