{"n":"dont forget me lol","p":[{"b":45,"s":[{"p":[0,0,0],"r":[0,0,0],"s":[0.1250004,0.2456265,0.1078794],"c":[1,0.952381,0.6666666]}]},{"b":20,"e":"AND","s":[{"p":[-0.01818752,0.02302313,-0.03720665],"r":[359.7888,250.4851,99.93561],"s":[0.002362943,0.002362704,0.002362964],"c":[0,0,0]}]},{"b":20,"e":"OVERVISOR","s":[{"p":[-0.02360916,0.00966692,-0.002990723],"r":[359.7494,274.5687,89.64838],"s":[0.003000162,0.003000064,0.003000158],"c":[0,0,0]}]}]}