{"n":"thing","a":[7],"p":[{"b":17,"t":2,"s":[{"p":[0.01427436,-0.08903695,0.003551729],"r":[0,0,5.008957E-06],"s":[0.005002664,0.004999675,0.005004118],"c":[1,0.6857142,0],"b":["when touched then tell nc","when touched then become 2 in 0.1s"]},{"p":[0.03980161,-0.2492504,-0.01536557],"r":[0,0,1.502687E-05],"s":[0.1017555,0.1541405,0.1705653],"c":[1,0.6857142,0],"b":["when starts then destroy all parts","when starts then play heavy explosion"]}]},{"b":17,"t":2,"s":[{"p":[0.01333547,-0.08701897,0.006149538],"r":[0,0,1.502687E-05],"s":[0.005001105,0.005003545,0.005005905],"c":[0.9714286,1,0],"b":["when told nc then become 2 in 0.1s"]},{"p":[0.05592157,-0.174284,-0.02227353],"r":[0,0,0],"s":[0.105887,0.1531572,0.1591427],"c":[0.9714286,1,0]}]}]}