{"n":"thing","a":[7,18],"p":[{"b":3,"s":[{"p":[0,0,0],"r":[0,0,0],"s":[0.5250455,0.005000483,0.5027726],"c":[0,0,0]}]}]}