{"n":"light","a":[7],"p":[{"b":82,"t":1,"s":[{"p":[0,0,0],"r":[0,0,0],"s":[0.0830811,0.005,0.07500033],"c":[0.4444443,0.4761901,1]}]},{"t":1,"s":[{"p":[0.0007381439,0.0001745224,0.002550125],"r":[1.162597E-06,-1.162597E-06,90],"s":[0.00500587,0.005002086,0.2128978],"c":[0,0,0]}]},{"b":72,"t":2,"s":[{"p":[0.003230572,-0.0003089909,0.003875017],"r":[0,0,-8.537737E-06],"s":[0.06517106,0.005478418,0.06765217],"c":[1,1,1]}]}]}