{"n":"blue gem of philipp","a":[2,3,20,21],"p":[{"b":14,"t":1,"s":[{"p":[0,0,0],"r":[0,0,0],"s":[0.03629453,0.03441612,0.02275131],"c":[0,0.05714257,1]}]},{"b":14,"t":7,"s":[{"p":[0,0,0.0007867813],"r":[0,0,0],"s":[0.0421343,0.03852047,0.0232103],"c":[0,0.05714252,1],"b":["when touches philippsritual then become 2 in 0.5s"]},{"p":[0,0,0.0007867813],"r":[0,0,0],"s":[0.0421343,0.03852047,0.0232103],"c":[0,0.05714252,1],"b":["when starts then destroy all parts"]}]}]}