{"n":"froggun","a":[2,3],"inc":[["thing","58a0a50cd453fb9e6bafbcb5"],["frog","58a0a649694d6287157527ab"],["frog 2","58a0a72413c231a56b9bc090"],["frog 3","58a0a8f6d1f7ec7b157cf94e"],["thing 2","58a0a9e40680061c10d50854"],["frog 4","58a0aa07fc21c2986b7b0f10"],["frog 5","58a0ac1d477209d6134eee3b"]],"p":[{"b":5,"s":[{"p":[0.06217457,-7.450581E-09,0.05832363],"r":[0,90,0],"s":[0.02370136,0.0168031,0.2009519],"c":[0,1,1]}]},{"b":5,"s":[{"p":[-0.02453543,0,0],"r":[0,22.50001,0],"s":[0.02370219,0.01680321,0.1594146],"c":[0,1,0.05714282]}]},{"b":5,"t":7,"s":[{"p":[1.041324,-0.04418871,0.1730403],"r":[296.0114,70.11588,359.243],"s":[0.005000101,0.005000043,0.005000077],"c":[0,1,0.05714267],"b":["when triggered then emit frog 5 with 3"]}]}]}