{"n":"yellow gem of philipp","a":[2,3,20,21],"p":[{"b":61,"t":1,"s":[{"p":[0,0,0],"r":[0,0,0],"s":[0.09491803,0.09491764,0.09491764],"c":[0.9714286,1,0]}]},{"b":61,"t":7,"s":[{"p":[0,0,-0.0004167557],"r":[0,0,0],"s":[0.1032149,0.1047444,0.1041859],"c":[0.9714286,1,0],"b":["when touches philippsritual then become 2 in 0.5s"]},{"p":[0,0,-0.0004167557],"r":[0,0,0],"s":[0.1032149,0.1047444,0.1041859],"c":[0.9714286,1,0],"b":["when starts then destroy all parts"]}]}]}