{"n":"thing","p":[{"b":3,"t":8,"a":[12],"s":[{"p":[0,0,0],"r":[0,0,0],"s":[0.1250003,0.1250001,0.1250003],"c":[1,1,1],"b":["when told by any boom2 then become next in 1s"]},{"p":[0,0,0],"r":[0,0,0],"s":[0.1250003,0.1250001,0.1250003],"c":[1,1,1],"b":["when starts then play distant thump 2 with 9999"]}]}]}