{"n":"thing","a":[5,7],"p":[{"t":7,"s":[{"p":[0,0,0],"r":[0,0,0],"s":[0.2420775,150,4.123174],"c":[0.1111108,0.1111108,0.1111108],"b":["when starts then disallow emitted transporting","when starts then disallow emitted climbing"]}]},{"s":[{"p":[0.238555,-0.0002081216,0.001440764],"r":[0,0,-1.001791E-05],"s":[0.2421006,150,4.120806],"c":[0.111111,0.111111,0.111111]}]}]}