{"n":"bckwlclndr","a":[5,22],"p":[{"b":83,"t":7,"s":[{"p":[0,0,0],"r":[0,0,0],"s":[0.3057655,3.075648,0.3508997],"c":[0,1,0.9142858]}]},{"b":83,"t":7,"s":[{"p":[0.003350988,-0.03668681,-0.1637786],"r":[1.001791E-05,180,0],"s":[0.3046528,0.005000244,0.5361185],"c":[0,1,0.9142858]}]},{"b":59,"t":1,"s":[{"p":[-3.635884E-06,0.2428618,-0.5801784],"r":[270,0,0],"s":[0.455456,0.1766101,1.201785],"c":[1,0.6857142,0]}]},{"b":57,"t":1,"s":[{"p":[-0.004710526,0.2441248,-0.287422],"r":[1.195283E-05,90,270],"s":[1.422444,0.7633532,0.5328556],"c":[1,0.6857142,0]}]}]}