{"n":"thing","a":[27],"p":[{"t":8,"a":[12],"s":[{"p":[0,0,0],"r":[0,0,0],"s":[0.1021816,0.07237734,0.09179078],"c":[1,1,1]}]}]}