{"n":"pencil","p":[{"b":5,"s":[{"p":[-0.1473764,0.2098742,0.07977723],"r":[25.80888,304.6201,335.4075],"s":[0.005000019,0.005000004,0.1250005],"c":[0.9714286,1,0]}]},{"b":16,"s":[{"p":[-0.11316,0.2303506,0.05548496],"r":[292.7519,291.498,15.57979],"s":[0.005000057,0.01434536,0.005000046],"c":[0.8888889,0.1975308,0.3160492]}]},{"b":14,"s":[{"p":[-0.1776846,0.1925044,0.09976341],"r":[26.54182,307.7455,310.7381],"s":[0.005000014,0.005000005,0.01026835],"c":[0,0,0]}]}]}