{"n":"thing","a":[1,2,3,7,13],"p":[{"b":14,"t":1,"s":[{"p":[-2.729625E-10,-0.003122327,-0.01336479],"r":[89.98022,180,0],"s":[0.05261969,0.005000157,0.04155267],"c":[0.5467371,0.5555556,0.2469135]}]},{"b":14,"t":1,"s":[{"p":[0.000381227,-0.04969597,-0.01368333],"r":[-1.366038E-05,270,89.99999],"s":[0.05263485,0.005001228,0.03018753],"c":[0.5467371,0.5555556,0.2469135]}]}]}