{"n":"vip bar sign","a":[7,21],"p":[{"b":18,"e":"V.I.P BAR","s":[{"p":[-0.4897208,0.01949338,0.1450227],"r":[90,0,0],"s":[0.02121543,0.02121381,0.02121573],"c":[1,1,1]}]},{"b":83,"t":2,"s":[{"p":[0.6831017,0.007602163,-0.004380323],"r":[-9.206567E-06,270,2.973268E-05],"s":[0.09234689,0.008304369,0.2076197],"c":[1,0,0.1714283]}]},{"t":2,"s":[{"p":[0,0,0],"r":[0,0,0],"s":[1.054765,0.02074773,0.5246431],"c":[1,0,0.1714283]}]}]}