{"n":"used balloon","a":[2,9,21,23],"p":[{"b":48,"t":7,"s":[{"p":[-0.1241523,-0.04746996,-0.007353149],"r":[26.13097,260.5974,160.9394],"s":[0.07501646,0.04134341,0.09767254],"c":[1,0.8603175,0.5555556]}]},{"b":56,"t":7,"s":[{"p":[-0.05924989,-0.01045219,-0.01234239],"r":[299.3987,304.664,2.334692],"s":[0.02497155,0.02497147,0.01014789],"c":[1,0.8603175,0.5555556]}]},{"b":16,"t":7,"s":[{"p":[-0.1849394,-0.07605775,-0.03187414],"r":[61.48131,123.0996,271.6142],"s":[0.01651869,0.02497149,0.009109568],"c":[1,0.8603175,0.5555556]}]},{"b":16,"t":7,"s":[{"p":[-0.202948,-0.07955617,-0.05830741],"r":[65.44107,116.7095,267.6165],"s":[0.006065759,0.01563915,0.004414309],"c":[1,0.8603175,0.5555556]}]}]}