{"n":"thing","a":[7,18],"p":[{"b":5,"s":[{"p":[0,0,0],"r":[0,0,0],"s":[0.1249932,0.1250071,0.1250179],"c":[1,1,1]}]}]}