{"n":"ray of light","a":[7],"p":[{"b":86,"t":7,"s":[{"p":[0,0,0],"r":[0,0,0],"s":[0.2236131,8.962694,0.2119044],"c":[0.9714286,1,0]}]}]}