{"n":"thing","a":[22],"p":[{"im":"158027122742731963/176906046C79388BCF01002F09DB360036C25417/","s":[{"p":[0,0,0],"r":[0,0,0],"s":[0.9910402,0.01,0.6978922],"c":[1,1,1]}]}]}