{"n":"thing","a":[8],"p":[{"b":73,"t":3,"s":[{"p":[0,0,0],"r":[0,0,0],"s":[0.2250062,0.2250101,0.225013],"c":[1,1,1]}]}]}