{"n":"thing","a":[7,18],"p":[{"b":27,"s":[{"p":[0,0,0],"r":[0,0,0],"s":[0.2615835,0.005000953,0.2742001],"c":[0,0,0]}]},{"b":63,"s":[{"p":[0.2229992,-0.0010897,0.09060992],"r":[0,0,180],"s":[0.1272061,0.01747732,0.1534095],"c":[0,0,0]}]}]}