{"n":"floor","a":[7,18],"p":[{"s":[{"p":[0.25,0.05299997,0.04799998],"r":[0,0,0],"s":[10.98746,12.43483,0.05152919],"c":[0.3333333,0.3333333,0.3333333]}]}]}