{"n":"thing","a":[7,18],"p":[{"s":[{"p":[0,0,0],"r":[0,0,-6.157171E-14],"s":[11.12482,0.1750014,2.046528],"c":[1,1,1]}]}]}