{"n":"thing","a":[7,18],"p":[{"b":82,"s":[{"p":[0,0,0],"r":[0,0,0],"s":[0.6283964,3.51915,0.678075],"c":[1,1,1]}]}]}