{"n":"necronomibomb","a":[1,6,21],"p":[{"b":9,"t":7,"s":[{"p":[0,0,0],"r":[0,0,0],"s":[25.30468,25.30476,25.30465],"c":[0,1,0.9142858],"b":["when starts then become next in 30s"]},{"p":[-0.3417917,0.7200233,3.138265],"r":[339.2439,358.4918,193.4273],"s":[25.30498,25.305,25.3049],"c":[0.9714285,0,1],"b":["when starts then become previous in 20s"]}]},{"b":9,"t":7,"s":[{"p":[0.385751,1.638114,0.04529989],"r":[61.49326,253.4472,158.118],"s":[25.3049,25.07721,25.30514],"c":[0.9714286,1,0],"b":["when starts then become next in 26s"]},{"p":[-0.2347597,0.665239,2.16223],"r":[10.64415,284.7074,143.9737],"s":[25.30504,25.07741,25.30518],"c":[0,0.5714284,1],"b":["when starts then become next in 30s"]}]}]}