{"n":"blast1","a":[6,7,12],"p":[{"b":17,"t":7,"s":[{"p":[0,0,0],"r":[0,0,0],"s":[0.06000597,0.06000263,0.0600035],"c":[1,1,1],"b":["when starts then become 2 in 0.2s"]},{"p":[0,0,0],"r":[0,0,0],"s":[0.6678523,0.5986866,0.6365528],"c":[1,0.6857142,0],"b":["when starts then destroy all parts"]}]}]}