{"n":"thing","a":[7,18],"p":[{"s":[{"p":[0,0,0],"r":[0,0,0],"s":[0.1750647,6.583144,14.64958],"c":[0,0,0]}]}]}