{"n":"thing","p":[{"b":9,"t":3,"s":[{"p":[0,0,0],"r":[0,0,3.201651E-07],"s":[0.07048288,0.05861434,0.05303405],"c":[1,1,1]}]}]}