{"n":"thing","a":[7,18],"p":[{"s":[{"p":[0,0,0],"r":[0,0,0],"s":[0.7576072,0.0750864,0.07761209],"c":[0.2592592,0.2761904,0.3333333]}]}]}