{"n":"splatshot","a":[12,16],"p":[{"b":10,"s":[{"p":[-0.003967221,-0.02307671,0.03791108],"r":[21.01509,337.7452,350.71],"s":[0.06698888,0.06526347,0.05941766],"c":[1,0.6857142,0],"b":["when hitting then become 2 in 0.2s"]},{"p":[-0.0374987,-0.02195566,0.04003491],"r":[318.1409,312.2669,45.67178],"s":[0.1250003,0.005000005,0.1142635],"c":[1,0.6857142,0],"b":["when starts then play splat hit","when "]}]}]}