{"n":"splatshot white","a":[12,16],"p":[{"b":10,"s":[{"p":[-0.003967221,-0.02307671,0.03791108],"r":[21.01509,337.7452,350.71],"s":[0.06698888,0.06526347,0.05941766],"c":[0,1,0.9142858],"b":["when touches then become 2 in 0.2s"]},{"p":[-0.01749582,-0.01700523,0.003354309],"r":[2.544165,273.1895,272.9714],"s":[0.1250006,0.005000011,0.1142638],"c":[0,1,0.9142858],"b":["when starts then play splat hit","when starts then become 3 in 10s"]},{"p":[-0.02854529,-0.0271323,0.006094866],"r":[318.5274,264.0329,102.9566],"s":[0.1250005,0.005000013,0.1142638],"c":[0,1,0.9142858],"b":["when starts then destroy all parts"]},{"p":[-0.01749582,-0.01700523,0.003354309],"r":[2.544165,273.1895,272.9714],"s":[0.1250006,0.005000011,0.1142638],"c":[0,1,0.9142858]}]}]}