{"n":"thing","p":[{"s":[{"p":[0,0,0],"r":[0,0,0],"s":[0.02847435,0.1691358,23.10818],"c":[1,1,1]}]},{"b":23,"e":"SHADOW RANGE","s":[{"p":[0.02077639,0.04997385,-11.49809],"r":[358.2839,269.6761,359.9763],"s":[0.00898763,0.008987627,0.00898763],"c":[1,1,1]}]},{"s":[{"p":[-0.00522995,0.003549337,9.438007],"r":[7.276108,87.70745,353.6474],"s":[0.005000015,0.1750004,0.1750005],"c":[0.9714286,1,0]}]},{"s":[{"p":[0.07925391,-0.05113125,12.48537],"r":[358.529,89.67333,89.6397],"s":[0.2748854,0.005000008,0.4063794],"c":[1,0,0]}]}]}