{"n":"thing","a":[7,18],"p":[{"s":[{"p":[0,0,0],"r":[0,0,7.656432E-20],"s":[2.628951,0.02995464,2.000735],"c":[0.3950616,0.4232803,0.4444443]}]},{"s":[{"p":[2.207765,-1.177968E-07,4.768371E-07],"r":[1.690016E-12,1.001791E-05,-1.001791E-05],"s":[1.785051,0.02995479,2.000558],"c":[0.3950616,0.4232803,0.4444443]}]},{"s":[{"p":[-2.207493,5.662441E-07,1.521378E-06],"r":[0,-1.001791E-05,1.001791E-05],"s":[1.78527,0.02995593,2.000614],"c":[0.3950616,0.4232803,0.4444443]}]}]}