{"n":"thing","a":[7,18],"p":[{"s":[{"p":[0,0,0],"r":[0,0,0],"s":[1.199873,0.3265656,0.1750312],"c":[0.5555556,0.5555556,0.5555556]}]},{"b":5,"t":2,"s":[{"p":[-0.01753829,0.07851986,-0.09444478],"r":[1.609983E-05,90,-1.072955E-06],"s":[0.01065828,0.01652608,1.414993],"c":[0.8804233,0.8888889,0.5925926]}]},{"b":5,"t":2,"s":[{"p":[-0.01753834,-0.08197592,-0.09444476],"r":[1.609983E-05,90,-1.072955E-06],"s":[0.01066027,0.0165279,1.415069],"c":[0.8804233,0.8888889,0.5925926]}]}]}