{"n":"meatx","a":[5],"p":[{"b":17,"t":1,"s":[{"p":[0,0,0],"r":[0,0,0],"s":[0.09576977,0.1087893,1.405831],"c":[1,0,0.3428572]}]}]}