{"n":"thing","p":[{"b":44,"s":[{"p":[0,0,0],"r":[0,0,5.336086E-07],"s":[0.3466421,8.594992,3.033465],"c":[0.222222,0.222222,0.222222]}]}]}