{"n":"thing","a":[2,3,7,18],"p":[{"b":88,"s":[{"p":[0,0,0],"r":[0,0,0],"s":[0.4501548,0.1250018,0.1250018],"c":[0.9714286,1,0]}]},{"b":83,"s":[{"p":[-0.2335789,-0.0279789,-0.008788943],"r":[270,270,0],"s":[0.06705563,0.03684776,0.08305142],"c":[1,1,1]}]},{"b":83,"s":[{"p":[0.1357009,-0.01083231,-0.004169822],"r":[270,270,0],"s":[0.03415152,0.03684498,0.05257942],"c":[1,1,1]}]}]}