{"n":"thing","a":[5,20,21,23],"p":[{"b":17,"s":[{"p":[-0.2258169,-0.4603982,0.2250626],"r":[2.868356,8.634062,6.378652],"s":[0.5005673,0.5651888,0.5461594],"c":[0.3851851,0.4444444,0.1481481]}]},{"b":17,"s":[{"p":[-0.3912388,0.3680728,0.1865605],"r":[41.75262,162.0258,17.54925],"s":[0.5005678,0.5651907,0.5461615],"c":[0.3851851,0.4444444,0.1481481]}]},{"b":17,"s":[{"p":[-0.993005,-0.2096559,0.5064084],"r":[25.2389,169.9763,359.0401],"s":[0.5005687,0.5651913,0.5461624],"c":[0.1876542,0.2222221,0.04938265]}]}]}