{"n":"thing","a":[22,18],"p":[{"b":8,"t":8,"a":[11,12],"su":[{"i":"58ae7776ae87fe0a3493691a","t":"58ae78732f270fb11358c1fc","p":[-0.7123827,0.7175171,-0.0566424],"r":[270,2.897803E-05,0]}],"s":[{"p":[0,0,0],"r":[0,0,0],"s":[0.1250248,0.125026,0.125006],"c":[1,1,1],"b":["when starts then become next in 6"]},{"p":[-0.005620003,0,0],"r":[-8.14222E-13,9.659346E-06,90.00001],"s":[0.125031,0.1250309,0.1250147],"c":[1,1,1],"b":["when starts then become next in 6"]},{"p":[-0.01466703,0,0],"r":[0,8.537737E-06,180],"s":[0.1250363,0.1250283,0.1250236],"c":[1,1,1],"b":["when starts then become next in 6"]},{"p":[-0.01466703,0,0.004987717],"r":[-1.162598E-06,1.118051E-05,270],"s":[0.1250384,0.1250362,0.1250318],"c":[1,1,1],"b":["when starts then become next in 6"]}]}]}