{"n":"thing","a":[8],"p":[{"b":4,"t":6,"s":[{"p":[0,0,0],"r":[0,0,0],"s":[0.005,0.005,0.005],"c":[0.8888889,0.8888889,0.8888889],"b":["when told by nearby elevator then become 2 in 0.1s"]},{"p":[0,0,0],"r":[0,0,0],"s":[0.005,0.01197489,0.1685388],"c":[0.8888889,0.8888889,0.8888889],"b":["when starts then play steam machine, then become 1 in 0.1s"]}]}]}