{"n":"thing","a":[22,18],"p":[{"b":44,"s":[{"p":[0,0,0],"r":[0,0,-1.28066E-06],"s":[1.773156,4.518641,4.620433],"c":[0.4444443,0.3964725,0.3456788]}]}]}