{"n":"thing","a":[7],"p":[{"a":[3],"im":"82592462915247578/A38C62B0A4135CDAEFAAAEF1312817CA111309E8/","s":[{"p":[-4.371138E-07,-2.499999,0],"r":[0,0,0],"s":[125.1473,0.01,93.86047],"c":[1,1,1]}]}]}