{"n":"thing","a":[7],"p":[{"s":[{"p":[0,0,0],"r":[0,0,0],"s":[3.123087,5.305778,3.044858],"c":[0.8888889,0.7647266,0.4938272]}]}]}