{"n":"thing","a":[7],"p":[{"s":[{"p":[-9.043724,-0.02818557,3.336371],"r":[1.001791E-05,90.00001,1.001791E-05],"s":[0.3608527,5.41168,3.814317],"c":[0.8888889,0.7647266,0.4938272]}]}]}