{"n":"thing","p":[{"b":64,"s":[{"p":[0,0,0],"r":[0,0,0],"s":[0.125003,0.005000004,0.1250028],"c":[0.04938265,0.2222221,0.05925919]}]},{"b":64,"s":[{"p":[0.08825134,-0.001131788,0.06912995],"r":[358.6165,285.5526,181.7157],"s":[0.1250489,0.005000031,0.1250468],"c":[0.04938265,0.2222221,0.05925919]}]},{"b":64,"s":[{"p":[-0.09286118,0.0009023114,0.1035929],"r":[359.5724,91.23308,359.1459],"s":[0.1250484,0.004999993,0.1250465],"c":[0.04938265,0.2222221,0.05925919]}]}]}