{"n":"thing","a":[7],"p":[{"s":[{"p":[0.7028815,0.05164516,0.01151887],"r":[0.08296255,354.7564,5.068865],"s":[0.005000581,3.20861,36.07792],"c":[0.1365078,0.3333333,0.111111]}]},{"s":[{"p":[0.6972582,-0.02774733,0.1168084],"r":[0.08296255,354.7564,5.068865],"s":[0.005000817,150,44.22673],"c":[0.1365078,0.3333333,0.111111]}]}]}