{"n":"thing","a":[7],"p":[{"s":[{"p":[0,0,0],"r":[0,0,4.378969E-13],"s":[0.1750043,75.41829,24.02514],"c":[1,1,1]}]}]}