{"n":"thing","a":[22,18],"p":[{"b":60,"s":[{"p":[0,0,0],"r":[0,0,-3.053333E-13],"s":[0.2591473,1.093945,0.2931841],"c":[0.4444443,0.4134037,0.3456788]}]},{"b":62,"s":[{"p":[9.661537E-08,0.5525755,-1.963142E-15],"r":[270,270,0],"s":[0.2120526,0.1995755,0.2933803],"c":[0.4444443,0.4134037,0.3456788]}]},{"b":60,"s":[{"p":[-1.906664E-07,-1.090485,0],"r":[1.001791E-05,180,180],"s":[0.2591651,1.09421,0.2932547],"c":[0.4444441,0.4134035,0.3456786]}]},{"b":62,"s":[{"p":[-2.873052E-07,-1.643194,0],"r":[90,89.99998,0],"s":[0.2121037,0.1995893,0.2934514],"c":[0.7777778,0.7777778,0.7777778]}]}]}