{"n":"thing","a":[7],"p":[{"im":"94977361897574241/021C532E684383EE433213EA1484820083A5B48E/","s":[{"p":[0,0,0],"r":[0,0,0],"s":[0.529552,0.01,0.7918535],"c":[0,0,0]}]}]}