{"n":"thing","a":[1,7,18],"p":[{"s":[{"p":[0,0,0],"r":[0,0,0],"s":[9.67013,0.04874334,5.244871],"c":[0.8888889,0.9904762,1]}]}]}