{"n":"thing","p":[{"s":[{"p":[0,0,0],"r":[0,0,0],"s":[0.04708126,0.05439292,0.06124611],"c":[0,0.7777778,0.7777778],"b":["when someone new in vicinity then send nearby onto spawn"]}]}]}