{"n":"thing","a":[7,18],"p":[{"s":[{"p":[0,0,0],"r":[0,0,0],"s":[4.416306,0.03422897,0.223857],"c":[0.222222,0.222222,0.222222]}]}]}