{"n":"thing","a":[7,18],"p":[{"b":5,"s":[{"p":[0,0,0],"r":[0,0,0],"s":[0.1246256,0.1250073,1.784588],"c":[1,1,1]}]},{"b":16,"s":[{"p":[-0.006588099,0.01531547,0.7272616],"r":[90,-1.001791E-05,0],"s":[0.08840509,0.115436,0.0935154],"c":[1,0,0.1714283],"b":["when touched hand then become 2 in 0.2s"]},{"p":[-0.006588099,0.01531547,0.7272616],"r":[90,-1.001791E-05,0],"s":[0.08840509,0.05028889,0.0935154],"c":[1,0,0.1714283],"b":["when starts then become 1 in 0.2s","when starts then tell any fdown"]}]}]}