{"n":"thing","a":[5,22,13,18],"p":[{"b":43,"t":8,"a":[12],"s":[{"p":[0,0,0],"r":[0,0,0],"s":[2.809134,18.31749,4.452138],"c":[1,1,1]}]}]}