{"n":"thing","a":[7,13,18],"p":[{"s":[{"p":[0,0,0.5149996],"r":[0,0,0],"s":[0.201055,0.1750024,2.375001],"c":[0.6666667,0.6666667,0.6666667]}]},{"s":[{"p":[0,0.5649981,1.79],"r":[90,0,0],"s":[0.201055,0.1750024,1.305001],"c":[0.6666667,0.6666667,0.6666667]}]},{"s":[{"p":[0,1.129999,0.5149996],"r":[0,0,0],"s":[0.201055,0.1750024,2.375001],"c":[0.6666667,0.6666667,0.6666667]}]}]}