{"n":"thing","p":[{"b":17,"s":[{"p":[0,0,0],"r":[0,0,0],"s":[0.4104457,0.03709243,0.4269145],"c":[0.1580245,0.222222,0.04938257]}]},{"b":17,"s":[{"p":[0.4631508,0.08367814,-0.4516746],"r":[1.936639,30.62229,13.4561],"s":[0.4104463,0.03709245,0.4269152],"c":[0.1580245,0.222222,0.04938257]}]},{"b":17,"s":[{"p":[-0.2787826,-0.008619726,-0.6008336],"r":[11.01229,12.24454,359.8372],"s":[0.4104463,0.03709244,0.4269154],"c":[0.1580245,0.222222,0.04938257]}]},{"b":17,"s":[{"p":[0.1732436,0.1658761,-1.191541],"r":[1.380396,56.69638,19.56062],"s":[0.4104464,0.03709244,0.4269156],"c":[0.1580245,0.222222,0.04938257]}]}]}