{"n":"thing","a":[20],"p":[{"b":17,"s":[{"p":[0,0,0],"r":[0,0,0],"s":[3.404695,2.431501,0.2545414],"c":[0.1580245,0.222222,0.04938255]}]},{"b":17,"s":[{"p":[6.962645,-2.823914,-0.30233],"r":[8.606631,354.084,126.3386],"s":[3.4047,2.431503,0.2545416],"c":[0.1580245,0.222222,0.04938255]}]},{"b":17,"s":[{"p":[12.30742,-3.334309,0.7178879],"r":[15.89282,347.3908,314.0672],"s":[3.404707,2.43151,0.2545422],"c":[0.1580245,0.222222,0.04938255]}]}]}