{"n":"thing","a":[1,7,18],"p":[{"su":[{"i":"58b3ce8b1e783809b8752123","t":"58b3ce98d07ea7ed166f3f04","p":[-0.00454712,0.001141012,-0.002946616],"r":[0,0,90.00001]}],"s":[{"p":[0,0,0],"r":[0,0,0],"s":[0.009734474,0.009734363,0.009734292],"c":[1,1,1],"b":["when told by any warp1 then become 2 in 0.1s"]},{"p":[1.000061,0,0],"r":[0,0,0],"s":[0.009734474,0.009734363,0.009734292],"c":[1,1,1],"b":["when starts then become 3 in 3s"]},{"p":[1.000061,0,0],"r":[0,0,0],"s":[0.009734474,0.009734363,0.009734292],"c":[1,1,1],"b":["when starts then become 1 in 1s"]}]}]}