{"n":"thing","p":[{"b":12,"s":[{"p":[0,0,0],"r":[8.537737E-07,6.670106E-09,-1.067217E-07],"s":[0.1373605,0.005000003,0.1091947],"c":[0.07089942,0.3333333,0.03703704]}]},{"b":18,"e":"FAK U","s":[{"p":[-0.2336185,-0.009169404,-0.01761267],"r":[271.4467,216.5523,162.0552],"s":[0.01402059,0.0140206,0.0140206],"c":[1,1,1]}]},{"b":18,"e":"XD","s":[{"p":[0.1632743,-0.007693193,0.03713073],"r":[271.7802,334.1608,24.38448],"s":[0.003000003,0.003000008,0.003000007],"c":[1,1,1]}]}]}