{"n":"thing","p":[{"s":[{"p":[0,0,0],"r":[0,0,0],"s":[0.07565713,0.04901658,0.8202863],"c":[0.8888889,0.8324515,0.4938272]}]}]}