{"n":"wall","a":[1,7,18],"p":[{"t":1,"s":[{"p":[0,0,0],"r":[0,0,0],"s":[0.2949073,2.977977,2.118296],"c":[1,1,1]}]},{"t":1,"s":[{"p":[-0.0034554,-0.005053461,-0.7474709],"r":[0,0,1.001791E-05],"s":[0.3533978,3.028331,0.6300175],"c":[0.5555556,0.5555556,0.5555556]}]},{"t":1,"s":[{"p":[-0.003921032,-1.404268,-0.00929749],"r":[0,0,0],"s":[0.387501,0.3182062,2.11929],"c":[0.7777778,0.7777778,0.7777778]}]},{"t":2,"s":[{"p":[-0.07565808,-0.001041949,0.7351775],"r":[0,0,0],"s":[0.2075799,3.029705,0.04806999],"c":[0.7777778,0.7777778,0.7777778]}]}]}