{"n":"bouqet","p":[{"b":88,"s":[{"p":[0.001536653,-0.002720314,-0.003167489],"r":[6.066914,357.1362,358.7087],"s":[0.01742561,0.01995256,0.06702245],"c":[0.1580245,0.222222,0.0493826]}]},{"b":88,"s":[{"p":[0.04826897,0.00163066,-0.09966291],"r":[334.5928,230.6475,48.46488],"s":[0.01742563,0.01995261,0.06702257],"c":[0.1580245,0.222222,0.0493826]}]},{"b":88,"s":[{"p":[0.03049112,0.02523284,-0.02932156],"r":[0.8126746,21.08851,325.1069],"s":[0.01742562,0.01995259,0.1286942],"c":[0.1580245,0.222222,0.0493826]}]},{"b":88,"s":[{"p":[-0.0008237623,-0.02894544,-0.09626944],"r":[307.3366,182.3851,169.942],"s":[0.01742568,0.01995267,0.03273504],"c":[0.1580245,0.222222,0.04938258]}]}]}