{"n":"thing","a":[6,7,18],"inc":[["anti-grav-bull","58b3044113ec8ecb13243cf7"],["anti-grav-bull 2","58b33ca01f5f74b11300ed76"]],"p":[{"b":5,"t":8,"a":[12],"s":[{"p":[0,0,0],"r":[0,0,0],"s":[0.005,0.005,0.02702814],"c":[1,1,1],"b":["when starts then become next in 0.2s"]},{"p":[0,0,0],"r":[0,0,0],"s":[0.005,0.005,0.02702814],"c":[1,1,1],"b":["when starts then emit anti-grav-bull 2 with 1","when starts then destroy all parts"]},{"p":[0,0,0],"r":[0,0,0],"s":[0.005,0.005,0.02702814],"c":[1,1,1]}]}]}