{"n":"hinge","a":[7,18],"p":[{"t":8,"a":[12],"su":[{"i":"58b30796432a9e1c3c958cc4","t":"58b306a58303835b7e3bb69c","p":[0.4734369,-0.07968864,-0.3266785],"r":[1.072955E-06,-1.072955E-06,90]}],"s":[{"p":[0,0,0],"r":[0,0,0],"s":[0.1750178,0.005000561,0.05697105],"c":[1,1,1],"b":["when any part touched then play door screeching and squeaking, then become 2 in 1.2s"]},{"p":[-1.117587E-08,-0.05217886,0],"r":[0,0,270],"s":[0.1750177,0.005000921,0.05697568],"c":[1,1,1],"b":["when any part touched then play door screeching and squeaking, then become 1 in 1.2s"]}]}]}