{"n":"thing","a":[7,18],"p":[{"s":[{"p":[0,0,0],"r":[0,0,0],"s":[27.71231,0.1688589,25.35482],"c":[0.8888889,0.8888889,0.8888889]}]}]}