{"n":"thing","a":[7,13,18],"p":[{"t":1,"s":[{"p":[1.216436,-0.04016552,-5.960464E-07],"r":[1.001791E-05,-8.757938E-13,-1.001791E-05],"s":[0.041809,0.08342928,4.633348],"c":[0.8888889,0.952381,1]}]},{"t":1,"s":[{"p":[0.3148625,-0.04016536,-5.066395E-07],"r":[0,0,-1.001791E-05],"s":[0.04182146,0.08342984,4.634942],"c":[0.8888889,0.952381,1]}]}]}