{"n":"thing","a":[7,18],"p":[{"s":[{"p":[0,0,0],"r":[0,0,0],"s":[10.54941,3.61566,0.3708904],"c":[0.4673718,0.4320987,0.5555556]}]}]}