{"n":"thing","p":[{"b":9,"t":7,"s":[{"p":[0,0,0],"r":[0,0,0],"s":[0.07725804,0.02394614,0.05150434],"c":[0.8888889,0,0.1523807]}]}]}