{"n":"thing","p":[{"b":12,"s":[{"p":[0,0,0],"r":[0,0,0],"s":[0.2481551,0.1300098,1.689621],"c":[1,0,0.8571426]}]}]}