{"n":"thing","a":[7,18],"p":[{"s":[{"p":[0,0,0],"r":[0,0,0],"s":[1.116589,0.01488753,0.5281091],"c":[0.5185185,0.7777778,0.7111111]}]}]}