{"n":"thing","a":[20],"p":[{"s":[{"p":[0,0,0],"r":[0,0,0],"s":[12.41325,2.730967,5.373352],"c":[0.0698412,0.111111,0]}]}]}