{"n":"thing","a":[7,18],"p":[{"t":1,"s":[{"p":[0,0,0],"r":[0,0,0],"s":[0.7120242,0.1351209,2.191791],"c":[0.4673718,0.4320985,0.5555556],"b":["when told by any open then become next in 1s","when told by any open then play sliding wooden door"]},{"p":[0,0,1.061068],"r":[0,0,0],"s":[0.7121143,0.135156,0.03979004],"c":[0.4673718,0.4320984,0.5555556],"b":["when starts then become next in 5s"]},{"p":[0,0,1.061068],"r":[0,0,0],"s":[0.7121143,0.135156,0.03979004],"c":[0.4673718,0.4320984,0.5555556],"b":["when starts then become 1 in 1s","when starts then play sliding wooden door"]},{"p":[0,0,1.061068],"r":[0,0,0],"s":[0.7121143,0.135156,0.03979004],"c":[0.4673718,0.4320984,0.5555556]}]}]}