{"n":"thing","a":[22,18],"p":[{"b":5,"t":7,"s":[{"p":[0,0,0],"r":[0,0,0],"s":[0.1976289,0.5850296,0.5167663],"c":[0,0,0]}]}]}