{"n":"thing","a":[12],"p":[{"t":8,"a":[12],"su":[{"i":"58b495da432a9e06e4f909f2","t":"58b4966af910ade113e169fa","p":[0.009349429,0.02120879,0.03015852],"r":[46.32051,312.8516,187.8997]}],"s":[{"p":[0,0,0],"r":[0,0,0],"s":[0.04172413,0.01841521,0.02083022],"c":[1,1,1],"b":["when starts then all parts face someone"]}]}]}