{"n":"thing","a":[7,18],"p":[{"s":[{"p":[0,0,0],"r":[0,0,0],"s":[3.21849,0.6260399,0.8371669],"c":[0.1975306,0.2158728,0.2222219]}]}]}