{"n":"thing","a":[7],"p":[{"b":60,"s":[{"p":[0,0,0],"r":[0,0,0],"s":[0.1950104,0.4783912,0.5118378],"c":[1,1,1]}]}]}