{"n":"thing","p":[{"b":60,"s":[{"p":[-0.04981614,-0.04741096,5.960464E-08],"r":[0,0,0],"s":[0.1998029,0.2066335,1.025474],"c":[0.4444441,0.4134035,0.3456786]}]},{"b":61,"s":[{"p":[-0.04439676,0.005030572,0.4636525],"r":[89.33677,274.2511,274.6345],"s":[0.2230804,0.3172346,0.1601309],"c":[0.4444441,0.4134035,0.3456786]}]}]}