{"n":"thing","a":[5],"p":[{"b":31,"t":7,"a":[5],"s":[{"p":[0,0,0],"r":[0,0,0],"s":[0.4655489,20.20547,9.337015],"c":[0.1851849,0.2698409,0.333333]}]}]}