{"n":"thing","p":[{"b":17,"s":[{"p":[0,0,0],"r":[0,0,2.134434E-07],"s":[1.392519,0.2710932,1.601894],"c":[0.116402,0.222222,0.07407389]}]}]}