{"n":"thing","p":[{"b":17,"s":[{"p":[0,0,0],"r":[0,0,2.134434E-07],"s":[0.9929138,0.1887612,1.606821],"c":[0.116402,0.222222,0.07407392]}]}]}