{"n":"ble","a":[21],"inc":[["bl","58b76c38c762a0f313e48cb0"]],"p":[{"b":4,"t":8,"a":[12,14],"s":[{"p":[0.0002029326,0.00796812,-0.01496598],"r":[289.209,182.9047,210.0415],"s":[0.004370326,0.003174858,0.008648084],"c":[1,1,1],"b":["when starts then emit bl with 0","when starts then destroy all parts"]}]},{"b":4,"t":8,"a":[12,14],"s":[{"p":[0.000371043,0.0001098232,-0.003539361],"r":[4.594151,356.2543,358.8056],"s":[0.00437033,0.003174853,0.008648027],"c":[1,1,1],"b":["when starts then emit bl with 0","when starts then destroy all parts"]}]},{"b":4,"t":8,"a":[12,14],"s":[{"p":[0.001634655,-0.003555308,-0.01526787],"r":[50.614,178.4089,213.5072],"s":[0.004370322,0.003174857,0.008648071],"c":[1,1,1],"b":["when starts then emit bl with 0","when starts then destroy all parts"]}]}]}