{"n":"thing","a":[20],"p":[{"b":31,"s":[{"p":[0,0,0],"r":[0,0,0],"s":[2.139092,46.91757,12.16099],"c":[0,0,0]}]}]}