{"n":"thing","p":[{"b":17,"s":[{"p":[0,0,0],"r":[0,0,0],"s":[3.384492,3.002636,0.4678631],"c":[0.3245147,0.8888889,0.09876525]}]},{"b":17,"s":[{"p":[6.601878,2.828367,-1.001425],"r":[353.565,13.3953,265.6777],"s":[3.384486,3.002634,0.4678629],"c":[0.3245147,0.8888889,0.09876525]}]},{"b":17,"s":[{"p":[-0.4960966,-5.157209,0.371562],"r":[2.102664,4.1825,62.04143],"s":[3.384498,3.002638,0.4678635],"c":[0.3245147,0.8888889,0.09876525]}]},{"b":17,"s":[{"p":[-0.3912148,-11.31275,0.6049871],"r":[359.1526,186.1578,123.3611],"s":[3.384521,3.002663,0.4678673],"c":[0.3245147,0.8888889,0.09876525]}]}]}