{"n":"c2","a":[2],"p":[{"b":10,"s":[{"p":[0,0,0],"r":[0,0,0],"s":[0.00934168,0.008775348,0.00939792],"c":[0.2857141,1,0],"b":["when consumed then become next"]},{"p":[0,0,0],"r":[0,0,0],"s":[0.00934168,0.008775348,0.00939792],"c":[0.2857141,1,0],"b":["when starts then play breaking stick","when starts then destroy all parts"]}]}]}