{"n":"thing","p":[{"b":17,"s":[{"p":[0,0,0],"r":[0,0,2.134434E-07],"s":[1.796103,0.2758149,2.179978],"c":[0.116402,0.222222,0.07407389]}]},{"b":17,"s":[{"p":[-0.2514232,-0.3049037,-1.732409],"r":[27.74015,325.4405,341.0032],"s":[0.748962,0.2758149,1.11642],"c":[0.116402,0.222222,0.07407387]}]}]}