{"n":"thing","p":[{"b":17,"s":[{"p":[0,0,0],"r":[0,0,2.134434E-07],"s":[1.796103,0.2758149,1.400022],"c":[0.116402,0.222222,0.07407387]}]}]}