{"n":"lunoplanet","a":[20],"p":[{"b":3,"t":2,"s":[{"p":[0,0,0],"r":[0,0,0],"s":[0.1004355,0.108537,0.09356883],"c":[0.6285716,0,1],"b":["when told by any soundandlight then become 2 in 0.5s"]},{"p":[-30.56081,-103.5069,-62.69264],"r":[349.4598,345.7085,330.7159],"s":[34.80655,38.37707,37.88425],"c":[0.1111109,0.06313919,0.01234568],"b":["when starts then become 3 in 8s"]},{"p":[-42.30811,-107.8526,-55.38349],"r":[354.3916,20.6488,303.657],"s":[32.28774,30.5323,30.10936],"c":[0.2095238,0,0.3333333],"b":["when starts then become 1 in 0.1s"]}]}]}