{"n":"lunoplanet","a":[20],"p":[{"b":3,"t":2,"s":[{"p":[0,0,0],"r":[0,0,0],"s":[0.1250001,0.125,0.125],"c":[0,1,0.7428571],"b":["when told by any hive then become 2 in 0.5s"]},{"p":[12.77349,-66.11166,-39.05077],"r":[351.8478,350.0767,305.4443],"s":[34.80648,38.37699,37.8842],"c":[0.111111,0.06313924,0.01234568],"b":["when starts then become 3 in 8s"]},{"p":[0.7754717,-74.50515,-28.33481],"r":[340.8411,10.86851,307.3351],"s":[32.28772,30.53225,30.10934],"c":[0.3333333,0.1894179,0.03703704],"b":["when starts then become 1 in 0.1s"]}]}]}