{"n":"thing","a":[7,18],"p":[{"s":[{"p":[0,0,0],"r":[0,0,0],"s":[0.01131649,18.15444,6.859679],"c":[1,0.9650794,0.8888889]}]}]}