{"n":"thing","a":[7,18],"p":[{"t":1,"s":[{"p":[0,0,0],"r":[0,0,0],"s":[0.02470703,5.639774,0.03073157],"c":[0,0,0]}]}]}