{"n":"thing","a":[8],"p":[{"t":3,"s":[{"p":[0,0,0],"r":[0,0,0],"s":[0.1750004,0.1750004,0.1750005],"c":[1,0.7904761,0.3333332]}]},{"t":8,"a":[12],"s":[{"p":[-0.1661549,-0.04884562,1.887232E-05],"r":[1.383621,351.3637,3.876054],"s":[0.1750004,0.1750005,0.1750005],"c":[1,1,1]}]}]}