{"n":"thing","a":[20],"p":[{"b":17,"s":[{"p":[0,0,0],"r":[0,0,2.134434E-07],"s":[0.9929138,0.03876397,1.601894],"c":[0.116402,0.222222,0.07407398]}]},{"b":17,"s":[{"p":[-1.340011,-0.118554,1.175405],"r":[358.5857,7.46688,312.5436],"s":[0.4035006,0.240245,0.8535718],"c":[0.116402,0.222222,0.07407395]}]},{"b":17,"s":[{"p":[-1.62522,0.1744817,1.773004],"r":[344.5613,18.47311,303.1453],"s":[0.4035006,0.2402449,0.8535716],"c":[0.116402,0.222222,0.07407395]}]},{"b":17,"s":[{"p":[-2.305011,-0.5126156,-0.2026668],"r":[341.6611,332.1165,314.6041],"s":[0.4035012,0.6761192,0.8836621],"c":[0.116402,0.222222,0.07407395]}]}]}