{"n":"thing","p":[{"t":4,"s":[{"p":[0,0,0],"r":[0,0,0],"s":[0.1750029,2.583794,0.1750019],"c":[1,0,0.3428572]}]}]}