{"n":"thing","a":[21],"p":[{"b":17,"s":[{"p":[0.5771672,-0.05758417,-0.2435482],"r":[14.77089,36.46202,276.4461],"s":[0.272283,0.3166518,0.2826693],"c":[0.3333333,0.3174602,0.2222221]}]},{"b":17,"s":[{"p":[-0.1686866,-0.0455948,-0.0581097],"r":[8.260109,357.1048,339.9321],"s":[0.4755805,0.4602201,0.2826689],"c":[0.3333333,0.3174602,0.2222221]}]},{"b":17,"s":[{"p":[-0.4575939,-0.485126,-0.2778707],"r":[66.62478,76.18904,328.8912],"s":[0.258554,0.4023163,0.2001759],"c":[0.3333333,0.3174602,0.2222221]}]}]}