{"n":"thing","a":[7],"p":[{"s":[{"p":[0,0,0],"r":[0,0,0],"s":[0.05092518,0.01846101,0.09372661],"c":[1,1,1]}]},{"t":7,"s":[{"p":[-0.001222429,0.01431585,-0.001587508],"r":[0,0,0],"s":[0.01554325,0.01846167,0.04671136],"c":[0.1728394,0.7777778,0.2074074],"b":["when touched then become next in 0.2s, play bird scream echo"]},{"p":[-0.0004717696,0.00641203,-0.0008323183],"r":[0,0,-1.001791E-05],"s":[0.01554331,0.01846197,0.04671219],"c":[0.1728393,0.7777778,0.2074073],"b":["when starts then become next in 0.2s"]}]}]}