{"n":"thing","a":[20],"p":[{"b":17,"s":[{"p":[0,0,0],"r":[0,0,2.134434E-07],"s":[0.9929138,0.03876397,1.601894],"c":[0.116402,0.222222,0.07407398]}]},{"b":17,"s":[{"p":[1.334928,0.5541024,-0.2162588],"r":[338.405,356.7067,78.38624],"s":[0.5219757,0.03876401,1.599966],"c":[0.116402,0.222222,0.07407395]}]},{"b":17,"s":[{"p":[-0.4689541,-0.6542843,-3.034579],"r":[20.21017,98.3663,342.4866],"s":[0.99292,0.1872667,1.601905],"c":[0.116402,0.222222,0.07407392]}]},{"b":17,"s":[{"p":[-1.535636,-0.06377396,-1.591975],"r":[8.531282,152.3126,6.673485],"s":[0.6230117,0.1872668,0.4809628],"c":[0.116402,0.222222,0.07407392]}]}]}