{"n":"thing","p":[{"b":68,"s":[{"p":[0,0,0],"r":[0,0,-1.707547E-06],"s":[0.1909155,0.08077145,0.1884584],"c":[0.3333333,0.3333333,0.3333333]}]}]}