{"n":"thing","a":[21],"p":[{"b":9,"s":[{"p":[-0.2786368,-0.04067027,-1.503878],"r":[356.392,38.07187,355.0459],"s":[0.9628217,0.4222669,1.370451],"c":[0.1523805,0.3333329,0]}]},{"b":9,"s":[{"p":[-1.393261,-0.07978366,-2.797998],"r":[354.1113,66.26154,1.444035],"s":[0.9628235,0.4222668,1.370459],"c":[0.1523805,0.3333329,0]}]},{"b":9,"s":[{"p":[-1.064274,-0.07678423,-1.185999],"r":[356.935,31.91633,357.279],"s":[0.9628212,0.4222675,2.237833],"c":[0.1523805,0.3333329,0]}]},{"b":9,"s":[{"p":[0.2736526,-0.06572864,0.1605556],"r":[359.1263,352.3097,356.2686],"s":[0.962818,0.4222671,1.370446],"c":[0.1523805,0.3333329,0]}]}]}