{"n":"thing","a":[7,18],"p":[{"t":1,"a":[5],"s":[{"p":[0,0,0],"r":[0,0,0],"s":[2.981779,3.990172,0.3748601],"c":[0,0,0]}]}]}