{"n":"thing","p":[{"b":17,"s":[{"p":[0,0,0],"r":[0,0,0],"s":[0.7419934,0.04946278,0.4081655],"c":[1,1,1]}]}]}