{"n":"thing","a":[8],"p":[{"b":4,"t":4,"s":[{"p":[0,0,0],"r":[0,0,0],"s":[0.5111294,0.3785684,0.1250003],"c":[0.6666667,0.6666667,0.6666667]}]}]}