{"n":"wormhole","a":[2,6,7,14,18],"p":[{"b":59,"t":2,"s":[{"p":[0,0,0],"r":[0,0,0],"s":[25.58146,2015.482,25.55786],"c":[0,0,0]}]},{"b":74,"s":[{"p":[-0.2007658,-87.41077,3.092558],"r":[0,0,0],"s":[16.20075,7.112505,16.79318],"c":[0,0,0]}]}]}