{"n":"ground","a":[1],"p":[{"b":17,"s":[{"p":[0,0,0],"r":[0,0,0],"s":[3.363346,0.11062,3.201102],"c":[0.9019608,0.8509804,0.7215686],"b":["when told by any up1 then become 2 in 2s","when told by any down1 then become 3 in 2s"]},{"p":[-0.01643324,-0.0854094,-0.02180445],"r":[4.682389,359.6843,359.739],"s":[3.363348,0.11062,3.201105],"c":[0.9019608,0.8509804,0.7215686],"b":["when told by any down1 then become 3 in 2s","when told by any level1 then become 1 in 2s"]},{"p":[-0.01937056,-0.03258401,-0.04930699],"r":[355.0551,359.4583,1.409911],"s":[3.363345,0.11062,3.201101],"c":[0.9019608,0.8509804,0.7215686],"b":["when told by any up1 then become 2 in 2s","when told by any level1 then become 1 in 2s"]}]}]}