{"n":"cam-rail2","a":[2,3,6,14],"p":[{"su":[{"i":"58bc25433e316d0c606ab51a","t":"587388e6f7016019109341b6","p":[0.0247751,0.3383904,0.309337],"r":[283.0603,339.3581,19.63292]}],"s":[{"p":[0.001375194,-0.001413807,-0.0614183],"r":[3.415095E-06,3.415095E-06,-3.415095E-06],"s":[0.07922722,0.2729999,0.07760927],"c":[1,1,1],"b":["when told by any start then become 2 in 10s"]},{"p":[0.001359698,-39.97104,-0.06142069],"r":[3.415095E-06,3.415095E-06,-3.415095E-06],"s":[0.07924655,0.2730208,0.07762346],"c":[1,1,1],"b":["when starts then become 1 in 7s"]}]},{"b":18,"e":"CAM RAIL","s":[{"p":[-0.05631501,0.1532255,-0.04226076],"r":[90,-1.931869E-05,0],"s":[0.002464589,0.00246417,0.002464581],"c":[1,1,1]}]}]}