{"n":"thing","p":[{"b":17,"s":[{"p":[0.1732436,0.1658761,-1.191541],"r":[1.380397,56.69638,19.56062],"s":[0.4104464,0.1014633,0.4269156],"c":[0.1580245,0.222222,0.04938255]}]},{"b":17,"s":[{"p":[-0.1900223,-0.01619537,-0.6157352],"r":[1.317778,288.2685,174.441],"s":[0.4104469,0.07663494,0.4269164],"c":[0.1580245,0.222222,0.04938252]}]},{"b":17,"s":[{"p":[0.1309316,0.0891115,0.1280705],"r":[8.712416,204.9305,181.9814],"s":[0.4104462,0.130534,0.4269152],"c":[0.1580245,0.222222,0.04938252]}]},{"b":17,"s":[{"p":[0.7055824,0.0991682,-0.5531047],"r":[9.476686,348.8869,191.5161],"s":[0.4104487,0.0948883,0.4269178],"c":[0.1580245,0.222222,0.04938252]}]}]}