{"n":"thing","a":[5],"p":[{"b":17,"s":[{"p":[0,0,0],"r":[0,0,0],"s":[1.796107,0.7484345,2.181217],"c":[0.116402,0.222222,0.07407387]}]}]}