{"n":"thing","p":[{"t":8,"a":[12],"s":[{"p":[0.1043991,-0.2701032,-0.07582736],"r":[337.6502,27.70453,340.465],"s":[0.05327652,0.03947847,0.03897528],"c":[0.1686063,0.2222218,0.1234565],"b":["when told by nearby tdo then add crumbles for all parts, become next in 1"]},{"p":[0.08819245,0.04087194,-0.07751572],"r":[343.4184,21.95965,350.7936],"s":[0.05733481,0.03799761,0.06634022],"c":[0.1686064,0.2222219,0.1234566],"b":["when starts then add crumbles for all parts, become next in 1"]},{"p":[0.06959017,0.2336862,-0.07977377],"r":[333.9522,13.67305,0.6254768],"s":[0.04825322,0.05714751,0.0980974],"c":[0.1686063,0.2222218,0.1234565],"b":["when starts then add crumbles for all parts, become next in 1"]},{"p":[0.04057048,0.408891,-0.06649545],"r":[323.3163,11.29676,347.8129],"s":[0.05840892,0.05968364,0.09809747],"c":[0.1686063,0.2222218,0.1234565],"b":["when starts then add crumbles for all parts, become next in 1"]}]}]}