{"n":"thing","a":[2,6,8,14],"p":[{"t":3,"s":[{"p":[0,0,0],"r":[0,0,-5.336085E-08],"s":[0.1248477,0.1107627,0.1103702],"c":[0.9936507,1,0.7777778]}]}]}