{"n":"thing","p":[{"b":20,"e":"BROKEN","s":[{"p":[0,0,0],"r":[0,0,-8.537735E-07],"s":[0.005881224,0.005881212,0.005881222],"c":[1,1,1]}]}]}