{"n":"thing","p":[{"b":17,"s":[{"p":[0.4631508,0.08367814,-0.4516746],"r":[1.936638,30.62229,13.4561],"s":[0.4104463,0.09488815,0.4269152],"c":[0.1580245,0.222222,0.04938255]}]},{"b":17,"s":[{"p":[0.1732436,0.1658761,-1.191541],"r":[1.380397,56.69638,19.56062],"s":[0.4104464,0.1014633,0.4269156],"c":[0.1580245,0.222222,0.04938255]}]},{"b":17,"s":[{"p":[-0.2700728,-0.01846093,-0.47649],"r":[7.436627,358.6261,176.3866],"s":[0.4104473,0.0766349,0.4269162],"c":[0.1580245,0.222222,0.04938252]}]},{"b":17,"s":[{"p":[-0.001107901,-0.004906531,-0.0597268],"r":[1.072852,11.71663,178.4647],"s":[0.4104486,0.1305338,0.4269175],"c":[0.1580245,0.222222,0.04938252]}]}]}