{"n":"thing","a":[7,13,18,20],"p":[{"b":38,"t":1,"s":[{"p":[0,0,0],"r":[0,0,0],"s":[0.06216188,1.822172,1.488719],"c":[0.5555556,0.5555556,0.5555556]}]},{"b":38,"t":1,"s":[{"p":[2.307634,1.192093E-07,-2.384186E-07],"r":[0,0,-5.008957E-06],"s":[0.06216178,1.822175,1.488707],"c":[0.5555556,0.5555556,0.5555556]}]},{"t":1,"s":[{"p":[1.148757,0.9409359,-0.4584522],"r":[0,180,90],"s":[3.837453,2.271037,0.0855189],"c":[0.5555556,0.5555556,0.5555556]}]}]}