{"n":"thing","a":[7,18],"p":[{"t":1,"s":[{"p":[0,0,0],"r":[0,0,0],"s":[0.127256,0.04972817,0.7047136],"c":[0.3333333,0.3333333,0.3333333]}]},{"t":1,"s":[{"p":[4.621358E-10,0.005286224,-0.09043808],"r":[0,0,0],"s":[0.08141674,0.04973867,0.4165656],"c":[0.111111,0.111111,0.111111]}]},{"t":1,"s":[{"p":[6.455249E-10,0.00738395,-0.09043808],"r":[0,0,-5.008957E-06],"s":[0.06245446,0.04973561,0.3996699],"c":[0.5555556,0.5555556,0.5555556]}]}]}