{"n":"thing","a":[7,18],"p":[{"s":[{"p":[0,0,0],"r":[0,0,0],"s":[8.584156,0.2287559,6.06966],"c":[0.8888889,0.8888889,0.8888889]}]}]}