{"n":"thing","a":[7,18],"p":[{"s":[{"p":[0,0,0],"r":[0,0,0],"s":[10.56593,0.1750491,2.673197],"c":[0.8888889,0.9904762,1]}]}]}