{"n":"thing","a":[7,18],"p":[{"s":[{"p":[-0.7599945,0,0],"r":[0,0,0],"s":[10.73271,36.84031,0.1750285],"c":[1,1,1]}]}]}