{"n":"spout","a":[22,13],"p":[{"b":5,"t":1,"s":[{"p":[0,0,0],"r":[0,0,1.707547E-06],"s":[0.01265349,0.0116373,0.1249893],"c":[0.5555556,0.5555556,0.5555556]}]},{"b":86,"t":1,"s":[{"p":[-0.01349013,0.006324824,-0.06445964],"r":[286.8421,159.059,159.059],"s":[0.01942486,0.01721644,0.01784001],"c":[0.5555556,0.5555556,0.5555556]}]},{"t":8,"a":[12],"s":[{"p":[0.04288223,-0.01612423,-0.1235397],"r":[344.3001,317.2658,51.17506],"s":[0.04108349,0.04124763,0.1787095],"c":[1,1,1]}]}]}