{"n":"thing","a":[7],"p":[{"b":3,"s":[{"p":[-0.0004634857,0.2055641,0.0360367],"r":[90,180,0],"s":[0.08184982,0.005000128,0.1078607],"c":[0,0.7777778,0.311111]}]},{"b":3,"s":[{"p":[0.0004301071,0.06655504,0.03050649],"r":[0,180,1.502687E-05],"s":[0.0256087,0.08186948,0.005002656],"c":[0,0.7777778,0.311111]}]},{"b":5,"s":[{"p":[-0.05916405,0.2960129,0.03989103],"r":[0,180,5.008957E-06],"s":[0.005003685,0.005001137,0.007122532],"c":[0,0.7777778,0.311111]}]}]}