{"n":"thing","p":[{"b":19,"e":"RAINBOW BEAD\n    DISPENCER","s":[{"p":[0,0,0],"r":[0,3.415095E-06,0],"s":[0.003000001,0.003,0.003000003],"c":[1,1,1]}]}]}