{"n":"mirror camera","a":[6,7,18],"p":[{"b":2,"t":8,"a":[8,12],"s":[{"p":[0,0,0],"r":[0,0,6.157171E-14],"s":[0.005,0.01214287,0.02185337],"c":[1,1,1]}]}]}