{"n":"thing","p":[{"t":3,"s":[{"p":[0,0,0],"r":[0,0,0],"s":[0.05992997,0.06609603,0.06200746],"c":[0.07407402,0.6666667,0.1079364]}]},{"b":3,"t":3,"s":[{"p":[0.01222203,0.03657922,0.0075373],"r":[348.747,17.80925,26.94955],"s":[0.005000021,0.005000007,0.005000011],"c":[0,0,0]}]},{"b":3,"t":3,"s":[{"p":[-0.01375539,0.03450298,0.00572088],"r":[346.9959,13.05112,21.63235],"s":[0.005000028,0.005000012,0.005000017],"c":[0,0,0]}]},{"b":35,"t":3,"s":[{"p":[-0.0006458955,0.03655299,-0.01331262],"r":[353.0779,220.0735,358.0205],"s":[0.02264954,0.005000004,0.01921061],"c":[0,0,0]}]}]}