{"n":"thing","a":[7,18],"p":[{"s":[{"p":[-9.536743E-07,-4.199998,0],"r":[0,0,0],"s":[0.1750011,11.07501,5.074999],"c":[0.8888889,0.9904762,1]}]}]}