{"n":"thing","a":[7,18],"p":[{"b":5,"t":2,"s":[{"p":[0,0,0],"r":[0,0,0],"s":[0.01513616,0.01513409,0.5735873],"c":[0.8719577,0.8888889,0.2962961]}]},{"b":5,"t":2,"s":[{"p":[1.748456E-07,8.742279E-08,-1],"r":[0,0,0],"s":[0.01513616,0.01513409,0.5735875],"c":[0.8719577,0.8888889,0.2962961]}]},{"b":5,"t":2,"s":[{"p":[3.496912E-07,1.748456E-07,-2],"r":[0,0,0],"s":[0.01513617,0.0151341,0.5735878],"c":[0.8719577,0.8888889,0.2962961]}]},{"b":5,"t":2,"s":[{"p":[5.245367E-07,2.622684E-07,-3.000001],"r":[0,0,0],"s":[0.01513617,0.0151341,0.573588],"c":[0.8719577,0.8888889,0.2962961]}]}]}