{"n":"thing","a":[22],"p":[{"s":[{"p":[0,0,0],"r":[0,0,0],"s":[0.7322499,4.681064,0.1750434],"c":[0.7753087,0.7777778,0.691358]}]}]}