{"n":"thing","a":[2,6,8,14],"p":[{"t":3,"s":[{"p":[0,0,0],"r":[0,0,0],"s":[0.1072593,0.1011293,0.01499778],"c":[1,0.9682539,0.7777778]}]}]}