{"n":"noody noobs gift 1","a":[2,21],"p":[{"im":"88223231236322655/FFF78E36F3D1E656D1953C5FA2EB7248534115B4/","s":[{"p":[0,0,0],"r":[0,0,0],"s":[0.1127709,0.01,0.1155838],"c":[0,0,0]}]}]}