{"n":"linked rings","a":[1,2,9,21],"p":[{"b":56,"t":1,"s":[{"p":[0,0,0],"r":[0,0,1.067217E-07],"s":[0.08742643,0.1455592,0.08617769],"c":[1,0.3428571,0]}]},{"b":56,"t":1,"s":[{"p":[0.1119145,0.011697,0.01378627],"r":[58.37836,83.94315,86.89499],"s":[0.08742652,0.1455592,0.08617777],"c":[0,0.05714257,1]}]},{"b":56,"t":1,"s":[{"p":[-0.1125565,0.005546512,-0.01039575],"r":[32.77969,86.79165,92.19337],"s":[0.08742664,0.1455594,0.08617774],"c":[0.9714286,1,0]}]}]}