{"n":"thing","a":[2,3],"p":[{"b":13,"s":[{"p":[0,0,0],"r":[0,0,0],"s":[0.2119474,0.03477182,0.1228001],"c":[0.4320987,0.5703702,0.7777778]}]}]}