{"n":"thing","a":[7,18],"p":[{"b":13,"s":[{"p":[-3.608379,-0.002822675,0.09710329],"r":[0,0,-1.001791E-05],"s":[0.9539397,0.005002235,0.01534192],"c":[0.4444444,0.3202821,0.04938237]}]},{"b":13,"s":[{"p":[-3.608379,-0.002822727,0.04661774],"r":[0,0,0],"s":[0.9542792,0.005002403,0.01534254],"c":[0.4444444,0.3202821,0.04938234]}]},{"b":13,"s":[{"p":[-3.608379,-0.002822722,-0.002458491],"r":[0,0,-1.001791E-05],"s":[0.9583383,0.00500256,0.0153431],"c":[0.4444444,0.3202821,0.04938237]}]}]}