{"n":"thing","a":[22],"p":[{"b":68,"s":[{"p":[0,0,0],"r":[0,0,0],"s":[0.5507108,0.0513275,1.444575],"c":[0.7777778,0.3999999,0],"b":["when touches hand then send one nearby to fazzis apartments onto delco"]}]},{"b":68,"s":[{"p":[-0.00759335,0.0143956,-0.008175377],"r":[0,0,-2.414837E-06],"s":[0.005,0.03754054,1.445879],"c":[0,0,0]}]}]}