{"n":"transportpad","a":[22],"p":[{"t":8,"a":[12],"s":[{"p":[0,0,0],"r":[0,0,0],"s":[0.09808353,0.1317619,0.1750116],"c":[1,1,1]}]}]}