{"n":"thing","a":[7],"p":[{"s":[{"p":[0,0,0],"r":[0,0,0],"s":[0.02705975,15.18603,2.422202],"c":[0.6666667,0.5714286,0]}]}]}