{"n":"thing","a":[7,18],"p":[{"t":1,"s":[{"p":[0,0,0],"r":[0,0,0],"s":[5.582283,0.5315835,0.353636],"c":[0.222222,0.222222,0.222222]}]}]}