{"n":"thing","a":[8],"p":[{"b":73,"t":3,"s":[{"p":[0,0,0],"r":[0,0,0],"s":[0.2520151,0.2520152,0.2520153],"c":[1,1,1]}]},{"t":8,"a":[12],"s":[{"p":[0.07307344,0.02757346,0.07859213],"r":[352.1372,39.72648,82.8009],"s":[0.1750021,0.1750029,0.1750014],"c":[1,1,1]}]}]}