{"n":"thing","p":[{"b":80,"s":[{"p":[-0.06845246,0.0220644,0.07256639],"r":[297.0211,162.3407,158.5553],"s":[0.07500002,0.07500067,0.07500073],"c":[0.4444443,0.4761901,1]}]},{"s":[{"p":[-0.1253577,0.08179228,0.1451977],"r":[331.8926,318.0671,11.74559],"s":[0.02833055,0.04697107,0.198482],"c":[0.4444443,0.4761901,1]}]},{"b":73,"t":3,"s":[{"p":[-0.01866846,-0.01499381,0.01623811],"r":[349.6559,53.66179,331.3859],"s":[0.2250238,0.2250185,0.2250234],"c":[0.9809523,1,0.3333332]}]}]}