{"n":"thing","p":[{"b":22,"e":"ABC","s":[{"p":[6.432873,-0.03199512,0.590309],"r":[90,5.008956E-06,0],"s":[0.003000111,0.002999103,0.003001524],"c":[1,1,1]}]},{"b":22,"e":"NICOLAS CAGE'S","s":[{"p":[-0.1648965,0.01739985,-0.1261894],"r":[72.69805,359.8242,1.93811],"s":[0.003744565,0.003744517,0.003744569],"c":[1,1,1]}]},{"b":22,"e":"ROOM","s":[{"p":[-0.1152425,0.007192656,-0.1553848],"r":[87.19257,10.91665,11.5504],"s":[0.005924687,0.005924631,0.005924683],"c":[1,1,1]}]},{"a":[6],"im":"92725562088795195/69729E118361051DA3CB610C89A1CDAA7FC26F93/","s":[{"p":[-0.0004639627,-0.0002343655,0.001090527],"r":[359.5098,359.9291,0.1769903],"s":[0.3153998,0.01000001,0.4205326],"c":[1,1,1]}]}]}