{"n":"thing","a":[7,18],"p":[{"t":8,"a":[5,12],"s":[{"p":[0,0,0],"r":[0,0,0],"s":[1.075116,0.0138588,1.929734],"c":[1,1,1]}]}]}