{"n":"thing","p":[{"b":4,"t":5,"s":[{"p":[0,0,0],"r":[0,0,0],"s":[0.03059155,0.03328468,0.02749078],"c":[0.5555556,0.5555556,0.5555556]}]}]}