{"n":"thing","a":[7,18],"p":[{"im":"82593731712384381/19FE2A3F700FD2FFE3D0F62F2351FBEF7332EB5D/","s":[{"p":[0,0,0],"r":[0,0,0],"s":[0.7979226,0.01000278,1.117576],"c":[1,1,1]}]}]}