{"n":"ramp","a":[7],"p":[{"b":31,"t":4,"s":[{"p":[0,0,0],"r":[0,0,0],"s":[7.344263,1.810124,1.810167],"c":[0,0.2222218,0.5555556]}]}]}