{"n":"thing","a":[7],"p":[{"b":20,"e":"JEEZ I THOUGHT WHEN I RENTED\nTHIS JOINT IT WOULD AT LEAST\nCOME WITH APPLIANCES.","s":[{"p":[-0.1393929,0.005763084,0.1594186],"r":[90,-9.659345E-06,0],"s":[0.003000346,0.003000051,0.003000354],"c":[0,0,0]}]},{"s":[{"p":[0.02283859,-0.001004227,0.09203529],"r":[0,0,0],"s":[0.3801627,0.01075193,0.2023582],"c":[1,0.984127,0.8888889]}]}]}