{"n":"thing","a":[22,18],"p":[{"s":[{"p":[0,0,0],"r":[0,0,0],"s":[10.84349,0.103973,2.511806],"c":[0.3333333,0.3333333,0.3333333]}]}]}