{"n":"thing","a":[7,18],"p":[{"s":[{"p":[-0.09396745,-0.02608488,0],"r":[0,0,-8.537737E-06],"s":[0.1770015,0.05348591,2.055585],"c":[1,1,1]}]},{"s":[{"p":[0.02827477,-0.03524828,0],"r":[0,0,0],"s":[0.1768432,0.05345527,2.054755],"c":[1,1,1]}]}]}