{"n":"thing","a":[7,18],"p":[{"b":12,"s":[{"p":[0,0,0],"r":[0,0,7.656432E-20],"s":[2.892453,0.06000115,0.8578064],"c":[0.111111,0.100529,0.03703704]}]}]}