{"n":"thing","a":[7,18],"p":[{"s":[{"p":[0,0,0],"r":[0,0,0],"s":[10.61749,0.178402,1.246756],"c":[0.3333333,0.3333333,0.3333333]}]}]}