{"n":"spawny","a":[7,18],"p":[{"s":[{"p":[0,0,0],"r":[0,0,0],"s":[0.9045191,3.371948,2.197949],"c":[1,1,1]}]}]}