{"n":"thing","a":[2],"p":[{"im":"82590571757001838/24F30B60816668F8BFBB8AB1BC4EEC8CF4A70DA5/","s":[{"p":[0,0,0],"r":[0,0,0],"s":[0.2181427,0.01,0.1227053],"c":[1,1,1]}]}]}