{"n":"floor lamp","a":[7,18],"p":[{"b":4,"t":1,"s":[{"p":[-9.204365E-11,-0.0005265474,0.8238984],"r":[2.414836E-06,180,90.00002],"s":[0.1784434,0.1638383,0.1125183],"c":[0.7777778,0.5333333,0]}]},{"b":16,"t":1,"s":[{"p":[-9.204365E-11,-0.000526309,-0.8933641],"r":[-2.049057E-05,270,270],"s":[0.1036854,0.01273327,0.1126222],"c":[0.7777778,0.5333333,0]}]},{"b":9,"t":3,"s":[{"p":[-9.204365E-11,-0.0005265474,0.9422361],"r":[-8.964216E-08,-8.964215E-08,270],"s":[0.05486847,0.05946168,0.04873462],"c":[1,0.8253968,0.4444443]}]},{"b":5,"t":1,"s":[{"p":[0,7.450581E-09,-0.05945588],"r":[0,0,5.008957E-06],"s":[0.01273495,0.01273437,2.099544],"c":[0.7777778,0.7777778,0.7777778]}]}]}