{"n":"thing","a":[7,12,18],"p":[{"pr":40,"s":[{"p":[0,0,0],"r":[0,0,0],"s":[0.005,0.005,0.005],"c":[1,1,1],"b":["when touched then become next"],"pr":{"c":[0,0,0],"m":0.01429224,"a":0.5951693,"s":0.03314781,"z":0.35,"g":0.4571133,"h":0.7776086}},{"p":[0,0,0],"r":[0,0,0],"s":[0.005,0.005,0.005],"c":[1,1,1],"b":["when starts then play explosion with 60 high-pitch very-varied-pitch","when starts then play explosion with 60 high-pitch very-varied-pitch","when starts then play explosion with 60 high-pitch very-varied-pitch","when starts then destroy all parts"],"pr":{"c":[1,0.6857142,0],"m":0.1235785,"a":0.5951693,"s":0.03314781,"z":0.35,"g":0.4571133,"h":0.7776086}}]},{"b":16,"t":1,"s":[{"p":[0.0011021,-0.0002507931,0.005452294],"r":[315.9699,90.05708,90.14348],"s":[0.005001721,0.01832493,0.005001243],"c":[1,0.5142855,0],"pr":{"c":[1,0.5142856,0],"m":0.25,"a":0.25,"s":0.15,"z":0.25,"g":0.5,"h":0.25}}]},{"b":5,"t":1,"s":[{"p":[0.0009874621,-0.0002783183,-0.008509071],"r":[0.1031537,0.1568035,44.0302],"s":[0.008513895,0.007751116,0.04461252],"c":[0.111111,0.111111,0.111111]}]}]}