{"n":"thing","p":[{"b":5,"t":8,"a":[12],"pr":48,"s":[{"p":[0,0,0],"r":[0,0,0],"s":[0.1250005,5.577615,0.1250002],"c":[1,1,1],"pr":{"c":[0,0.1015872,0.1111111],"m":0.7597303,"a":1,"s":0,"z":0.6008088,"g":0.5,"h":0.1517529}}]}]}