{"n":"thing","a":[7,18,20],"p":[{"b":17,"s":[{"p":[0,0,0],"r":[0,0,7.656432E-20],"s":[40.32618,24.28639,12.90964],"c":[0.4444443,0.4444443,0.4444443]}]}]}