{"n":"thing","a":[8],"p":[{"pr":54,"s":[{"p":[0,0,0],"r":[0,0,0],"s":[0.2631711,0.175,0.304221],"c":[1,1,1],"pr":{"c":[0.1111111,0.1111111,0.1111111],"m":0.4342591,"a":0.09640884,"s":0,"z":0.3159122,"g":0.3776001,"h":0.02576423}}]}]}