{"n":"thing","p":[{"t":8,"a":[12],"pr":31,"s":[{"p":[0,0,0],"r":[-3.468456E-06,-2.584201E-14,8.537739E-07],"s":[0.191292,0.1309592,0.1330512],"c":[1,1,1],"pr":{"c":[0.2857142,1,0],"m":0.9676458,"a":0.25,"s":0.15,"z":0.2796907,"g":0.5,"h":1}}]}]}