{"n":"thing","p":[{"b":12,"s":[{"p":[0,0,0],"r":[0,0,0],"s":[0.7231157,0.4388165,0.1002793],"c":[0.3333332,0.1714283,0]}]}]}