{"n":"rug","a":[2,7,16,18],"p":[{"b":61,"s":[{"p":[0,0,0],"r":[0,0,0],"s":[0.1970489,0.0050001,0.1250248],"c":[0.3456789,0.37037,0.7777778]}]}]}