{"n":"window 1","p":[{"b":82,"t":1,"s":[{"p":[0,0,0],"r":[0,0,0],"s":[0.1143684,0.07500017,0.219424],"c":[0.4444443,0.388007,0.04938262]}]},{"b":3,"t":7,"s":[{"p":[0.002486643,-0.03378709,-0.01498782],"r":[356.3491,356.8456,356.539],"s":[0.1791129,0.1281154,0.3409508],"c":[0.6031746,0.4444443,1]}]}]}