{"n":"rug","a":[2,7,16,18],"p":[{"b":61,"s":[{"p":[0,0,0],"r":[0,0,0],"s":[0.1970489,0.0050001,0.1250248],"c":[0.2962962,0.6666667,0.6349207]}]}]}