{"n":"thing","a":[7,8,18],"p":[{"t":6,"s":[{"p":[0,0,0],"r":[0,0,0],"s":[22.76497,6.921504,4.375165],"c":[1,1,1]}]}]}