{"n":"thing","a":[21],"p":[{"b":17,"s":[{"p":[0,0,0],"r":[0,0,0],"s":[0.953564,1.036641,1.689637],"c":[0.0698412,0.111111,0]}]},{"b":17,"s":[{"p":[-0.02665599,0.7621613,0.3181543],"r":[18.52509,13.44439,353.2629],"s":[0.953565,1.036642,1.689639],"c":[0.0698412,0.111111,0]}]},{"b":17,"s":[{"p":[0.4590057,0.6425509,1.166267],"r":[70.83662,90.10833,15.86352],"s":[0.9535666,1.036646,1.204298],"c":[0.0698412,0.111111,0]}]},{"b":17,"s":[{"p":[-0.5783568,0.4976104,-1.424222],"r":[4.826489,190.9447,110.7307],"s":[0.7013268,0.7449296,1.656227],"c":[0.0698412,0.111111,0]}]}]}