{"n":"thing","a":[7,18],"p":[{"t":8,"a":[12],"su":[{"i":"58cf45fd84e6995570b37bc0","t":"58cf537b62afa5af133ae4b5","p":[-0.1154272,0.1275208,0.1107085],"r":[90,-1.121608E-06,0]}],"s":[{"p":[-4.470348E-08,-0.1565703,0],"r":[0,0,-8.537737E-06],"s":[0.1750783,0.1749628,0.1750196],"c":[1,1,1],"b":["when neared then become 2 in 0.2s"]},{"p":[0,0,0],"r":[0,0,0],"s":[0.1749973,0.1750111,0.1750063],"c":[1,1,1],"b":["when starts then become 3 in 4s"]},{"p":[0,0,0],"r":[0,0,0],"s":[0.1749973,0.1750111,0.1750063],"c":[1,1,1],"b":["when starts then become 1 in 0.2s"]}]}]}