{"n":"mgalentis","a":[7,12,18],"p":[{"t":8,"a":[12],"s":[{"p":[0,0,0],"r":[0,0,0],"s":[0.1750259,0.1750198,0.1749933],"c":[1,1,1]}]}]}