{"n":"apt","a":[7,12,18],"p":[{"t":8,"a":[12],"s":[{"p":[0,0,0],"r":[0,0,0],"s":[0.1750022,0.175004,0.1750058],"c":[1,1,1]}]}]}