{"n":"thing","p":[{"s":[{"p":[0,0,0],"r":[0,0,0],"s":[0.8350821,0.1750011,0.6289576],"c":[1,1,1]}]}]}