{"n":"spawn","a":[7],"p":[{"t":1,"s":[{"p":[0,0,0],"r":[0,0,0],"s":[150.0203,0.0050001,3.970515],"c":[0.02539684,0,0.2222221]}]}]}