{"n":"thing","a":[7,18],"p":[{"s":[{"p":[0,0,0],"r":[0,0,0],"s":[6.969885,15.34581,0.7893298],"c":[0.4444443,0.4444443,0.4444443]}]}]}