{"n":"thing","a":[7,18],"p":[{"s":[{"p":[0,0,0],"r":[0,0,0],"s":[1.263387,0.04330019,0.8985424],"c":[0.09523795,0.3333332,0]}]}]}