{"n":"thing","a":[7,18],"p":[{"s":[{"p":[0,0,0],"r":[0,0,0],"s":[4.105945,0.04330019,1.511633],"c":[0.6666667,0.6031746,0.2222221]}]}]}