{"n":"thing","p":[{"b":16,"s":[{"p":[0.006039944,0.07392858,0.00535663],"r":[5.628246,18.33597,357.9493],"s":[0.02165994,0.008170221,0.01917811],"c":[0.5555556,0.5555556,0.5555556]}]},{"b":16,"s":[{"p":[0.005268368,0.07166734,0.005405108],"r":[4.496834,329.3918,356.144],"s":[0.01641934,0.01874536,0.01539576],"c":[0.1107583,0.111111,0.09876534]}]},{"b":16,"s":[{"p":[0.001628744,-0.00570567,-0.002351841],"r":[0.1304337,359.5768,359.887],"s":[0.1113765,0.05459605,0.1187636],"c":[0.6560847,0.6666667,0.2962962],"b":["when touched then play drum set 7"]}]}]}