{"n":"thing","p":[{"a":[1],"s":[{"p":[0,0,0],"r":[0,0,0],"s":[0.2637885,0.06998634,0.08675343],"c":[1,1,1]}]}]}