{"n":"thing","p":[{"b":10,"pr":54,"s":[{"p":[0,0,0],"r":[0,0,0],"s":[0.3090193,0.1250007,0.1250008],"c":[1,1,1],"pr":{"c":[0.06349199,0.2222221,0],"m":0.8101568,"a":0.25,"s":0.0435032,"z":0.3962403,"g":0.2095742,"h":0.25}}]}]}