{"n":"thing","p":[{"b":5,"s":[{"p":[-0.0370619,-0.03898038,-0.0239643],"r":[358.7744,6.188828,278.4972],"s":[0.03448111,0.03267609,0.1423162],"c":[0.9777778,1,0.8888889],"b":["when touched then play electronic snare drum"]},{"p":[-0.01975871,-0.03328496,-0.02602197],"r":[359.5421,1.373165,356.5285],"s":[0.08406343,0.08540337,0.149493],"c":[0.9777778,1,0.8888889]}]},{"b":5,"s":[{"p":[-0.03604309,-0.03863602,-0.03357406],"r":[356.376,8.535488,352.1757],"s":[0.04651551,0.0447799,0.1494932],"c":[0.6666667,0.6666667,0.6666667]}]}]}