{"n":"thing","a":[7,18,21],"p":[{"b":12,"s":[{"p":[-2.384186E-07,-0.005020186,8.777761E-10],"r":[-2.871162E-20,6.568453E-13,180],"s":[0.3283981,0.09127958,0.4370552],"c":[0.7587302,0.5555556,1]}]},{"b":12,"s":[{"p":[2.384186E-07,-0.002378732,-2.842171E-14],"r":[1.001791E-05,0,0],"s":[0.3283383,0.09125262,0.4370114],"c":[0.9904761,0.6666666,1]}]}]}