{"n":"thing","a":[7,18],"p":[{"t":9,"s":[{"p":[0,0,0],"r":[0,0,0],"s":[3.337361,0.5002,0.04972354],"c":[0,0,0]}]}]}