{"n":"thing","a":[7,18],"p":[{"s":[{"p":[0,0,0],"r":[0,0,0],"s":[5.821914,0.06480016,2.821671],"c":[0.444444,0.4289237,0.3950613]}]}]}