{"n":"thing","a":[7,18],"p":[{"s":[{"p":[0,0,0],"r":[0,0,0],"s":[5.54187,0.04330019,3.769778],"c":[0.09523792,0.3333332,0]}]}]}