{"n":"thing","p":[{"t":1,"s":[{"p":[0,0,0],"r":[0,0,-1.280661E-06],"s":[8.59755,0.1964236,8.894384],"c":[0,0,0]}]}]}