{"n":"light","a":[6,8],"p":[{"t":3,"s":[{"p":[0,0,0],"r":[0,0,0],"s":[0.1750004,0.07081361,0.05216457],"c":[1,1,1]}]},{"t":8,"a":[12],"s":[{"p":[0.006397252,0.09349774,0.02079926],"r":[275.9671,68.4044,122.2008],"s":[0.1750001,0.1750001,0.1750002],"c":[1,1,1]}]}]}