{"n":"thing","a":[1,7,18],"p":[{"b":5,"s":[{"p":[0,0,0],"r":[0,0,0],"s":[0.06447864,0.06361502,1.174146],"c":[0.111111,0.111111,0.111111]}]},{"b":16,"s":[{"p":[-0.005494863,0,0.445646],"r":[90,0,0],"s":[0.05132364,0.06373712,0.05702118],"c":[0.05079354,0.4444443,0],"b":["when touched hand then become next in 0.2s"]},{"p":[-0.005494863,0,0.445646],"r":[90,0,0],"s":[0.05132364,0.04317555,0.05702118],"c":[0.05079354,0.4444443,0],"b":["when starts then become 1 in 0.2s","when starts then tell any stro","when starts then tell any stclo"]}]}]}