{"n":"in","a":[7,18],"p":[{"b":3,"s":[{"p":[0,0,0],"r":[0,0,0],"s":[0.005000718,0.1250137,0.1250084],"c":[1,0,0.3428572]}]}]}