{"n":"thing","a":[2,7,16,18],"p":[{"b":9,"t":8,"a":[5,12],"s":[{"p":[0,0,0],"r":[0,0,0],"s":[0.005,0.005,0.005],"c":[1,1,1],"b":["when told by any bombex then become 2 in 0.2s"]},{"p":[0,0,0],"r":[0,0,0],"s":[8.922535,9.601832,8.46622],"c":[1,1,1],"b":["when starts then become 1 in 0.2s"]},{"p":[0,0,0],"r":[0,0,0],"s":[0.005,0.005,0.005],"c":[1,1,1]}]},{"b":9,"t":8,"a":[12],"s":[{"p":[0.0002851191,0.001260877,-0.002400637],"r":[8.964184E-08,-8.964186E-08,89.99998],"s":[0.01563087,0.0155303,0.01558418],"c":[1,1,1]}]}]}