{"n":"port","a":[2,12,14,16],"p":[{"t":8,"a":[12],"s":[{"p":[0,-3.72529E-09,0.02833224],"r":[-6.171555E-06,270,-1.162596E-06],"s":[1.842918,0.02849593,0.02168157],"c":[1,1,1]}]},{"t":2,"s":[{"p":[-0.008544924,7.470209E-10,0],"r":[270,90.00001,0],"s":[0.0568703,0.05332191,0.05571509],"c":[0.2857141,1,0],"b":["when told by any vanish then destroy all parts"]}]}]}