{"n":"thing","p":[{"b":5,"t":4,"s":[{"p":[0,0,0],"r":[0,0,0],"s":[0.02435364,0.04310568,149.7918],"c":[1,0.111111,0.8730157]}]}]}