{"n":"thing","a":[7,18],"p":[{"b":60,"t":9,"s":[{"p":[0,0,0],"r":[0,0,0],"s":[1.15741,0.2641564,0.6748602],"c":[0.2222221,0,0]}]}]}