{"n":"thing","a":[7,18],"p":[{"s":[{"p":[0,0,0],"r":[0,0,0],"s":[3.565139,0.06480016,3.682425],"c":[0.5555556,0.5361553,0.4938272]}]},{"s":[{"p":[1.591426,-1.391268E-07,2.605675],"r":[-1.001791E-05,4.378969E-13,-3.828217E-20],"s":[0.3831808,0.06481692,1.529119],"c":[0.5555556,0.5361553,0.4938272]}]}]}