{"n":"thing","a":[7,18],"p":[{"b":15,"t":1,"s":[{"p":[0,0,0],"r":[0,0,0],"s":[0.0689349,0.1063024,10.05224],"c":[0.3333332,0.3333332,0.3333332]}]}]}