{"n":"orange","a":[2],"p":[{"b":3,"s":[{"p":[0.1859934,0.03861828,-0.1121821],"r":[359.9809,28.75399,65.24487],"s":[0.05755091,0.05755068,0.05755088],"c":[1,0.8571429,0],"b":["when consumed then play squelchy squirt","when consumed then destroy all parts","when consumed then tell body orange"],"pr":{"c":[1,0.8571429,0],"m":0.25,"a":0.25,"s":0.15,"z":0.25,"g":0.5,"h":0.25}}]},{"b":5,"s":[{"p":[0.1845451,0.0448513,-0.06298399],"r":[355.0132,357.0372,13.89795],"s":[0.005,0.005,0.07892054],"c":[0.2222221,0.1523808,0]}]},{"b":5,"s":[{"p":[0.214958,0.05554885,-0.0394059],"r":[346.2632,320.2931,294.5558],"s":[0.01130394,0.02828175,0.005000052],"c":[0.06349194,0.5555556,0]}]},{"b":5,"s":[{"p":[0.1993211,0.02958529,-0.03350863],"r":[310.6003,338.5972,226.3049],"s":[0.01130386,0.02828171,0.005000024],"c":[0.06349194,0.5555556,0]}]}]}