{"n":"thing","a":[8],"p":[{"t":3,"s":[{"p":[0,0,0],"r":[0,0,0],"s":[0.005,0.08348268,0.05446643],"c":[1,1,1]}]},{"t":8,"a":[12],"s":[{"p":[-0.02073766,0.06776599,-0.06022718],"r":[301.2409,179.398,142.7644],"s":[0.1750002,0.1750002,0.1750002],"c":[1,1,1]}]}]}