{"n":"light","a":[7,18],"p":[{"b":5,"s":[{"p":[0,0,-0.03270817],"r":[0,0,1.024528E-05],"s":[0.07201828,0.07421759,0.05703922],"c":[1,1,1]}]},{"b":5,"t":2,"s":[{"p":[0,0,-0.05037022],"r":[0,0,1.024528E-05],"s":[0.04931257,0.05103152,0.02264284],"c":[1,1,1]}]},{"b":5,"s":[{"p":[1.62467,-0.03238707,-0.0384016],"r":[0,0,6.830188E-06],"s":[0.0720183,0.0742176,0.05703923],"c":[1,1,1]}]},{"b":5,"t":2,"s":[{"p":[1.62467,-0.03238707,-0.05606365],"r":[0,0,6.830188E-06],"s":[0.04931258,0.05103153,0.02264284],"c":[1,1,1]}]}]}