{"n":"path","a":[22,18,20],"p":[{"b":12,"t1":41,"s":[{"p":[0,0,0],"r":[0,0,0],"s":[14.28341,0.110004,1.360335],"c":[0.222222,0.222222,0.222222],"t1":{"c":[0,0,0],"x":0.113451,"y":0.5,"a":0.8925,"m":0,"n":0,"r":0,"g":0,"o":0.5,"t":0.5,"e":0.5}}]}]}