{"n":"thing","p":[{"t":1,"s":[{"p":[-3.321932,5.168682,-0.663048],"r":[6.745289,358.8706,103.83],"s":[5.296144,0.03605539,3.630306],"c":[0.111111,0.01234568,0.04620804],"pr":{"c":[0,0,0],"m":0.25,"a":0.25,"s":0.15,"z":0.25,"g":0.5,"h":0.25}}]}]}