{"n":"thing","a":[22],"p":[{"b":13,"t2":145,"s":[{"p":[0,0,0],"r":[0,0,0],"s":[3.35813,3.289181,7.257404],"c":[0.7777778,0.6962963,0.5185185],"t2":{"c":[0,0,0],"x":0.3547373,"y":0.5747108,"a":1,"m":0,"n":0.0191474,"r":0.0363102,"g":0,"o":0.5,"t":0.5,"e":0.5}}]}]}