{"n":"thing","a":[20],"p":[{"b":73,"t1":54,"t2":43,"s":[{"p":[0,0,0],"r":[0,0,0],"s":[8.098021,8.098021,8.098021],"c":[0.8888889,0.8268077,0.691358],"t1":{"c":[0.4444444,0.300529,0.1481481],"x":0.5,"y":0.5,"a":0.8925,"m":0,"n":0,"r":0,"g":0,"o":0.5,"t":0.5,"e":0.5},"t2":{"c":[0.1234567,0.2222221,0.2222221],"x":0.5,"y":0.5,"a":1,"m":0,"n":0,"r":0,"g":0,"o":0.5,"t":0.5,"e":0.5}}]}]}