{"n":"thing","a":[7,18],"p":[{"t":8,"a":[12],"su":[{"i":"58d8dafa432a9e141813aa43","t":"58d97bd2685a31c013ed42f2","p":[0.4364564,-0.2723504,0.3207836],"r":[-3.415095E-06,0,180]}],"s":[{"p":[0,0,0],"r":[0,0,0],"s":[0.1741218,0.02540608,0.07781959],"c":[1,1,1],"b":["when any part touched then become 2 in 2s, play machine 11"]},{"p":[1.161094,-2.076198E-07,0],"r":[0,0,0],"s":[0.1741371,0.02540934,0.07782511],"c":[1,1,1],"b":["when any part touched then become 1 in 2s, play machine 11"]}]}]}