{"n":"thing","a":[2,7,9,18],"p":[{"b":73,"t":9,"t1":102,"s":[{"p":[0,0,0],"r":[0,0,0],"s":[0.3271976,0.3271972,0.3271977],"c":[0,0,0],"t1":{"c":[1,0.1714285,0],"x":0.5,"y":0.5,"a":0.8925,"m":0,"n":0,"r":0,"g":0,"o":0.5,"t":0.5,"e":0.5}}]}]}