{"n":"thing","p":[{"b":29,"t":1,"s":[{"p":[0,0,0],"r":[0,0,5.336085E-08],"s":[2.130395,1.816372,2.56056],"c":[1,0,0.6857142]}]}]}