{"n":"thing","a":[7,18,21],"p":[{"im":"170415189364843425/0A6002D280D25E42540E09E71DAB03D186634B33/","s":[{"p":[0,0,0],"r":[0,0,6.157171E-14],"s":[7.259055,0.01,7.259055],"c":[0,0,0]}]}]}