{"n":"thing","a":[2,7,18],"p":[{"im":"82594996614214615/DDCB94DB003410E19D0F157FC7E1C0B2F7DEA0EA/","s":[{"p":[4.470348E-08,0.1772118,0],"r":[0,0,0],"s":[0.7262363,0.01000287,0.3630408],"c":[1,1,1]}]},{"s":[{"p":[0.001886398,0.1554904,-0.001164436],"r":[0,0,0],"s":[0.7561466,0.04129998,0.3872238],"c":[1,1,1]}]},{"t":1,"s":[{"p":[2.980232E-08,0.154532,0],"r":[0,0,-8.537737E-06],"s":[0.807102,0.04129852,0.4335864],"c":[0.4444442,0.3047616,0]}]}]}