{"n":"thing","a":[7,18],"p":[{"s":[{"p":[0,0,0],"r":[0,0,0],"s":[1.989906,0.02219168,2.49769],"c":[1,1,1]}]}]}