{"n":"thing","a":[7,18],"p":[{"t1":3,"s":[{"p":[0,0,0],"r":[0,0,0],"s":[44.38225,0.04093618,77.95118],"c":[0.09876534,0.2962961,0.4444443],"b":["when starts then become next in 20s"],"t1":{"c":[0,0.5714284,1],"x":0.17,"y":0.17,"a":0.65,"m":0.5,"n":0.5,"r":0,"g":0,"o":0.1968801,"t":0.2981098,"e":0.2}},{"p":[2.701087E-08,0.1544838,5.094311E-07],"r":[-1.001791E-05,8.757938E-13,-1.001791E-05],"s":[44.38467,0.0409364,77.95506],"c":[0.09876531,0.2962961,0.4444443],"b":["when starts then become next in 20s"],"t1":{"c":[0,0.5714284,1],"x":0.17,"y":0.17,"a":0.65,"m":0.5,"n":0.5,"r":0,"g":0,"o":1,"t":0.8101273,"e":0.2}}]}]}