{"n":"thing","a":[7,18],"p":[{"t":9,"t1":46,"s":[{"p":[0,0,0],"r":[0,0,0],"s":[4.540308,0.03437804,0.7859155],"c":[0.3333329,0.3174598,0.2222217],"t1":{"c":[0,0,0],"x":0.5,"y":0.5,"a":0.8925,"m":0,"n":0,"r":0,"g":0,"o":0.5,"t":0.5,"e":0.5}}]}]}