{"n":"thing","a":[22,18],"p":[{"b":53,"t1":101,"s":[{"p":[0,0,0],"r":[0,0,0],"s":[0.06054555,0.02418806,0.06054492],"c":[0,0,0],"b":["when touched then become 2 in 0.2s"],"t1":{"c":[0,0,0],"x":0.5,"y":0.5,"a":0.8925,"m":0,"n":0,"r":0,"g":0,"o":0.5,"t":0.5,"e":0.5}},{"p":[5.820766E-11,-0.01037228,0.000674367],"r":[2.544444E-13,8.537737E-06,-3.415095E-06],"s":[0.06055045,0.02418936,0.0605495],"c":[0,0,0],"b":["when starts then become 1 in 0.2s"],"t1":{"c":[0,0,0],"x":0.5,"y":0.5,"a":0.8925,"m":0,"n":0,"r":0,"g":0,"o":0.5,"t":0.5,"e":0.5}}]}]}