{"n":"thing","a":[7,18],"p":[{"t1":24,"s":[{"p":[0,0,0],"r":[0,0,0],"s":[4.105654,0.06955751,5.414417],"c":[0.3333332,0.1185183,0.07407392],"t1":{"c":[0.3333333,0.1142857,0],"x":0.4847243,"y":0.2782304,"a":0.7299094,"m":0,"n":0,"r":0,"g":0,"o":0.5,"t":0.5,"e":0.5}}]}]}