{"n":"thing","a":[7,18],"p":[{"t1":24,"s":[{"p":[0,0,0],"r":[0,0,0],"s":[2.391561,0.06955751,5.414417],"c":[0.3333332,0.1185183,0.0740738],"t1":{"c":[0.3333333,0.1142857,0],"x":0.4148607,"y":0.3286753,"a":0.7622501,"m":0,"n":0,"r":0,"g":0,"o":0.5,"t":0.5,"e":0.5}}]}]}