{"n":"thing","a":[7,18],"p":[{"b":5,"t":10,"t1":2,"s":[{"p":[-0.008123137,0.02153226,-0.0844311],"r":[276.7383,142.684,225.1057],"s":[0.01607817,0.01547829,0.1320101],"c":[0.02539681,0.2222221,0],"t1":{"c":[0.1820105,0.4444444,0.1481481],"x":0.17,"y":0.17,"a":0.8925,"m":0.5,"n":0.5,"r":0,"g":0,"o":0.5,"t":0.5,"e":0.5}}]},{"b":16,"t":10,"t1":2,"s":[{"p":[-0.01688873,-0.07657767,-0.078372],"r":[355.2496,7.988237,355.2155],"s":[0.04180376,0.05323829,0.0382043],"c":[0.02539681,0.2222221,0],"t1":{"c":[0.1820105,0.4444444,0.1481481],"x":0.17,"y":0.17,"a":0.8925,"m":0.5,"n":0.5,"r":0,"g":0,"o":0.5,"t":0.5,"e":0.5}}]},{"b":3,"t":10,"s":[{"p":[-0.004191625,0.06883982,-0.08724248],"r":[276.7383,142.684,225.1057],"s":[0.02587581,0.025914,0.00500026],"c":[0.02539681,0.2222221,0]}]},{"b":3,"t":10,"s":[{"p":[-0.004598364,0.06165206,-0.08597972],"r":[276.7383,142.684,225.1057],"s":[0.02526775,0.02913501,0.00500035],"c":[0.02539681,0.2222221,0]}]}]}