{"n":"thing","a":[8],"p":[{"t":3,"s":[{"p":[0,0,0],"r":[0,0,0],"s":[0.2314385,0.2551915,0.2644083],"c":[1,1,1]}]},{"t":8,"a":[12],"s":[{"p":[-0.003680979,-0.006641135,0.1977268],"r":[359.0224,357.8468,272.3188],"s":[0.175,0.1750001,0.1750001],"c":[1,1,1]}]}]}