{"n":"rockpile","p":[{"b":10,"t1":63,"s":[{"p":[-1.953677,-4.257638,0.9583857],"r":[359.2787,138.1083,285.285],"s":[0.05431441,0.04705611,0.1250004],"c":[0.6666667,0.6455027,0.5185186],"t1":{"c":[1,1,1],"x":0.5,"y":0.5,"a":0.4225188,"m":0,"n":0,"r":0,"g":0,"o":0.5,"t":0.5,"e":0.5}}]},{"b":10,"t1":63,"s":[{"p":[-1.938066,-4.400698,0.8686039],"r":[302.4543,112.7278,302.7099],"s":[0.08763264,0.04705615,0.1239563],"c":[0.6666667,0.6455027,0.5185186],"t1":{"c":[1,1,1],"x":0.5,"y":0.5,"a":0.4225188,"m":0,"n":0,"r":0,"g":0,"o":0.5,"t":0.5,"e":0.5}}]},{"b":10,"t1":63,"s":[{"p":[-2.02358,-4.387208,1.013998],"r":[61.76628,256.4416,25.38614],"s":[0.04575543,0.04705611,0.06948549],"c":[0.6666667,0.6455027,0.5185186],"t1":{"c":[1,1,1],"x":0.5,"y":0.5,"a":0.4225188,"m":0,"n":0,"r":0,"g":0,"o":0.5,"t":0.5,"e":0.5}}]},{"b":10,"t1":63,"s":[{"p":[-1.860138,-4.089128,0.920094],"r":[315.6377,84.52691,15.89798],"s":[0.02174561,0.0212379,0.0495662],"c":[0.6666667,0.6455027,0.5185186],"t1":{"c":[1,1,1],"x":0.5,"y":0.5,"a":0.4225188,"m":0,"n":0,"r":0,"g":0,"o":0.5,"t":0.5,"e":0.5}}]}]}