{"n":"grass1","a":[6],"p":[{"b":89,"t1":162,"s":[{"p":[-0.1659489,0.09925222,0.09165947],"r":[350.5334,347.4321,353.9606],"s":[0.02702462,0.3534874,0.01057663],"c":[0.5555556,0.435626,0.3086419],"t1":{"c":[0.1015872,0.8888889,0],"x":0.5,"y":0.5,"a":0.8925,"m":0,"n":0,"r":0,"g":0,"o":0.5,"t":0.5,"e":0.5}}]},{"b":89,"t1":162,"s":[{"p":[-0.02048192,0.2744102,-0.2395522],"r":[334.1013,129.4364,17.02383],"s":[0.02702464,0.3534881,0.01057664],"c":[0.5555556,0.435626,0.3086419],"t1":{"c":[0.1015872,0.8888889,0],"x":0.5,"y":0.5,"a":0.8925,"m":0,"n":0,"r":0,"g":0,"o":0.5,"t":0.5,"e":0.5}}]},{"b":89,"t1":162,"s":[{"p":[0.04351327,0.05035879,-0.1909636],"r":[357.5754,65.40919,21.29963],"s":[0.01727444,0.3671816,0.005000007],"c":[0.5555556,0.435626,0.3086419],"t1":{"c":[0.1015872,0.8888889,0],"x":0.5,"y":0.5,"a":0.8925,"m":0,"n":0,"r":0,"g":0,"o":0.5,"t":0.5,"e":0.5}}]},{"b":89,"t1":162,"s":[{"p":[0.01158225,0.02687301,0.006948886],"r":[355.1066,27.59204,6.155483],"s":[0.02702457,0.3534872,0.01400225],"c":[0.5555556,0.435626,0.3086419],"t1":{"c":[0.1015872,0.8888889,0],"x":0.5,"y":0.5,"a":0.8925,"m":0,"n":0,"r":0,"g":0,"o":0.5,"t":0.5,"e":0.5}}]}]}