{"n":"snow","a":[7],"p":[{"b":17,"t":9,"s":[{"p":[0,0,0],"r":[0,0,0],"s":[22.37371,0.267239,59.75813],"c":[1,1,1]}]}]}