{"n":"roll","p":[{"b":3,"t":8,"a":[12],"s":[{"p":[0,0,0],"r":[0,0,0],"s":[0.1250004,0.1250001,0.1250005],"c":[1,1,1]}]}]}