{"n":"thing","a":[7,18],"p":[{"s":[{"p":[0,0,0],"r":[0,0,0],"s":[39.3142,0.4362972,95.63764],"c":[1,1,1]}]}]}