{"n":"thing","a":[7,18],"p":[{"s":[{"p":[0,0,0],"r":[0,0,0],"s":[1.808036,0.1751302,20.66122],"c":[1,1,1]}]}]}