{"n":"thing","a":[21],"p":[{"t":1,"s":[{"p":[0,0,0],"r":[-1.067217E-07,0,0],"s":[3.789839,0.06114501,4.05495],"c":[0.111111,0.08641963,0.09488521]}]}]}