{"n":"thing","p":[{"b":11,"s":[{"p":[-3.941095,-1.38501,1.327967],"r":[350.1357,9.708502,12.29162],"s":[0.4305053,0.3626517,0.274967],"c":[0,0,0]}]},{"b":11,"s":[{"p":[-6.385426,0.6347648,-0.6078582],"r":[333.3247,53.45335,53.10577],"s":[0.514874,0.1626683,0.370546],"c":[0,0,0]}]},{"b":11,"s":[{"p":[-9.217269,-4.013072,3.577614],"r":[336.6823,47.85646,48.74824],"s":[0.5129765,0.2619745,0.2408062],"c":[0,0,0]}]}]}