{"n":"orange flag","a":[1,6,5,22,20],"p":[{"b":5,"s":[{"p":[0,0,0],"r":[0,0,0],"s":[0.01821918,0.01822105,2.156387],"c":[0.7777778,0.6938272,0.6049383]}]},{"b":5,"s":[{"p":[-0.2814442,-0.004345,0.696265],"r":[270,270,0],"s":[0.1398273,0.2078784,0.04703944],"c":[1,0.6857142,0]}]},{"b":5,"s":[{"p":[-0.2810341,-0.004345119,0.6962649],"r":[270,270,0],"s":[0.1477308,0.2156087,0.03503403],"c":[0.7777778,0.6938272,0.6049383]}]},{"b":5,"s":[{"p":[0.001281382,0.006947756,-0.8255931],"r":[0,0,337.5],"s":[0.07804546,0.0837549,0.02158728],"c":[1,0.6857142,0]}]}]}