{"n":"thing","a":[7,18],"p":[{"t1":80,"s":[{"p":[0,0,0],"r":[0,0,0],"s":[1.280791,0.1750047,12.70596],"c":[1,1,1],"t1":{"c":[0,0.5714284,1],"x":0.5,"y":0.4230151,"a":1,"m":0,"n":0,"r":0.2434695,"g":0.3165441,"o":0.5,"t":0.5,"e":0.5}}]}]}