{"n":"thing","p":[{"b":58,"t":1,"pr":6,"s":[{"p":[0,0,0],"r":[0,0,0],"s":[0.3364385,0.1250002,0.3276699],"c":[0.4444443,0.2285713,0],"pr":{"c":[1,0.342857,0],"m":0.2025773,"a":0.5659884,"s":0,"z":0.3744105,"g":0.5,"h":0.3871301}}]}]}