{"n":"thing","a":[7,18],"p":[{"b":13,"s":[{"p":[0,0,0],"r":[0,0,0],"s":[0.06580766,0.005000145,0.09666356],"c":[0.7777778,0.9047619,1]}]},{"b":13,"s":[{"p":[0.1103559,0.001506488,-0.1094427],"r":[-1.001791E-05,0,0],"s":[0.06581458,0.00500023,0.09667443],"c":[0.7777778,0.9047619,1]}]}]}