{"n":"thing","p":[{"t":2,"t1":97,"t2":43,"s":[{"p":[0,0,0],"r":[0,0,0],"s":[0.1750003,0.1750001,0.3021072],"c":[0.9714286,1,0],"t1":{"c":[1,0.6857142,0],"x":0.1322485,"y":0.08036232,"a":0.9301541,"m":0,"n":0,"r":0.4627719,"g":1,"o":0.5,"t":0.5,"e":0.5},"t2":{"c":[0,0.2285713,1],"x":0.5,"y":0.5,"a":1,"m":0.08875066,"n":0.06681496,"r":0.1296601,"g":1,"o":0.5,"t":0.5,"e":0.5}}]}]}