{"n":"thing","a":[7,8,18],"p":[{"t":4,"s":[{"p":[0,0,0],"r":[0,0,0],"s":[1.487174,0.7707247,0.1750013],"c":[0.2222221,1,1]}]},{"b":3,"t":8,"a":[12],"s":[{"p":[0.1702995,0.04381835,0.7960745],"r":[90,-1.001791E-05,0],"s":[0.1250058,0.1250131,0.1250115],"c":[1,1,1]}]}]}