{"n":"thing","a":[1,2],"p":[{"b":54,"t":1,"pr":6,"t1":144,"t2":144,"s":[{"p":[0,0,0],"r":[0,0,1.707547E-06],"s":[0.1250002,0.1250003,0.1250003],"c":[0.6285716,0,1],"t1":{"c":[0.6285716,0,1],"x":0.716998,"y":0.7614216,"a":0.9149494,"m":0,"n":0,"r":0,"g":0.6430249,"o":0.5,"t":0.5,"e":0.5},"t2":{"c":[0.6698414,0.1111111,1],"x":0.8375149,"y":0.8402811,"a":0.7979462,"m":0,"n":0,"r":0,"g":1,"o":0.5,"t":0.5,"e":0.5},"pr":{"c":[0.6285716,0,1],"m":0.25,"a":0.25,"s":0,"z":0.25,"g":0.5,"h":0.25}}]}]}