{"n":"thing","a":[8],"p":[{"b":10,"pr":27,"s":[{"p":[0,0,0],"r":[0,0,-1.173939E-06],"s":[0.07441273,0.005000014,0.005000005],"c":[1,1,1],"pr":{"c":[0.2857141,1,0],"a":0.1198342}}]}]}