{"n":"thing","a":[2,6,14],"p":[{"b":3,"t":3,"a":[3],"s":[{"p":[0,0,0],"r":[0,0,0],"s":[0.03794798,0.03794787,0.03794801],"c":[0.6666667,0.4444441,0.5206349]}]}]}