{"n":"simple shrub","a":[20,21,23],"p":[{"b":17,"t1":62,"t2":13,"s":[{"p":[-0.004410846,0.01327842,0.1531567],"r":[77.49686,62.93334,60.47802],"s":[0.3335944,0.1440041,0.1440045],"c":[0.126984,0.4444443,0],"t1":{"c":[0.1587301,0.5555556,0],"x":0.5,"y":0.5,"a":0.8925,"m":0,"n":0,"r":0,"g":0,"o":0.5,"t":0.5,"e":0.5},"t2":{"c":[0.126984,0.4444444,0],"x":0.17,"y":0.17,"a":0.8925,"m":0.5,"n":0.5,"r":0,"g":0,"o":0.5,"t":0.5,"e":0.5}}]},{"b":5,"t1":13,"s":[{"p":[-0.03674408,0.03069215,-0.06133304],"r":[1.381343,3.18951,340.0837],"s":[0.04424763,0.04854802,0.2894775],"c":[0.3333332,0.2285713,0],"t1":{"c":[0.5555556,0.3809523,0],"x":0.17,"y":0.17,"a":0.8925,"m":0.5,"n":0.5,"r":0,"g":0,"o":0.5,"t":0.5,"e":0.5}}]}]}