{"n":"thing","p":[{"b":40,"t1":85,"t2":8,"s":[{"p":[-0.04200714,0.02072526,-0.06499581],"r":[3.683337,314.0912,330.3234],"s":[0.1250063,0.005000039,0.1250068],"c":[0.4571431,0,1],"b":["when neared then become next"],"t1":{"c":[1,1,1],"x":0.5,"y":0.5,"a":0.8925,"m":0,"n":0,"r":0,"g":0,"o":0.5,"t":0.5,"e":0.5},"t2":{"c":[1,0,0],"x":0.17,"y":0.17,"a":0.69625,"m":0.5,"n":0.5,"r":0,"g":0,"o":0.5,"t":0.5,"e":0.5}},{"p":[-0.04200714,0.02072526,-0.06499581],"r":[3.683338,314.0912,330.3234],"s":[0.1250063,0.005000039,0.1250068],"c":[0.4571431,0,1],"b":["when starts then become next in 2s"],"t1":{"c":[1,1,1],"x":0.5,"y":0.705528,"a":0.8925,"m":0,"n":0,"r":0,"g":0,"o":0.5,"t":0.5,"e":0.5},"t2":{"c":[1,0,0],"x":0.17,"y":0.17,"a":0.69625,"m":0.5,"n":0.5,"r":0,"g":0.2095256,"o":0.5,"t":0.5,"e":0.5}},{"p":[-0.04200714,0.02072526,-0.06499581],"r":[3.683338,314.0912,330.3234],"s":[0.1250063,0.005000039,0.1250068],"c":[0.4571431,0,1],"b":["when starts then become next in 2s"],"t1":{"c":[1,1,1],"x":0.5,"y":0.6594515,"a":0.8925,"m":0,"n":0,"r":0,"g":0,"o":0.5,"t":0.5,"e":0.5},"t2":{"c":[1,0,0],"x":0.17,"y":0.17,"a":0.69625,"m":0.5,"n":0.5,"r":0,"g":0,"o":0.5,"t":0.5,"e":0.5}}]}]}