{"n":"thing","p":[{"b":4,"t":8,"a":[12],"pr":5,"s":[{"p":[0,0,0],"r":[1.192708E-15,6.403302E-07,-2.134434E-07],"s":[0.01806092,0.01463063,0.01059645],"c":[1,1,1],"pr":{"c":[1,1,1],"m":0.4226263,"a":0.1193714,"s":0.034953,"z":0.1717043,"g":0.6071146,"h":0.25}}]}]}