{"n":"thing","a":[7],"p":[{"b":12,"s":[{"p":[0,0,0],"r":[0,0,0],"s":[1.804636,0.1762798,11.39344],"c":[1,1,1]}]}]}