{"n":"thing","a":[7,18],"p":[{"t1":80,"s":[{"p":[0,0,0],"r":[0,0,0],"s":[1.240313,0.09047362,1.329815],"c":[0.2222221,0.2222221,0.2222221],"t1":{"c":[0.1111111,0.1111111,0.1111111],"x":0.6001875,"y":0.03239715,"a":0.6215556,"m":0,"n":0,"r":0,"g":0,"o":0.5,"t":0.5,"e":0.5}}]}]}