{"n":"thing","a":[2,8],"p":[{"b":73,"t":3,"s":[{"p":[0,0,0],"r":[0,0,0],"s":[0.2250018,0.2250028,0.2250016],"c":[1,1,1]}]},{"t":8,"a":[12],"s":[{"p":[-0.1109207,-0.02824964,0.009361992],"r":[21.34844,263.7726,106.0649],"s":[0.1750006,0.1750005,0.1750004],"c":[1,1,1]}]}]}