{"n":"thing","a":[7,18],"p":[{"s":[{"p":[0,0,0],"r":[0,0,0],"s":[0.1749898,0.175006,3.915129],"c":[0,0,0]}]}]}