{"n":"bgstrs1","a":[5,8,12,20],"p":[{"t":6,"pr":2,"s":[{"p":[0,0,0],"r":[0,0,1.067217E-07],"s":[15.66566,16.13497,1.321769],"c":[1,1,1],"pr":{"c":[1,1,1],"m":1,"a":1,"s":1,"z":0.4448545,"g":0.8045418,"h":0.5320587}}]}]}