{"n":"bracket","a":[7,18],"p":[{"t":1,"s":[{"p":[0.04793835,-7.450581E-09,-0.07979263],"r":[1.931869E-05,90,0],"s":[0.005000481,0.08100147,0.09105791],"c":[1,1,1]}]},{"b":15,"t":1,"s":[{"p":[0.04612231,-7.450581E-09,-0.07642914],"r":[0,0,-1.001791E-05],"s":[0.0122318,0.01313078,0.01417264],"c":[1,1,1]}]},{"b":15,"t":1,"s":[{"p":[0.08634853,-2.607703E-08,-0.03013558],"r":[1.931869E-05,90.00001,1.628444E-12],"s":[0.01223198,0.01313006,0.01417201],"c":[1,1,1]}]},{"t":1,"s":[{"p":[0.09277821,7.450581E-09,-0.03545941],"r":[5.008957E-06,180,0],"s":[0.005002015,0.08101031,0.09106433],"c":[1,1,1]}]}]}