{"n":"thing","p":[{"b":18,"e":"SHIELD","s":[{"p":[0,0,0],"r":[0,0,0],"s":[0.003000009,0.003000004,0.003000013],"c":[1,1,1]}]},{"b":18,"e":"LIQUID LASER\n{REMOVIES DROPPED\nOR EMITTED ITEMS}","s":[{"p":[-0.1307478,-0.0764533,-0.09251708],"r":[8.492361,357.7713,357.7079],"s":[0.001000001,0.001,0.001],"c":[1,1,1]}]}]}