{"n":"thing","a":[7],"p":[{"s":[{"p":[0,0,0],"r":[0,0,0],"s":[7.190574,0.1750325,2.466368],"c":[0.4444443,0.2525572,0.04938262]}]}]}