{"n":"thing","a":[7,18],"p":[{"t1":156,"t2":134,"s":[{"p":[0,0,0],"r":[0,0,0],"s":[15.57427,0.1627342,16.3175],"c":[0.111111,0.111111,0.111111],"t1":{"c":[1,1,1],"x":0.07342196,"y":0.03864539,"a":0.4073067,"m":0.1691088,"n":0.1138908,"r":0,"g":0,"o":0.5,"t":0.5,"e":0.5},"t2":{"c":[1,1,1],"x":0.5,"y":0.5,"a":0.565734,"m":0,"n":0,"r":0,"g":0,"o":0.5,"t":0.5,"e":0.5}}]}]}