{"n":"hanger","a":[7,18],"p":[{"b":16,"t":1,"s":[{"p":[0,0,0],"r":[0,0,0],"s":[0.01320747,0.02274264,0.01189417],"c":[0,0.1650788,0.2222218]}]},{"b":3,"s":[{"p":[0.00329569,0.203702,0.0001382466],"r":[1.183166E-12,90.00001,-3.585674E-07],"s":[0.009782154,0.008369482,0.01011167],"c":[0.8888889,0.9714285,1]}]},{"b":51,"t":1,"s":[{"p":[1.490116E-08,0.1152795,-2.01561E-08],"r":[270,9.659346E-06,0],"s":[0.1251175,0.1249609,0.128018],"c":[0,0.1650788,0.2222218]}]}]}