{"n":"thing","p":[{"b":3,"s":[{"p":[0,0,0],"r":[0,0,0],"s":[0.005000003,0.01644897,0.01999054],"c":[0,0.2285712,1]}]},{"b":3,"s":[{"p":[0.1856716,0.1289822,-0.01944149],"r":[347.9243,13.5845,10.58213],"s":[0.005000005,0.01644899,0.01999056],"c":[0,0.2285712,1]}]},{"b":3,"s":[{"p":[0.2733105,0.2967574,0.1032449],"r":[341.3671,27.34597,15.35557],"s":[0.005000003,0.01644898,0.01999055],"c":[0,0.2285712,1]}]}]}