{"n":"thing","p":[{"b":15,"t1":134,"t2":138,"s":[{"p":[0,0,0],"r":[0,0,-1.2273E-06],"s":[0.04124287,0.1826153,0.09340257],"c":[0.1111109,0.1111109,0.1111109],"t1":{"c":[0.5555556,0.5555556,0.5555556],"x":0.5,"y":0.1284997,"a":0.8925,"m":0,"n":0,"r":0,"g":0,"o":0.5,"t":0.5,"e":0.5},"t2":{"c":[0.4938272,0.5555556,0.5555556],"x":0.5,"y":0.3187336,"a":0.6247216,"m":0,"n":0,"r":0,"g":0,"o":0.5,"t":0.5,"e":0.5}}]}]}