{"n":"thing","a":[13],"p":[{"b":10,"t":8,"a":[12],"s":[{"p":[-0.05388843,-0.408936,0.4238363],"r":[12.693,349.7944,346.3025],"s":[0.00500001,0.1542425,0.1341313],"c":[0.8634921,0.8888889,0],"b":["when touches ball then become 2","when touches ball then tell nearby basket"]},{"p":[-0.3296057,-0.3231657,0.3813372],"r":[6.745996,343.3606,352.457],"s":[0.09085944,0.1542422,0.1341307],"c":[1,0.342915,8.870851E-05],"b":["when starts then become 1 in 2s"]}]}]}