{"n":"bodysphere","a":[21],"p":[{"b":3,"s":[{"p":[0,0,0],"r":[-8.537736E-07,2.561321E-06,3.415094E-06],"s":[0.2131951,0.2131954,0.2131955],"c":[0.7777778,0.9428571,1]}]}]}