{"n":"thing","a":[20],"p":[{"pr":41,"s":[{"p":[0,0,0],"r":[3.415094E-06,1.017777E-13,3.415094E-06],"s":[0.175001,0.1750009,0.1750008],"c":[1,1,1],"pr":{"c":[0.2222221,0.2222221,0.2222221],"m":0.25,"a":0.5,"s":0.3620476,"z":0.8540688,"g":0.5,"h":0.5}}]}]}