{"n":"thing","a":[7,21],"p":[{"t":1,"s":[{"p":[-0.03439163,-1.272267,0.05826759],"r":[270,1.001791E-05,0],"s":[0.4939757,0.4859173,0.7595513],"c":[0.3333332,0.3333332,0.3333332]}]},{"t":7,"s":[{"p":[-0.03239069,-0.5492671,0.05713701],"r":[-1.001791E-05,1.001791E-05,1.001791E-05],"s":[0.5060677,0.7586227,0.5151708],"c":[0,0,0]}]}]}