{"n":"yurt sweet yurt","a":[22],"p":[{"b":31,"s":[{"p":[-0.1854611,-0.07203356,-0.9008353],"r":[1.001791E-05,180,1.001791E-05],"s":[2.185359,4.926901,1.087767],"c":[1,1,1]}]},{"b":31,"s":[{"p":[0.3189954,-0.07175292,0.611652],"r":[1.001791E-05,90.00001,-4.071109E-13],"s":[2.186777,4.926623,1.088514],"c":[1,1,1]}]},{"b":75,"s":[{"p":[-0.2257384,1.743183,0.465683],"r":[1.001791E-05,90.00001,180],"s":[1.067683,0.4451446,0.8119314],"c":[1,1,1]}]}]}