{"n":"snkhole","a":[7,12,18],"p":[{"b":5,"t1":23,"s":[{"p":[0,0,0],"r":[0,0,0],"s":[0.02190274,0.02451509,0.005005494],"c":[1,1,1],"b":["when starts then become 2 in 0.2s"],"t1":{"c":[0,0,0],"x":0.17,"y":0.17,"a":0.69625,"m":0.5,"n":0.5,"r":0,"g":0,"o":0.5,"t":0.5,"e":0.5}},{"p":[0,0,0.9379997],"r":[0,0,0],"s":[0.2345892,0.2928836,0.005005739],"c":[0.7777778,0.5604938,0.08641968],"b":["when starts then become next in 0.5s"],"t1":{"c":[1,0.6857142,0],"x":0.2353777,"y":0.3906788,"a":0.25,"m":0.5,"n":0.5,"r":0.5684071,"g":0.0598402,"o":0.5,"t":0.4614553,"e":0.5}},{"p":[0,0,0.9379997],"r":[0,0,0],"s":[0.2345892,0.2928836,0.005005739],"c":[0.7777778,0.5604938,0.08641968],"b":["when starts then become 2 in 0.5s"],"t1":{"c":[1,0.6857142,0],"x":0.17,"y":0.17,"a":0.25,"m":0.5,"n":0.5,"r":0,"g":0,"o":0.5,"t":0.5,"e":0.5}}]}]}