{"n":"thing","p":[{"b":3,"t1":4,"s":[{"p":[0,0,0],"r":[0,0,0],"s":[0.5151339,0.5013303,0.005000009],"c":[0.4024692,0.08641968,0.7777778],"t1":{"c":[0,0,0],"x":0.17,"y":0.17,"a":0.69625,"m":0.5,"n":0.5,"r":0,"g":0,"o":0.5,"t":0.5,"e":0.5}}]}]}