{"n":"cork","p":[{"b":53,"s":[{"p":[0,0,0],"r":[0,0,0],"s":[0.01279202,0.02015405,0.01128356],"c":[0.6666667,0.5587301,0.4444443],"b":["when hitting then destroy all parts"]}]}]}