{"n":"ball","a":[2,9,17],"p":[{"b":73,"t":1,"s":[{"p":[0,0,0],"r":[0,0,-1.707547E-06],"s":[0.04282284,0.04282369,0.04282391],"c":[1,1,1]}]}]}