{"n":"door","a":[7,12,18],"p":[{"s":[{"p":[-0.5060806,0.6344655,-0.03061342],"r":[90,89.99999,0],"s":[0.0630055,0.05646651,2.192683],"c":[0.3333333,0.3333333,0.3333333]}]},{"s":[{"p":[0.4937288,0.6344653,-0.0306133],"r":[90,89.99999,0],"s":[0.06301797,0.05647787,2.192994],"c":[0.3333333,0.3333333,0.3333333]}]},{"s":[{"p":[-0.01673116,0.6396519,-0.03130527],"r":[9.748989E-06,89.99999,1.940833E-05],"s":[0.03983892,2.183572,0.9777445],"c":[0.2222221,0.03809523,0]}]},{"s":[{"p":[-0.007013399,-0.4312009,-0.03130535],"r":[9.748991E-06,89.99999,1.475794E-05],"s":[0.06948334,0.05652375,1.083715],"c":[0.3333333,0.3333333,0.3333333]}]}]}