{"n":"roof","a":[7,18],"p":[{"b":7,"s":[{"p":[0,0,0],"r":[0,0,0],"s":[3.689264,3.600701,2.694431],"c":[0.3333332,0.2285713,0]}]},{"s":[{"p":[1.070858E-06,4.083064,-4.768372E-07],"r":[0,0,180],"s":[0.1750001,0.1750018,0.1750014],"c":[1,1,1]}]}]}