{"n":"thing","p":[{"b":3,"t":3,"s":[{"p":[0,0,0],"r":[0,0,0],"s":[0.1250001,0.125,0.1250001],"c":[1,0.1714285,0]}]},{"b":3,"t":3,"s":[{"p":[-0.5531477,-0.06241436,0.233121],"r":[348.2517,353.7612,335.209],"s":[0.1250001,0.125,0.1250001],"c":[0,0.9142855,1]}]},{"b":3,"t":3,"s":[{"p":[-0.7961063,0.2792374,-0.05176029],"r":[319.5246,17.67998,310.8123],"s":[0.1250004,0.1250003,0.1250003],"c":[0.6285716,0,1]}]},{"b":3,"t":3,"s":[{"p":[-0.320411,0.3743122,-0.24125],"r":[339.7549,354.3333,291.5154],"s":[0.1250002,0.1250001,0.1250002],"c":[0.9714286,1,0]}]}]}