{"n":"thing","a":[7,18,20],"p":[{"t1":66,"t2":76,"s":[{"p":[0,0,0],"r":[0,0,0],"s":[5.542843,2.681423,0.1081053],"c":[0.8888889,0.4994709,0.2962962],"t1":{"c":[1,0.7777778,0.7777778],"x":0.514688,"y":0.6302929,"a":0.6323729,"m":0,"n":0,"r":0,"g":0,"o":0.5,"t":0.5,"e":0.5},"t2":{"c":[0.2222221,0.2222221,0.2222221],"x":0.5,"y":0.5,"a":0.8925,"m":0,"n":0,"r":0,"g":0,"o":0.5,"t":0.5,"e":0.5}}]}]}