{"n":"thing","p":[{"b":23,"e":"TO THE APARTMENTS","s":[{"p":[0,0,0],"r":[0,0,0],"s":[0.003000004,0.003000007,0.003000006],"c":[1,1,1]}]}]}