{"n":"tv","a":[22,18,21],"p":[{"b":7,"t":1,"s":[{"p":[0.003495693,-0.03271208,-0.0180486],"r":[90,-9.659345E-06,0],"s":[0.6992286,0.5276436,0.08428284],"c":[0.222222,0.222222,0.222222]}]},{"b":7,"a":[9],"s":[{"p":[0.6548686,0.001128614,-0.5374446],"r":[270,1.871498E-05,0],"s":[0.005842237,0.004053564,0.008102522],"c":[0.4444443,0.07619032,0]}]},{"b":7,"a":[2],"s":[{"p":[0.6825538,0.001927495,-0.5374445],"r":[270,1.871498E-05,0],"s":[0.005841827,0.004053017,0.00810215],"c":[0.2694884,0.4444444,0.2469135]}]},{"a":[1],"s":[{"p":[0.005505563,-0.001484394,-0.01554299],"r":[-1.017778E-13,-3.415095E-06,-3.415095E-06],"s":[1.365294,0.004040266,1.024254],"c":[0,0,0]}]}]}