{"n":"thing","p":[{"b":21,"e":"WELCOME!","s":[{"p":[0.07940715,-0.1408462,-0.03656428],"r":[330.9822,281.5351,247.6053],"s":[0.004887407,0.00488732,0.004887409],"c":[1,0.9047619,0.3333332]}]},{"b":11,"t":1,"s":[{"p":[0.006018884,-0.2154241,-0.09818865],"r":[19.4607,0.2315527,59.03783],"s":[0.125047,0.02793247,0.03549891],"c":[0,0,0]}]}]}