{"n":"drowning","a":[7],"inc":[["thing","58ebf5e5c944e3ea534a7a0a"],["bubbles","58ebfad3a47366df5398f230"],["test","58ebfc75dc65243510620fed"]],"p":[{"t":7,"s":[{"p":[-0.4463083,0.4722203,0.3322201],"r":[270.4997,90.00039,-0.0003913446],"s":[0.5943429,0.4929665,0.58394],"c":[1,1,1]},{"p":[0.2612391,0.9878221,0.5241244],"r":[270,90.00001,0],"s":[0.5942242,0.5108796,0.5529022],"c":[1,1,1]}]},{"t":7,"s":[{"p":[-0.4475275,0.4715098,0.04164243],"r":[0,0,89.99999],"s":[0.5756664,0.4784592,0.005002342],"c":[0.4938272,0.6518516,0.8888889],"b":["when neared then become 2 in 90s","when neared then loop water"]},{"p":[-0.4475277,0.4715098,0.3286424],"r":[0,0,89.99999],"s":[0.5756664,0.4784592,0.5777526],"c":[0.4938272,0.6518516,0.8888889],"b":["when starts then end loop","when starts then tell pressed ","when starts then tell nearby pressed "]}]}]}