{"n":"pad","a":[7],"p":[{"b":5,"t":2,"t1":54,"t2":162,"s":[{"p":[0,0,0],"r":[0,0,0],"s":[0.1250395,0.1250442,0.00979135],"c":[0,1,0.2285714],"b":["when starts then become 2 in 5s"],"t1":{"c":[0,1,0.2285715],"x":0.5,"y":0.5,"a":0.8925,"m":0,"n":0,"r":0,"g":0,"o":0.5,"t":0.5,"e":0.5},"t2":{"c":[0,0,0],"x":0.5,"y":0.5,"a":0.8925,"m":0,"n":0,"r":0,"g":0,"o":0.5,"t":0.5,"e":0.5},"pr":{"c":[0,1,0.9142858],"m":0.25,"a":0.25,"s":0.15,"z":0.25,"g":0.5,"h":0.25}},{"p":[0.001999855,-3.496658E-10,0],"r":[0,0,0],"s":[0.1250395,0.1250442,0.00979135],"c":[0,0.3333332,0.07619042],"b":["when starts then become 1 in 5s"],"t1":{"c":[0,1,0.2285715],"x":0.4961637,"y":0.7384962,"a":0,"m":0,"n":0,"r":0,"g":1,"o":0.5,"t":0.5,"e":0.5},"t2":{"c":[0,0,0],"x":0.5,"y":0.5,"a":0.8925,"m":0,"n":0,"r":0,"g":0,"o":0.5,"t":0.5,"e":0.5},"pr":{"c":[0,1,0.9142858],"m":0.25,"a":0.25,"s":0.15,"z":0.25,"g":0.5,"h":0.25}}]}]}