{"n":"thing","a":[1,2,21],"p":[{"b":18,"e":"A","s":[{"p":[-0.01446672,0.0354041,-0.1138248],"r":[79.11034,154.1021,223.8925],"s":[0.001880247,0.001880241,0.001880253],"c":[0.8888889,0.09876537,0.776014]}]},{"b":18,"e":"NOT A","s":[{"p":[0.03626353,0.04149932,-0.1471536],"r":[76.97787,149.1029,215.998],"s":[0.001206401,0.001206402,0.001206404],"c":[0.3333333,0.1481481,0.2751322]}]},{"b":14,"s":[{"p":[0.03933184,0.03234076,-0.1154744],"r":[313.567,105.1555,188.7053],"s":[0.007365453,0.007343661,0.008978488],"c":[0.111111,0.03703704,0.06243378],"b":["when starts then tell yesa","when touched then become 2"]},{"p":[0.04270414,0.03567678,-0.114576],"r":[319.862,107.7083,184.532],"s":[0.007365404,0.007343626,0.008978494],"c":[0.3333333,0.1481481,0.2751322],"b":["when starts then tell nota","when touched then become 1"]}]}]}