{"n":"thing","a":[1,2,21],"p":[{"b":69,"s":[{"p":[0,0,0],"r":[0,0,4.268868E-07],"s":[0.01899538,0.02677559,0.00334796],"c":[1,1,1]}]},{"b":30,"s":[{"p":[-0.02060163,0.03086454,0.002091939],"r":[357.1501,277.1302,87.53403],"s":[0.0836995,0.003347961,0.04352968],"c":[1,1,1]}]},{"b":23,"e":"YES A","s":[{"p":[0.01818504,0.02524398,-0.004886362],"r":[1.375268,1.961912,271.4995],"s":[0.003000011,0.003000003,0.003000004],"c":[0.7777778,0.1728394,0.3802469]}]},{"b":23,"e":"YES A","s":[{"p":[0.01994049,-0.02577179,0.005281368],"r":[0.8946449,177.9771,86.65604],"s":[0.003000008,0.003000004,0.003000004],"c":[0.7777778,0.1728394,0.3802469]}]}]}