{"n":"thing","p":[{"b":5,"t":1,"t1":43,"s":[{"p":[0,0,0],"r":[0,0,0],"s":[0.1250001,0.125,0.125],"c":[0,0.9142855,1],"t1":{"c":[0.02469136,0.1037035,0.2222221],"x":0.5,"y":0.5,"a":1,"m":0,"n":0,"r":0,"g":0.1107731,"o":0.5,"t":0.5,"e":0.5}}]},{"b":23,"e":"WED APRIL 12 2017","s":[{"p":[-0.1391154,0.07149737,0.06944226],"r":[1.194977,181.9073,218.4874],"s":[0.004749318,0.004749316,0.004749312],"c":[1,1,1]}]}]}