{"n":"thing","p":[{"b":17,"s":[{"p":[0,0,0],"r":[0,0,0],"s":[0.05999998,0.05999998,0.05999998],"c":[0.4444443,0.2525572,0.04938262]}]}]}