{"n":"thing","a":[7],"p":[{"t":1,"t1":91,"s":[{"p":[0,0,0],"r":[0,0,0],"s":[1.057983,0.005001694,2.434477],"c":[1,1,1],"t1":{"c":[0,0,0],"x":0.03345418,"y":0.001867533,"a":0.8925,"m":0,"n":0,"r":0,"g":0,"o":0.5,"t":0.5,"e":0.5}}]}]}