{"n":"basketball goal","a":[7],"p":[{"b":5,"t":9,"s":[{"p":[0,0,0],"r":[0,0,0],"s":[0.02777375,0.03153473,2.035096],"c":[0.7777778,0.7234568,0.6049383]}]},{"t":9,"s":[{"p":[-0.0114482,0.03817105,0.786835],"r":[0,0,270],"s":[0.01887266,0.5315098,0.5280422],"c":[0.7777778,0.7234568,0.6049383]}]},{"s":[{"p":[-0.00364387,0.04759789,0.8161379],"r":[3.756718E-06,270,180],"s":[0.3157131,0.01112038,0.3158951],"c":[1,1,1]}]},{"b":58,"t":1,"s":[{"p":[-0.003075302,0.2606049,0.6177092],"r":[90,180,0],"s":[0.1780999,0.1252145,0.1851141],"c":[0.5449735,0.5555556,0.1851851]}]}]}