{"n":"thing","p":[{"b":17,"s":[{"p":[0,0,0],"r":[0,0,0],"s":[0.04599884,0.03151641,0.06000004],"c":[1,0.8888889,0.9460317]}]},{"b":17,"s":[{"p":[0.041077,-0.0128635,-0.005582891],"r":[1.292449,1.638397,355.4608],"s":[0.04599889,0.03987259,0.06000008],"c":[1,0.8888889,0.9460317]}]},{"b":17,"s":[{"p":[-0.004864471,-0.02385351,0.00977472],"r":[3.518217,359.0785,0.04968216],"s":[0.04599883,0.03151641,0.06000001],"c":[1,0.8888889,0.9460317]}]},{"b":17,"s":[{"p":[-0.03176479,-0.02104823,0.01100104],"r":[8.531231,5.11749,22.26195],"s":[0.04599901,0.03889976,0.06000021],"c":[1,0.8888889,0.9460317]}]}]}