{"n":"floating in space","a":[7],"p":[{"b":86,"t":7,"t1":74,"s":[{"p":[0,0,0],"r":[0,0,0],"s":[2.23723,0.005,2.237221],"c":[0,0,0],"t1":{"c":[1,0,0],"x":0.2041868,"y":0.3207516,"a":1,"m":0,"n":0,"r":0,"g":1,"o":0.5,"t":0.5,"e":0.5}}]}]}