{"n":"sunspike","a":[7],"p":[{"b":62,"t":1,"t1":77,"s":[{"p":[0,0,0],"r":[0,0,0],"s":[0.326517,2.83311,0.3232306],"c":[0,0,0],"t1":{"c":[1,0,0],"x":0.2298785,"y":0.6863252,"a":1,"m":0,"n":0,"r":0,"g":1,"o":0.5,"t":0.5,"e":0.5}}]}]}