{"n":"portal45","a":[1,2,3,16],"p":[{"b":5,"t":2,"t1":19,"s":[{"p":[0,0,0],"r":[0,0,0],"s":[0.3829952,0.2575806,0.01251118],"c":[0.2222217,0.7777778,0],"b":["when starts then become 2 in 2s","when starts then play boiling water","when starts then play eerie space","when touched then send nearby to council of portals"],"t1":{"c":[0,0,0],"x":0.2002205,"y":0.1854777,"a":0.8925,"m":0.3940048,"n":0.6075935,"r":0.1792479,"g":0,"o":0.5,"t":0.5,"e":0.5}},{"p":[0,0,0],"r":[0,0,0],"s":[0.3829952,0.2575806,0.01251118],"c":[0.2222217,0.7777778,0],"b":["when starts then become 1 in 2s","when starts then play eerie space","when starts then play boiling water","whenwhen touched then send nearby to council of portals"],"t1":{"c":[0,0,0],"x":0.2002205,"y":0.1854777,"a":0.8925,"m":0.3940048,"n":0.6075935,"r":0.770442,"g":0,"o":0.5,"t":0.5,"e":0.5}}]},{"t":8,"a":[12],"s":[{"p":[-0.440372,-0.3900298,-0.04068768],"r":[278.5004,302.6976,57.1348],"s":[0.06263968,0.1750001,0.06257913],"c":[1,1,1]}]}]}