{"n":"galax z","a":[20,21],"p":[{"b":9,"t":2,"a":[15,16],"pr":16,"s":[{"p":[0,0,0],"r":[0,0,0],"s":[0.7822564,0.7822563,0.7822543],"c":[0.2539683,0,0.5555556],"pr":{"c":[0.1015873,0,0.2222221],"a":0.8870209}}]},{"b":9,"t":2,"a":[15,16],"pr":16,"s":[{"p":[-0.7005304,1.159352,-0.5870103],"r":[356.7286,6.555663,350.8439],"s":[0.23143,0.1631702,0.3243932],"c":[0.2539683,0,0.5555556],"pr":{"c":[1,0.5142855,0],"a":0.3278473}}]}]}