{"n":"thing","a":[7,24],"bod":{},"p":[{"b":60,"t":1,"t1":104,"s":[{"p":[0,0,0],"r":[0,0,0],"s":[0.3650011,0.1747628,0.5979789],"c":[0.7777778,0.7777778,0.7777778],"t1":{"c":[0,0,0],"x":0.5,"y":0.5,"a":0.8925,"m":0,"n":0,"r":0,"g":0,"o":0.5,"t":0.5,"e":0.5}}]}]}