{"n":"thing","a":[7],"p":[{"t":3,"s":[{"p":[0,0,0],"r":[0,0,0],"s":[0.1750032,0.175005,0.1750066],"c":[0.9714286,1,0]}]}]}