{"n":"new","p":[{"s":[{"p":[0,0,0],"r":[0,0,0],"s":[0.5577264,0.004999999,0.6598426],"c":[1,1,1]}]}]}