{"n":"thing","a":[2,3,7,18],"p":[{"b":5,"t":9,"s":[{"p":[0,0,0],"r":[0,0,0],"s":[0.01305595,0.01343034,0.2293295],"c":[0,0,0]}]},{"b":16,"t":9,"s":[{"p":[-0.0003408194,-6.690621E-06,0.1396403],"r":[270,-5.008957E-06,0],"s":[0.01847934,0.04146603,0.02000193],"c":[0,0,0]}]},{"b":9,"t":4,"s":[{"p":[-0.0004882666,-0.001358867,0.1384335],"r":[9.748988E-06,8.964054E-08,89.99998],"s":[0.02626502,0.02593955,0.0117088],"c":[0.9714286,1,0],"b":["when starts then set light cone size 15","when starts then set light range 30"]}]}]}