{"n":"thing","a":[7],"p":[{"s":[{"p":[0,0,0],"r":[0,0,0],"s":[4.738691,0.175029,5.69092],"c":[1,1,1]}]}]}