{"n":"thing","a":[7],"p":[{"s":[{"p":[0,0,0],"r":[0,0,0],"s":[42.05392,15.58605,0.1750101],"c":[1,1,1]}]}]}