{"n":"test sign","p":[{"b":21,"e":"LUNOPOLIS","s":[{"p":[-0.2307762,-0.002516806,0.05548932],"r":[79.94012,359.4403,358.1282],"s":[0.007444305,0.007444299,0.007444312],"c":[1,1,1]}]},{"t":7,"s":[{"p":[-0.04032545,-0.0119921,0.000372123],"r":[351.0243,2.137009,358.4396],"s":[0.4965001,0.0409713,0.2462281],"c":[1,0.1714282,0]}]}]}