{"n":"thing","a":[6,8],"p":[{"t":3,"s":[{"p":[0,0,0],"r":[0,0,0],"s":[16.1475,0.1750003,0.1773891],"c":[1,1,1]}]}]}