{"n":"base","a":[7],"p":[{"s":[{"p":[0,0,0],"r":[0,0,0],"s":[7.811107,6.325215,0.742392],"c":[0.3333332,0.3333332,0.3333332]}]}]}