{"n":"thing","p":[{"t":4,"t1":43,"s":[{"p":[0,0,0],"r":[0,0,3.415095E-06],"s":[0.05500085,0.05500085,0.05500064],"c":[0,0.5714284,1],"t1":{"c":[0.04938266,0.09523801,0.1111111],"x":0.5,"y":0.5,"a":0.8925,"m":0,"n":0,"r":0,"g":0,"o":0.5,"t":0.5,"e":0.5}}]}]}