{"n":"p4","a":[20],"p":[{"b":73,"t":2,"pr":3,"t1":144,"t2":23,"s":[{"p":[0,0,0],"r":[0,0,0],"s":[0.5119138,0.5118698,0.5119042],"c":[0.6666667,0.6137567,0.2962962],"t1":{"c":[0.6666667,0.5925926,0.1481481],"x":0.7317569,"y":0.6860794,"a":0,"m":0,"n":0,"r":0,"g":0,"o":0.5,"t":0.5,"e":0.5},"t2":{"c":[0.1111111,0.07619045,0],"x":0.4989597,"y":0.17,"a":0.7196774,"m":0.5,"n":0.5,"r":0,"g":0,"o":0.9421344,"t":0.07865167,"e":0.2772665},"pr":{"c":[0.5555556,0.5555556,0.5555556],"m":0.25,"a":0.1943269,"s":0,"z":0.5957274,"g":0.5,"h":0.5067182}}]}]}