{"n":"thing","a":[1,2,21],"p":[{"b":54,"t1":10,"s":[{"p":[-0.00109596,0.002468068,-0.005294767],"r":[61.62911,46.25616,87.82319],"s":[0.03290722,0.01828007,0.03377403],"c":[0.6285716,0,1],"t1":{"c":[1,0,0.8571426],"a":0}}]},{"b":23,"e":"OBJECT J","s":[{"p":[-0.04366668,0.01481044,-0.01062249],"r":[35.19104,118.2386,148.4499],"s":[0.002333082,0.002333087,0.002333091],"c":[1,1,1]}]},{"b":73,"t1":10,"s":[{"p":[0.0007710676,0.001286686,-0.01068208],"r":[5.133483,357.0571,3.844457],"s":[0.07072584,0.07072592,0.07072607],"c":[0.6285716,0,1],"t1":{"c":[1,0,0.8571426],"a":0}}]}]}