{"n":"thing","a":[1,2],"p":[{"b":5,"t1":63,"s":[{"p":[0,0,0],"r":[0,0,0],"s":[0.04292497,0.06668802,0.7170694],"c":[0.5555556,0.3156965,0.06172825],"t1":{"c":[0,0,0],"x":0.2605953,"y":0.3545284,"a":1,"m":0,"n":0,"r":0,"g":0.9205933,"o":0.5,"t":0.5,"e":0.5}}]}]}