{"n":"thing","a":[1,2,21],"p":[{"b":54,"t1":10,"s":[{"p":[-0.001391026,0.003131387,-0.006724109],"r":[61.62909,46.25616,87.82319],"s":[0.04178178,0.02320991,0.04288236],"c":[0.6285716,0,1],"t1":{"c":[1,0,0.8571426],"a":0}}]},{"b":23,"e":"OBJECT J","s":[{"p":[-0.05544394,0.01880645,-0.0134862],"r":[35.19105,118.2386,148.4499],"s":[0.002962278,0.002962285,0.002962289],"c":[1,1,1]}]},{"b":73,"t1":10,"s":[{"p":[-0.0006744876,0.005143441,-0.009508386],"r":[4.198493,358.6436,3.673192],"s":[0.08979953,0.0897996,0.08979986],"c":[0.6285716,0,1],"t1":{"c":[1,0,0.8571426],"a":0}}]}]}