{"n":"undo2","p":[{"s":[{"p":[-0.04593467,0.03438853,-0.05174997],"r":[42.50211,250.2294,243.02],"s":[0.0968624,0.01858471,0.05812657],"c":[1,0.6857142,0],"b":["when touched then do creation part undo"]}]},{"s":[{"p":[-0.04924345,0.03774555,-0.0723663],"r":[17.13086,2.337921,47.40056],"s":[0.1750488,0.1750157,0.02281082],"c":[1,0,0]}]}]}