{"n":"thing","a":[6,7],"p":[{"t":1,"s":[{"p":[0,0,0],"r":[0,0,0],"s":[1.890248,0.1750036,0.3354172],"c":[0,0,0]}]},{"b":19,"e":"SCRIPTING","s":[{"p":[-0.3700605,0.1058003,0.1517411],"r":[90,-2.003583E-05,0],"s":[0.01638876,0.01638948,0.01638979],"c":[1,1,1]}]}]}