{"n":"nirvana","a":[7],"p":[{"b":3,"t":7,"t1":74,"s":[{"p":[0,0,0],"r":[0,0,0],"s":[23.94625,0.005000627,18.89886],"c":[0,1,1],"t1":{"c":[0,0.05714262,1],"x":0.5,"y":0.5,"a":1,"m":0,"n":0,"r":0,"g":1,"o":0.5,"t":0.5,"e":0.5}}]}]}