{"n":"thing","a":[2,9],"p":[{"b":17,"s":[{"p":[0,0,0],"r":[0,0,-1.707547E-06],"s":[0.08086513,0.0916246,0.1068954],"c":[0.9714285,0,1]}]},{"b":12,"s":[{"p":[0.05350544,0.003015369,0.07291417],"r":[276.213,357.9856,137.861],"s":[0.06000026,0.03200955,0.01951959],"c":[0.9714285,0,1]}]}]}