{"n":"thing","a":[2,16],"p":[{"b":14,"s":[{"p":[0,0,0],"r":[0,0,5.069281E-07],"s":[0.01052038,0.005241457,0.1021959],"c":[1,0.3428571,0]}]}]}