{"n":"burnup","a":[20],"p":[{"t":8,"a":[12],"pr":44,"s":[{"p":[0,0,0],"r":[0,0,0],"s":[0.9636521,0.1750006,0.2541578],"c":[1,1,1],"pr":{"c":[1,0,0],"m":0.25,"a":0.3118522,"s":0.2958237,"z":0.6352801,"g":0.5,"h":0.5707462}}]}]}