{"n":"thing","a":[7,18],"p":[{"b":16,"s":[{"p":[-0.003830009,-4.311981E-09,-0.02466166],"r":[1.001791E-05,-1.628444E-12,-1.210054E-18],"s":[0.08974205,0.07678531,0.09097832],"c":[1,1,1]}]},{"b":57,"s":[{"p":[0.005129095,0.2221828,-0.01785866],"r":[1.001791E-05,90,1.001791E-05],"s":[0.04296036,0.07000353,0.04550199],"c":[1,1,1]}]},{"b":57,"s":[{"p":[-0.00275125,0.1072197,-0.01960411],"r":[1.001791E-05,90,1.001791E-05],"s":[0.06867544,0.08934139,0.07240568],"c":[1,1,1]}]},{"b":16,"s":[{"p":[0.000116616,-3.216921E-09,-0.01839864],"r":[0,0,-9.706283E-20],"s":[0.04902706,0.1841614,0.04304816],"c":[1,1,1]}]}]}