{"n":"t1","a":[23],"p":[{"s":[{"p":[0,0,0],"r":[0,0,0],"s":[0.08357385,0.07004301,0.02842352],"c":[0.2592591,0.2888885,0.7777778],"pr":{"c":[0,0.05714262,1],"m":0.25,"a":0.25,"s":0.15,"z":0.25,"g":0.5,"h":0.25}}]},{"b":10,"s":[{"p":[0.1123998,0.002217706,-0.009605087],"r":[356.1792,6.168839,335.0232],"s":[0.04543009,0.05711598,0.06041168],"c":[1,0,0.5142856]}]},{"b":11,"s":[{"p":[0.2662875,-0.02302682,-0.01852651],"r":[6.23888,0.1156168,355.7831],"s":[0.09588321,0.03960459,0.01043226],"c":[0.4571426,1,0]}]}]}