{"n":"thing","inc":[["thing","58fbaeef575e7e32103dad5d"],["thing 2","58fbaff96b4e053910ca3ba8"]],"p":[{"b":9,"s":[{"p":[0,0,0],"r":[0,0,0],"s":[0.005000001,0.005000005,0.005000002],"c":[1,1,1],"b":["when starts then emit thing 2 with 0","when starts then destroy all parts"]}]}]}