{"n":"wrsttp","a":[2,22,12,16,18],"p":[{"b":5,"t":8,"a":[12],"s":[{"p":[0,0,0],"r":[0,0,0],"s":[0.005000384,0.005000653,0.005000853],"c":[1,1,1]}]},{"b":9,"s":[{"p":[0.009017378,0.001703389,-0.05398465],"r":[0,0,90],"s":[0.02959907,0.02829135,0.03181278],"c":[1,0.895238,0.6666666]}]},{"b":9,"s":[{"p":[0.00764761,0.001989156,-0.1010747],"r":[0,0,90],"s":[0.02231716,0.02291349,0.06118847],"c":[1,0.895238,0.6666666],"b":["when told by any wrsthkill then destroy all parts"]}]}]}