{"n":"thing","p":[{"b":3,"t":1,"s":[{"p":[0,0,0],"r":[0,0,0],"s":[0.3584864,0.2579269,0.385525],"c":[0,0,0]}]}]}