{"n":"thing","a":[7,18],"p":[{"b":13,"t":1,"s":[{"p":[-1.04906E-09,-0.005999923,0],"r":[2.082838E-06,12,2.189175E-07],"s":[0.6727402,0.007802343,0.01435919],"c":[0.7777778,0.7777778,0.7777778]}]}]}