{"n":"wall 1st","a":[5,7],"p":[{"s":[{"p":[0,0,0],"r":[0,0,0],"s":[0.1318157,4.140199,2.148496],"c":[1,1,1]}]}]}