{"n":"wall 1st","a":[7,23],"p":[{"s":[{"p":[0,0,0],"r":[0,0,0],"s":[0.1321813,1.750852,1.048066],"c":[1,1,1]}]}]}