{"n":"thing","a":[7,18],"p":[{"s":[{"p":[0,0,0],"r":[0,0,0],"s":[2.92674,0.4189678,2.504044],"c":[0.4444442,0.3795412,0.3456788]}]},{"s":[{"p":[0,-2.384186E-07,1.54122],"r":[0,0,0],"s":[2.926911,0.4520973,0.5805173],"c":[0.222222,0.222222,0.222222]}]}]}