{"n":"thing","a":[7,18],"p":[{"s":[{"p":[0,0,0],"r":[0,0,0],"s":[0.05388661,2.228819,2.781022],"c":[0.4444444,0.4444444,0.4444444]}]},{"t1":21,"t2":74,"s":[{"p":[-2.384187E-07,-4.917216,4.768372E-07],"r":[270,-1.198454E-05,0],"s":[0.053934,9.692336,7.617828],"c":[0.4444444,0.4444444,0.4444444],"t1":{"c":[0,0,0],"x":0.09981029,"y":0.1276044,"a":1,"m":0.5,"n":0.5,"r":0,"g":0,"o":0.5,"t":0.5,"e":0.5},"t2":{"c":[0,0,0],"x":0.6041048,"y":0.5913653,"a":1,"m":0.0729785,"n":0.06395817,"r":0,"g":0,"o":0.5,"t":0.5,"e":0.5}}]}]}