{"n":"awning","a":[5,7,18],"p":[{"b":31,"s":[{"p":[0,0,0],"r":[0,0,0],"s":[0.3411255,2.520817,0.3275835],"c":[1,0.4158729,0.111111]}]},{"s":[{"p":[-0.1688697,0.6086016,0.01331613],"r":[-8.14222E-13,90.00002,4.829673E-06],"s":[0.3494442,0.02465087,0.01773953],"c":[0.111111,0.111111,0.111111]}]},{"s":[{"p":[-0.1688697,-0.6130858,0.01331624],"r":[-8.14222E-13,90.00002,4.829673E-06],"s":[0.3494897,0.0246493,0.01774204],"c":[0.111111,0.111111,0.111111]}]}]}