{"n":"wall","a":[7,18,20],"p":[{"s":[{"p":[0,0,0],"r":[0,0,0],"s":[7.783809,0.06481513,7.67788],"c":[0.4444443,0.4444443,0.4444443]}]}]}