{"n":"thing","p":[{"b":3,"t":3,"s":[{"p":[0,0,0],"r":[0,0,0],"s":[0.03227378,0.02150281,0.0326378],"c":[1,0.8571429,0]}]}]}