{"n":"thing","a":[22],"p":[{"b":13,"t":1,"s":[{"p":[0.2300009,-0.04999999,0.1419998],"r":[-2.253538E-06,347,2.567589E-07],"s":[0.672667,0.007802618,0.01436453],"c":[0.7777778,0.7777778,0.7777778]}]}]}