{"n":"thing","p":[{"s":[{"p":[0,0,0],"r":[0,0,0],"s":[0.1750015,0.1750013,1.490228],"c":[1,1,1]}]},{"s":[{"p":[0.1312435,-0.2128107,0.06329539],"r":[0.3344214,359.0231,357.8708],"s":[0.1763209,0.5861583,1.490232],"c":[0.7777778,0.7777778,0.7777778]}]}]}