{"n":"thing","p":[{"b":9,"s":[{"p":[0,0,0],"r":[0,0,0],"s":[0.8559434,1.855363,0.02394274],"c":[0,0,0]}]},{"b":9,"s":[{"p":[-0.01096025,0.2471079,-0.08215244],"r":[3.171568,11.62581,17.58437],"s":[0.8559438,1.855364,0.02394276],"c":[0,0,0]}]}]}