{"n":"dock","a":[7,18],"p":[{"s":[{"p":[0,0,0],"r":[0,0,0],"s":[3.758172,0.1750012,1.499008],"c":[0.3333332,0.3333332,0.3333332]}]},{"t":1,"s":[{"p":[2.516945,0.5619959,0.0412147],"r":[333.3421,90.49915,359.586],"s":[0.9723089,0.02858947,2.090761],"c":[0.4444443,0.4444443,0.4444443]}]}]}