{"n":"cleat","a":[7,18],"p":[{"s":[{"p":[0,0,0],"r":[0,0,0],"s":[0.3047922,0.03579114,0.122837],"c":[0.3333332,0.3333332,0.3333332]}]},{"b":62,"s":[{"p":[1.043254E-08,0.05966717,-1.043254E-08],"r":[270,1.931869E-05,0],"s":[0.2900727,0.1045371,0.1044611],"c":[0.3333332,0.3333332,0.3333332]}]}]}