{"n":"thing","p":[{"b":3,"t":7,"t1":10,"s":[{"p":[0,0,0],"r":[0,0,0],"s":[0.01981247,0.05395842,0.01972869],"c":[0.1142856,1,0],"t1":{"c":[0,0.7428569,1],"a":0.9708142}}]}]}