{"n":"floor","a":[7],"p":[{"s":[{"p":[0,0,0],"r":[0,0,0],"s":[8.313488,0.1750002,12.96985],"c":[0.07407401,0.111111,0.111111]}]}]}