{"n":"thing","a":[2,6,15],"p":[{"b":17,"t":3,"t1":10,"s":[{"p":[-0.008206228,0.02260966,0.2482689],"r":[84.15759,323.6799,145.9041],"s":[0.005000001,0.149673,0.005000008],"c":[1,0,0],"t1":{"c":[0.4444444,0,0],"a":0}}]},{"b":4,"t":8,"a":[12],"s":[{"p":[0,0,0],"r":[-2.401239E-07,-1.921844E-15,9.171397E-07],"s":[0.005000017,0.005000017,0.005000004],"c":[1,1,1]}]}]}