{"n":"window divider","a":[7,18],"p":[{"s":[{"p":[0,0,0],"r":[0,0,0],"s":[0.08500955,0.1258389,1.362285],"c":[0.222222,0.1382715,0.0493826]}]},{"s":[{"p":[0.01319981,-1.862645E-09,-0.01450038],"r":[0,90,0],"s":[0.08502441,0.1349057,2.05748],"c":[0.222222,0.1382715,0.04938258]}]},{"t":7,"s":[{"p":[0.01915646,0.01283264,-0.03945208],"r":[0,180,180],"s":[2.056422,0.1441113,1.280326],"c":[0.3333331,0.3333331,0.3333331]}]}]}