{"n":"thing","a":[7,18],"p":[{"b":4,"t":8,"a":[12],"su":[{"i":"590b99900643111fec796770","t":"590b99bc384279ab133f5f97","p":[0.02321148,-0.008064277,0.1019893],"r":[0,180,270]}],"s":[{"p":[0,0,0],"r":[0,0,0],"s":[0.005000458,0.03685819,0.04520056],"c":[1,1,1],"b":["when any part touched then become next in 2s"]},{"p":[-0.04032207,7.450581E-09,-0.04714358],"r":[-1.162597E-06,270,1.162597E-06],"s":[0.00500122,0.03686488,0.04521702],"c":[1,1,1],"b":["when any part touched then become next in 2s"]}]}]}