{"n":"thing","a":[7,18,21],"p":[{"b":86,"t":9,"t1":156,"s":[{"p":[0,0,0],"r":[0,0,3.828216E-20],"s":[0.598356,0.798312,0.4974759],"c":[0.7777778,0.9047619,1],"t1":{"c":[0.7490196,0.8078431,0.9372549],"x":0.06534064,"y":0.109487,"a":0.8925,"m":0,"n":0,"r":0,"g":0,"o":0.5,"t":0.5,"e":0.5}}]},{"b":64,"t":9,"t1":156,"s":[{"p":[-1.600518E-07,0.2907384,-1.060759],"r":[270,1.001791E-05,0],"s":[0.3133477,0.6764055,0.7168524],"c":[0.7777778,0.9047619,1],"t1":{"c":[0.7490196,0.8078431,0.9372549],"x":0.1383737,"y":0.2494683,"a":0.8925,"m":0,"n":0,"r":0,"g":0,"o":0.5,"t":0.5,"e":0.5}}]},{"b":64,"s":[{"p":[-2.152669E-07,0.325188,-1.393777],"r":[270,2.003582E-05,0],"s":[0.2780637,0.03532647,0.6518115],"c":[0,0,0],"b":["when any part touched then become next in 0.2s"]},{"p":[-2.152669E-07,0.325188,-1.393777],"r":[270,2.003582E-05,0],"s":[0.2780637,0.03532647,0.6518115],"c":[0,0,0],"b":["when any part touched then send nearby onto ig2","when any part touched then become 1 in 0.2s"]}]}]}