{"n":"1","a":[2,7,15],"p":[{"b":17,"t":2,"s":[{"p":[-0.003925323,0.0003509521,0.1458282],"r":[0,270,270],"s":[0.01112798,0.06880918,0.008949148],"c":[1,0,0]}]},{"b":4,"t":8,"a":[12],"s":[{"p":[0,0,0],"r":[0,0,0],"s":[0.005000238,0.005000123,0.005000251],"c":[1,1,1]}]}]}