{"n":"thing","a":[7,18],"p":[{"s":[{"p":[0,0,0],"r":[0,0,0],"s":[0.2451118,15.67774,0.2265006],"c":[0.4444443,0.2398587,0.1975307]}]}]}