{"n":"spawn2","a":[7],"p":[{"b":5,"t":8,"a":[12],"s":[{"p":[0,0,0],"r":[0,0,0],"s":[0.1911639,0.1899388,0.1250151],"c":[1,1,1]}]}]}