{"n":"thing","a":[7,18],"p":[{"s":[{"p":[0,0,0],"r":[0,0,0],"s":[0.4100853,0.1750002,1.059489],"c":[1,1,1]}]}]}