{"n":"thing","p":[{"b":33,"s":[{"p":[0,0,0],"r":[0,0,1.307341E-06],"s":[0.1250003,0.1250003,0.1250002],"c":[1,0.7904761,0.3333332]}]}]}