{"n":"thing","a":[2,6,14],"p":[{"b":3,"t":3,"a":[3],"s":[{"p":[0,0,0],"r":[0,0,0],"s":[0.009354682,0.009354682,0.009354682],"c":[0.1142857,0,1],"b":["when starts then set light intensity 35"]}]}]}