{"n":"thing","a":[1,22],"p":[{"s":[{"p":[0,0,0],"r":[0,0,0],"s":[30.8491,0.1048776,21.46202],"c":[0.2431372,0.06666657,0.05490187]}]}]}