{"n":"thing","a":[7,13,18],"p":[{"t":2,"s":[{"p":[0,0,0],"r":[0,0,0],"s":[0.9718735,0.01207701,0.5619801],"c":[0.6666666,0.9142855,1]}]},{"b":13,"s":[{"p":[0.4932842,0.004696457,-0.00421834],"r":[3.415095E-06,0,180],"s":[0.01438142,0.01605264,0.187805],"c":[0.5411765,0.3490192,0.3294115]}]},{"b":13,"s":[{"p":[0.009698509,0.003748357,0.2890098],"r":[-1.162597E-06,90,180],"s":[0.01437924,0.01605452,0.3350462],"c":[0.5411765,0.3490192,0.3294115]}]},{"b":13,"s":[{"p":[0.003248334,0.003748417,-0.2960429],"r":[3.756717E-06,89.99998,180],"s":[0.01437891,0.01605297,0.3343752],"c":[0.5411765,0.3490192,0.3294115]}]}]}