{"n":"thing","a":[7,18],"p":[{"s":[{"p":[0,0,0],"r":[0,0,0],"s":[8.678339,0.1349667,0.06274499],"c":[0.3333332,0.3333332,0.3333332]}]}]}