{"n":"licorice allsort","p":[{"b":5,"pr":2,"t1":4,"s":[{"p":[-0.1002023,0.4160705,-0.2176343],"r":[344.0953,0.9704839,295.1137],"s":[0.06325864,0.06040861,0.132259],"c":[0.2222221,0.2222221,0.2222221],"t1":{"c":[0.2222221,0.2222221,0.2222221],"x":0.128076,"y":0.0747029,"a":0.69625,"m":0.5,"n":0.5236762,"r":0,"g":0,"o":0.5,"t":0.5,"e":0.5},"pr":{"c":[0.2222221,0.2222221,0.2222221],"m":0.6304126,"a":0.4452412,"s":0.15,"z":0.2348874,"g":0.5,"h":0.25}}]},{"b":5,"t":9,"pr":2,"t1":60,"t2":59,"s":[{"p":[-0.1025379,0.4177279,-0.2145504],"r":[344.6227,0.9725653,339.8292],"s":[0.1256317,0.1206171,0.1206171],"c":[1,0.952381,0.6666666],"t1":{"c":[0,0,0],"x":0.6015596,"y":0.6360416,"a":0.8925,"m":0.1953475,"n":0,"r":0,"g":0,"o":0.5,"t":0.5,"e":0.5},"t2":{"c":[1,1,1],"x":0.160065,"y":0.2851094,"a":1,"m":0,"n":0,"r":0,"g":1,"o":0.5,"t":0.5,"e":0.5},"pr":{"c":[0.2222221,0.2222221,0.2222221],"m":0.1129458,"a":1,"s":0.15,"z":0.25,"g":0.5,"h":0.25}}]}]}