{"n":"thing","a":[7,8,18],"p":[{"b":3,"t":3,"s":[{"p":[0,0,0],"r":[0,0,0],"s":[1.866683,1.382565,0.1659931],"c":[1,1,1]}]}]}