{"n":"thing","a":[2,3,8],"p":[{"b":73,"t":3,"s":[{"p":[0,0,0],"r":[0,0,0],"s":[0.2250018,0.2250028,0.2250016],"c":[1,1,1]}]},{"t":8,"a":[12],"s":[{"p":[0.007010238,0.1303089,-0.08965972],"r":[280.0812,137.6034,197.2345],"s":[0.1750001,0.1750004,0.1750003],"c":[1,1,1]}]}]}