{"n":"thing","p":[{"b":17,"s":[{"p":[0,0,0],"r":[0,0,0],"s":[0.2701777,0.5442538,0.3371469],"c":[0.4716049,0.7777778,0.4320987]}]}]}