{"n":"thing","p":[{"b":3,"t1":112,"s":[{"p":[0,0,0],"r":[0,0,0],"s":[0.07968021,0.05728585,0.08785093],"c":[0,1,0.3999998],"b":["when starts then become 2 in 2s"],"t1":{"c":[0.5174601,1,0.1111111],"x":0.5,"y":0.5,"a":0.8925,"m":0,"n":0,"r":0,"g":0,"o":0.5,"t":0.5,"e":0.5}},{"p":[0,0,0],"r":[0,0,0],"s":[0.03737488,0.05728585,0.04304846],"c":[0,1,0.3999997],"b":["when starts then become 1 in 2s"],"t1":{"c":[0.5174601,1,0.1111111],"x":0.5,"y":0.5,"a":0.8925,"m":0,"n":0,"r":0,"g":0,"o":0.5,"t":0.5,"e":0.5}}]}]}