{"n":"thing","p":[{"b":3,"s":[{"p":[0,0,0],"r":[0,0,0],"s":[0.2815509,0.1250001,0.3508204],"c":[0.7777778,0.1410057,0.1682959]}]},{"b":3,"s":[{"p":[0.06088713,0.05497817,-0.01442873],"r":[0.3220046,358.2206,0.8053552],"s":[0.05098953,0.1173902,0.1059612],"c":[0.7777778,0.1410057,0.1682959]}]}]}