{"n":"thing","a":[1],"p":[{"im":"784035872220273100/C9BFBC678D77BFA265A53651E5B0E67B94C2EBC7/","s":[{"p":[0,0,0],"r":[0,0,0],"s":[1.603937,0.01,1.479725],"c":[0,0,0]}]}]}