{"n":"thing","a":[7,18],"p":[{"im":"778406372681802622/01022A67F620D6033BC4191DF18A33064C23A62E/","s":[{"p":[0,0,0],"r":[0,0,0],"s":[1.227247,0.01000063,0.7768507],"c":[1,1,1]}]}]}