{"n":"thing","a":[1],"p":[{"b":86,"s":[{"p":[0,0,0],"r":[0,0,0],"s":[0.07500013,0.07500023,0.0750002],"c":[1,1,1]}]},{"b":88,"s":[{"p":[-0.1904335,0.05666031,-0.06328639],"r":[4.871881,345.402,263.1975],"s":[0.01503233,0.09767216,0.06752665],"c":[1,1,1]}]},{"b":73,"t":8,"a":[12],"s":[{"p":[0.01345383,0.08555333,-0.01180728],"r":[35.33094,99.80096,89.11039],"s":[0.2250006,0.2250006,0.2250008],"c":[1,1,1]}]}]}