{"n":"thing","a":[7,18],"p":[{"s":[{"p":[-0.04955757,8.381903E-09,0.004943133],"r":[0,0,0],"s":[1.289524,0.071409,2.402698],"c":[0.7960784,0.3450978,0.1529409]}]},{"b":73,"t":9,"s":[{"p":[0.3907731,0.09027857,-0.06822562],"r":[0,0,0],"s":[0.1470282,0.1470522,0.1470664],"c":[0.9803922,0.8235294,0.3803919]}]},{"b":73,"t":9,"s":[{"p":[0.3907729,-0.09037597,-0.06822564],"r":[0,0,-1.001791E-05],"s":[0.1470514,0.1470561,0.1470548],"c":[0.9803922,0.8235294,0.3803919]}]}]}