{"n":"thing","p":[{"b":20,"e":"DO YOU LIKE HURTING\nOTHER PEOPLE?","s":[{"p":[0,0,0],"r":[0,0,-2.134434E-07],"s":[0.003000006,0.003000009,0.003000008],"c":[0.9714285,0,1],"b":["when starts then become next in 5s"]},{"p":[0,0,0],"r":[0,0,-2.134434E-07],"s":[0.003000006,0.003000009,0.003000008],"c":[0.1142857,0,1],"b":["when starts then become next in 5s"]}]}]}