{"n":"thing","p":[{"b":73,"t":3,"s":[{"p":[0,0,0],"r":[0,0,0],"s":[0.1308206,0.1308207,0.1308207],"c":[1,1,1]}]}]}