{"n":"thing","p":[{"b":6,"t":9,"t1":4,"t2":77,"s":[{"p":[0,0,0],"r":[0,0,2.134434E-07],"s":[0.3539817,0.125,0.125],"c":[0.9968254,1,0.8888889],"t1":{"c":[0,0,0],"x":0.17,"y":0.17,"a":0.69625,"m":0.5,"n":0.5,"r":0,"g":0,"o":0.5,"t":0.5,"e":0.5},"t2":{"c":[1,0.5142856,0],"x":0.5,"y":0.5,"a":0.8925,"m":0,"n":0,"r":0,"g":0,"o":0.5,"t":0.5,"e":0.5}}]}]}