{"n":"thing","a":[21],"p":[{"b":19,"e":"I T S A L L I N Y O U R H E A D","t1":45,"s":[{"p":[0,0,0],"r":[0,0,0],"s":[0.07339147,0.07339176,0.07339177],"c":[0.5555556,0.7333331,1],"b":["when starts then become next in 10s"],"t1":{"c":[0.3333333,0.5999996,1],"x":0.5,"y":0.5,"a":0.8925,"m":0,"n":0,"r":0,"g":0,"o":0.5,"t":0.5,"e":0.5}},{"p":[0.0938206,0.6625261,0.102769],"r":[1.007526,0.9527295,351.2122],"s":[0.07339148,0.07339179,0.07339178],"c":[0.8666667,0.3333332,1],"b":["when starts then become next in 10s"],"t1":{"c":[0.3333333,0.5999996,1],"x":0.5,"y":0.5,"a":0.8925,"m":0,"n":0,"r":0,"g":0,"o":0.5,"t":0.5,"e":0.5}}]}]}