{"n":"thing","a":[7,18],"p":[{"b":60,"t1":43,"s":[{"p":[0,0,0],"r":[0,0,0],"s":[3.500866,0.1250065,3.694446],"c":[0.4444443,0.4444443,0.4444443],"t1":{"c":[1,1,1],"x":0.07167876,"y":0.07442948,"a":0,"m":0,"n":0,"r":0,"g":0.3412669,"o":0.5,"t":0.5,"e":0.5}}]}]}