{"n":"thing","p":[{"b":73,"s":[{"p":[-0.3557463,-0.1536359,0.01882678],"r":[326.769,269.3337,235.8249],"s":[0.02119275,0.02119267,0.02119255],"c":[0.08641968,0.7777778,0.4814815]}]},{"b":73,"s":[{"p":[0.08072305,-0.09587111,0.008568108],"r":[285.8593,93.06011,68.79288],"s":[0.02119271,0.02119264,0.02119252],"c":[0.08641968,0.7777778,0.4814815]}]}]}