{"n":"thing","a":[7],"p":[{"s":[{"p":[0,0,0],"r":[0,0,0],"s":[2.496296,1.867195,0.1280506],"c":[1,1,1]}]}]}