{"n":"thing","a":[2,5,14],"p":[{"b":9,"t":1,"a":[3],"s":[{"p":[0,-2.384186E-07,1.55229],"r":[270,270,0],"s":[0.005,0.005,0.005],"c":[1,0.8571429,0]}]},{"a":[5],"s":[{"p":[0.4335868,8.821487E-06,1.27482],"r":[90,0,0],"s":[0.8286636,0.4967688,0.005001768],"c":[0,1,1]}]},{"b":14,"t":1,"s":[{"p":[0,0,0.5664122],"r":[0,0,8.537737E-06],"s":[0.01255553,0.01027691,0.3082617],"c":[1,0.8571429,0]}]}]}