{"n":"thing","a":[7],"p":[{"b":5,"s":[{"p":[0.2529692,-0.3429907,-0.2741431],"r":[0,0,-8.537737E-06],"s":[0.008981494,0.00897987,0.2206665],"c":[1,1,1]}]},{"b":5,"s":[{"p":[0.2542314,-0.3444571,-1.482325],"r":[0,0,89.99999],"s":[0.008984045,0.00898108,0.2206573],"c":[1,1,1]}]}]}