{"n":"thing","p":[{"b":9,"t1":34,"s":[{"p":[0,0,0],"r":[0,0,0],"s":[0.3408094,0.2679211,0.6665275],"c":[0.111111,0.09911802,0.08641963],"t1":{"c":[0.6666667,0.6666667,0.6666667],"x":0.5029871,"y":0.5,"a":0.6906241,"m":0,"n":0.0979538,"r":0,"g":0,"o":0.5,"t":0.5,"e":0.5}}]}]}