{"n":"thing","a":[7],"p":[{"s":[{"p":[0,0,0],"r":[0,0,0],"s":[3.632441,20.47396,0.05206051],"c":[1,1,1]}]}]}