{"n":"thing","a":[2,14],"p":[{"b":3,"t":3,"a":[3],"s":[{"p":[0,0,0],"r":[0,0,0],"s":[0.04557422,0.04557417,0.0455742],"c":[0,0.9142855,1]}]}]}