{"n":"thing","p":[{"b":3,"s":[{"p":[-0.001170531,-0.009776615,-0.114904],"r":[53.89409,273.1559,87.90076],"s":[0.05389148,0.06764473,0.02880581],"c":[0.4444443,0.4444443,0.4444443],"b":["when told f then become next in 0.3s","when told f then play funny metallic hit"]},{"p":[-0.05196406,-0.1205193,0.00527411],"r":[0.9989789,359.9332,146.1792],"s":[0.05389154,0.06764479,0.02880584],"c":[0.4444442,0.4444442,0.4444442]}]}]}