{"n":"thing","a":[6,8],"p":[{"b":3,"t":3,"a":[3],"s":[{"p":[0,0,0],"r":[0,0,4.268868E-07],"s":[0.07721962,0.07721943,0.07722013],"c":[0,0.1269839,0.5555556]}]},{"t":8,"a":[12],"s":[{"p":[-0.007643662,0.04321997,-0.01648184],"r":[340.4071,290.0188,60.51982],"s":[0.04528962,0.09409454,0.05963245],"c":[1,1,1]}]}]}