{"n":"log1","a":[20,29],"p":[{"b":36,"t1":140,"s":[{"p":[0,0,0],"r":[0,0,0],"s":[1.803156,1.803051,1.80315],"c":[0.6666667,0.573545,0.3703702],"t1":{"c":[0.7777778,0.6074073,0.5185185],"x":0.6612123,"y":0.5,"a":0.3838618,"m":0,"n":0,"r":0.2717757,"g":0,"o":0.5,"t":0.5,"e":0.5}}]}]}