{"n":"ground","a":[1,5,20],"p":[{"b":17,"s":[{"p":[0,0,0],"r":[0,0,0],"s":[4.131657,0.6743875,6.399311],"c":[0.9019608,0.8509804,0.7215686]}]}]}