{"n":"thing","a":[7,18],"p":[{"s":[{"p":[0,0,0],"r":[0,0,0],"s":[64.01556,76.13276,0.2402337],"c":[0.09523795,0.3333332,0]}]}]}