{"n":"thing","p":[{"b":14,"t1":10,"s":[{"p":[0.005473142,0.009978637,0.08673088],"r":[8.641194,9.416306,2.589812],"s":[0.06000013,0.06000011,0.0600001],"c":[1,0.3428571,0],"t1":{"c":[1,0.1714285,0],"a":0}}]},{"b":14,"t1":10,"s":[{"p":[0.4074417,0.01178014,-0.0553201],"r":[8.242551,11.07246,5.90499],"s":[0.06000026,0.06000015,0.06000013],"c":[1,0.3428571,0],"t1":{"c":[1,0.1714285,0],"a":0}}]},{"b":14,"t1":10,"s":[{"p":[0.2124216,0.01821072,-0.01569963],"r":[354.4486,280.1353,354.9664],"s":[0.06000021,0.06000016,0.07546771],"c":[1,0,0.5142855],"t1":{"c":[1,0.1714285,0],"a":0}}]}]}