{"n":"thing","a":[22,21],"p":[{"b":6,"s":[{"p":[0.01048969,0.07780814,0.02520365],"r":[20.70483,9.00718,271.6487],"s":[0.02381193,0.02659112,0.1295269],"c":[1,1,1]}]},{"b":73,"s":[{"p":[0.03873969,-0.05320346,0.01572657],"r":[0,0,315],"s":[0.3254133,0.275254,0.3753932],"c":[1,0.984127,0.8888889],"pr":{"c":[0.8888889,0.8606702,0.691358],"m":0.25,"a":0.25,"s":0.15,"z":0.25,"g":0.5,"h":0.25}}]}]}