{"n":"thing","p":[{"b":57,"s":[{"p":[0,0,0],"r":[0,0,0],"s":[0.2424852,0.1250001,0.2669321],"c":[1,1,1]}]}]}