{"n":"thing","p":[{"b":52,"t":3,"a":[3],"s":[{"p":[0,0,0],"r":[0,0,0],"s":[0.01251487,0.01251487,0.01251489],"c":[1,1,1]}]}]}