{"n":"thing","a":[2,3],"inc":[["fist","592208c3fe44fe2b100247b5"]],"p":[{"s":[{"p":[0,0,0],"r":[0,0,0],"s":[0.1750001,0.1288397,0.07532517],"c":[1,1,1],"b":["when told bob 6 then emit gravity-free fist"]}]},{"s":[{"p":[-0.1114218,-0.006600358,-0.07116084],"r":[1.387278,358.3,2.793949],"s":[0.0828026,0.1750003,0.2359341],"c":[1,1,1],"b":["when triggered then tell bob 6"]}]}]}