{"n":"thing","a":[7,25],"p":[{"a":[1],"s":[{"p":[0,0,0],"r":[0,0,0],"s":[1.145671,0.1751392,1.199763],"c":[1,1,1]}]},{"a":[2],"s":[{"p":[-0.6738628,0.0828236,-0.1761756],"r":[0,0,0],"s":[0.1333917,0.07710148,0.08974545],"c":[1,1,1],"b":["when touched then become next in 1s"]},{"p":[-0.6647801,0.04418299,-0.1770005],"r":[0,0,0],"s":[0.1333956,0.07710336,0.08974739],"c":[1,1,1],"b":["when starts then become previous in 1s"]}]}]}