{"n":"waves","p":[{"t":8,"a":[12],"pr":50,"s":[{"p":[0,0,0],"r":[0,0,0],"s":[4.812817,0.07561755,1.926294],"c":[1,1,1],"pr":{"c":[1,1,1],"a":0.09957695}}]}]}