{"n":"thing","a":[2,12,14],"p":[{"b":3,"t":5,"s":[{"p":[0,0,0],"r":[0,0,-8.537735E-07],"s":[0.04441579,0.04002561,0.04344256],"c":[1,0,0]}]}]}