{"n":"thing","a":[2,6,14],"p":[{"t":3,"s":[{"p":[0,0,0],"r":[0,0,0],"s":[0.03169267,0.3618868,0.01755744],"c":[0.4190476,0.6666667,0]}]}]}