{"n":"glass","p":[{"b":12,"s":[{"p":[-0.00440461,0.00587483,0.002865865],"r":[0.007842525,357.6811,2.958577],"s":[0.03065347,0.01289375,0.03233431],"c":[1,1,1]}]},{"b":17,"s":[{"p":[-0.008646552,-0.004264881,0.002936908],"r":[4.509269,39.98693,357.6009],"s":[0.005000006,0.004999998,0.005000007],"c":[1,0,0],"b":["when told by nearby fill then become 2 in 0.5s"]},{"p":[0.004649634,0.006931651,0.004250891],"r":[359.9214,48.30663,355.5943],"s":[0.0373383,0.01683684,0.04799997],"c":[1,0,0],"b":["when starts then become 3 in 10s"]},{"p":[0.003361119,-0.009513143,0.004562839],"r":[0.1439787,48.19691,356.41],"s":[0.03733832,0.01683684,0.04799999],"c":[1,0,0],"b":["when starts then become 1 in 0.2s"]}]}]}