{"n":"thing","p":[{"im":"788540356459250487/216F0780951E6220D1DAB61A0F0F604A1109941D/","s":[{"p":[0,0,0],"r":[0,0,0],"s":[1.876117,0.01,1.065045],"c":[1,1,1]}]}]}