{"n":"thing","a":[2,15],"p":[{"b":14,"t1":10,"s":[{"p":[0,0,0],"r":[0,0,0],"s":[0.03472221,0.06000007,0.03986598],"c":[1,0,0],"t1":{"c":[0,0.05714262,1],"a":0.0366354}}]}]}