{"n":"thing","a":[7,18],"p":[{"s":[{"p":[0,0,0],"r":[0,0,0],"s":[0.5823035,0.1750051,1.008188],"c":[1,0.6857142,0]}]}]}