{"n":"bolt","a":[2,15],"p":[{"b":14,"t":3,"s":[{"p":[0,0,0],"r":[0,0,-1.707547E-06],"s":[0.005,0.005,0.05791475],"c":[0,1,0.9142858]}]}]}