{"n":"thing","a":[7,18],"p":[{"b":4,"t":8,"a":[12],"su":[{"i":"592c61aa70046126f4e4f81a","t":"5922530bac5bdcb823cd4022","p":[0.005611421,0.009155288,-0.0958177],"r":[53.12177,344.0425,160.3299]}],"s":[{"p":[0,0,0],"r":[0,0,0],"s":[0.04938209,0.01988184,0.04632178],"c":[1,1,1],"b":["when starts then become next in 2s"]},{"p":[0,0,0.02283096],"r":[0,0,-8.537737E-06],"s":[0.04939054,0.01988503,0.04632912],"c":[1,1,1],"b":["when starts then become next in 2s"]}]}]}