{"n":"thing","p":[{"b":73,"pr":34,"s":[{"p":[0,0,0],"r":[0,0,0],"s":[0.005,0.005,0.005],"c":[1,1,1],"b":["when touched then become 2 in 0.2s"],"pr":{"c":[0.2857142,1,0],"m":0.25,"a":0.25,"s":0,"z":0.2347074,"g":0.5,"h":0.25}},{"p":[0,0,0],"r":[0,0,0],"s":[0.5830233,0.5830233,0.5830233],"c":[1,0,0],"b":["when starts then play heavy explosion"],"pr":{"c":[1,0,0],"m":0.25,"a":0.25,"s":0,"z":0.2347074,"g":0.5,"h":0.25}}]}]}