{"n":"thing","a":[2,16],"p":[{"s":[{"p":[0,0,0],"r":[0,0,0],"s":[0.6273758,0.3978174,0.005],"c":[1,0.6857142,0]}]}]}