{"n":"thing","a":[2,12,16],"p":[{"s":[{"p":[0,0,0],"r":[0,0,0],"s":[0.7058717,0.06205309,0.358135],"c":[1,0.8571429,0]}]}]}