{"n":"thing","p":[{"b":3,"t":8,"a":[12],"su":[{"i":"58ffce8bcd81af12fc9ba2de","t":"58ffd03fb0d9c3a2138dc891","p":[-13.71159,22.68316,33.16347],"r":[18.45606,306.0746,17.19341]}],"s":[{"p":[0,0,0],"r":[0,0,0],"s":[0.1250003,0.1250001,0.1250003],"c":[1,1,1],"b":["when starts then become next in 30s"]},{"p":[15.54165,16.0876,-8.023775],"r":[351.3266,80.20725,205.316],"s":[0.1250004,0.1250003,0.1250005],"c":[1,1,1],"b":["when starts then become next in 30s"]},{"p":[-12.68397,30.95049,-31.077],"r":[338.2391,22.68957,16.80465],"s":[0.1250004,0.1250001,0.1250004],"c":[1,1,1],"b":["when starts then become next in 30s"]}]}]}