{"n":"thing","a":[2],"p":[{"b":5,"s":[{"p":[-0.008254991,0.1026784,-0.002201549],"r":[0,1.001791E-05,0],"s":[0.01718567,0.0202975,0.282167],"c":[1,0.984127,0.8888889]}]},{"b":14,"s":[{"p":[-0.006020532,0.1052532,0.04590167],"r":[0,0,0],"s":[0.06587183,0.1012274,0.0600673],"c":[1,0.984127,0.8888889]}]},{"b":5,"s":[{"p":[0.0005388409,0.1054925,-0.1339724],"r":[359.6678,9.645413,357.2206],"s":[0.02224139,0.03374521,0.06920215],"c":[1,0.984127,0.8888889]}]},{"b":63,"s":[{"p":[-0.04672538,0.1036779,0.04223527],"r":[90,9.659346E-06,0],"s":[0.01373575,0.9789883,0.02512758],"c":[1,0.936508,0.5555556]}]}]}