{"n":"thing","a":[2,14,15],"p":[{"b":34,"t":2,"pr":5,"s":[{"p":[-0.169725,-0.02624842,0.01306059],"r":[358.3232,4.088008,6.473249],"s":[0.2837746,0.07835964,0.1250033],"c":[1,1,1],"pr":{"c":[0,1,0.9142858],"m":1,"a":1,"s":0,"z":0.1140196,"g":0.5,"h":0.25}}]},{"b":34,"t":2,"pr":5,"s":[{"p":[0.17792,0.006780192,0.003809764],"r":[356.5118,358.342,185.5658],"s":[0.2837925,0.0783631,0.1250047],"c":[1,1,1],"pr":{"c":[0,1,0.9142858],"m":1,"a":1,"s":0,"z":0.1140196,"g":0.5,"h":0.25}}]}]}