{"n":"thing","a":[2,7,14,15,18],"p":[{"b":49,"t":3,"pr":5,"s":[{"p":[0.04623604,-0.0206877,0.001729969],"r":[0,0,1.001791E-05],"s":[0.3683923,0.06753881,0.4048523],"c":[0.3333332,0.8285711,1],"b":["when starts then play loophum","when starts then play heavy plasma shot"],"pr":{"c":[0.5555556,0.8857141,1],"m":1,"a":1,"s":0,"z":0.1474249,"g":0.5,"h":0.25}},{"p":[0.04623604,-0.0206877,0.001729969],"r":[0,0,1.001791E-05],"s":[0.3683923,0.06753881,0.4048523],"c":[0.3333332,0.8285711,1],"pr":{"c":[0.5555556,0.8857141,1],"m":1,"a":1,"s":0,"z":0.1474249,"g":0.5,"h":0.25}}]},{"b":50,"t":3,"s":[{"p":[0.03004742,-0.014588,-0.0001697503],"r":[0,0,1.001791E-05],"s":[0.3308418,0.1249881,0.4730611],"c":[0,0.7428566,1]}]}]}