{"n":"thing","a":[21],"p":[{"t1":44,"s":[{"p":[0,0,0],"r":[0,0,0],"s":[5.790277,0.3229678,29.2556],"c":[0.3950616,0.4444443,0.4444443],"t1":{"c":[1,1,1],"x":0.6128731,"y":0.7362347,"a":0.8925,"m":0.1298084,"n":0.1484337,"r":0.2446918,"g":0,"o":0.5,"t":0.5,"e":0.5}}]}]}