{"n":"rune","p":[{"s":[{"p":[0,0,0],"r":[0,0,0],"s":[0.04956264,0.03176501,0.1750001],"c":[0.3333332,0.8285711,1],"pr":{"c":[0.3333333,0.8285711,1],"m":0.25,"a":0.25,"s":0.15,"z":0.25,"g":0.5,"h":0.25}}]},{"s":[{"p":[0.08050969,-0.0001602694,0.02383445],"r":[358.3867,63.07365,3.184466],"s":[0.04956274,0.03176509,0.1750003],"c":[0.3333332,0.8285711,1],"pr":{"c":[0.3333333,0.8285711,1],"m":0.25,"a":0.25,"s":0.15,"z":0.25,"g":0.5,"h":0.25}}]},{"s":[{"p":[0.1073695,0.004762609,-0.03396076],"r":[357.2873,158.3396,357.4702],"s":[0.04956272,0.03176509,0.1046822],"c":[0.3333332,0.8285711,1]}]},{"s":[{"p":[0.0585844,0.001619153,-0.06405266],"r":[351.9016,203.9413,354.0568],"s":[0.02348606,0.03176512,0.02173737],"c":[0.3333332,0.8285711,1]}]}]}