{"n":"the grid","a":[7,21],"p":[{"a":[16],"t1":156,"s":[{"p":[0,0,0],"r":[0,0,0],"s":[0.5798056,498.2048,498.2048],"c":[0.3333332,0.3333332,0.3333332],"t1":{"c":[0.9714285,0,1],"x":0.003638268,"y":0.003638268,"a":0,"m":0,"n":0,"r":0,"g":1,"o":0.5,"t":0.5,"e":0.5}}]}]}