{"n":"foot","p":[{"b":68,"s":[{"p":[0,0,0],"r":[0,0,4.002064E-08],"s":[0.0402769,0.02720498,0.06902745],"c":[1,1,1]}]},{"b":68,"s":[{"p":[-0.02541641,0.004316763,-0.06072965],"r":[0.2867007,5.781983,0.1164054],"s":[0.01787543,0.0187075,0.03549178],"c":[1,1,1]}]},{"b":68,"s":[{"p":[0.0007098085,0.0001045335,-0.06440407],"r":[3.143295,1.374987,0.8689936],"s":[0.01787543,0.01870749,0.03549181],"c":[1,1,1]}]},{"b":68,"s":[{"p":[0.02553997,-0.002383623,-0.06184596],"r":[5.140574,343.1876,356.4075],"s":[0.01787543,0.01870747,0.03549184],"c":[1,1,1]}]}]}