{"n":"thing","a":[7],"p":[{"s":[{"p":[0,0,0],"r":[0,0,0],"s":[150.0758,150.0462,0.02204469],"c":[0.1234567,0.1460316,0.222222]}]}]}