{"n":"thing","p":[{"s":[{"p":[0.05339427,0.01571631,0.008026099],"r":[358.5286,317.6724,358.7036],"s":[0.08241706,0.1065167,0.09525573],"c":[0.5555556,0.3156965,0.0617283],"b":["when touched then do creation part duplicate 0.08 0.0 0.0"]}]},{"b":18,"e":"FENCE MAKER","s":[{"p":[-0.01879584,0.1105503,0.09396528],"r":[1.296034,47.63911,358.5282],"s":[0.003000457,0.003000062,0.003000465],"c":[1,1,1]}]}]}