{"n":"test sign","p":[{"t":7,"s":[{"p":[0.7192132,-0.0858964,-0.02057745],"r":[342.8383,14.08438,94.42043],"s":[0.4965005,0.04097142,0.2462287],"c":[1,0.171428,0]}]},{"b":18,"e":"TARDIS INTERIOR","s":[{"p":[0.7494125,-0.295343,0.06721798],"r":[356.7846,108.242,72.1594],"s":[0.005102157,0.005102156,0.005102159],"c":[1,1,1]}]}]}