{"n":"building","p":[{"s":[{"p":[0,0,0],"r":[0,0,0],"s":[4.215062,3.823922,3.138772],"c":[1,1,1]}]}]}