{"n":"ground","a":[1,7,18],"p":[{"b":17,"s":[{"p":[0,0,0],"r":[0,0,-6.157171E-14],"s":[150,0.11062,81.94534],"c":[0.9019608,0.8509804,0.7215686]}]}]}