{"n":"thing","a":[7,18],"p":[{"im":"852718152448083796/24635613A1812A2CB567F7E3DE5DDD60732B8B59/","s":[{"p":[0,0,0],"r":[0,0,0],"s":[10.05492,0.01,10.72525],"c":[1,1,1]}]}]}