{"n":"thing","p":[{"b":92,"e":"TOUCH TO GO TO CLOSET","s":[{"p":[0,0,0],"r":[0,0,1.334021E-08],"s":[0.003,0.003,0.003],"c":[1,1,1]}]},{"b":73,"s":[{"p":[0.1836115,-0.1612938,0.05039027],"r":[276.0907,346.0502,354.8506],"s":[0.1426389,0.1426389,0.1426389],"c":[1,0,0],"b":["when touches hand then send nearby to jaym2000's closet"]}]}]}