{"n":"thing","a":[7,18],"p":[{"im":"852718152450363831/09865465C9E40B78B27BAF59CA7E28AE97F9795A/","s":[{"p":[0,0,0],"r":[0,0,0],"s":[6.22567,0.01000012,9.337959],"c":[1,1,1]}]}]}