{"n":"icone page","a":[7,18],"p":[{"s":[{"p":[-0.1534908,0.2963176,-0.0292325],"r":[90,-9.659346E-06,0],"s":[0.005000557,0.1750067,0.1963264],"c":[1,0.8730159,0.111111]}]},{"t":1,"s":[{"p":[-0.1562261,0.2962796,-0.03042781],"r":[0,0,270],"s":[0.2233391,0.005001873,0.1976804],"c":[0.111111,0.111111,0.111111]}]},{"b":18,"e":"PAGE 1","s":[{"p":[-0.1488611,0.347216,0.04563475],"r":[-6.830189E-06,270,270],"s":[0.003000371,0.003000399,0.00300026],"c":[1,1,1]}]},{"b":18,"e":"Titre","s":[{"p":[-0.1506325,0.3352636,-0.02624559],"r":[-1.024528E-05,270,270],"s":[0.003000091,0.003000211,0.003000143],"c":[1,1,1]}]}]}