{"n":"soap","a":[2,3,21],"p":[{"b":9,"s":[{"p":[0,0,0],"r":[0,0,0],"s":[0.07058973,0.1051833,0.05257663],"c":[0.8888889,0.7957672,0.5925926],"b":["when triggered then tell trig","when let go then destroy all parts","when triggered then play water splash"]}]},{"b":23,"e":"SOAP","s":[{"p":[-0.03222748,0.05174715,0.06131713],"r":[1.587971,192.2006,267.4851],"s":[0.006798468,0.006798474,0.006798476],"c":[1,0.895238,0.6666666]}]}]}