{"n":"thing","p":[{"b":18,"e":"TELEPORT TO\nSTARDEF","s":[{"p":[-0.0829058,0.03563119,0.01886506],"r":[86.55048,175.4176,174.3473],"s":[0.003,0.002999999,0.003000001],"c":[0,0,0]}]},{"s":[{"p":[0.02029889,0.009759288,-0.01665413],"r":[1.137712,1.696368,2.541062],"s":[0.2034274,0.04710624,0.1072905],"c":[1,1,1]}]},{"b":91,"e":"<------","s":[{"p":[-0.1591005,0.05705547,-0.2114842],"r":[80.5514,191.2811,257.4713],"s":[0.006505928,0.006505926,0.006505929],"c":[1,1,1]}]}]}