{"n":"thing","p":[{"s":[{"p":[0,0,0],"r":[0,0,1.707547E-06],"s":[0.01862924,0.02488061,0.2566292],"c":[1,1,1]}]},{"s":[{"p":[0.003992198,2.429132,0.09734678],"r":[355.7657,347.1801,1.272879],"s":[0.0186293,0.0248807,0.2566297],"c":[1,1,1]}]},{"s":[{"p":[-1.318254,0.3459455,1.518347],"r":[356.2499,100.4236,181.9391],"s":[0.01862929,0.02488073,0.6256706],"c":[1,1,1]}]},{"s":[{"p":[-1.337004,2.417606,1.596656],"r":[6.682373,299.5235,350.9317],"s":[0.01862933,0.02488079,0.6256717],"c":[1,1,1]}]}]}