{"n":"thing","p":[{"b":140,"e":"SteamVR","s":[{"p":[0,0,0],"r":[0,0,0],"s":[0.01361864,0.01361864,0.01361864],"c":[1,1,1]}]}]}