{"n":"thing","p":[{"b":140,"e":"Recycle Bin","s":[{"p":[0,0,0],"r":[0,0,0],"s":[0.0119712,0.0119712,0.0119712],"c":[1,1,1]}]}]}