{"n":"spawn2","p":[{"t":8,"a":[12],"s":[{"p":[0,0,0],"r":[0,0,0],"s":[0.1750005,0.1750002,0.005000006],"c":[1,1,1]}]}]}