{"n":"thing","a":[1,22],"p":[{"im":"860599700539660500/8B54DDF8C92322B108CBA4CBC32502EF9D811848/","s":[{"p":[-0.1604322,-0.0371848,-0.2846904],"r":[2.154939,1.962684,359.3255],"s":[12.59824,0.01,9.44868],"c":[1,1,1]}]}]}