{"n":"mini jet","a":[2,3,22,12,18],"inc":[["thing","5948458cf611857d13feddd3"]],"p":[{"b":7,"s":[{"p":[9.313226E-10,-0.006493211,-0.04565567],"r":[-1.707547E-06,180,180],"s":[0.2201257,0.1250197,0.1055266],"c":[1,1,1]}]},{"b":57,"s":[{"p":[-0.001309393,-0.01359367,-0.08457911],"r":[-1.707547E-06,180,180],"s":[0.1250566,0.1250297,0.0412557],"c":[1,1,1]}]},{"s":[{"p":[0,0,0.1413617],"r":[-9.748988E-06,270,-8.964094E-08],"s":[0.005001162,0.005001163,0.005001029],"c":[1,1,1],"b":["when triggered then emit gravity-free thing with 0"]}]}]}