{"n":"thing","a":[2,16,20],"p":[{"b":5,"t":2,"pr":1,"s":[{"p":[0,0,0],"r":[0,0,-3.828216E-20],"s":[0.005001654,0.005165094,0.1012565],"c":[0.1142855,1,0],"pr":{"c":[0.1142856,1,0],"m":0.8757474,"a":0.8848441,"s":0,"z":0.08375978,"g":0.5,"h":0.25}}]}]}