{"n":"thing","p":[{"b":4,"s":[{"p":[0,0,0],"r":[0,0,0],"s":[0.03893331,0.03548397,0.125],"c":[1,1,1],"b":["when starts then become 2 in 0.2s","when "]},{"p":[0,0,0],"r":[0,0,0],"s":[0.03893331,0.03548397,0.125],"c":[1,1,1],"b":["when starts then become 1 in 0.2s"]}]}]}