{"n":"thing","a":[7,18],"p":[{"b":4,"t":8,"a":[12],"su":[{"i":"594c61000643110f38db7a1b","t":"594c6109434639ff13e60563","p":[0.5305692,-0.02199555,0.02849437],"r":[0,0,0]}],"s":[{"p":[0,0,0],"r":[0,0,0],"s":[0.05776542,0.005000142,0.1250032],"c":[1,1,1],"b":["when any part touched then become next in 2s"]},{"p":[0,-0.01073361,9.313226E-10],"r":[0,0,90.00001],"s":[0.05776754,0.005000263,0.1250055],"c":[1,1,1],"b":["when any part touched then become next in 2s"]}]}]}