{"n":"thing","a":[7,13,18],"p":[{"b":13,"s":[{"p":[0,0,0],"r":[0,0,0],"s":[0.03086128,0.02201005,0.7600755],"c":[1,1,1]}]},{"b":13,"s":[{"p":[2.384186E-07,2.226219,0],"r":[0,0,0],"s":[0.0308644,0.02201181,0.7601318],"c":[1,1,1]}]},{"b":13,"s":[{"p":[1.192093E-07,1.119586,0],"r":[0,0,0],"s":[0.03086556,0.02201303,0.7601706],"c":[1,1,1]}]},{"b":13,"s":[{"p":[1.192093E-07,1.119587,1.124714],"r":[270,1.466831E-05,0],"s":[0.03581306,0.02201971,0.7416518],"c":[1,1,1]}]}]}