{"n":"thing","a":[7,18],"p":[{"t":9,"s":[{"p":[0,0,0],"r":[0,0,0],"s":[0.9040444,0.02622154,0.8445349],"c":[0.5555556,0.5555556,0.5555556]}]}]}