{"n":"thing","p":[{"t":3,"s":[{"p":[0,0,0],"r":[0,0,0],"s":[0.0119485,0.07723682,0.02194253],"c":[0.9968254,1,0.8888889],"b":["when starts then set light range 250","when starts then set light intensity 5"]}]}]}