{"n":"c2 bullet","a":[7,18],"p":[{"b":16,"t":1,"s":[{"p":[0,0,0],"r":[0,0,0],"s":[0.005,0.02239136,0.005],"c":[0.8888889,0.8465608,0.5925926],"b":["when touched then tell pressed "]}]},{"b":17,"t":3,"s":[{"p":[-5.722046E-06,-0.002257049,-0.0003623366],"r":[0,0,270],"s":[0.005000687,0.005000007,0.005000669],"c":[0.7777778,0.6666667,0],"b":["when told pressed then become 2 in .1s","when told pressed then play bullet impact"]},{"p":[-5.722046E-06,-0.002257049,-0.0003623366],"r":[0,0,270],"s":[0.01982671,0.01821955,0.02159177],"c":[0.7777778,0.6666667,0],"b":["when starts then destroy all parts"]}]}]}