{"n":"thing","p":[{"b":35,"t1":59,"s":[{"p":[0.003271669,0.3374782,-0.1721996],"r":[355.5122,182.4559,357.9641],"s":[0.0300358,0.7497227,0.1931785],"c":[0.7777778,0.7530864,0.6049383],"t1":{"c":[0.6666667,0.6349207,0.4444444],"x":0.5,"y":0.5,"a":0.8925,"m":0,"n":0,"r":0,"g":0,"o":0.5,"t":0.5,"e":0.5}}]},{"b":35,"t1":59,"s":[{"p":[-0.0109239,0.3538843,-0.2344645],"r":[32.61615,357.8392,357.0222],"s":[0.03003582,0.7497225,0.1931781],"c":[0.7777778,0.7530864,0.6049383],"t1":{"c":[0.6666667,0.6349207,0.4444444],"x":0.5,"y":0.5,"a":0.8925,"m":0,"n":0,"r":0,"g":0,"o":0.5,"t":0.5,"e":0.5}}]}]}