{"n":"coin","a":[1,2],"p":[{"b":5,"t":1,"pr":2,"t1":22,"t2":88,"s":[{"p":[0,0,0],"r":[0,0,0],"s":[0.01507976,0.01544817,0.005000003],"c":[0.8,1,0],"b":["when grabbed then play metal ding"],"t1":{"c":[0.5555556,0.4761905,0],"x":0.17,"y":0.17,"a":0.69625,"m":0.5,"n":0.5,"r":0,"g":0,"o":0.5,"t":0.5,"e":0.5},"t2":{"c":[0.8,1,0],"x":0.5,"y":0.5,"a":0.8925,"m":0,"n":0,"r":0,"g":0,"o":0.5,"t":0.5,"e":0.5},"pr":{"c":[1,0.8888889,0.2222221],"m":0.25,"a":0.25,"s":0.15,"z":0.25,"g":0.5,"h":0.25}},{"p":[0.008427385,-0.0140501,-0.01255742],"r":[352.3184,3.661288,22.33922],"s":[0.01507982,0.0154483,0.00500003],"c":[0.8,1,0],"t1":{"c":[0.5555556,0.4761905,0],"x":0.17,"y":0.17,"a":0.69625,"m":0.5,"n":0.5,"r":0,"g":0,"o":0.5,"t":0.5,"e":0.5},"t2":{"c":[0.8,1,0],"x":0.5,"y":0.5,"a":0.8925,"m":0,"n":0,"r":0,"g":0,"o":0.5,"t":0.5,"e":0.5},"pr":{"c":[1,0.8888889,0.2222221],"m":0.25,"a":0.25,"s":0.15,"z":0.25,"g":0.5,"h":0.25}}]}]}