{"n":"thing","a":[7,13,18],"p":[{"s":[{"p":[0,0,0],"r":[0,0,0],"s":[0.1163113,8.168591,0.137344],"c":[0.6666667,0.573545,0.3703702]}]}]}