{"n":"thing","a":[7,18],"p":[{"t":7,"a":[17],"s":[{"p":[0,0,0],"r":[0,0,0],"s":[1.632292,0.005000204,1.143362],"c":[0.07407398,0.1777775,0.3333332]}]}]}