{"n":"thing","a":[7,18],"p":[{"b":4,"s":[{"p":[0,0,0],"r":[0,0,0],"s":[18.56129,5.030183,7.000767],"c":[0.6666667,0.6666667,0.6666667]}]}]}