{"n":"thing","p":[{"b":4,"s":[{"p":[0,0,0],"r":[0,0,0],"s":[1.061279,0.2794176,0.7478599],"c":[1,1,1]}]}]}