{"n":"center spin r","a":[7,18],"p":[{"b":2,"t":8,"a":[3,11,12],"su":[{"i":"59520744cb8f1f1908ab2e91","t":"5955e8b0a4fe9acd1322a0e9","p":[-0.468239,-0.8393708,-0.2070049],"r":[270,180,0]}],"s":[{"p":[0,0,0],"r":[0,0,0],"s":[0.01391408,0.01231289,0.0123129],"c":[1,1,1],"b":["when starts then become next in 1s"]},{"p":[0,0,0],"r":[-5.008962E-06,90.00002,1.502687E-05],"s":[0.01220065,0.01059946,0.01059948],"c":[1,1,1],"b":["when starts then become next in 1s"]},{"p":[0,0,0],"r":[-2.003584E-05,180,1.00179E-05],"s":[0.01358275,0.01198156,0.01198158],"c":[1,1,1],"b":["when starts then become next in 1s"]},{"p":[0,0,0],"r":[-1.502686E-05,270.0001,-5.008959E-06],"s":[0.01527093,0.01366974,0.01366976],"c":[1,1,1],"b":["when starts then become 1 in 1s"]}]}]}