{"n":"plntport","a":[22],"p":[{"b":69,"t":9,"a":[3],"t1":10,"t2":74,"s":[{"p":[0.1143614,-0.02066551,0.267519],"r":[0,90,90],"s":[0.3174135,0.005001162,0.3178312],"c":[0,0.5714284,1],"b":["when told by nearby de-4 then play digital effect 4 with 50 very-varied-pitch echo, become 2"],"t1":{"c":[0,0.9142855,1],"a":0.4847438},"t2":{"c":[0,0.3999997,1],"x":0.06654882,"y":0.638181,"a":1,"m":0,"n":0,"r":0,"g":1,"o":0.5,"t":0.5,"e":0.5}},{"p":[0.1143614,-0.02066551,0.267519],"r":[0,90,90],"s":[0.1753581,0.005,0.1757758],"c":[0,0.5714284,1],"b":["when told by nearby de-4 then play digital effect 4 with 50 very-varied-pitch, become 2"],"t1":{"c":[0,0.9142855,1],"a":0.4847438},"t2":{"c":[0,0.3999997,1],"x":0.02362919,"y":0.5401604,"a":0,"m":0,"n":0,"r":0,"g":1,"o":0.5,"t":0.5,"e":0.5}}]},{"b":73,"t":7,"pr":47,"t1":157,"t2":13,"s":[{"p":[0.05802227,-0.02298724,0.2622234],"r":[0,1.001791E-05,0],"s":[1.177116,1.17684,0.1308397],"c":[0,0.05714219,1],"b":["when touches hand then become 2 in 2s"],"t1":{"c":[0,0.2285713,1],"x":0.6237315,"y":0.5742024,"a":0,"m":0,"n":0.06343341,"r":0.630067,"g":0.1764468,"o":0.5,"t":0.5,"e":0.5},"t2":{"c":[0,0.9142855,1],"x":0.1927872,"y":0.2030824,"a":0.7948662,"m":0.5,"n":0.5,"r":0.1090376,"g":1,"o":0.1276701,"t":1,"e":0.4193273},"pr":{"c":[0,0.9142855,1],"m":0.3935299,"a":0.798661,"s":0,"z":0.3608155,"g":0.5,"h":0.1029427}},{"p":[0.05802227,-0.02298724,0.2622234],"r":[0,1.001791E-05,0],"s":[1.177116,1.17684,0.1308397],"c":[0,0.05714215,1],"b":["when starts then send nearby to island of secrets, become 1"],"t1":{"c":[0,0.2285713,1],"x":0.6237315,"y":0.5742024,"a":0,"m":0,"n":0.06343341,"r":0.630067,"g":0.1764468,"o":0.5,"t":0.5,"e":0.5},"t2":{"c":[0,0.9142855,1],"x":0.1927872,"y":0.2030824,"a":0.7948662,"m":0.5,"n":0.5,"r":0.1090376,"g":1,"o":0.1276701,"t":1,"e":0.4193273},"pr":{"c":[0,0.9142855,1],"m":0.3935299,"a":0.798661,"s":0,"z":0.3608155,"g":0.5,"h":0.1029427}}]}]}