{"n":"thing","a":[7],"p":[{"a":[15],"s":[{"p":[0,0,0],"r":[0,0,-3.828216E-20],"s":[29.40581,0.1623695,24.92714],"c":[1,1,1]}]}]}