{"n":"thing","a":[7,8,18],"p":[{"b":3,"t":3,"a":[3],"pr":52,"s":[{"p":[0,0,0],"r":[0,0,8.537737E-07],"s":[0.09374905,0.09374904,0.09374906],"c":[1,0,0],"pr":{"c":[1,0,0],"m":1,"a":1,"s":1,"z":1,"g":0.5,"h":0}}]},{"b":3,"a":[3],"s":[{"p":[0.01108291,-0.009030666,-0.03235541],"r":[71.06785,3.087037,20.62342],"s":[0.01574557,0.01574266,0.01573755],"c":[0,0,0]}]}]}