{"n":"thing","p":[{"b":69,"s":[{"p":[0,0,0],"r":[0,0,4.002064E-08],"s":[0.1244642,0.09095791,0.08565047],"c":[1,0,0.8571426]}]},{"b":3,"s":[{"p":[-0.0006096456,0.008659637,-0.07655922],"r":[359.502,271.2664,87.46873],"s":[0.1224726,0.03047101,0.08394761],"c":[0.111111,0.111111,0.111111]}]},{"b":73,"s":[{"p":[-0.005909752,0.06954226,0.07942631],"r":[13.44463,124.5756,122.2259],"s":[0.1081483,0.1081483,0.1081483],"c":[1,0,0.8571426]}]}]}