{"n":"thing","p":[{"b":11,"s":[{"p":[0,0,0],"r":[0,0,0],"s":[0.1250003,0.1250004,0.1250004],"c":[1,1,1]}]},{"b":11,"s":[{"p":[-0.008352585,-0.02572352,0.2384895],"r":[36.40417,357.7495,359.985],"s":[0.1250003,0.1250003,0.1250004],"c":[1,1,1]}]}]}