{"n":"thing","a":[6,7,20],"inc":[["thing","595a951940f0aa16141a0279"],["thing 2","595aa210a8813f1f109c8b92"],["thing 3","595a99287f63940f14171c06"]],"p":[{"t":8,"a":[12,14],"s":[{"p":[0,0,0],"r":[0,0,0],"s":[0.09782541,0.09565769,0.4179495],"c":[0.1142857,0,1],"b":["when told by any wfblue then become next in 0.1s"]},{"p":[0,0,0],"r":[0,0,0],"s":[0.09782541,0.09565769,0.4176116],"c":[0.1142857,0,1],"b":["when starts then emit thing 3 with 45, become next in 0.1s, tell any launch1"]}]}]}