{"n":"thing","p":[{"b":57,"t":3,"t2":10,"s":[{"p":[0,0,0],"r":[0,0,0],"s":[0.1140297,0.0448795,0.1250009],"c":[0.9714286,1,0],"t2":{"c":[0.984127,1,0.4444444],"a":0}}]}]}