{"n":"thing","a":[22,13,18],"p":[{"t":1,"t1":43,"s":[{"p":[0.8370349,-0.006972432,0.6215846],"r":[-1.207418E-05,270,180],"s":[0.1936512,0.995487,0.01567258],"c":[0,0,0],"t1":{"c":[0.2222221,0.2222221,0.2222221],"x":0.5,"y":0.5,"a":0.8925,"m":0,"n":0,"r":0,"g":0,"o":0.5,"t":0.5,"e":0.5}}]},{"s":[{"p":[-0.05996801,5.242583E-09,-1.490116E-07],"r":[0,0,-5.008957E-06],"s":[0.05353318,0.9880884,1.033561],"c":[0.5555556,0.4779541,0.3086419]}]}]}