{"n":"thing","a":[7,18],"p":[{"t":9,"s":[{"p":[0,0,0],"r":[0,0,0],"s":[0.0375941,0.5961317,2.057056],"c":[0.7777778,0.7777778,0.7777778]}]},{"b":51,"t":9,"s":[{"p":[-0.01895237,0.2223819,0.2603334],"r":[0,180,180],"s":[0.2576806,0.6193977,0.5228341],"c":[0.5555556,0.5555556,0.5555556]}]}]}