{"n":"thing","a":[7],"p":[{"s":[{"p":[0,0,0],"r":[0,0,0],"s":[3.847839,0.06012408,0.7177106],"c":[0.4444443,0.4444443,0.4444443]}]}]}