{"n":"thing","a":[7,18],"p":[{"t1":111,"s":[{"p":[0,0,0],"r":[0,0,0],"s":[2.136727,2.874252,0.4413624],"c":[0,0,0],"t1":{"c":[0.1111111,0.1111111,0.1111111],"x":0.5,"y":0.5,"a":0.8925,"m":0,"n":0,"r":0,"g":0,"o":0.5,"t":0.5,"e":0.5}}]},{"b":13,"s":[{"p":[-0.009309771,-0.00576973,0.2472516],"r":[0,0,0],"s":[0.6721857,0.925553,0.1678659],"c":[1,1,1]}]},{"b":13,"t1":22,"s":[{"p":[-0.009309679,0.3387055,0.3161823],"r":[0,0,0],"s":[0.6722324,0.708959,0.1678824],"c":[0.3132274,0.2962962,0.4444443],"t1":{"c":[0.1654321,0.08641972,0.7777778],"x":0.17,"y":0.17,"a":0.69625,"m":0.5,"n":0.5,"r":0,"g":0,"o":0.5,"t":0.5,"e":0.5}}]}]}