{"n":"the big red pill","a":[1,6,7,12,18],"inc":[["thing","595d4840ff2b8e9b13619d1f"],["v2cage","595d4ab3ee47039013e926a9"],["thing 2","595ec566b59dd8b31305e435"]],"p":[{"s":[{"p":[-0.004039764,0.003517147,0.04542542],"r":[4.341314,4.177842,351.9873],"s":[0.005000011,0.005000013,0.005000017],"c":[1,1,1],"b":["when starts then become 2 in 5s"]},{"p":[0.003575605,-4.279416E-05,-0.00284873],"r":[84.04975,16.21932,185.9063],"s":[0.005000009,0.005000008,0.005000012],"c":[1,1,1],"b":["when starts then destroy all parts"]}]},{"b":69,"s":[{"p":[-0.0003662108,0.0008163415,0.03889466],"r":[90,180,0],"s":[0.01979631,0.01979634,0.01979578],"c":[1,0,0.3428572],"b":["when consumed then play swallow","when consumed then destroy all parts","when consumed then emit thing 2 with 0"]}]}]}