{"n":"thing","a":[7,18],"p":[{"t":8,"a":[12],"su":[{"i":"595e9e610643112b2c93e1e5","t":"595e9f23521f30b81332e503","p":[0.5462352,0.003452331,-0.2361738],"r":[0,0,1.502687E-05]}],"s":[{"p":[0,0,0],"r":[0,0,0],"s":[0.096717,0.2136018,0.3308242],"c":[1,1,1],"b":["when touched then become next in 2s"]},{"p":[1.11677,0,0],"r":[0,0,0],"s":[0.09675832,0.213653,0.3308781],"c":[1,1,1],"b":["when touched then become next in 2s"]}]}]}