{"n":"stone","p":[{"b":12,"t1":128,"s":[{"p":[0,0,0],"r":[0,0,0],"s":[0.222777,0.2740482,0.08489239],"c":[0.7777778,0.7777778,0.7777778],"t1":{"c":[1,1,1],"x":0.5,"y":0.5,"a":0.8925,"m":0,"n":0,"r":0,"g":0,"o":0.5,"t":0.5,"e":0.5}}]}]}