{"n":"wood","a":[7,18],"p":[{"t1":148,"s":[{"p":[0.003374898,-0.2534866,0.1323666],"r":[8.537737E-06,270,90],"s":[0.3025032,0.4251408,0.248268],"c":[0.333333,0.2751319,0.1481478],"t1":{"c":[0.6666667,0.594709,0.5185186],"x":0.5,"y":0.5,"a":0.8925,"m":0,"n":0,"r":0.2493975,"g":0,"o":0.5,"t":0.5,"e":0.5}}]},{"b":38,"t1":148,"s":[{"p":[-1.490116E-08,0.006465434,-0.01342344],"r":[0,0,0],"s":[0.1250765,0.1990439,0.2136304],"c":[0.3333331,0.275132,0.1481479],"t1":{"c":[0.6666667,0.594709,0.5185186],"x":0.5,"y":0.5,"a":0.8925,"m":0,"n":0,"r":0.2493975,"g":0,"o":0.5,"t":0.5,"e":0.5}}]}]}