{"n":"water","a":[7,18],"p":[{"s":[{"p":[0,0,0],"r":[0,0,0],"s":[110.5549,0.1750073,150],"c":[0,0.133333,0.3333332]}]}]}