{"n":"thing","p":[{"b":10,"s":[{"p":[0.004416819,-0.002856021,0.05013847],"r":[0.4573711,354.129,349.3738],"s":[0.005000201,0.04894413,0.02147136],"c":[0.3333332,0.3333332,0.3333332]}]},{"b":10,"s":[{"p":[0.001823238,-0.005219868,0.04804248],"r":[349.3741,264.2148,359.5347],"s":[0.005000732,0.05051144,0.02149042],"c":[0.3333332,0.3333332,0.3333332]}]},{"b":5,"s":[{"p":[0.02298713,0.08646806,0.05258147],"r":[79.36407,261.6927,177.5212],"s":[0.005003803,0.005001782,0.1236461],"c":[0.3333332,0.3333332,0.3333332]}]},{"b":69,"s":[{"p":[0.0385234,0.1741958,0.05804518],"r":[10.62588,84.21484,0.4653557],"s":[0.02368607,0.03293456,0.02140211],"c":[1,0,0]}]}]}