{"n":"ground","a":[1],"p":[{"b":17,"t1":13,"s":[{"p":[0,0,0],"r":[0,0,0],"s":[3.363346,0.11062,3.201102],"c":[0.8888889,0.6010581,0.2962962],"t1":{"c":[0.5555556,0.3156966,0.06172834],"x":0.17,"y":0.17,"a":0.8925,"m":0.5,"n":0.5,"r":0,"g":0,"o":0.5,"t":0.5,"e":0.5}}]}]}