{"n":"thing","p":[{"b":14,"s":[{"p":[-0.3292228,0.4814076,-0.2594199],"r":[49.54161,201.3755,89.31994],"s":[0.06000035,0.06000026,0.06000022],"c":[1,1,1]}]},{"b":14,"s":[{"p":[-0.5197229,0.7057269,-0.2632986],"r":[23.87932,238.7892,65.57681],"s":[0.06000002,0.06000002,0.06],"c":[1,1,1]}]},{"b":10,"s":[{"p":[-0.4410675,0.5718741,-0.4449041],"r":[341.1449,229.7866,100.5304],"s":[0.1250001,0.1250001,0.1250001],"c":[1,1,1]}]},{"b":10,"s":[{"p":[-0.259866,0.7540315,-0.07314998],"r":[16.84363,298.5059,118.8952],"s":[0.1250004,0.1250003,0.1250004],"c":[1,1,1]}]}]}