{"n":"thing","a":[7,18],"p":[{"b":5,"s":[{"p":[0,0,0],"r":[0,0,0],"s":[0.03452671,0.04211448,0.005000224],"c":[0.4444441,0,0]}]},{"b":5,"s":[{"p":[-3.456696E-08,-0.1976999,-2.980232E-08],"r":[0,0,-1.001791E-05],"s":[0.01909474,0.01584349,0.005000351],"c":[0.4444441,0,0]}]},{"b":5,"s":[{"p":[-0.2462108,4.304886E-08,-1.490116E-08],"r":[-8.964187E-08,-8.964184E-08,270],"s":[0.07524137,0.08591928,0.005000468],"c":[0.4444441,0,0]}]},{"b":5,"s":[{"p":[0.2288096,-4.000635E-08,0],"r":[0,0,-1.001791E-05],"s":[0.01750928,0.01597607,0.005000174],"c":[0.4444441,0,0]}]}]}