{"n":"thing","p":[{"b":86,"s":[{"p":[0,0,0],"r":[0,0,0],"s":[0.01991912,0.04898791,0.006747459],"c":[1,0.8920635,0.7777778]}]},{"b":86,"s":[{"p":[0.001097309,0.03945471,-0.001407064],"r":[346.4781,1.164813,175.3272],"s":[0.01770611,0.005000122,0.005000068],"c":[0,0,0]}]},{"b":69,"s":[{"p":[-5.578855E-05,0.02988184,-0.002834821],"r":[348.756,0.9208916,182.2052],"s":[0.01541956,0.01708645,0.005000024],"c":[0.8888889,0.4938272,0.4938272]}]}]}