{"n":"concrete pillar","a":[7,18],"p":[{"b":13,"t1":47,"s":[{"p":[0,0,0],"r":[0,0,0],"s":[0.8706542,0.2026093,0.416673],"c":[1,1,1],"t1":{"c":[0.7777778,0.7777778,0.7777778],"x":0.5,"y":0.5,"a":0.8925,"m":0,"n":0,"r":0,"g":0,"o":0.5,"t":0.5,"e":0.5}}]}]}