{"n":"iron plate 1-8 m in h and 9m w","a":[22,18],"p":[{"t1":118,"s":[{"p":[0,0,0],"r":[0,0,0],"s":[9.695137,0.05193929,2.098288],"c":[0.5555556,0,0],"b":["when touched then play hitting metal"],"t1":{"c":[0.6666667,0,0],"x":0.5,"y":0.5,"a":0.8925,"m":0,"n":0,"r":0,"g":0,"o":0.5,"t":0.5,"e":0.5}}]},{"t":1,"t1":118,"s":[{"p":[-4.935719,0.03894508,1.229346E-07],"r":[7.525982E-08,3.783565E-07,337.5],"s":[0.2003446,0.05196498,2.099267],"c":[0.5555556,0.5555556,0.5555556],"b":["when touched then play hitting metal"],"t1":{"c":[0.4444444,0.4444444,0.4444444],"x":0.5,"y":0.5,"a":0.8925,"m":0,"n":0,"r":0,"g":0,"o":0.5,"t":0.5,"e":0.5}}]},{"t":1,"t1":118,"s":[{"p":[-5.119297,0.06178418,0.003168554],"r":[-1.001791E-05,8.450078E-13,-7.387293E-20],"s":[0.2003914,0.07571702,2.100946],"c":[0.5555556,0.5555556,0.5555556],"b":["when touched then play hitting metal"],"t1":{"c":[0.4444444,0.4444444,0.4444444],"x":0.5,"y":0.5,"a":0.8925,"m":0,"n":0,"r":0,"g":0,"o":0.5,"t":0.5,"e":0.5}}]}]}