{"n":"thing","a":[7,18],"p":[{"b":5,"s":[{"p":[0,0,0],"r":[0,0,0],"s":[5.791434,5.646537,0.1250384],"c":[0.2821867,0.5555556,0.2469133]}]}]}