{"n":"thing","a":[1,7,21],"p":[{"b":58,"t":1,"t1":8,"t2":10,"s":[{"p":[0,0.02359968,-4.1263E-09],"r":[1.001791E-05,-8.757936E-13,-1.001791E-05],"s":[0.2178421,0.1617255,0.2112219],"c":[1,0,0.8571426],"t1":{"c":[0,1,0.7428571],"x":0.17,"y":0.17,"a":0.69625,"m":0.5,"n":0.5,"r":0,"g":0,"o":0.5,"t":0.5,"e":0.5},"t2":{"c":[0,0,0],"a":0}}]},{"b":68,"a":[1],"t1":5,"s":[{"p":[0.01258383,0.2596843,0.2818151],"r":[270,1.931869E-05,0],"s":[0.4229558,0.01010207,0.4570794],"c":[0,0.05714257,1],"b":["when starts then become next in 2s"],"t1":{"c":[0,1,0.7428571],"x":0.17,"y":0.17,"a":0.69625,"m":0.5,"n":0.5,"r":0,"g":0,"o":0.5,"t":0.5,"e":0.5}},{"p":[0.01258383,0.2596843,0.2818151],"r":[270,1.931869E-05,0],"s":[0.4229558,0.01010207,0.4570794],"c":[0,0.05714257,1],"b":["when starts then become next in 2s"],"t1":{"c":[0,1,0.7428571],"x":0.17,"y":0.17,"a":0.69625,"m":0.5,"n":0.5,"r":0.5328119,"g":0,"o":0.5,"t":0.5,"e":0.5}}]}]}