{"n":"fuel","a":[7,8,21],"p":[{"b":56,"pr":2,"s":[{"p":[-0.001582147,-0.001064301,0.003417969],"r":[355.9774,0.8675133,16.11518],"s":[0.005979877,0.02919742,0.005979878],"c":[1,1,1],"pr":{"c":[1,0.6857142,0],"m":0.3623886,"a":0.25,"s":0.09246063,"z":0.2116013,"g":0.5,"h":0.7679138}}]},{"b":56,"pr":2,"s":[{"p":[0.003013909,0.04265213,0.8422928],"r":[4.022649,180.8675,343.8848],"s":[0.005981112,0.02920415,0.005980935],"c":[1,1,1],"pr":{"c":[1,0.6857142,0],"m":0.3623886,"a":0.25,"s":0.09246063,"z":0.2116013,"g":0.5,"h":0.7679138}}]}]}