{"n":"thing","a":[1,2,9,21],"p":[{"b":9,"t":2,"pr":2,"t1":23,"t2":10,"s":[{"p":[0.007566423,0.002492053,-0.001991767],"r":[28.2696,25.6052,10.30359],"s":[0.06973146,0.06972995,0.06973161],"c":[1,0.3428571,0],"t1":{"c":[0.1142856,1,0],"x":0.17,"y":0.17,"a":0.75,"m":0.5,"n":0.7799448,"r":0,"g":0,"o":0.5,"t":0.5,"e":0.5},"t2":{"c":[0.1142856,1,0],"a":0},"pr":{"c":[1,1,1],"m":0.3793966,"a":0.25,"s":0.15,"z":0.4027307,"g":0.5,"h":0.25}}]},{"b":59,"t":1,"t1":8,"s":[{"p":[0.008166136,0.004552181,-0.0005113566],"r":[28.26959,25.6052,10.30359],"s":[0.06846151,0.0255771,0.06845962],"c":[0.4571431,0,1],"t1":{"c":[0,1,0.7428571],"x":0.17,"y":0.17,"a":0.69625,"m":0.5,"n":0.5,"r":0,"g":0,"o":0.5,"t":0.5,"e":0.5}}]},{"b":59,"t":1,"t1":8,"s":[{"p":[0.00321599,0.006197307,-0.006517607],"r":[299.9426,4.606308,18.39758],"s":[0.06846679,0.02557759,0.06846367],"c":[0.4571431,0,1],"t1":{"c":[0,1,0.7428571],"x":0.17,"y":0.17,"a":0.69625,"m":0.5,"n":0.5,"r":0,"g":0,"o":0.5,"t":0.5,"e":0.5}}]}]}