{"n":"desk","p":[{"t":2,"s":[{"p":[0,0,0],"r":[0,0,0],"s":[0.9990694,0.4970799,0.04805885],"c":[0,0,0]}]},{"t":2,"s":[{"p":[-0.4777882,0.004217058,-0.3788459],"r":[0.667241,0.2053526,90.47224],"s":[0.495759,0.04823924,0.719496],"c":[0,0,0]}]},{"t":2,"s":[{"p":[0.4800997,0.0113188,-0.3699408],"r":[1.615446,359.1168,90.77891],"s":[0.4957602,0.04823932,0.7194979],"c":[0,0,0]}]}]}