{"n":"thing","a":[7],"p":[{"b":5,"s":[{"p":[-0.005168828,0.009988971,-0.02435596],"r":[3.546927,2.995415,11.42328],"s":[0.005,0.005003152,0.05588277],"c":[1,0.8888889,0.2222221]}]},{"b":16,"s":[{"p":[-0.004101099,0.007762729,-0.002053687],"r":[78.04576,110.0189,107.3784],"s":[0.005000167,0.008777902,0.005002205],"c":[1,0.8888889,0.2222221]}]}]}