{"n":"thing","a":[7,13],"p":[{"s":[{"p":[0,0,0],"r":[0,0,0],"s":[5.027708,0.0542643,4.240809],"c":[0,0,0]}]},{"s":[{"p":[3.767499,-2.484517,1.1202],"r":[0,0,89.99999],"s":[5.034663,0.05435237,4.24566],"c":[0,0,0]}]},{"s":[{"p":[1.651078,-2.46573,-0.7351005],"r":[-8.537737E-06,270,90],"s":[5.035378,0.05438521,4.248259],"c":[0,0,0]}]}]}