{"n":"thing","p":[{"b":124,"e":"16","s":[{"p":[0,0,0],"r":[0,0,0],"s":[0.003000005,0.003000004,0.003000004],"c":[0,0,0]}]},{"b":124,"e":"12","s":[{"p":[-0.04293606,0.03736094,0.001276985],"r":[359.3885,359.9324,0.4303797],"s":[0.003000007,0.003000003,0.003000006],"c":[0,0,0]}]}]}