{"n":"thing","a":[7,13,21],"p":[{"s":[{"p":[-0.0146091,0.01063031,0.8373238],"r":[0,0,90],"s":[0.4432864,2.810786,0.122361],"c":[1,1,1]}]},{"t":1,"t1":13,"s":[{"p":[-0.001704454,0.01435888,0.002239821],"r":[0,0,0],"s":[2.725101,0.3425241,1.69339],"c":[1,1,1],"b":["when touched then tell woow"],"t1":{"c":[0.5555556,0.5555556,0.5555556],"x":0.17,"y":0.17,"a":0.8925,"m":0.5,"n":0.5,"r":0,"g":0,"o":0.5,"t":0.5,"e":0.5}}]},{"s":[{"p":[0.006853107,0.01825702,-0.8029385],"r":[0,0,90],"s":[0.4432953,2.810548,0.122352],"c":[1,1,1]}]}]}