{"n":"thing","a":[7],"p":[{"b":5,"t":7,"s":[{"p":[0,0,0],"r":[0,0,0],"s":[150,150,0.1250233],"c":[0,0.6603169,0.8888889]}]}]}