{"n":"thing","a":[7,18],"p":[{"t":7,"s":[{"p":[0,0,0],"r":[0,0,0],"s":[8.574265,0.005002601,0.1115623],"c":[1,1,1]}]},{"t":7,"s":[{"p":[-8.27014,0,0],"r":[0,0,1.024528E-05],"s":[1.35274,0.005007247,0.1116348],"c":[1,1,1]}]}]}