{"n":"thing","inc":[["thing","5973c8373278b8961316d3c1"]],"p":[{"b":4,"t":8,"a":[12,14],"s":[{"p":[0,0,0],"r":[0,0,0],"s":[0.1250007,0.1250003,0.1250005],"c":[1,1,1],"b":["when starts then become next in 0s","when starts then emit gravity-free thing with 0"]},{"p":[0,0,0],"r":[0,0,0],"s":[0.1250007,0.1250003,0.1250005],"c":[1,1,1],"b":["when starts then become next in 29s"]}]}]}