{"n":"thing","p":[{"t":8,"a":[12],"su":[{"i":"5973c84a51a26a1508437bbc","t":"5973bf87b87b9ea513faae92","p":[0.02614157,-0.3305985,0.02367007],"r":[6.112204,78.10973,202.1421]}],"s":[{"p":[0,0,0],"r":[0,0,0],"s":[0.1750003,0.1750003,0.1750002],"c":[1,1,1],"b":["when starts then become next in 2s"]},{"p":[0.009472176,0.01714216,0.006375478],"r":[3.563421,2.775051,356.7682],"s":[0.1750005,0.1750003,0.1750003],"c":[1,1,1],"b":["when starts then become previous in 2s"]}]}]}