{"n":"thing","a":[8],"p":[{"b":4,"t":4,"s":[{"p":[0,0,0],"r":[0,0,2.401239E-07],"s":[0.1250005,0.276334,0.1250001],"c":[0.07407398,0.15873,0.2222221]}]}]}