{"n":"stairs","a":[22],"p":[{"s":[{"p":[0.09286501,-1.101201,-0.5339864],"r":[0,0,0],"s":[1.717354,0.6502945,0.02054238],"c":[0.5555556,0.435626,0.3086419]}]},{"s":[{"p":[0.1248894,-0.9235874,-0.6428364],"r":[-4.289612E-21,-1.017778E-13,-4.829673E-06],"s":[1.743975,0.268745,0.2196342],"c":[0.111111,0.01904762,0]}]}]}