{"n":"thing","p":[{"b":101,"e":"GILLS","s":[{"p":[0,0,0],"r":[0,0,-2.134434E-07],"s":[0.02874832,0.02874832,0.02874832],"c":[0.5555556,0.4003526,0.0617283]}]}]}