{"n":"thing","a":[7],"p":[{"b":5,"t":1,"s":[{"p":[0,0,0],"r":[0,0,0],"s":[0.03851002,0.03850722,0.5564861],"c":[0.5555556,0.5555556,0.5555556]}]}]}