{"n":"thing","p":[{"s":[{"p":[0,0,0],"r":[0,0,0],"s":[0.3872712,0.03371217,0.0832357],"c":[0,0,0]}]},{"b":139,"e":"THOMAS THE DANK","s":[{"p":[-0.1598452,0.02740107,0.05311343],"r":[86.69802,219.1925,218.4725],"s":[0.003000005,0.003000002,0.003000006],"c":[1,1,1]}]},{"b":139,"e":"ENGINE","s":[{"p":[-0.07093206,0.02645694,0.01304886],"r":[87.43456,192.2131,190.4155],"s":[0.003000001,0.003000001,0.003],"c":[1,1,1]}]}]}