{"n":"thing","a":[2,7,18],"p":[{"im":"158030922590854984/1E04611CCADF182850103AD8E86682FA414C0252/","s":[{"p":[0,0,0],"r":[0,0,0],"s":[1.343684,0.01,0.8953323],"c":[0,0,0]}]},{"s":[{"p":[0.005344376,0.1415429,-0.005379677],"r":[0,180,270],"s":[0.2887588,1.407212,0.9438019],"c":[0.8,0.6742857,0.3999996]}]}]}