{"n":"thing","a":[7,18],"p":[{"b":83,"s":[{"p":[0,0,0],"r":[0,0,0],"s":[0.8016798,0.9915803,1.596581],"c":[0.3333332,0.3333332,0.3333332]}]}]}