{"n":"thing","p":[{"b":17,"s":[{"p":[0.8218601,0.06185067,-0.2757702],"r":[28.47395,111.9951,266.2789],"s":[0.4399973,0.2298597,0.193666],"c":[0.3333332,0.2910052,0.03703704]}]},{"b":17,"s":[{"p":[0.6511676,-0.1961009,-0.1127022],"r":[9.666174,67.49525,29.57781],"s":[0.1842439,0.229859,0.1936656],"c":[0.3333332,0.2910052,0.03703704]}]},{"b":17,"s":[{"p":[1.783314,1.439757,-0.7276517],"r":[43.67361,91.02061,166.0813],"s":[0.761067,0.3434815,0.1936662],"c":[0.3333332,0.2910052,0.03703704]}]},{"b":17,"s":[{"p":[1.474987,0.9699998,0.4439633],"r":[38.19967,116.7614,268.3206],"s":[0.7610666,0.3434811,0.193666],"c":[0.3333332,0.2910052,0.03703704]}]}]}