{"n":"neon pipe","a":[1,7],"p":[{"b":5,"t":2,"s":[{"p":[0,0,0],"r":[1.001791E-05,180,180],"s":[0.04456246,0.036366,14.07932],"c":[0.8,1,0]}]}]}