{"n":"thing","p":[{"b":5,"s":[{"p":[0,0,0],"r":[0,0,0],"s":[0.01148738,0.0094801,0.01108466],"c":[1,1,1]},{"p":[0,0,0],"r":[0,0,0],"s":[0.01148738,0.0094801,0.01108466],"c":[1,1,1]}]}]}