{"n":"thing","p":[{"b":5,"t":9,"s":[{"p":[0,0,0],"r":[0,0,0],"s":[0.02547983,0.02312262,0.5553746],"c":[1,0.6857142,0]}]}]}