{"n":"thing","a":[7],"p":[{"s":[{"p":[-0.5625892,-0.09349823,-3.055452],"r":[1.001791E-05,8.757938E-13,1.001791E-05],"s":[15.00185,0.1750107,5.642241],"c":[0.7777778,0.7777778,0.7777778]}]}]}