{"n":"thing","a":[7,13],"p":[{"s":[{"p":[0,0,0],"r":[0,0,0],"s":[3.081807,0.175046,2.691499],"c":[1,1,1]}]},{"s":[{"p":[-2.655478,0.09057619,-0.0924567],"r":[0,0,2.003583E-05],"s":[3.081944,0.1750732,2.691874],"c":[1,1,1]}]},{"s":[{"p":[-3.03562,2.061451,-1.000023],"r":[0,0,180],"s":[1.939209,0.1750641,0.5911018],"c":[1,1,1]}]}]}