{"n":"thing","p":[{"b":135,"e":"FUNCTIONAL IPAD","s":[{"p":[0,0,0],"r":[0,0,0],"s":[0.003000009,0.003000006,0.003000007],"c":[1,1,1]}]}]}