{"n":"basentceiling","a":[7],"p":[{"t1":144,"t2":94,"s":[{"p":[0,0,0],"r":[0,0,0],"s":[5.456827,4.415593,0.04772349],"c":[0.4444443,0.2765431,0.09876522],"t1":{"c":[0,0,0],"x":0.07000923,"y":0.5,"a":1,"m":0,"n":0,"r":0.2497554,"g":0,"o":0.5,"t":0.5,"e":0.5},"t2":{"c":[0,0,0],"x":0.4468889,"y":0.05563879,"a":1,"m":0,"n":0,"r":0,"g":0,"o":0.5,"t":0.5,"e":0.5}}]}]}