{"n":"thing","a":[7],"p":[{"t":7,"s":[{"p":[0,0,0],"r":[0,0,-2.134434E-07],"s":[0.8083968,0.4218598,0.005000009],"c":[0.8888889,0.8888889,0.8888889]}]}]}