{"n":"thing","a":[7],"p":[{"b":14,"s":[{"p":[0,0,0],"r":[0,0,0],"s":[0.06000002,0.06000011,0.3806194],"c":[0.6666667,0.4804232,0.07407401]}]}]}