{"n":"ground","p":[{"b":17,"s":[{"p":[0,0,0],"r":[0,0,0],"s":[4.175936,0.1518373,4.416595],"c":[0.4444443,0.3668429,0.1975307]}]}]}