{"n":"ground","a":[7,18],"p":[{"b":12,"t":10,"pr":56,"s":[{"p":[0,0,0],"r":[0,0,0],"s":[6.863641,0.0617981,6.863641],"c":[0,0,0],"pr":{"c":[0,0,0],"m":0.6139733,"a":1,"s":0,"z":0.1133271,"g":0.6272668,"h":0.1912848}}]}]}