{"n":"valve","a":[22,18,31],"p":[{"t":1,"s":[{"p":[-0.003048897,-0.003392219,-0.002781749],"r":[0,0,270],"s":[0.006010711,0.09456468,0.01248753],"c":[0.5555556,0,0]}]},{"t":1,"s":[{"p":[-0.003828049,-0.001976489,-0.00243184],"r":[-1.024528E-05,270,270],"s":[0.006010998,0.09456941,0.01248828],"c":[0.5555556,0,0]}]},{"b":15,"t":1,"s":[{"p":[-0.003771306,-0.004918574,-0.002526104],"r":[270,270,0],"s":[0.008710062,0.009029455,0.02089149],"c":[0.5555556,0,0]}]},{"b":57,"t":1,"s":[{"p":[-0.003219604,0.001109601,-0.002629757],"r":[0,0,-8.537737E-06],"s":[0.04376893,0.04376356,0.04376112],"c":[0.5555556,0,0]}]}]}