{"n":"text","a":[1,7,18],"p":[{"b":92,"e":"AWAITING INPUT...","s":[{"p":[0,0,0],"r":[0,0,0],"s":[0.04042014,0.04042077,0.04042124],"c":[1,1,1],"b":["when starts then become untweened 2 in 1s"]},{"p":[0,7.130297E-09,0.04078054],"r":[-1.001791E-05,0,1.001791E-05],"s":[0.04042026,0.04042088,0.04042137],"c":[1,1,1],"b":["when starts then become untweened 1 in 1s"]}]}]}