{"n":"thing","a":[7,18],"p":[{"t":8,"a":[12],"su":[{"i":"5978110fae87fe3288c1b1f4","t":"59781100d53b7129100722bc","p":[0.004123211,0.0002923005,0.001135826],"r":[3.240191E-07,22.50001,-1.038155E-05]}],"s":[{"p":[0,0,0],"r":[0,0,0],"s":[0.1176511,0.00589896,0.1145511],"c":[1,1,1],"b":["when touched then play umbrella opening with low-pitch, become next in 2s"]},{"p":[0.0002770417,-0.002529621,1.192093E-07],"r":[8.964156E-08,270,8.964157E-08],"s":[0.1177979,0.005905819,0.1145737],"c":[1,1,1],"b":["when starts then tell first of any turn"]}]}]}