{"n":"titanic d deck","a":[22,18],"p":[{"im":"849344744316401296/C875ABF63C1C19D7AA764D6934E924481A959EA7/","s":[{"p":[0,0,0],"r":[0,0,0],"s":[1.464324,0.01000029,0.4232212],"c":[1,1,1]}]},{"b":141,"e":"TITANIC D DECK","s":[{"p":[-0.7272606,0.006799668,-0.173379],"r":[90,4.650389E-06,0],"s":[0.003001675,0.003000892,0.003001111],"c":[0,0,0]}]}]}