{"n":"thing","p":[{"b":6,"s":[{"p":[0,0,0],"r":[0,0,0],"s":[0.05091587,0.005,0.005],"c":[0.3333332,0.9428571,1]}]},{"b":6,"s":[{"p":[0.05528522,0.08902934,0.1149731],"r":[357.4839,70.43857,303.2895],"s":[0.05091592,0.005000006,0.005000003],"c":[0.3333332,0.9428571,1]}]},{"b":6,"s":[{"p":[-0.1680602,-0.03863983,0.140208],"r":[36.07203,336.9727,19.33189],"s":[0.05091592,0.005000001,0.005000002],"c":[0.3333332,0.9428571,1]}]},{"b":9,"s":[{"p":[0.2645124,0.4221554,-0.111782],"r":[3.819098,51.96513,123.2049],"s":[0.1250003,0.1250003,0.1250002],"c":[0.974603,0.111111,1]}]}]}