{"n":"titanic g deck","a":[22,18],"p":[{"im":"849344744316363049/C7E299FBF9A3965332E1AEF909003A9A5A06DD3F/","s":[{"p":[-0.03060055,0,-2.675185E-09],"r":[1.001791E-05,0,0],"s":[1.464148,0.01000039,0.4221794],"c":[1,1,1]}]},{"b":141,"e":"TITANIC G DECK","s":[{"p":[-0.7493448,0.007869005,-0.1662903],"r":[90,-1.001791E-05,0],"s":[0.003001068,0.003000853,0.003000735],"c":[0,0,0]}]}]}