{"n":"thing","a":[7,18],"p":[{"s":[{"p":[0,0,0],"r":[0,0,0],"s":[5.512119,0.1750026,2.984283],"c":[0.4444443,0.4444443,0.4444443]}]}]}