{"n":"lamp","a":[22,31],"p":[{"t":1,"s":[{"p":[0,0,0],"r":[0,0,0],"s":[0.1750082,0.1750219,0.1750178],"c":[0.5555556,0.5555556,0.5555556]}]},{"b":16,"t":1,"s":[{"p":[0.000967074,0.2756138,-0.1094887],"r":[67.49999,180,180],"s":[0.06956134,0.06957205,0.06957051],"c":[0.5555556,0.5555556,0.5555556]}]},{"b":49,"t":1,"s":[{"p":[0.005174664,0.155016,-0.02105258],"r":[67.50003,-2.231018E-05,270],"s":[0.1250815,0.1250723,0.1250221],"c":[0.5555556,0.5555556,0.5555556]}]},{"b":10,"t":2,"t1":10,"s":[{"p":[0.009470033,0.2719098,-0.1005793],"r":[30.00001,35.26439,9.735599],"s":[0.08172011,0.08172685,0.08172642],"c":[1,0.9682539,0.7777778],"t1":{"c":[1,0.8571429,0],"a":0}}]}]}