{"n":"thing","a":[2,9],"p":[{"b":3,"s":[{"p":[-0.04622697,0.2664856,0.1252329],"r":[84.03616,244.4081,128.4591],"s":[0.1250003,0.1250003,0.1250002],"c":[1,1,1]}]},{"b":3,"s":[{"p":[-0.05400744,0.3287742,0.06329237],"r":[295.0665,212.3133,123.9662],"s":[0.05965161,0.05474775,0.04202176],"c":[0.111111,0.07619039,0]}]}]}