{"n":"thing","a":[7,18,25],"p":[{"a":[1],"s":[{"p":[0,0,0],"r":[0,0,0],"s":[20.65379,0.06160975,8.317606],"c":[1,1,1]}]}]}