{"n":"titanic b deck","a":[22,18,31],"p":[{"im":"849345084852160164/3D7777F1CB41F562E10BC1EB8CAEB7E2635E1F7F/","s":[{"p":[-1.362813E-09,-0.00779438,1.362813E-09],"r":[-2.442666E-12,1.735618E-26,-8.142219E-13],"s":[3.055283,0.01,0.8830298],"c":[1,1,1]}]},{"b":141,"e":"TITANIC A DECK","s":[{"p":[-0.7103863,-0.001929998,-0.1630955],"r":[90,-9.659345E-06,0],"s":[0.003002473,0.003002232,0.003002378],"c":[0,0,0]}]}]}