{"n":"thing","a":[2,3],"p":[{"b":59,"t1":75,"s":[{"p":[0,0,0],"r":[0,0,-6.157171E-14],"s":[0.02782772,7.493036,0.02782738],"c":[0.4444443,0.3358023,0.09876529],"t1":{"c":[0,0,0],"x":0.5,"y":0.5,"a":0.8925,"m":0,"n":0,"r":0,"g":0,"o":0.5,"t":0.5,"e":0.5}}]},{"b":59,"t1":75,"s":[{"p":[-0.0076888,-0.2118379,0.01393918],"r":[90,-2.003582E-05,0],"s":[0.02608174,2.387662,0.02608204],"c":[0.4444443,0.3358023,0.09876529],"t1":{"c":[0,0,0],"x":0.5,"y":0.5,"a":0.8925,"m":0,"n":0,"r":0,"g":0,"o":0.5,"t":0.5,"e":0.5}}]}]}