{"n":"thing","a":[7,18],"p":[{"b":5,"s":[{"p":[0,0,0],"r":[0,0,0],"s":[0.006723273,0.005652879,0.07900611],"c":[0.1851851,0.3968253,0.5555556],"pr":{"c":[0.3456789,0.5925925,0.7777778],"m":0.25,"a":0.25,"s":0.15,"z":0.25,"g":0.5,"h":0.25}}]},{"b":5,"s":[{"p":[9.313226E-10,1.068444E-09,-0.006110788],"r":[1.001791E-05,-4.378969E-13,-3.828217E-20],"s":[0.005000659,0.00500072,0.07902263],"c":[0.2962962,0.3047617,0.4444443],"pr":{"c":[0.3456789,0.5925925,0.7777778],"m":0.25,"a":0.25,"s":0.15,"z":0.25,"g":0.5,"h":0.25}}]},{"b":3,"s":[{"p":[-0.0002514161,0.0006298961,0.03372264],"r":[90,90.00001,0],"s":[0.01034294,0.008028612,0.006524652],"c":[1,0.5142855,0]}]}]}