{"n":"thing","a":[7],"p":[{"s":[{"p":[0,0,0],"r":[0,0,0],"s":[2.123893,0.1901387,5.145723],"c":[0.6666667,0.6666667,0.6666667]}]}]}