{"n":"bullet","a":[2,7,16],"p":[{"b":8,"t":2,"s":[{"p":[-0.001190464,-0.02428674,0.04417714],"r":[3.420974,354.8014,319.5172],"s":[0.02444092,0.02443991,0.05429746],"c":[0,0.7428566,1],"b":["when touched then tell trace"]}]},{"b":4,"t":7,"s":[{"p":[0.01135621,-0.0157659,-0.0809457],"r":[356.579,174.8014,40.48283],"s":[0.0123481,0.01234475,0.1030043],"c":[0.2222221,0.9333332,1],"b":["when told trace become 2 in 0.2s"]},{"p":[-0.001692608,-0.02183391,0.03513095],"r":[356.579,174.8013,40.48283],"s":[0.01234862,0.01234512,0.005000469],"c":[0.222222,0.9333332,1]}]}]}