{"n":"thing","a":[7],"p":[{"s":[{"p":[0,0,0],"r":[0,0,0],"s":[4.186284,0.1750007,99.08848],"c":[0.3333332,0.2751321,0.148148]}]}]}