{"n":"thing","a":[7],"p":[{"t":1,"a":[1],"t1":162,"s":[{"p":[0,0,0],"r":[0,0,0],"s":[2.188751,0.0517582,1.319382],"c":[0,0,0],"t1":{"c":[0,0,0],"x":0.5,"y":0.5,"a":0.8925,"m":0,"n":0,"r":0,"g":0,"o":0.5,"t":0.5,"e":0.5}}]}]}