{"n":"thing","a":[7,18],"p":[{"t":1,"s":[{"p":[0.5558779,0.002941132,-0.8795404],"r":[0,0,0],"s":[0.8298263,0.7638154,0.6683289],"c":[0.4444443,0.3047618,0]}]},{"t":1,"t1":43,"s":[{"p":[0.1340981,0.008621216,-0.8798122],"r":[90,9.659344E-06,0],"s":[0.04155714,0.6754929,0.8070453],"c":[0.4444443,0.3047618,0],"t1":{"c":[1,1,1],"x":0.5,"y":0.5,"a":0.8925,"m":0,"n":0,"r":0,"g":0,"o":0.5,"t":0.5,"e":0.5}}]},{"s":[{"p":[0.5405766,0.3789082,-0.8849161],"r":[90,0,0],"s":[0.6863145,0.5155767,0.03404095],"c":[0.2222221,0.1523808,0]}]},{"b":7,"s":[{"p":[0.5204128,0.39851,-1.112938],"r":[0,180,270],"s":[0.007517767,0.03449,0.03472641],"c":[0.6666667,0.573545,0.3703702]}]}]}