{"n":"night sky","a":[2,7,13,16,18,20,31],"p":[{"b":86,"t":2,"a":[11],"t1":60,"s":[{"p":[0,0,0],"r":[0,0,0],"s":[0.006976069,0.006976361,0.006976314],"c":[0,0,0],"b":["when told big then become next"],"t1":{"c":[1,1,1],"x":0.5,"y":0.5,"a":0.8925,"m":0,"n":0,"r":0,"g":0,"o":0.5,"t":0.5,"e":0.5}},{"p":[0,0,0],"r":[0,0,6.157171E-14],"s":[12.82901,12.82901,12.82901],"c":[0,0,0],"t1":{"c":[1,1,1],"x":0.08784723,"y":0.1309928,"a":1,"m":0,"n":0,"r":0,"g":1,"o":0.5,"t":0.5,"e":0.5}}]},{"t":8,"a":[12],"s":[{"p":[0.0004272472,0.001425863,-0.008243562],"r":[90,-9.838628E-06,0],"s":[0.04943086,0.04943138,0.04943201],"c":[1,1,1],"b":["when touched then tell big","when starts then all parts face up"]}]}]}