{"n":"thing","a":[7,18],"p":[{"s":[{"p":[0,0,0],"r":[0,0,4.378969E-13],"s":[1.939994,0.04025558,2.930769],"c":[0.8888889,0.9714285,1]}]}]}