{"n":"thing","a":[7,18],"p":[{"t":7,"s":[{"p":[0,0,0],"r":[0,0,0],"s":[2.715563,1.98072,0.02166954],"c":[0.2765431,0.1975307,0.8888889]}]},{"t":7,"s":[{"p":[-1.490116E-08,0.1405344,0.009178162],"r":[0,0,0],"s":[2.716543,1.981535,0.02167071],"c":[0.2765431,0.1975307,0.8888889]}]}]}