{"n":"thing","a":[7,18],"p":[{"s":[{"p":[0,0,0],"r":[0,0,0],"s":[2.465784,1.545265,0.05817894],"c":[0.801411,0.7901235,0.8888889]}]},{"s":[{"p":[-0.005987525,-0.7934628,-0.6787944],"r":[90,-2.325194E-06,0],"s":[2.468761,1.547947,0.05829501],"c":[0.801411,0.7901235,0.8888889]}]}]}