{"n":"thing","a":[7,18],"p":[{"s":[{"p":[0,0,0],"r":[0,0,0],"s":[1.940144,0.04025735,2.493696],"c":[0.8888889,0.9714285,1]}]}]}