{"n":"thing","a":[7,18],"p":[{"t1":4,"s":[{"p":[0,0,0],"r":[0,0,0],"s":[0.01521342,4.173208,22.5788],"c":[0.5555556,0.5555556,0.5555556],"t1":{"c":[0.3248677,0.3333333,0.03703704],"x":0.17,"y":0.17,"a":0.69625,"m":0.5,"n":0.5,"r":0,"g":0,"o":0.5,"t":0.5,"e":0.5}}]}]}