{"n":"port3","p":[{"t":8,"a":[12],"s":[{"p":[0,0,0],"r":[0,0,0],"s":[0.1528054,0.03848538,0.1291297],"c":[1,1,1]}]}]}