{"n":"thing","a":[7,18],"p":[{"s":[{"p":[0,0,0],"r":[0,0,0],"s":[11.01592,2.893911,0.1751094],"c":[0.4444441,0.4444441,0.4444441]}]}]}