{"n":"thing","a":[7,18],"p":[{"t":8,"a":[12],"s":[{"p":[0,0,0],"r":[0,0,0],"s":[1.022367,0.02960946,1.01514],"c":[1,0,0.3428572],"b":["when walked into then send nearby onto port1"]}]}]}