{"n":"thing","p":[{"s":[{"p":[0,0,0],"r":[0,0,2.134434E-07],"s":[150,0.1750003,2.51952],"c":[0.1142857,0,1]}]}]}