{"n":"thing","a":[7,18],"p":[{"s":[{"p":[0,0,0],"r":[0,0,0],"s":[4.848554,0.1750425,11.58009],"c":[0.6666667,0.6666667,0.6666667]}]}]}