{"n":"handle","a":[22,18],"p":[{"t":9,"s":[{"p":[0,0,0],"r":[0,0,0],"s":[0.07763712,0.02221181,0.4589111],"c":[0.5555556,0.5555556,0.5555556]}]},{"b":5,"t":9,"s":[{"p":[0.0006160712,0.05667687,0.005455025],"r":[-6.037093E-07,6.037093E-07,90],"s":[0.01011584,0.008218755,0.4827342],"c":[0.5555556,0.5555556,0.5555556],"b":["when touches hand then send one nearby onto office"]}]},{"b":5,"t":9,"s":[{"p":[0.0006160723,0.03041266,0.1741864],"r":[90,292.5,0],"s":[0.005,0.005,0.0925712],"c":[0.5555556,0.5555556,0.5555556]}]},{"b":5,"t":9,"s":[{"p":[0.0006160723,0.03041269,-0.1471884],"r":[90,292.5,0],"s":[0.004999925,0.0049999,0.09257597],"c":[0.5555556,0.5555556,0.5555556]}]}]}