{"n":"guinness","p":[{"b":16,"t1":13,"s":[{"p":[0,0,0],"r":[0,0,2.561321E-06],"s":[0.5546565,0.2576761,0.6121799],"c":[0.4444443,0.409171,0.1975307],"t1":{"c":[0.2222221,0.2045855,0.09876537],"x":0.17,"y":0.17,"a":0.8925,"m":0.5,"n":0.5,"r":0,"g":0,"o":0.5,"t":0.5,"e":0.5}}]},{"b":106,"e":"GUINNESS","t1":13,"s":[{"p":[-0.04622039,0.3793495,-0.5717849],"r":[80.34148,302.361,3.722625],"s":[0.01064981,0.01064981,0.01064982],"c":[0,1,0.3999999],"t1":{"c":[0.2857142,0,1],"x":0.17,"y":0.17,"a":0.8925,"m":0.5,"n":0.5,"r":0,"g":0,"o":0.5,"t":0.5,"e":0.5}}]},{"b":14,"s":[{"p":[0.2572067,-1.016551,-0.2568479],"r":[288.4061,314.4926,163.8167],"s":[0.06279144,0.06000059,0.3653373],"c":[0.7777778,0.7654321,0.691358]}]}]}