{"n":"dj booth","a":[7],"p":[{"t2":3,"s":[{"p":[0,0,0],"r":[0,0,0],"s":[2.876728,0.5544513,0.9144047],"c":[0.4317459,0.4444443,0],"t2":{"c":[0.9714286,1,0],"x":0.17,"y":0.17,"a":0.65,"m":0.5,"n":0.5,"r":0,"g":0,"o":0.5,"t":0.5,"e":0.2}}]}]}