{"n":"stand2","a":[7],"p":[{"b":5,"s":[{"p":[0,0,0],"r":[0,0,0],"s":[0.2373934,0.1864365,0.1267187],"c":[1,0.447619,0.3333332]}]}]}