{"n":"thing","p":[{"t":3,"s":[{"p":[0,0,0],"r":[0,0,0],"s":[0.1750007,0.175001,0.1750011],"c":[0.7777778,0.7777778,0.7777778]}]}]}