{"n":"thing","a":[7,18,20],"p":[{"im":"863982204114062502/23D55F823BF8E0750E786FEF5308118D2334504E/","s":[{"p":[0,0,0],"r":[0,0,0],"s":[3.332505,0.01,3.332505],"c":[0,0,0]}]},{"im":"863982204114062502/23D55F823BF8E0750E786FEF5308118D2334504E/","s":[{"p":[4.311852,-7.525086E-07,-0.01276398],"r":[0,0,0],"s":[3.334082,0.01,3.334082],"c":[0,0,0]}]}]}