{"n":"thing","a":[7,18],"p":[{"s":[{"p":[0,0,0],"r":[0,0,0],"s":[0.7746018,1.378457,0.7801268],"c":[0.3333332,0.3333332,0.3333332]}]},{"b":73,"t":2,"s":[{"p":[-0.014583,0.6341376,0.0008001315],"r":[270,90,0],"s":[0.6443044,0.6442891,0.6443041],"c":[0,0.9142855,1]}]},{"b":86,"t":7,"s":[{"p":[-0.008004375,0.9811058,0.001353263],"r":[6.106665E-13,270,180],"s":[0.1611934,0.2921731,0.1662959],"c":[0.4444441,0.4444441,0.4444441]}]}]}