{"n":"wood","p":[{"b":5,"t1":13,"t2":74,"s":[{"p":[0,0,0],"r":[0,0,4.268868E-07],"s":[0.04022788,0.03897817,0.5043831],"c":[1,1,1],"t1":{"c":[1,0.7206349,0.1111111],"x":0.17,"y":0.17,"a":0.8925,"m":0.5,"n":0.5,"r":0,"g":0,"o":0.5,"t":0.5,"e":0.5},"t2":{"c":[0.2222221,0.1523809,0],"x":0.5,"y":0.5,"a":0.8925,"m":0,"n":0,"r":0,"g":0,"o":0.5,"t":0.5,"e":0.5}}]}]}