{"n":"thing","a":[7,18],"p":[{"s":[{"p":[0,0,0],"r":[0,0,0],"s":[0.7901123,0.7669119,1.547108],"c":[0.3333332,0.3333332,0.3333332]}]}]}