{"n":"thing","a":[22,18],"p":[{"b":137,"e":"HEROBRINE WAS HERE","s":[{"p":[0,0,0],"r":[0,0,0],"s":[0.00857972,0.008576824,0.008579551],"c":[0.4444443,0,0]}]}]}