{"n":"thing","a":[7,18],"p":[{"t":3,"s":[{"p":[0,0,0],"r":[0,0,0],"s":[2.320869,1.642032,0.175007],"c":[1,0.9650794,0.8888889]}]}]}