{"n":"thing","a":[7,18],"p":[{"pr":18,"s":[{"p":[0,0,0],"r":[0,0,0],"s":[7.822556,0.1750048,0.1679098],"c":[0,0,0],"pr":{"c":[0.1111111,0,0],"m":1,"a":0.9996576,"s":0.1332445,"z":0.3298111,"g":0.1562166,"h":0}}]}]}