{"n":"thing","a":[7,18],"p":[{"t":9,"s":[{"p":[0,0,0],"r":[0,0,0],"s":[113.463,0.005000682,0.9353246],"c":[0,0,0]}]}]}