{"n":"thing","a":[22,13],"p":[{"s":[{"p":[0,0,0],"r":[0,0,0],"s":[4.116551,0.1869299,5.267875],"c":[0.1142857,0,1]}]},{"s":[{"p":[2.118811,-1.278227,0.07844734],"r":[-6.037092E-07,6.037091E-07,90],"s":[2.793899,0.1983262,5.110391],"c":[0.1142857,0,1]}]}]}