{"n":"ll","a":[2,3,7],"p":[{"b":9,"s":[{"p":[0,0,0],"r":[0,0,0],"s":[0.1250016,0.1249997,0.1250007],"c":[1,1,1]}]}]}