{"n":"thing","a":[22],"p":[{"b":126,"e":"SHOOTING RANGE","s":[{"p":[0,0,0],"r":[0,0,0],"s":[0.03619394,0.03619372,0.03619337],"c":[0.1142855,1,0]}]}]}