{"n":"thing","a":[7,18,21,32],"p":[{"b":26,"s":[{"p":[-4.37618,3.814697E-06,-2.91805E-13],"r":[0,0,0],"s":[1.094128,6.083239,1.094232],"c":[1,1,1]}]},{"b":26,"s":[{"p":[-0.5000001,5.960464E-08,8.742279E-08],"r":[-8.14222E-13,90.00002,4.829673E-06],"s":[1.094187,6.083529,1.094287],"c":[1,1,1]}]}]}