{"n":"thing","a":[6,7,8,18],"p":[{"pr":20,"s":[{"p":[0,0,0],"r":[0,0,0],"s":[7.58926,8.104713,0.005000891],"c":[0,0,0],"pr":{"c":[0,0,0],"m":0.5014114,"a":0.8605156,"s":0.15,"z":0.5,"g":0.5,"h":0.5}}]}]}