{"n":"thing","a":[6,7,8,18],"p":[{"pr":30,"s":[{"p":[0,0,0],"r":[0,0,0],"s":[1.797782,0.7051175,4.098055],"c":[0.6666667,0.5925926,0.5925926],"pr":{"c":[1,1,1],"a":0.08289051}}]}]}