{"n":"spatula","p":[{"s":[{"p":[0.03612741,-0.00902046,0.01830577],"r":[84.44607,114.4285,142.3816],"s":[0.175,0.01014126,0.1750001],"c":[0,0,0]}]},{"s":[{"p":[-0.03858386,-0.01135706,-0.01381583],"r":[358.0244,96.75143,3.660059],"s":[0.02698116,0.03074556,0.03503902],"c":[0,0,0]}]},{"b":13,"s":[{"p":[-0.2331563,-0.02423861,0.01689032],"r":[85.7971,89.32529,349.6811],"s":[0.007139834,0.1377607,0.005000023],"c":[1,1,1]}]},{"b":61,"s":[{"p":[-0.4505294,-0.04654472,0.05421554],"r":[83.05618,84.97118,346.2899],"s":[0.04725882,0.24898,0.05740769],"c":[0,0,0]}]}]}