{"n":"thing","a":[2,12,16],"p":[{"b":15,"t":3,"a":[18],"pr":28,"s":[{"p":[0,0,0],"r":[0,0,0],"s":[0.003093526,0.003093501,0.01388374],"c":[0.2857141,1,0],"b":["when touched then become next in 0.2s"],"pr":{"c":[0.1142856,1,0],"m":0.5967178,"a":1,"s":0.1498117,"z":0.03719616,"g":0.5,"h":0.6272264}},{"p":[0,0,0],"r":[0,0,0],"s":[0.003093526,0.003093501,0.01388374],"c":[0.2857141,1,0],"b":["when starts then play button click 2","when starts then add crumbles for all parts","when starts then set light intensity 50"],"pr":{"c":[0.1142856,1,0],"m":0.5967178,"a":1,"s":0.03668538,"z":0.03719616,"g":0.610424,"h":0.6272264}}]}]}