{"n":"thing","a":[7,18],"p":[{"b":86,"t":1,"a":[3],"s":[{"p":[3.986056E-09,0.04559517,0],"r":[1.001791E-05,-8.450078E-13,-7.387292E-20],"s":[0.03250127,0.01954994,0.03251437],"c":[0.4938272,0.5555556,0.5502645]}]},{"b":86,"t":7,"s":[{"p":[0,-0.04024124,7.036003E-09],"r":[-1.001791E-05,0,0],"s":[0.02324459,0.0891322,0.02325702],"c":[0.7777778,1,0.9809523]}]}]}