{"n":"thing","a":[2,7,15,18],"p":[{"b":5,"t":1,"s":[{"p":[0.103498,0.04465228,0.2860099],"r":[1.001791E-05,-8.450078E-13,-7.387293E-20],"s":[0.005000195,0.005000565,0.03568484],"c":[1,0.8571429,0]}]},{"b":16,"t":1,"s":[{"p":[0.104545,0.04416967,0.2746073],"r":[-6.830189E-06,270,90],"s":[0.005000483,0.005000771,0.005000626],"c":[0.4444443,0.409171,0.1975307]}]}]}