{"n":"thing","p":[{"t":3,"s":[{"p":[0,0,0],"r":[0,0,-1.600825E-07],"s":[0.175,0.1750001,0.1750001],"c":[0.8888889,0.7026455,0.2962962]}]}]}