{"n":"b-p-1","a":[22,18],"p":[{"b":5,"s":[{"p":[0,0,0],"r":[0,0,0],"s":[0.3131918,0.2907661,0.02320378],"c":[0,1,0.5714287]}]},{"b":10,"t":7,"s":[{"p":[-0.003353558,0.007595611,0.02285755],"r":[0,0,45.00001],"s":[0.3405032,0.3480946,0.005001665],"c":[0,0.05714229,1]}]}]}