{"n":"ground03","a":[22,18],"p":[{"b":12,"s":[{"p":[0,0,0],"r":[0,0,0],"s":[2.146264,0.06000414,1.886378],"c":[0.07407392,0.6666667,0.2095237]}]}]}