{"n":"thing","a":[7,18],"p":[{"b":60,"s":[{"p":[0,0,0],"r":[0,0,0],"s":[4.637546,0.1250376,0.2399349],"c":[0.4444442,0.4444442,0.4444442]}]}]}