{"n":"thing","a":[7,18],"p":[{"b":5,"s":[{"p":[0,0,0],"r":[0,0,0],"s":[0.125039,0.1250661,1.888173],"c":[0.1111109,0.09947073,0.07407389]}]}]}