{"n":"thing","p":[{"b":17,"s":[{"p":[0,0,0],"r":[0,0,0],"s":[2.312093,0.4010364,0.55447],"c":[0.3333332,0.3333332,0.3333332]}]}]}