{"n":"thing","a":[7,18],"p":[{"t":7,"a":[17],"s":[{"p":[-2.980232E-08,-0.2000008,0],"r":[0,0,0],"s":[0.06936759,2.575002,1.675004],"c":[0.2222221,0.2222221,0.2222221]}]}]}