{"n":"thing","a":[22],"p":[{"t":1,"s":[{"p":[0,0,0],"r":[0,0,0],"s":[0.1751724,0.1751055,1.719769],"c":[0.4444443,0.4444443,0.4444443]}]},{"b":73,"t":2,"s":[{"p":[-0.001564492,-0.00609076,0.8249899],"r":[40.78947,20.941,7.861176],"s":[0.1535583,0.1535311,0.1535558],"c":[1,0,0],"b":["when touched then tell any 00099","when touched then become next in 0.5s"]},{"p":[-0.001564492,-0.00609076,0.8249899],"r":[40.78947,20.941,7.861176],"s":[0.1535583,0.1535311,0.1535558],"c":[1,0,0],"b":["when starts then become next in 1s"]}]}]}