{"n":"thing","a":[7,18],"p":[{"b":12,"t":1,"s":[{"p":[0,0,0],"r":[0,0,0],"s":[24.21981,0.8315495,25.5262],"c":[0.3456788,0.3703699,0.7777778],"b":["when starts then become 2 in 5s"]},{"p":[-26.85921,6.401222E-06,5.722046E-06],"r":[1.001791E-05,-4.378969E-13,-3.828217E-20],"s":[49.61817,0.7971827,25.5169],"c":[0.3456787,0.3703699,0.7777778],"b":["when starts then become 1 in 4s"]}]}]}