{"n":"thing","a":[7,18,31],"p":[{"b":9,"t":9,"s":[{"p":[0,0,0],"r":[0,0,0],"s":[0.1250014,0.1250004,0.1250026],"c":[0.1142856,1,0],"b":["when told drop then become next in 0.5s"]},{"p":[0,0,0],"r":[0,0,0],"s":[0.02656855,0.02656761,0.02656978],"c":[0,1,0.9142858]}]},{"b":9,"t":7,"s":[{"p":[0,2.328306E-10,-0.002452731],"r":[0,0,1.001791E-05],"s":[0.1457311,0.1457321,0.1457343],"c":[0.4571426,1,0],"b":["when touched then tell drop, then become next in 0.5s","when touched then tell any drop"]},{"p":[0,2.328306E-10,-0.002452731],"r":[0,0,1.001791E-05],"s":[0.06665355,0.06665459,0.06665677],"c":[0,0.5714284,1]}]}]}