{"n":"redball","a":[2,7,9,17,18],"p":[{"t":2,"a":[3,14],"s":[{"p":[0.06315737,-0.006821471,0.01089893],"r":[52.75251,341.1082,350.2661],"s":[0.03881497,0.03881607,0.03881701],"c":[1,0,0]}]},{"b":3,"t":6,"a":[3,14],"s":[{"p":[0.06181622,-0.00872303,0.01281223],"r":[1.628444E-12,1.001791E-05,-1.690015E-12],"s":[0.03004589,0.03004136,0.03004953],"c":[1,0,0],"b":["when touches redpaddle then become 2","when touched then play bounce boing springboard 4 with 40","when touches bluepaddle then become 2"]},{"p":[0,0,0],"r":[0,0,0],"s":[0.03004469,0.0300446,0.03004496],"c":[1,0,0],"b":["when starts then destroy all parts"]}]}]}