{"n":"thing","p":[{"b":17,"t1":43,"s":[{"p":[0,0,0],"r":[0,0,-4.268868E-07],"s":[0.5453345,0.1710693,1.012104],"c":[0.5555556,0.4761905,0],"t1":{"c":[0.3333333,0.2910053,0.03703704],"x":0.1508319,"y":0.1794541,"a":0.8925,"m":0,"n":0,"r":0,"g":1,"o":0.5,"t":0.5,"e":0.5}}]}]}