{"n":"blue","a":[2,3,7,12,18],"inc":[["white","59a064b84fcc5f231026e885"],["thing","59a06669208a83c3135a1eb4"],["white 2","59a066a21514f01c10d46916"],["white 3","59a06a4d925855bc13d1dbf1"]],"p":[{"b":7,"t1":4,"s":[{"p":[-0.002878562,0.09633163,0.2175665],"r":[42.50932,336.5287,163.0999],"s":[0.03290972,0.02805317,0.1249927],"c":[0.1142857,0,1],"t1":{"c":[0,0.7428566,1],"x":0.17,"y":0.17,"a":0.69625,"m":0.5,"n":0.5,"r":0,"g":0,"o":0.5,"t":0.5,"e":0.5}}]},{"b":14,"s":[{"p":[-0.02897575,0.03293788,0.2816803],"r":[42.50932,336.5287,163.0999],"s":[0.02105973,0.0296106,0.04606887],"c":[1,1,1],"b":["when triggered then emit gravity-free white 3 with 10"]}]}]}