{"n":"thing","a":[8],"p":[{"t":3,"s":[{"p":[0,0,0],"r":[0,0,0],"s":[0.3266464,0.1750011,0.606459],"c":[0.8349207,1,0.5555556]}]},{"t":8,"a":[12],"s":[{"p":[0.008205605,0.1244617,-0.06034904],"r":[352.6783,358.2536,359.3263],"s":[0.3266465,0.1750011,0.6064591],"c":[0.8349207,1,0.5555556]}]}]}