{"n":"thing","p":[{"b":9,"s":[{"p":[0,0,0],"r":[0,0,0],"s":[0.1250002,0.1250001,0.1250001],"c":[1,0.784127,0.5555556]}]},{"b":3,"s":[{"p":[0.08959024,0.07526368,0.03648197],"r":[348.4551,340.765,42.56601],"s":[0.004999999,0.02733967,0.03467468],"c":[0,0,0]}]},{"b":3,"s":[{"p":[0.03041974,0.114469,0.02045853],"r":[358.5287,337.1549,61.63079],"s":[0.005000001,0.02733969,0.03467467],"c":[0,0,0]}]},{"b":16,"s":[{"p":[0.07740359,0.09429175,-0.01188274],"r":[52.24896,273.9588,109.0421],"s":[0.02677887,0.02285581,0.005],"c":[1,0,0]}]}]}