{"n":"thing","p":[{"t":8,"a":[12],"pr":44,"s":[{"p":[0,0,0],"r":[0,0,0],"s":[0.7299238,0.7538178,0.1750024],"c":[1,1,1],"pr":{"c":[0.7777778,0.1333332,0],"m":0.25,"a":0.25,"s":0.15,"z":1,"g":0.5,"h":0.5}}]}]}