{"n":"thing","a":[7,18],"p":[{"s":[{"p":[0,0,0],"r":[0,0,0],"s":[6.309476,0.1751654,3.022345],"c":[1,1,1]}]}]}