{"n":"thing","a":[7,18],"p":[{"s":[{"p":[0.09999987,-0.7999917,9.536743E-07],"r":[0,0,0],"s":[1.54116,14.24262,2.941266],"c":[1,1,1]}]}]}