{"n":"thing","a":[7,18],"p":[{"s":[{"p":[-0.004999638,7.510185E-06,0.9000101],"r":[0,0,0],"s":[5.02057,0.174927,2.975138],"c":[1,1,1]}]}]}