{"n":"thing","a":[7,18],"p":[{"t1":76,"s":[{"p":[-0.09700012,-0.8130026,0.005000114],"r":[0,0,0],"s":[7.03847,4.97559,0.1751119],"c":[0,0,0],"t1":{"c":[0.9904761,1,0.6666666],"x":0.1009761,"y":0.1325795,"a":0.8925,"m":0,"n":0,"r":0,"g":0,"o":0.5,"t":0.5,"e":0.5}}]}]}