{"n":"frostbolt","a":[14,15,21,31],"inc":[["spellimpact","59a49848533d59ac130a4c45"],["spellimpact 2","59a49922f38ef43910097893"],["spellimpact 3","59a49a287b47c0a76248ba96"],["spellimpact 4","59a49c8c87207ebd132b7aa9"],["spellimpact 5","59a4a14428ae60aa1344925d"],["spellimpact 6","59a4f6747b47c0a76248bac2"]],"p":[{"b":14,"t":1,"s":[{"p":[0.008260855,-0.007627383,0.2735636],"r":[0.9640706,1.181539,4.665786],"s":[0.02416849,0.02601771,0.07847616],"c":[0,1,1],"b":["when starts then propel forward with 10","when destroyed then emit gravity-free spellimpact 6 with 15"]},{"p":[0,0,0],"r":[0,0,-8.537735E-07],"s":[0.06000004,0.05999999,0.3644097],"c":[1,1,1]}]},{"b":4,"t":5,"s":[{"p":[0.005510412,-0.01180227,0.2284943],"r":[357.8294,181.7545,329.8618],"s":[0.005000043,0.005000011,0.1250013],"c":[0,1,1]}]}]}