{"n":"thing","a":[7,18],"p":[{"b":120,"a":[19],"e":"BACKYARD AVE.","s":[{"p":[0,0,0],"r":[0,0,7.656432E-20],"s":[0.0172479,0.01724781,0.01724779],"c":[0.1954143,0.2222221,0.1728394],"pr":{"c":[0.2031745,0.4444444,0],"m":0.25,"a":0.25,"s":0.15,"z":0.25,"g":0.5,"h":0.25}}]}]}