{"n":"thing","a":[7,18],"p":[{"b":11,"t1":33,"t2":43,"s":[{"p":[0,0,0],"r":[0,0,0],"s":[2.445229,3.979879,0.4278195],"c":[0.3333331,0.3333331,0.3333331],"t1":{"c":[0.3333333,0.3333333,0.3333333],"x":0.5,"y":0.5,"a":0.8925,"m":0,"n":0,"r":0,"g":0,"o":0.5,"t":0.5,"e":0.5},"t2":{"c":[0.2222221,0.2222221,0.2222221],"x":0.5,"y":0.5,"a":0.8925,"m":0,"n":0,"r":0,"g":0,"o":0.5,"t":0.5,"e":0.5}}]}]}