{"n":"thing","a":[7,18],"p":[{"s":[{"p":[0,0,0],"r":[0,0,0],"s":[3.682107,0.06329955,2.507799],"c":[1,1,1]}]}]}