{"n":"thing","a":[7,18],"p":[{"s":[{"p":[0,0,0],"r":[0,0,0],"s":[3.262673,8.235399,0.07667062],"c":[1,1,1]}]}]}