{"n":"ironview way","a":[12],"p":[{"b":116,"a":[19],"e":"[THING NAME]","s":[{"p":[-0.0003697895,-0.02799214,0.00201654],"r":[-1.493723E-05,180,180],"s":[0.003001491,0.003000168,0.00300161],"c":[0,0.7428566,1],"b":["when starts then all parts face someone"]}]},{"t":7,"s":[{"p":[0,0,0],"r":[0,0,0],"s":[0.1702882,0.02938094,0.005002043],"c":[0,0.7428566,1]}]}]}