{"n":"thing","p":[{"im":"860606208064921591/70BE14BBBF5C76AA10F7900C52278EAD75EBDE08/","s":[{"p":[0,0,0],"r":[0,0,0],"s":[0.1750005,0.01,0.09843776],"c":[0,0,0]}]}]}