{"n":"thing","a":[7,18],"p":[{"s":[{"p":[0,0,0],"r":[0,0,0],"s":[8.341446,4.231179,1.615364],"c":[0.3333332,0.3333332,0.3333332]}]}]}