{"n":"thing","p":[{"b":12,"s":[{"p":[0,0,0],"r":[0,0,0],"s":[1.085998,0.4729519,0.5324642],"c":[0.5555556,0.4779541,0.3086418]}]},{"b":12,"s":[{"p":[4.124245,-0.06651153,-0.2416666],"r":[353.4518,184.295,359.1958],"s":[1.086002,0.4729532,0.5324661],"c":[0.5555556,0.4779541,0.3086418]}]}]}