{"n":"pie","a":[30],"p":[{"b":64,"t1":75,"s":[{"p":[0.005355775,0.006294099,0.2522302],"r":[0.2405324,293.7989,0.9504221],"s":[0.1252183,0.1250223,0.1252222],"c":[0.7777778,0.6098765,0.4320987],"t1":{"c":[1,1,1],"x":0.6848817,"y":0.6861534,"a":0.6839787,"m":0.1058221,"n":0.1827307,"r":0.2533937,"g":0,"o":0.5,"t":0.5,"e":0.5},"pr":{"c":[1,1,1],"m":0.25,"a":0.25,"s":0.15,"z":0.25,"g":0.5,"h":0.25}}]},{"t1":14,"s":[{"p":[-0.03995909,0.0107838,0.3705397],"r":[270.9798,218,75.79696],"s":[0.1746483,0.01481001,0.1023253],"c":[0.4444443,0,0.1523809],"t1":{"c":[0,0,0],"x":0.2127446,"y":0.2846546,"a":0.8925,"m":0.5,"n":0.6516995,"r":0,"g":0,"o":0.5,"t":0.5,"e":0.5}}]},{"t1":14,"s":[{"p":[-0.1620357,0.006932256,0.3209999],"r":[270.9226,218.9064,164.847],"s":[0.1746674,0.01481065,0.1023276],"c":[0.4444443,0,0.1523809],"t1":{"c":[0,0,0],"x":0.2127446,"y":0.2846546,"a":0.8925,"m":0.5,"n":0.6516995,"r":0,"g":0,"o":0.5,"t":0.5,"e":0.5}}]},{"b":65,"pr":41,"t1":75,"s":[{"p":[-0.2047753,0.002829605,0.2412417],"r":[359.2475,23.72874,180.3325],"s":[0.1255929,0.1213645,0.1250803],"c":[0.7777778,0.6098765,0.4320987],"t1":{"c":[1,1,1],"x":0.6848817,"y":0.6861534,"a":0.6839787,"m":0,"n":0,"r":0,"g":0,"o":0.5,"t":0.5,"e":0.5},"pr":{"c":[1,1,1],"m":0.08123732,"a":0.2326126,"s":0.04662657,"z":0.3849518,"g":0.66079,"h":0.5}}]}]}