{"n":"thing","a":[2],"inc":[["thing","59aa930b6dddb69a623fe6eb"]],"p":[{"b":69,"a":[3],"t1":70,"s":[{"p":[0,0,0],"r":[0,0,0],"s":[0.01117163,0.0111716,0.0111716],"c":[0.1142857,0,1],"b":["when consumed then play swallow","when consumed then emit gravity-free thing with 0","when consumed then destroy all parts"],"t1":{"c":[1,1,1],"x":0.4263167,"y":0.6430004,"a":0.8925,"m":0,"n":0,"r":0,"g":0,"o":0.5,"t":0.5,"e":0.5},"pr":{"c":[0.1142858,0,1],"m":0.25,"a":0.25,"s":0.15,"z":0.25,"g":0.5,"h":0.25}}]}]}