{"n":"thing","a":[7,18],"p":[{"b":58,"s":[{"p":[-0.1912622,0.2986738,0.01333231],"r":[-1.001791E-05,1.001791E-05,-1.001791E-05],"s":[0.1685067,3.156597,0.1660339],"c":[0.2222221,0.2222221,0.2222221]}]},{"b":5,"s":[{"p":[-0.1888084,-0.002671266,0.01561356],"r":[270,2.003583E-05,0],"s":[0.1212396,0.1184535,0.01160881],"c":[0.111111,0.111111,0.111111]}]}]}