{"n":"wood","p":[{"t1":46,"t2":46,"s":[{"p":[0.01463896,0.002314569,0.362772],"r":[-1.001791E-05,0,0],"s":[0.1750654,1.540461,0.01184712],"c":[0.3333332,0.2518517,0.07407395],"b":["when hit then become 2 in 0.5s","when touches bullet 1 then become 2"],"t1":{"c":[0,0,0],"x":0.5,"y":0.5,"a":0.8925,"m":0,"n":0,"r":0,"g":0,"o":0.5,"t":0.5,"e":0.5},"t2":{"c":[0,0,0],"x":0.5,"y":0.5,"a":0.8925,"m":0,"n":0,"r":0,"g":0,"o":0.5,"t":0.5,"e":0.5}},{"p":[1.107735,0.01883471,0.451889],"r":[0,90,1.448902E-05],"s":[0.1751414,1.541139,0.0118508],"c":[1,1,1],"b":["when touched then become 1","when starts then play object falling"],"t1":{"c":[0,0,0],"x":0.5,"y":0.5,"a":0.8925,"m":0,"n":0,"r":0,"g":0,"o":0.5,"t":0.5,"e":0.5},"t2":{"c":[0,0,0],"x":0.5,"y":0.5,"a":0.8925,"m":0,"n":0,"r":0,"g":0,"o":0.5,"t":0.5,"e":0.5}}]}]}