{"n":"thing","a":[7,18],"p":[{"s":[{"p":[-2.04617E-08,-0.2340546,2.980232E-08],"r":[0,0,0],"s":[0.2394148,1.878451,0.175044],"c":[1,1,1]}]}]}