{"n":"thing","a":[7,18],"p":[{"s":[{"p":[-2.097995E-08,-0.2399826,2.980232E-08],"r":[0,0,0],"s":[0.2394148,7.348848,0.175044],"c":[1,1,1]}]}]}