{"n":"thing","p":[{"b":3,"s":[{"p":[-0.1822647,-0.04734516,-0.175376],"r":[20.53982,286.8474,33.35075],"s":[0.1250001,0.1250001,0.1250001],"c":[0,1,1]}]},{"b":3,"s":[{"p":[-0.09762749,-0.03577789,-0.1168223],"r":[10.56782,343.9991,348.827],"s":[0.1250001,0.1250001,0.1250002],"c":[0,1,1]}]}]}