{"n":"thing","p":[{"t":8,"a":[12],"pr":59,"s":[{"p":[0,0,0],"r":[0,0,0],"s":[0.1750019,0.1750005,0.1750017],"c":[1,1,1],"pr":{"c":[0.09876537,0.2222221,0.04938267],"m":0.2527771,"a":0.1295776,"s":0.1653198,"z":0.3379517,"g":0.4560547,"h":0.5351563}}]}]}