{"n":"thing","a":[2,15],"p":[{"b":73,"t":2,"s":[{"p":[0,0,0],"r":[0,0,8.004128E-07],"s":[0.1088736,0.1088736,0.1088737],"c":[1,0,0]}]}]}