{"n":"thing","p":[{"im":"850474043005646127/5D97B7974D7C3EC20E5ED8DA9418E9FE76BC9F33/","s":[{"p":[0,0,0],"r":[0,0,0],"s":[1.63889,0.01000002,0.7600666],"c":[1,1,1]}]}]}