{"n":"pyr","a":[31],"p":[{"b":9,"t":1,"pr":1,"s":[{"p":[-0.1946655,-0.01898807,-0.1949888],"r":[23.01357,350.8736,341.3533],"s":[0.01809648,0.01809644,0.0180963],"c":[0.9714285,0,1],"pr":{"c":[0.1142858,0,1],"m":0.6973147,"a":0.25,"s":0.1879939,"z":0.3431802,"g":0.5115266,"h":0.25}}]},{"b":9,"t":7,"pr":1,"s":[{"p":[-0.2000667,-0.01493854,-0.1906081],"r":[8.955293,348.4718,339.4848],"s":[0.08605965,0.08605959,0.08605941],"c":[0.1142856,0,1],"pr":{"c":[1,0,0.8571426],"m":0.7298183,"a":0.25,"s":0.15,"z":0.3431802,"g":0.5,"h":0.25}}]}]}