{"n":"thing","a":[8],"p":[{"b":14,"pr":48,"s":[{"p":[0,0,0],"r":[0,0,-8.537737E-07],"s":[0.9665354,1.079386,0.06000023],"c":[1,1,1],"pr":{"c":[0.7777778,0.6098765,0.4320987],"m":0,"a":0.4314928,"s":0.15,"z":1,"g":0.5,"h":0.25}}]}]}