{"n":"thing","p":[{"b":140,"e":"TAKE ONE","s":[{"p":[0,0,0],"r":[0,0,0],"s":[0.005399098,0.005399094,0.005399091],"c":[1,1,1]}]}]}