{"n":"thing","a":[7,18],"p":[{"b":60,"t":10,"s":[{"p":[0,0,0],"r":[0,0,0],"s":[0.033822,0.06287649,0.1332738],"c":[0,0,0],"b":["when touched then play metallic drop"]}]},{"s":[{"p":[0.004150392,-3.72529E-09,0.03689576],"r":[0,0,270],"s":[0.005000107,0.005000133,0.005000089],"c":[1,1,1],"b":["when starts then become next in 2s"]},{"p":[0.01050568,-7.450581E-09,0.03689576],"r":[0,0,270],"s":[0.005000117,0.005000168,0.005000141],"c":[1,1,1],"b":["when starts then destroy all parts"]}]}]}