{"n":"take 2","a":[7,23],"p":[{"s":[{"p":[0.002977611,0.001714647,0.007360145],"r":[-3.415094E-06,3.415094E-06,-6.830188E-06],"s":[0.5980672,0.08123157,0.4696535],"c":[1,1,1]}]},{"s":[{"p":[0.006129921,-7.152557E-06,0.003607883],"r":[3.415095E-06,3.415095E-06,-3.415095E-06],"s":[0.6625364,0.08122572,0.5373123],"c":[0.222222,0.1679011,0.0493826]}]},{"b":23,"e":"HOW TO","s":[{"p":[0.3160798,0.04392245,0.1736244],"r":[90,90.00001,0],"s":[0.01293152,0.0129266,0.01293204],"c":[0.5555556,0.1234567,0.1234567]}]},{"b":23,"e":"1. PRESS ON RING\n2. PRESS ME\n3. FROM HERE YOU SHOULD SEE\nA MIRROR OF YOURSELF. YOU CAN\nNOW CLICK ON THE OUTFIT AND PUT \nTHEM ON.\nTO DO THIS SIMPLY GRAB A PART AND \nPLACE IT ON ONE OF THE BALLS.\nWHEN YOU FEEL A VIRBRATION THEN \nYOU CAN LET GO TO PLACE THE OBJECT.","s":[{"p":[0.1662556,0.04595166,0.2157487],"r":[90,90.00001,0],"s":[0.003649654,0.003647947,0.003649672],"c":[0.4444443,0.148148,0.148148]}]}]}