{"n":"thing","p":[{"b":9,"t":3,"s":[{"p":[0,0,0],"r":[0,0,0],"s":[0.2820394,0.3315956,0.1250004],"c":[0.7777778,0.7777778,0.7777778]}]},{"b":5,"t":3,"s":[{"p":[-0.006499629,-0.003455281,0.1542278],"r":[5.982121,2.567157,30.95063],"s":[0.005000007,0.007564974,0.1427754],"c":[0.4444443,0.3950616,0.3950616]}]}]}