{"n":"thing","p":[{"b":17,"t2":148,"s":[{"p":[0,0,0],"r":[0,0,0],"s":[0.02379576,0.005000005,0.02556279],"c":[0.5555556,0.4391533,0.1851851],"t2":{"c":[1,0.6857142,0],"x":0.5,"y":0.5,"a":0.8925,"m":0,"n":0,"r":0,"g":0,"o":0.5,"t":0.5,"e":0.5}}]},{"b":36,"s":[{"p":[-0.00159039,0.06828291,-0.003273807],"r":[14.56766,46.51443,272.2828],"s":[0.1250003,0.0950274,0.03810776],"c":[0.5555556,0.4391533,0.1851851]}]}]}