{"n":"stairs1","a":[22],"p":[{"s":[{"p":[-0.2082162,-0.5286157,-16.5612],"r":[9.306856E-06,9.082623E-06,315],"s":[0.1753766,9.735922,1.484485],"c":[1,1,1]}]},{"s":[{"p":[-3.953414,-4.723796,-15.53424],"r":[337.5,270,90],"s":[1.696833,3.421532,0.1799976],"c":[1,1,1]}]},{"s":[{"p":[0.005446365,0.01690672,-0.0004730225],"r":[0,0,0],"s":[0.1751269,9.717911,1.482579],"c":[1,1,1]}]}]}