{"n":"backround","a":[7,18,21],"p":[{"s":[{"p":[0,0,-8.656673],"r":[0,0,-8.537737E-06],"s":[3.604311,3.604569,24.22599],"c":[1,1,1]}]},{"s":[{"p":[7.450581E-09,0.03079128,5.343151],"r":[0,0,-8.537737E-06],"s":[2.791605,2.852373,12.49708],"c":[1,1,1]}]},{"s":[{"p":[7.450581E-09,0.03078651,12.48094],"r":[0,0,0],"s":[1.289789,1.615211,12.49709],"c":[1,1,1]}]}]}