{"n":"bloood","a":[2,16],"p":[{"pr":24,"s":[{"p":[0,0,0],"r":[0,0,1.707548E-06],"s":[0.02619709,0.01718956,0.02222443],"c":[0.4444443,0.04938262,0.04938262],"b":["when starts then destroy all parts in 5s"],"pr":{"c":[0.7777778,0.08641972,0.08641972],"m":0.25,"a":0.25,"s":0.15,"z":0.25,"g":0.5,"h":0.25}}]}]}