{"n":"thing","p":[{"b":14,"pr":41,"t1":75,"t2":21,"s":[{"p":[0,0,0],"r":[0,0,0],"s":[0.1634429,0.2702237,0.6784118],"c":[0.0617283,0.3439152,0.5555556],"t1":{"c":[1,1,1],"x":0.01896,"y":0.1572933,"a":0.6092955,"m":0.7736659,"n":0.3622537,"r":0.05861998,"g":0,"o":0.5,"t":0.5,"e":0.5},"t2":{"c":[1,1,1],"x":0.01447909,"y":0.00852935,"a":1,"m":0.3462465,"n":0.2603362,"r":0.1550214,"g":0,"o":0.5,"t":0.5,"e":0.5},"pr":{"c":[1,1,1],"m":1,"a":0,"s":0.2633135,"z":0.7012792,"g":0.4229445,"h":0.5}}]}]}