{"n":"thing","a":[2,14,15],"p":[{"b":9,"t1":4,"s":[{"p":[0,0,0],"r":[0,0,-7.870726E-07],"s":[0.04276019,0.0505723,0.1072747],"c":[0.7777778,0.5604938,0.08641968],"t1":{"c":[0.2857142,1,0],"x":0.17,"y":0.17,"a":0.69625,"m":0.5,"n":0.5,"r":0,"g":0,"o":0.5,"t":0.5,"e":0.5}}]}]}