{"n":"thing","p":[{"b":5,"s":[{"p":[0.05764424,-0.001583405,0.03142528],"r":[0.4941976,267.8607,265.7175],"s":[0.01463075,0.01409191,0.01467965],"c":[0.7777778,0.7777778,0.7777778]}]},{"b":35,"s":[{"p":[-0.004399088,-0.00371685,-0.001051013],"r":[359.8364,0.6077023,1.060255],"s":[0.1112817,0.09278885,0.07934624],"c":[0.7777778,0.7777778,0.7777778]}]}]}