{"n":"thing","a":[7],"p":[{"b":14,"t":8,"a":[12],"su":[{"i":"59b6c5f50450a3026c807dcf","t":"59b59994cec81fd513722534","p":[0.4704362,-0.07448953,-0.7472863],"r":[90,90.00001,0]}],"s":[{"p":[-0.003501893,0.01310586,0.0657068],"r":[0,0,0],"s":[0.06000365,0.0600021,0.06000365],"c":[1,1,1],"b":["when told open y then become 2 in 4s, play chest opening"]},{"p":[0.001358033,0.002226822,0.0492276],"r":[0,0,90],"s":[0.0600258,0.06002006,0.06001463],"c":[1,1,1],"b":["when starts then become 1 in 10s"]}]}]}