{"n":"thing","a":[7,13],"p":[{"t":7,"s":[{"p":[0,0,0],"r":[0,0,0],"s":[0.0050002,2.171586,2.829362],"c":[0.7777778,0.7777778,0.7777778]}]},{"s":[{"p":[0.003917694,0.4967337,-1.937437],"r":[3.415095E-06,180,8.537737E-06],"s":[0.005000737,3.09411,1.046934],"c":[1,1,1]}]},{"t":7,"s":[{"p":[0.0008319616,1.561125,-1.067221],"r":[90,-1.46683E-05,0],"s":[0.005010212,0.6931986,0.9518018],"c":[0.7777778,0.7777778,0.7777778]}]}]}