{"n":"thing","a":[2,7,12,16,18],"p":[{"b":3,"t":2,"a":[3,5],"pr":5,"t1":43,"s":[{"p":[0,0,0],"r":[0,0,0],"s":[0.0372397,0.03724285,0.03724135],"c":[0,1,1],"b":["when touched then become 2 in 0.2s","when touched then play laser fire with 80","when touched then send nearby to you are dead","when told by any teltrig then become 2"],"t1":{"c":[0.2857142,0,1],"x":0.5,"y":0.5,"a":0.8925,"m":0,"n":0,"r":0,"g":0,"o":0.5,"t":0.5,"e":0.5},"pr":{"c":[0,0.7428566,1],"m":0.25,"a":0.25,"s":0.15,"z":0.25,"g":0.5,"h":0}},{"p":[0,0,0],"r":[0,0,0],"s":[0.5925424,0.5925454,0.592544],"c":[0,1,1],"b":["when starts then destroy all parts","when starts then send nearby to you are dead"],"t1":{"c":[0.2857142,0,1],"x":0.5,"y":0.5,"a":0.8925,"m":0,"n":0,"r":0,"g":0,"o":0.5,"t":0.5,"e":0.5},"pr":{"c":[0,0.7428566,1],"m":0.593266,"a":1,"s":0.15,"z":0.5002451,"g":0.5,"h":0}}]},{"b":4,"t":7,"pr":6,"s":[{"p":[0.002442107,-0.0006966591,-0.06071687],"r":[0,180,0],"s":[0.02419404,0.02477398,0.03909312],"c":[0,1,1],"b":["when starts then play dry laser shot with 40"],"pr":{"c":[0,1,0.9142858],"m":0.2674369,"a":1,"s":0.15,"z":0.25,"g":0.5,"h":0.25}}]}]}