{"n":"thing","a":[7,18],"p":[{"s":[{"p":[0,0,0],"r":[8.142219E-13,-1.492785E-13,1.707546E-06],"s":[0.387268,0.09016396,0.3718153],"c":[0.7777778,0.7777778,0.7777778]}]},{"s":[{"p":[2.3013E-07,-0.4357096,-7.618185E-08],"r":[1.152594E-05,-4.588722E-13,3.415093E-06],"s":[0.2511449,0.821263,0.2541317],"c":[0.7777778,0.7777778,0.7777778]}]},{"b":11,"s":[{"p":[-0.06603161,-0.9198191,0.001165457],"r":[90,90,0],"s":[0.1568734,0.1639829,0.100396],"c":[0.7777778,0.7777778,0.7777778]}]},{"b":60,"a":[2],"s":[{"p":[-0.001215513,-0.965085,0.0004060965],"r":[33.07641,270.1744,181.2838],"s":[0.1744558,0.07137167,0.173067],"c":[1,0,0]}]}]}