{"n":"thing","a":[7,18],"p":[{"s":[{"p":[0,-4.656613E-10,0.005631447],"r":[0,0,-1.502687E-05],"s":[0.4643195,0.4643151,0.4643092],"c":[1,1,1]}]},{"s":[{"p":[0.0008468024,-0.004085571,0.2315903],"r":[0,0,270],"s":[0.05875711,0.4720695,0.01470512],"c":[0.8888889,0.8888889,0.8888889]}]}]}