{"n":"thing","p":[{"b":7,"s":[{"p":[0,0,0],"r":[0,0,0],"s":[0.125,0.1250001,0.06115887],"c":[1,1,1]}]}]}