{"n":"bb","a":[7,12,31],"inc":[["emmiter","59b9f7e6986dc5d305a440ce"]],"p":[{"b":3,"t":1,"s":[{"p":[0,0,0],"r":[0,0,0],"s":[0.005,0.005,0.005],"c":[0.6666667,0.6666667,0.6666667],"b":["when touched then become next"]},{"p":[0,0,0],"r":[0,0,0],"s":[0.005,0.005,0.005],"c":[0.6666667,0.6666667,0.6666667],"b":["when starts then emit gravity-free emmiter","when starts then become next in 2s"]},{"p":[0,0,0],"r":[0,0,0],"s":[0.005,0.005,0.005],"c":[0.6666667,0.6666667,0.6666667],"b":["when starts then destroy all parts"]}]}]}