{"n":"thing","a":[4,21],"p":[{"t":1,"s":[{"p":[2.418232,4.419386,9.377883],"r":[355.5055,31.51166,25.63474],"s":[8.030499,11.92897,2.780975],"c":[1,1,1]}]},{"t":3,"s":[{"p":[2.805886,5.827994,11.63436],"r":[5.304671,31.32632,291.3219],"s":[6.917004,3.73805,7.610188],"c":[1,0.8571429,0]}]}]}