{"n":"thing","a":[7,18],"p":[{"t":7,"t1":86,"t2":86,"s":[{"p":[0,0,0],"r":[0,0,0],"s":[4.971266,0.0116883,1.644524],"c":[1,1,1],"b":["when hit then become next in 0.5s","when hit then play glass shatters"],"t1":{"c":[1,1,1],"x":0.5,"y":1,"a":0,"m":0,"n":0,"r":0,"g":0,"o":0.5,"t":0.5,"e":0.5},"t2":{"c":[0,0,0],"x":0.5,"y":0,"a":0.8925,"m":0,"n":0,"r":0,"g":0,"o":0.5,"t":0.5,"e":0.5}},{"p":[0,0,0],"r":[0,0,0],"s":[4.971266,0.0116883,1.644524],"c":[1,1,1],"b":["when hit then become next","when hit then play glass breaks"],"t1":{"c":[1,1,1],"x":0.01840973,"y":0.03342819,"a":0.8925,"m":0,"n":0,"r":0.03467178,"g":1,"o":0.5,"t":0.5,"e":0.5},"t2":{"c":[1,1,1],"x":0.02256393,"y":0.01590347,"a":0.8925,"m":0.2016373,"n":1,"r":0.3283958,"g":0,"o":0.5,"t":0.5,"e":0.5}},{"p":[0,0,0],"r":[0,0,0],"s":[4.971266,0.0116883,1.644524],"c":[1,1,1],"b":["when starts then add crumbles","when starts then become 4"],"t1":{"c":[1,1,1],"x":0.01840973,"y":0.03342819,"a":0.03084761,"m":0,"n":0,"r":0.03467178,"g":1,"o":0.5,"t":0.5,"e":0.5},"t2":{"c":[1,1,1],"x":0.02256393,"y":0,"a":0.8925,"m":0.2016373,"n":1,"r":0.3283958,"g":0,"o":0.5,"t":0.5,"e":0.5}},{"p":[0,0,-0.9965668],"r":[0,0,0],"s":[0.005000064,0.01168825,0.005000038],"c":[1,1,1],"b":["when starts then become untweened 1 in 30s"],"t1":{"c":[1,1,1],"x":0.01840973,"y":0.03342819,"a":0.8925,"m":0,"n":0,"r":0.03467178,"g":1,"o":0.5,"t":0.5,"e":0.5},"t2":{"c":[1,1,1],"x":0.02256393,"y":0.01590347,"a":0.8925,"m":0.2016373,"n":1,"r":0.3283958,"g":0,"o":0.5,"t":0.5,"e":0.5}}]}]}