{"n":"thing","p":[{"b":18,"e":"POINTS TO MAP \nWITH PEOPELE","s":[{"p":[0,0,0],"r":[0,0,0],"s":[0.003000008,0.003000002,0.003000006],"c":[1,1,1]}]}]}