{"n":"thing","p":[{"s":[{"p":[0,0,0],"r":[0,0,0],"s":[0.2603367,0.4382986,2.206623],"c":[1,1,1]}]},{"s":[{"p":[-0.9882632,0.169138,2.388065],"r":[347.2971,347.1588,351.04],"s":[0.2603375,0.4382998,2.206626],"c":[1,1,1]}]},{"s":[{"p":[-1.866478,0.4724858,3.729802],"r":[338.5558,345.7917,1.75263],"s":[0.2603377,0.4383,2.206626],"c":[1,1,1]}]},{"s":[{"p":[-2.5896,1.738173,3.925268],"r":[290.6962,338.9217,32.37769],"s":[0.2603378,0.4383003,2.206625],"c":[1,1,1]}]}]}