{"n":"thing","p":[{"b":101,"e":"JAIL","s":[{"p":[0,0,0],"r":[0,0,-2.134434E-07],"s":[0.03180589,0.03180588,0.03180589],"c":[1,1,1]}]}]}