{"n":"marker11","a":[12],"p":[{"s":[{"p":[0,0,0],"r":[0,0,0],"s":[0.3324407,0.1750001,0.175],"c":[1,1,1]}]},{"s":[{"p":[0.008894915,-0.04104836,0.1145284],"r":[357.3687,1.724118,359.0504],"s":[0.03843623,0.1750004,0.08674258],"c":[1,1,1]}]},{"s":[{"p":[-0.03216437,-0.1424025,0.1346868],"r":[2.98184,8.004627,29.33572],"s":[0.03843625,0.1750005,0.08674265],"c":[1,1,1]}]},{"s":[{"p":[0.06127509,-0.13428,0.126855],"r":[359.2758,357.7503,339.3771],"s":[0.03843627,0.1750007,0.08674275],"c":[1,1,1]}]}]}