{"n":"1x2","a":[7,18,32],"p":[{"s":[{"p":[0,0,0],"r":[0,0,0],"s":[1.005585,0.02977005,2.001816],"c":[1,1,1]}]}]}