{"n":"logs1","p":[{"b":5,"s":[{"p":[0,0,0],"r":[0,0,0],"s":[0.006675829,0.006675777,0.05731441],"c":[0.1037036,0.3333332,0.07407398]}]},{"b":5,"s":[{"p":[-0.009486224,0.01395386,-0.001784698],"r":[0.7526876,358.3298,359.2371],"s":[0.006675831,0.006675779,0.05731444],"c":[0.1037036,0.3333332,0.07407398]}]},{"b":5,"s":[{"p":[0.007971423,0.01161594,0.0009262548],"r":[4.9463,1.209455,359.3903],"s":[0.006675838,0.006675782,0.05731448],"c":[0.1037036,0.3333332,0.07407398]}]}]}