{"n":"thing","a":[12,31],"p":[{"b":3,"t":1,"s":[{"p":[0,0,0],"r":[0,0,-1.203954E-06],"s":[0.005,0.005,0.005],"c":[0.7777778,0.7777778,0.7777778],"b":["when touched then send one nearby onto dead"]},{"p":[0,0,0],"r":[0,0,-1.203954E-06],"s":[0.005,0.005,0.005],"c":[0.7777778,0.7777778,0.7777778]}]}]}