{"n":"3x3","a":[7,18,32],"p":[{"s":[{"p":[0,0,0],"r":[0,0,0],"s":[3.001212,0.02977313,3.000452],"c":[1,1,1]}]}]}