{"n":"2x2","a":[7,18,32],"p":[{"s":[{"p":[0,0,0],"r":[0,0,0],"s":[1.999453,0.02977313,2.002771],"c":[0.3333332,0.1714284,0]}]}]}