{"n":"emmiter","a":[2,22,16,31],"p":[{"b":61,"t":7,"pr":39,"s":[{"p":[0,0,0],"r":[0,0,0],"s":[0.004999924,0.005000047,0.004999888],"c":[0.7777778,0.7777778,0.7777778],"b":["when touched then send one nearby onto dead"],"pr":{"c":[0.2222221,0,0],"m":0.25,"a":0.25,"s":0.35,"z":0.1,"g":0.1,"h":0.6}}]}]}