{"n":"wood","a":[7,21,23,31],"p":[{"t":10,"t1":46,"t2":46,"s":[{"p":[-0.06637722,-0.1634721,0.3667126],"r":[0,0,-4.378969E-13],"s":[0.4584167,1.755327,0.01335027],"c":[0.3333331,0.2518516,0.07407377],"b":["when hit then become 2 in 0.5s","when touches bullet 1 then become 2","when touches bb then become 2"],"t1":{"c":[0,0,0],"x":0.5,"y":0.5,"a":0.8925,"m":0,"n":0,"r":0,"g":0,"o":0.5,"t":0.5,"e":0.5},"t2":{"c":[0,0,0],"x":0.5,"y":0.5,"a":0.8925,"m":0,"n":0,"r":0,"g":0,"o":0.5,"t":0.5,"e":0.5}},{"p":[1.014563,-0.2872897,-0.1511248],"r":[2.414837E-06,270,180],"s":[0.4417872,1.738054,0.01336382],"c":[0.3333332,0.2634919,0.1111109],"b":["when grabbed then become 1 in 0.5s","when starts then play object falling"],"t1":{"c":[0,0,0],"x":0.5,"y":0.5,"a":0.8925,"m":0,"n":0,"r":0,"g":0,"o":0.5,"t":0.5,"e":0.5},"t2":{"c":[0,0,0],"x":0.5,"y":0.5,"a":0.8925,"m":0,"n":0,"r":0,"g":0,"o":0.5,"t":0.5,"e":0.5}}]},{"t":10,"t1":46,"t2":46,"s":[{"p":[-0.5229098,-0.1701932,0.3617343],"r":[9.716059E-06,1.150704E-06,1.366038E-05],"s":[0.4584954,1.755759,0.01335142],"c":[0.3333331,0.2518516,0.07407372],"b":["when hit then become 2 in 0.5s","when touches bullet 1 then become 2","when touches bb then become 2"],"t1":{"c":[0,0,0],"x":0.5,"y":0.5,"a":0.8925,"m":0,"n":0,"r":0,"g":0,"o":0.5,"t":0.5,"e":0.5},"t2":{"c":[0,0,0],"x":0.5,"y":0.5,"a":0.8925,"m":0,"n":0,"r":0,"g":0,"o":0.5,"t":0.5,"e":0.5}},{"p":[1.010743,-0.3343374,-0.2851904],"r":[359.1581,267.6949,336.5737],"s":[0.4417018,1.736727,0.0133567],"c":[0.3333332,0.2634919,0.1111109],"b":["when grabbed then become 1 in 0.5s","when starts then play object falling"],"t1":{"c":[0,0,0],"x":0.5,"y":0.5,"a":0.8925,"m":0,"n":0,"r":0,"g":0,"o":0.5,"t":0.5,"e":0.5},"t2":{"c":[0,0,0],"x":0.5,"y":0.5,"a":0.8925,"m":0,"n":0,"r":0,"g":0,"o":0.5,"t":0.5,"e":0.5}}]}]}