{"n":"boulder","p":[{"b":17,"s":[{"p":[0,0,0],"r":[0,0,-4.268868E-07],"s":[1.285972,1.048735,0.6076761],"c":[1,1,1]}]},{"b":17,"s":[{"p":[0.09162509,1.268406,1.745484],"r":[354.3761,36.15292,50.98431],"s":[1.285973,1.048736,1.017568],"c":[1,1,1]}]}]}