{"n":"ground","a":[1],"p":[{"b":17,"s":[{"p":[0,0,0],"r":[0,0,0],"s":[10.11458,0.11062,32.74082],"c":[0,0.5555556,0.1269841]}]}]}