{"n":"thing","p":[{"b":54,"s":[{"p":[0.07215117,-0.1265493,0.05561864],"r":[358.8839,2.957983,358.8169],"s":[0.8967457,0.9669947,0.9239832],"c":[1,0,0.8571426],"b":["when starts then become 2 in 5s"]},{"p":[-0.001979306,-0.2701535,0.05580752],"r":[5.651301,6.355081,183.5485],"s":[0.8967488,0.9670001,0.9239858],"c":[1,0,0.8571426],"b":["when starts then become 1 in 5s"]}]}]}