{"n":"thing","a":[7,18,32],"p":[{"s":[{"p":[0,-0.25,0.125],"r":[0,0,0],"s":[1.001595,0.1750115,0.1750168],"c":[1,1,1]}]},{"s":[{"p":[0,-0.125,0],"r":[0,0,1.024528E-05],"s":[1.001619,0.17502,0.1750271],"c":[1,1,1]}]},{"s":[{"p":[0,-0.375,0.25],"r":[0,0,1.024528E-05],"s":[1.001596,0.175012,0.1750183],"c":[1,1,1]}]},{"s":[{"p":[0,-0.5,0.375],"r":[0,0,0],"s":[1.001597,0.175013,0.1750191],"c":[1,1,1]}]}]}