{"n":"thing","p":[{"b":17,"s":[{"p":[0,0,0],"r":[0,0,0],"s":[0.05683147,0.07862364,0.04880692],"c":[0.2680774,0.4444443,0.1975307],"b":["when touches fire then tell any ore1"]}]}]}