{"n":"thing","a":[5,7],"p":[{"a":[5],"s":[{"p":[0,0,0],"r":[0,0,0],"s":[127.5282,2.512669,122.0999],"c":[0.1142857,0,1]}]}]}