{"n":"redcannon","a":[12],"inc":[["redbullet","5815a572596209de42de9b7b"]],"p":[{"b":5,"s":[{"p":[-0.001968211,-0.3732323,0.2552796],"r":[42.10423,180.8582,187.5956],"s":[0.1320568,0.125002,0.3179481],"c":[1,0.6857142,0],"b":["when told fire then emit redbullet with 40"]}]},{"b":2,"a":[3],"s":[{"p":[0,0,0],"r":[-3.41843E-06,2.668043E-08,-2.134434E-07],"s":[0.3082586,0.3082645,0.3082467],"c":[1,0.6857142,0],"b":["when starts then all parts face empty hand"]}]},{"b":7,"s":[{"p":[0.005053475,0.07880086,0.7658916],"r":[33.04844,356.6596,358.7693],"s":[0.2708543,0.2250123,0.1689189],"c":[0.7777778,0.5604938,0.08641953],"b":["when touched then tell fire"]}]}]}