{"n":"thing","a":[22],"p":[{"s":[{"p":[0.6582393,-0.2692457,-0.4889063],"r":[315,1.207418E-06,45],"s":[0.4558555,0.005002163,0.2548538],"c":[0.4444443,0.4444443,0.4444443],"b":["when told by any words2 then become next"]},{"p":[0.007700325,-0.0008071116,-0.002359129],"r":[0,0,0],"s":[0.4557903,0.005000693,0.2547684],"c":[0.4444443,0.4444443,0.4444443],"b":["when told by any words then become 1"]}]},{"b":132,"e":"OH YES! YOU HAVE\nA WOODAXE HEAD!\nGIVE IT TO ME! ILL\nMAKE YOU SOMETHING\nREALLY COOL!","s":[{"p":[0.4938063,-0.3421652,-0.3308454],"r":[30.00001,54.73561,35.2644],"s":[0.002023174,0.002022079,0.002023011],"c":[1,1,1],"b":["when told by any words2 then become next"]},{"p":[-0.2219317,0.004718443,0.1158307],"r":[90,-4.829672E-06,0],"s":[0.002023058,0.002022025,0.00202287],"c":[1,1,1],"b":["when told by any words then become 1"]}]}]}