{"n":"thing","p":[{"b":69,"s":[{"p":[-0.07324563,0.4921795,-0.1352588],"r":[3.34273,160.9192,171.4046],"s":[0.07500046,0.4461516,0.07500046],"c":[1,1,1]}]},{"b":86,"s":[{"p":[-0.1927163,0.7480726,-0.3199669],"r":[14.04731,280.2101,270.6107],"s":[0.4383327,0.0668807,0.1913848],"c":[0.5555556,0.4003526,0.0617283]}]},{"b":86,"s":[{"p":[-0.009350646,-0.2204738,0.03228629],"r":[356.1736,359.3539,0.4871459],"s":[0.2216745,0.2066844,0.5526758],"c":[0,0,0]}]}]}