{"n":"thing","a":[1,2,3,7,18],"p":[{"t":7,"s":[{"p":[0,0,0],"r":[0,0,0],"s":[0.09324242,0.04555428,0.221774],"c":[0,0,0]}]},{"s":[{"p":[2.825152E-09,0.01615798,-2.825152E-09],"r":[-1.001791E-05,0,0],"s":[0.06013561,0.04555451,0.1010102],"c":[0,0,0],"b":["when touches hand then tell next"]}]},{"t":7,"s":[{"p":[-1.254078E-07,0.007160857,0.08166195],"r":[-1.001791E-05,8.757938E-13,-1.001791E-05],"s":[0.03297696,0.01235497,0.01219468],"c":[0,0,0],"b":["when told next then become next in 0.2s"]},{"p":[4.470349E-08,-0.03370392,0.1329039],"r":[0,0,1.001791E-05],"s":[0.7998168,1.342604,1.06205],"c":[0,0,0],"b":["when told next then become next in 0.2s"]}]}]}