{"n":"thing","p":[{"b":2,"s":[{"p":[0,0,0],"r":[0,0,0],"s":[0.1250005,0.1250005,0.1250004],"c":[1,1,1]}]},{"b":2,"s":[{"p":[-0.3879953,0.1005955,-0.1051258],"r":[4.494286,345.3177,303.9399],"s":[0.1250006,0.1250008,0.1250007],"c":[1,1,1]}]},{"b":2,"s":[{"p":[-0.5492215,0.2691589,0.03436923],"r":[9.668058,16.96255,267.2796],"s":[0.1250005,0.1250007,0.1250006],"c":[1,1,1]}]}]}