{"n":"thing","p":[{"t":7,"a":[1,4,2],"s":[{"p":[0,0,0],"r":[0,0,0],"s":[3.787125,0.005000078,3.36414],"c":[0.5555556,0.5555556,0.5555556]}]}]}