{"n":"floor","a":[7],"p":[{"b":17,"t1":120,"s":[{"p":[0,0,0],"r":[0,0,0],"s":[150,150,0.3403576],"c":[0.04938262,0.2222221,0.08888883],"t1":{"c":[0.09876537,0.2222221,0.1269841],"x":0.5,"y":0.5,"a":0.8925,"m":0,"n":0,"r":0,"g":0,"o":0.5,"t":0.5,"e":0.5}}]},{"s":[{"p":[-1.009335,0.632165,-0.2006936],"r":[0,180,180],"s":[150,46.72728,0.1750286],"c":[0.7777778,0.7777778,0.7777778]}]}]}