{"n":"thing","a":[22,31],"p":[{"b":5,"t":1,"s":[{"p":[0,0,0],"r":[0,0,0],"s":[0.03897729,0.03896518,1.728865],"c":[0.6666667,0.6666667,0.6666667]}]},{"t":1,"s":[{"p":[-0.004800799,-0.006890655,0.7086775],"r":[67.49999,-2.418538E-05,-1.616015E-05],"s":[0.1512669,0.07304674,0.21631],"c":[0.6666667,0.6666667,0.6666667]}]},{"b":5,"t":1,"s":[{"p":[-0.00838851,0.04264963,0.7311419],"r":[337.5,2.074779E-06,-4.126988E-07],"s":[0.03709909,0.03709282,0.03709481],"c":[0,0,0]}]},{"b":5,"t":1,"s":[{"p":[-0.009402264,0.05017424,0.7493873],"r":[337.5,2.074779E-06,-4.126988E-07],"s":[0.02954125,0.02953522,0.02953707],"c":[1,0,0]}]}]}