{"n":"thing","p":[{"b":12,"t1":63,"t2":127,"s":[{"p":[0,0,0],"r":[0,0,6.003096E-08],"s":[150,40.5748,150],"c":[0.116402,0.222222,0.07407383],"t1":{"c":[0.04938266,0.1111111,0.02469136],"x":0.4595261,"y":0.6383324,"a":0.8925,"m":0,"n":0,"r":0,"g":0,"o":0.5,"t":0.5,"e":0.5},"t2":{"c":[0.4444444,0.4444444,0.4444444],"x":0.5,"y":0.5,"a":0.8925,"m":0,"n":0,"r":0,"g":0,"o":0.5,"t":0.5,"e":0.5}}]}]}