{"n":"stickything","a":[2,16,31],"p":[{"b":3,"t":3,"s":[{"p":[0,0,0],"r":[0,0,0],"s":[0.02486813,0.02486813,0.02486813],"c":[0,1,0.2285714],"b":["when touched then tell stuck","when touched then become next"]},{"p":[0,0,0],"r":[0,0,0],"s":[0.02486813,0.02486813,0.02486813],"c":[0,1,0.2285714],"b":["when starts then play activate laser","when told by any done then destroy all parts"]}]}]}