{"n":"thing","p":[{"t":9,"s":[{"p":[0,0,0],"r":[0,0,-1.707547E-06],"s":[0.1750003,0.1750005,0.1750003],"c":[0.08641968,0.1259255,0.7777778]}]}]}