{"n":"thing","p":[{"b":3,"t":1,"s":[{"p":[0,0,0],"r":[0,0,0],"s":[0.005000015,0.00500002,0.01774778],"c":[0.7777778,0.7037037,0.2592591]}]}]}