{"n":"icebk","a":[2,22,16,31],"p":[{"b":12,"t":7,"s":[{"p":[0,0,0],"r":[2.134434E-07,3.975693E-16,2.134434E-07],"s":[0.01959256,0.08138812,0.01923367],"c":[0.8888889,1,1],"b":["when touched then become next in 0.5s","when touched then send one nearby onto dead","when touched then add crumbles"]},{"p":[0,0,0],"r":[2.134434E-07,3.975693E-16,2.134434E-07],"s":[0.01959256,0.08138812,0.01923367],"c":[0.8888889,1,1],"b":["when starts then destroy all parts","when starts then add crumbles"]}]},{"t":8,"a":[12],"s":[{"p":[-0.008470298,-0.007284161,0.01185489],"r":[270,1.967726E-05,0],"s":[0.1259728,0.1259833,0.1259836],"c":[1,1,1],"b":["when touched then send one nearby onto dead"]}]}]}