{"n":"thing","p":[{"b":5,"s":[{"p":[0,0,0],"r":[0,0,0],"s":[0.1250001,0.125,0.125],"c":[1,1,1]}]},{"b":5,"s":[{"p":[-0.02682842,0.01025718,-0.1033577],"r":[0.01935318,3.17547,347.3967],"s":[0.125,0.125,0.1250001],"c":[1,1,1]}]}]}