{"n":"thing","p":[{"b":12,"s":[{"p":[0,0,0],"r":[0,0,0],"s":[0.06000023,0.06000012,0.06000019],"c":[1,1,1]}]},{"s":[{"p":[0.6220019,-0.1249991,0.2980976],"r":[324.3977,101.8902,270.818],"s":[0.1750002,0.1750001,0.1750002],"c":[1,1,1]}]}]}