{"n":"sana","a":[30],"p":[{"b":73,"t":7,"pr":29,"t1":58,"s":[{"p":[0,0,0],"r":[0,0,0],"s":[46.47353,46.47353,46.47353],"c":[1,0,0],"t1":{"c":[0,0,0],"x":0.1378479,"y":0.02020264,"a":0.8925,"m":0,"n":0,"r":0,"g":0,"o":0.5,"t":0.5,"e":0.5},"pr":{"c":[1,1,1],"m":0.1523666,"a":0.146965,"s":0,"z":0.3749962,"g":0.5,"h":0.25}}]}]}