{"n":"thing","a":[7,18,20],"p":[{"t":7,"t1":151,"s":[{"p":[0,0,0],"r":[0,0,0],"s":[0.6338275,0.7513626,0.005000574],"c":[0,0,0],"t1":{"c":[0,0,0],"x":0.5,"y":0.5,"a":0.8925,"m":0,"n":0,"r":0,"g":0,"o":0.5,"t":0.5,"e":0.5}}]}]}