{"n":"thing","a":[2,16],"p":[{"b":137,"e":".","s":[{"p":[-0.1917458,0.00527139,-0.01404867],"r":[4.706999,356.1089,77.43997],"s":[0.0313377,0.03133769,0.03133769],"c":[0.7777778,0.1728394,0.1728394]}]}]}