{"n":"thing","a":[7,13,18],"p":[{"s":[{"p":[0,0,0],"r":[0,0,0],"s":[4.438117,0.1750079,13.42173],"c":[0.5555556,0.5555556,0.5555556]}]},{"s":[{"p":[0.08097678,2.485846,1.61368],"r":[-1.001791E-05,1.628444E-12,-1.423631E-19],"s":[4.854228,0.1779839,10.77374],"c":[0.5555556,0.5555556,0.5555556]}]}]}