{"n":"2","a":[1,2,7,12,16,18],"p":[{"b":69,"t":3,"pr":5,"s":[{"p":[-0.0007515029,0.0004258241,0.04890443],"r":[270,0,0],"s":[0.005000801,0.04318967,0.005001191],"c":[0,1,1],"b":["when touched then become 2","when starts then play gun shot 3"],"pr":{"c":[0,1,1],"m":0.25,"a":0.25,"s":0.15,"z":0.25,"g":0.5,"h":0.25}},{"p":[0.005514106,-0.009081739,0.05030588],"r":[308.1937,288.6391,75.95205],"s":[0.005000418,0.04318673,0.005000934],"c":[0,1,1],"b":["when starts then send one nearby onto dead","when starts then become 3 in 0.2s"],"pr":{"c":[0,1,1],"m":0.25,"a":0.25,"s":0.15,"z":0.25,"g":0.5,"h":0.25}},{"p":[0.005514106,-0.009081739,0.05030588],"r":[308.1937,288.6391,75.95205],"s":[0.02147061,0.01260503,0.02111695],"c":[1,1,1],"b":["when starts then destroy all parts","when starts then play lightsword hit 4"],"pr":{"c":[0,1,1],"m":0.306138,"a":0.25,"s":0.15,"z":0.4283116,"g":0.5,"h":0.25}}]}]}