{"n":"thing","a":[7],"p":[{"s":[{"p":[0,0,0],"r":[0,0,0],"s":[13.65319,3.833379,4.445142],"c":[1,1,1]}]}]}