{"n":"thing","a":[7],"p":[{"im":"871867654866816402/1800FB80DE64AED16248FA009F5617ADE03F5514/","s":[{"p":[0,0,0],"r":[0,0,0],"s":[0.2260227,0.01000457,0.2984283],"c":[0.6666667,0.6666667,0.6666667]}]}]}