{"n":"thing","a":[7,18],"p":[{"t":1,"s":[{"p":[0,0,0],"r":[0,0,0],"s":[0.7341422,0.005000178,0.2438358],"c":[0,0,0]}]},{"b":132,"e":"ALLY","s":[{"p":[-0.3243287,0.004787982,0.1072197],"r":[90,-1.931869E-05,0],"s":[0.01310179,0.01309699,0.01310179],"c":[0,1,0.2285714]}]}]}