{"n":"firesoul","a":[2],"inc":[["wand","59c009a6370aa1171929e375"],["wand 2","59c00bb51427cfc513e509d8"]],"p":[{"b":8,"t":2,"pr":40,"t1":43,"s":[{"p":[0,0,0],"r":[0,0,0],"s":[0.1250002,0.1250001,0.1250001],"c":[1,0.1714285,0],"b":["when touched then play goblet ding sparkle","when touches stick then emit gravity-free wand 2 with 0","when touches cut wood then emit gravity-free wand 2 with 0","when touches cut wood then destroy all parts","when touches stick then destroy all parts"],"t1":{"c":[1,0.6857142,0],"x":0.5,"y":0.5,"a":0.8925,"m":0,"n":0,"r":0,"g":0,"o":0.5,"t":0.5,"e":0.5},"pr":{"c":[1,0.6857142,0],"m":0.3395116,"a":0.25,"s":0.05721036,"z":0.3251673,"g":0.5,"h":0.3514359}},{"p":[0,0,0],"r":[0,0,0],"s":[0.1250002,0.1250001,0.1250001],"c":[0.6476189,0,0.6666667],"t1":{"c":[1,0.6857142,0],"x":0.5,"y":0.5,"a":0.8925,"m":0,"n":0,"r":0,"g":0,"o":0.5,"t":0.5,"e":0.5},"pr":{"c":[1,0,0],"m":0.25,"a":0.25,"s":0.15,"z":0.35,"g":0.5,"h":0.3515506}}]}]}