{"n":"thing","p":[{"t":4,"pr":25,"t1":66,"t2":66,"s":[{"p":[0,0,0],"r":[0,0,2.668042E-08],"s":[0.175001,0.1750008,0.1750007],"c":[1,0.1714285,0],"t1":{"c":[0.2222221,0.07901231,0.04938267],"x":0.5,"y":0.5,"a":0.8925,"m":0,"n":0,"r":0,"g":0,"o":0.5,"t":0.5,"e":0.5},"t2":{"c":[0.2222221,0.07901231,0.04938267],"x":0.7129812,"y":0.5,"a":0.8925,"m":0,"n":0,"r":0,"g":0,"o":0.5,"t":0.5,"e":0.5},"pr":{"c":[1,0.5142856,0],"m":0.25,"a":0.6322184,"s":0.8046917,"z":0.636445,"g":0.7733035,"h":0.3328259}}]}]}