{"n":"thing","a":[7],"p":[{"s":[{"p":[0,0,0],"r":[0,0,0],"s":[6.212132,0.1750341,1.571084],"c":[1,1,1]}]}]}