{"n":"thing","a":[2],"p":[{"b":3,"t1":10,"s":[{"p":[-0.00929069,0.006123016,0.05329832],"r":[345.5051,346.4948,336.0825],"s":[0.05710341,0.06894086,0.1053369],"c":[0.1481479,0.4444442,0.4444442],"b":["when consumed then become untweened 2 in 0.2s"],"t1":{"c":[0.2469135,0.4444444,0.4444444],"a":0}},{"p":[0,0,0],"r":[0,0,-1.707547E-06],"s":[0.0571034,0.07446671,0.06536998],"c":[0.148148,0.4444443,0.4444443],"b":["when starts then become untweened 1 in 2s"],"t1":{"c":[0.1975308,0.4444444,0.4444444],"a":0}}]}]}