{"n":"choccy","a":[2,3],"p":[{"b":7,"pr":1,"s":[{"p":[-0.03245863,-0.04015999,-0.1461424],"r":[353.7759,30.13319,12.93138],"s":[0.02496961,0.0535797,0.0258314],"c":[0.4444443,0.3668429,0.1975307],"b":["when consumed then play snack bite","when consumed then become untweened 2 in 0.2s"],"pr":{"c":[1,1,1],"m":0.25,"a":0.25,"s":0.15,"z":0.25,"g":0.5,"h":0.169382}},{"p":[-0.1446409,-0.08186972,-0.05363091],"r":[350.2459,9.922139,9.949942],"s":[0.00864211,0.004999998,0.005000005],"c":[0.4444443,0.4232803,0.2962962],"b":["when starts then add crumbles","when starts then destroy all parts"],"pr":{"c":[0.3333333,0.2984127,0.2222221],"m":0.294858,"a":0.25,"s":0.5115139,"z":1,"g":0.3679245,"h":0.1700982}}]}]}