{"n":"thing","a":[7],"p":[{"b":12,"t1":13,"s":[{"p":[0,0,0],"r":[0,0,0],"s":[150,0.2157098,150],"c":[1,1,1],"t1":{"c":[0.1728395,0.5185184,0.7777778],"x":0.17,"y":0.17,"a":0.8925,"m":0.5,"n":0.5,"r":0,"g":0,"o":0.5,"t":0.5,"e":0.5}}]}]}