{"n":"thing","a":[31],"p":[{"b":73,"t":1,"t1":10,"s":[{"p":[0,0,0],"r":[0,0,0],"s":[14.57118,14.57118,14.57119],"c":[0,0,0],"t1":{"c":[0.5555556,0.5555556,0.5555556],"a":0}}]},{"b":57,"pr":27,"t1":10,"s":[{"p":[0.280443,4.139465,-1.427341],"r":[348.2189,350.0003,3.787608],"s":[7.128386,7.128395,7.128398],"c":[1,1,1],"t1":{"c":[0.5555556,0.5555556,0.5555556],"a":0},"pr":{"c":[0.3333333,0.3333333,0.3333333],"a":0.25}}]}]}