{"n":"thing","a":[7,18],"p":[{"t":7,"s":[{"p":[0,0,0],"r":[0,0,0],"s":[0.6696627,12.91992,0.05389337],"c":[0.3333329,0.3333329,0.3333329]}]}]}