{"n":"thing","a":[2,9,27],"p":[{"b":41,"s":[{"p":[0.004941861,0.03387718,-0.00802943],"r":[357.7332,359.2912,344.3263],"s":[0.1250005,0.1250004,0.4477779],"c":[1,1,1]}]},{"b":3,"s":[{"p":[0.06827146,-0.01686426,0.01473613],"r":[42.06683,23.37385,352.5686],"s":[0.1250003,0.1250003,0.1250005],"c":[1,1,1]}]},{"b":41,"s":[{"p":[-0.04366933,0.04940049,-0.004691556],"r":[356.6817,358.5533,339.2315],"s":[0.1250007,0.1250005,0.4477787],"c":[1,1,1]}]}]}