{"n":"thing","a":[27],"p":[{"b":14,"s":[{"p":[0,0,0],"r":[0,0,0],"s":[0.06000005,0.06000002,0.5988618],"c":[1,1,1]}]}]}