{"n":"thing","a":[5,7,18],"p":[{"s":[{"p":[0,0,0],"r":[0,0,0],"s":[2.4437,0.1750145,19.32197],"c":[1,1,1]}]},{"s":[{"p":[1.148907,0.2970963,1.053891E-05],"r":[-1.001791E-05,8.142219E-13,90],"s":[4.901418,0.1750595,19.33059],"c":[1,1,1]}]},{"s":[{"p":[-1.217694,0.2970963,1.128569E-05],"r":[-1.001791E-05,8.142219E-13,90],"s":[4.902659,0.1750909,19.33798],"c":[1,1,1]}]},{"s":[{"p":[-1.788138E-07,2.368617,-2.321491E-06],"r":[0,0,0],"s":[2.444228,0.1750214,19.32537],"c":[1,1,1]}]}]}