{"n":"thing","p":[{"b":73,"t":3,"s":[{"p":[-0.2085564,0.2766328,-0.1262674],"r":[343.8382,339.0945,17.37097],"s":[0.1343588,0.134359,0.1343595],"c":[1,0,0.3428572]}]},{"b":73,"t":3,"s":[{"p":[-0.2315751,0.4185191,-0.2544931],"r":[318.951,284.2817,61.01092],"s":[0.1476898,0.1476898,0.1476905],"c":[1,0,0.3428572]}]},{"t":3,"s":[{"p":[-0.3487259,0.3963597,-0.208566],"r":[12.89395,298.6043,74.94176],"s":[0.005000007,0.005000005,0.1750016],"c":[0,1,0.3999999]}]},{"t":3,"t1":34,"s":[{"p":[-0.3382155,0.3327405,-0.1617633],"r":[339.1391,258.9719,67.66921],"s":[0.005000002,0.005,0.1750016],"c":[0,1,0.3999999],"t1":{"c":[0,1,0.2285715],"x":0.5,"y":0.5,"a":0.8925,"m":0,"n":0,"r":0,"g":0,"o":0.5,"t":0.5,"e":0.5}}]}]}