{"n":"thing","a":[7],"p":[{"im":"861734852200705863/D71122B23D1D745C4CE8585EE9117239BE35CE0D/","s":[{"p":[0,0,0],"r":[0,0,0],"s":[0.8200642,0.01,0.5628485],"c":[1,1,1]}]}]}