{"n":"thing","a":[7],"p":[{"im":"861734852200704051/94398516E58780E975294F272FE8DB4DDE262C31/","s":[{"p":[0,0,0],"r":[0,0,0],"s":[1.076553,0.01,0.5633962],"c":[0,0,0]}]}]}