{"n":"thing","a":[2,3,16],"inc":[["thing","59cfdc8aba047b25101db54a"]],"p":[{"b":3,"s":[{"p":[0,0,0],"r":[0,0,0],"s":[0.06855014,0.06855005,0.06855023],"c":[1,1,1],"b":["when touched then become next in 1s","when touched then tell any goon"]},{"p":[0,0,0],"r":[0,0,0],"s":[0.06855014,0.06855005,0.06855023],"c":[1,1,1],"b":["when starts then emit thing with 0","when told by any done then destroy all parts"]},{"p":[0,0,0],"r":[0,0,0],"s":[0.06855014,0.06855005,0.06855023],"c":[1,1,1]}]}]}