{"n":"thing","a":[7,18,21],"p":[{"b":86,"t":7,"s":[{"p":[0,0,0],"r":[0,0,0],"s":[0.02324192,0.04245779,0.02325414],"c":[0.7777778,1,0.9809523]}]},{"b":86,"t":1,"a":[3],"s":[{"p":[3.986056E-09,0.04559517,0],"r":[1.001791E-05,-8.450078E-13,-7.387292E-20],"s":[0.03250127,0.01954994,0.03251437],"c":[0.4938272,0.5555556,0.5502645]}]},{"b":86,"t":7,"s":[{"p":[1.164153E-10,0.1392727,0.00127027],"r":[1.001792E-05,90.00001,180],"s":[0.02325897,0.04248349,0.02325932],"c":[0.7777778,1,0.9809523]}]},{"b":86,"t":1,"a":[3],"s":[{"p":[1.164153E-10,0.09365082,0.001270278],"r":[3.867555E-12,90.00001,180],"s":[0.03252511,0.01956178,0.03252161],"c":[0.4938272,0.5555556,0.5502645]}]}]}