{"n":"blackout","a":[7],"p":[{"s":[{"p":[0,0,0],"r":[0,0,-6.157171E-14],"s":[0.1749999,0.1750006,0.1749986],"c":[1,1,1]}]}]}