{"n":"thing","p":[{"b":69,"s":[{"p":[0,0,0],"r":[0,0,0],"s":[0.07500014,0.07500014,0.07500016],"c":[0.1142857,0,1]}]}]}