{"n":"thing","p":[{"b":90,"e":"MOZILLA","s":[{"p":[0,0,0],"r":[0,0,-5.336085E-08],"s":[0.008014596,0.008014604,0.008014598],"c":[1,1,1],"b":["when touched then tell body pressed "]},{"p":[0,0,0],"r":[0,0,-5.336085E-08],"s":[0.008014596,0.008014604,0.008014598],"c":[1,1,1]}]}]}