{"n":"thing","p":[{"b":5,"s":[{"p":[-0.3347047,-0.2628959,0.02752505],"r":[352.794,12.63085,307.5833],"s":[0.01922639,0.02632525,0.5545738],"c":[0.7777778,0.8666666,1]}]}]}