{"n":"thing","a":[1,2,16,21,30,31],"p":[{"b":16,"t":1,"s":[{"p":[-0.003152375,0.000255585,-0.02492905],"r":[90,180,0],"s":[0.008106141,0.01200104,0.008106156],"c":[1,1,1],"b":["when starts then send nearby to purgatory"]}]},{"b":5,"t":1,"s":[{"p":[-0.003334525,0.0007305148,-0.01625443],"r":[359.8079,359.6407,359.6734],"s":[0.008890638,0.008889956,0.0238987],"c":[0.3333332,0.3333332,0.3333332],"b":["when starts then send nearby to purgatory"]},{"p":[-0.003334525,0.0007305148,-0.01625443],"r":[359.8079,359.6407,359.6734],"s":[0.008890638,0.008889956,0.0238987],"c":[0.3333332,0.3333332,0.3333332]}]}]}