{"n":"concrete","a":[7,18,34],"p":[{"t1":134,"s":[{"p":[2.086163E-07,-0.01328278,1.862645E-09],"r":[0,0,0],"s":[1.000426,0.02723121,1.000482],"c":[0.5555556,0.5555556,0.5555556],"t1":{"c":[0.2962962,0.3238094,0.3333333],"x":0.5,"y":0.5,"a":0.8925,"m":0,"n":0,"r":0,"g":0,"o":0.5,"t":0.5,"e":0.5}}]}]}