{"n":"thing","p":[{"b":3,"s":[{"p":[-0.4939027,-0.2205973,0.1368688],"r":[357.6813,1.422264,321.6464],"s":[0.5157009,0.4293216,0.4413526],"c":[0.9777778,1,0.2222221]}]},{"b":56,"s":[{"p":[-0.2143424,0.05116791,0.03308471],"r":[344.4216,1.694355,318.5519],"s":[0.125,0.125,0.125],"c":[1,0,0]}]},{"b":3,"s":[{"p":[-0.3546263,0.05424976,0.3330506],"r":[359.4388,8.811244,325.6295],"s":[0.1249999,0.125,0.125],"c":[0.111111,0.3142855,1]}]},{"b":3,"s":[{"p":[-0.1576827,-0.1263272,0.3090718],"r":[18.85799,2.60396,318.415],"s":[0.125,0.1249999,0.125],"c":[0.111111,0.3142855,1]}]}]}