{"n":"bongos","p":[{"b":5,"s":[{"p":[0,0,0],"r":[0,0,0],"s":[0.125029,0.125029,0.1774793],"c":[1,0.5142855,0]}]},{"b":5,"s":[{"p":[0.1425691,0.2996711,0.006199002],"r":[0,0,0],"s":[0.1250864,0.1250883,0.1775211],"c":[1,0.5142855,0]}]},{"b":5,"s":[{"p":[0.1315518,0.3110348,0.08312821],"r":[0,0,270],"s":[0.09989315,0.101482,0.05937144],"c":[0.3333332,0.1714284,0],"b":["when touched then play bongo set 3"]}]},{"b":5,"s":[{"p":[-0.007610797,0.004480362,0.05767274],"r":[0,0,270],"s":[0.10747,0.1004188,0.08840603],"c":[0.3333332,0.1714284,0],"b":["when touched then play bongo set 2"]}]}]}