{"n":"thing","p":[{"b":5,"t1":43,"s":[{"p":[0,0,0],"r":[0,0,0],"s":[0.03014459,0.03329287,0.3073855],"c":[0.2222221,0.5333329,1],"t1":{"c":[0,0.1777775,0.4444444],"x":0.5,"y":0.5,"a":0.8925,"m":0,"n":0,"r":0,"g":0,"o":0.5,"t":0.5,"e":0.5}}]}]}