{"n":"frame","a":[7,13,18,34],"p":[{"s":[{"p":[5.684342E-14,2.384186E-07,-0.5188854],"r":[9.928273E-06,180,270],"s":[0.1177278,1.10626,0.05781038],"c":[1,1,1]}]},{"s":[{"p":[-0.523798,-1.44355E-07,0.01290274],"r":[1.024528E-05,270,270],"s":[0.1173615,1.012409,0.05778399],"c":[1,1,1]}]},{"s":[{"p":[0.5239849,-9.406358E-08,0.01517153],"r":[-1.024528E-05,270,270],"s":[0.1168386,1.012606,0.05783073],"c":[1,1,1]}]},{"s":[{"p":[-5.684342E-14,3.854105E-07,0.5228996],"r":[-5.008958E-06,180,270],"s":[0.1177191,1.106834,0.05780433],"c":[1,1,1]}]}]}