{"n":"thing","a":[7,18],"p":[{"a":[17],"s":[{"p":[0,0,0],"r":[0,0,0],"s":[11.58516,0.2051196,6.338543],"c":[0.3333333,0,0]}]}]}