{"n":"thing","a":[7,18],"p":[{"b":5,"s":[{"p":[0,0,0],"r":[0,0,0],"s":[0.01345551,0.01416578,2.296284],"c":[0,0,0]}]}]}