{"n":"thing","a":[7,18],"p":[{"b":5,"t":9,"s":[{"p":[0,0,0],"r":[0,0,0],"s":[0.1412698,0.1340315,5.309357],"c":[0.3333332,0,0]}]}]}