{"n":"thing","p":[{"t1":43,"s":[{"p":[0,0,0],"r":[0,0,-8.537737E-07],"s":[1.139105,0.948159,0.1750004],"c":[1,1,1],"t1":{"c":[0.8888889,0.9904762,1],"x":0.5,"y":0.5,"a":0.8925,"m":0,"n":0,"r":0,"g":0,"o":0.5,"t":0.5,"e":0.5}}]}]}