{"n":"watery","a":[2,15],"p":[{"b":10,"a":[5],"s":[{"p":[0,0,0],"r":[0,0,0],"s":[0.01378635,0.02015445,0.01626441],"c":[0.4444443,0.6095237,0.6666667],"b":["when touches head play slurping drink gulp","when consumed then play slurping drink gulp"]}]}]}