{"n":"thing","a":[7,18],"p":[{"t":9,"a":[17],"s":[{"p":[0,0,0],"r":[0,0,0],"s":[0.2994105,0.3618968,13.89914],"c":[0,0,0]}]}]}