{"n":"guntest1","a":[2,3,7,15,18],"inc":[["bullet1","59ca6b68420d3a9e13addcb3"],["bullet1 2","59ca6c5c5fb39f2510c3db76"],["bullet1 3","59ca6d48dacf0893137237b3"]],"p":[{"b":60,"s":[{"p":[-0.001944612,0.0006304057,0.00610106],"r":[0.6292475,359.1752,2.07645],"s":[0.07183002,0.07623266,0.05891201],"c":[1,0.1714285,0],"b":["when triggered then emit bullet1 3 with 10"],"pr":{"c":[0,0.355555,0.8888889],"m":0.25,"a":0.25,"s":0.15,"z":0.25,"g":0.5,"h":0.25}}]},{"b":61,"s":[{"p":[0.009137914,0.01744887,-0.164031],"r":[274.4504,8.866913,347.7898],"s":[0.08105496,0.3816649,0.09963583],"c":[1,1,1]}]},{"b":61,"s":[{"p":[0.08309311,0.02979378,-0.3061639],"r":[277.7176,330.3847,31.7561],"s":[0.1644643,0.09414682,0.06759746],"c":[1,1,1]}]}]}