{"n":"sticky lightball","a":[2,7,16,31],"p":[{"b":3,"t":3,"s":[{"p":[0,0,0],"r":[0,0,0],"s":[0.02438557,0.02438367,0.02438802],"c":[0.9714286,1,0]}]}]}