{"n":"timeseat","p":[{"s":[{"p":[0,0,0],"r":[0,0,0],"s":[0.1750004,0.005,0.1750004],"c":[1,0,0.3428572]}]}]}