{"n":"ball","a":[31],"p":[{"b":9,"t":2,"s":[{"p":[0,0,0],"r":[0,0,0],"s":[0.01803257,0.01803257,0.01803257],"c":[1,1,1],"b":["when touched then become next"]},{"p":[0,0,0],"r":[0,0,0],"s":[0.01803257,0.01803257,0.01803257],"c":[1,0,0],"b":["when starts then become previous in 0.2s"]}]}]}