{"n":"timeseat","a":[22,18],"p":[{"t":8,"a":[12],"s":[{"p":[0,0,0],"r":[0,0,0],"s":[0.1750008,0.008406192,0.1750007],"c":[1,0,0.3428572]}]}]}