{"n":"artscanner","a":[7,18],"p":[{"t":1,"s":[{"p":[0,0,0],"r":[0,0,0],"s":[0.2416433,0.1750003,0.4631519],"c":[0.5555556,0.5555556,0.5555556]}]},{"a":[3],"s":[{"p":[0,0.03318357,1.134073E-07],"r":[-1.001791E-05,1.001791E-05,-1.751587E-12],"s":[0.1962206,0.1295753,0.4177327],"c":[0.111111,0.1619042,1]}]},{"t":1,"s":[{"p":[0,-0.695891,1.216735E-07],"r":[-1.001791E-05,0,0],"s":[0.09641848,1.478094,0.1442369],"c":[0.5555556,0.5555556,0.5555556]}]},{"b":129,"e":"ART-SCANER","s":[{"p":[0.1356375,0.04543708,-0.1247997],"r":[0,270,2.003583E-05],"s":[0.006330013,0.006329227,0.006329994],"c":[1,1,1]}]}]}