{"n":"teacut","p":[{"b":75,"t":9,"s":[{"p":[0,0,0],"r":[0,0,0],"s":[0.1411632,0.1840862,0.1315782],"c":[0.2469135,0.3703701,0.5555556]}]},{"b":75,"t":9,"s":[{"p":[-0.001608529,-0.1538214,0.006259789],"r":[1.448293,208.0937,179.8892],"s":[0.1038762,0.02350776,0.09816726],"c":[0.2469135,0.3703701,0.5555556]}]},{"b":50,"t":9,"s":[{"p":[0.2320608,0.02156891,-0.1035868],"r":[75.42224,279.81,71.40686],"s":[0.3344219,0.1250284,0.1809036],"c":[0.2469135,0.3703701,0.5555556]}]}]}