{"n":"thing","p":[{"b":17,"t":10,"s":[{"p":[0,0,0],"r":[0,0,0],"s":[0.3363164,0.06000005,0.3613902],"c":[0.08641968,0.7777778,0.2444444]}]}]}