{"n":"base","a":[4,7,13],"p":[{"b":3,"s":[{"p":[0,0,0],"r":[0,0,0],"s":[9.448184,2.801168,10.71836],"c":[0.4938272,0.8888889,0.6518518]}]}]}