{"n":"thing","p":[{"b":10,"t":3,"s":[{"p":[0,0,0],"r":[0,0,0],"s":[0.4699394,0.125,0.4574027],"c":[1,1,1]}]}]}