{"n":"sea","a":[6,7,13,20],"p":[{"b":80,"t":10,"a":[3],"t1":34,"t2":125,"s":[{"p":[94.91914,-113.9443,99.50395],"r":[1.628444E-12,90,-1.001791E-05],"s":[166.2656,166.2367,166.2685],"c":[0.2222221,0.07619039,0],"t1":{"c":[0.4444444,0.3047618,0],"x":0.1813358,"y":0.1303457,"a":1,"m":0.0134089,"n":0,"r":0.03405786,"g":0.2996081,"o":0.5,"t":0.5,"e":0.5},"t2":{"c":[0,0,0],"x":0.6530411,"y":0.6877469,"a":1,"m":0,"n":0,"r":0.01275432,"g":0,"o":0.5,"t":0.5,"e":0.5}}]},{"b":5,"t":7,"t1":21,"t2":109,"s":[{"p":[97.60581,-115.8125,96.79482],"r":[270,90.00002,0],"s":[174.3188,174.2904,174.3731],"c":[0,0.6603169,0.8888889],"b":["when starts then become 2 in 5s"],"t1":{"c":[0,0.2285713,1],"x":0.17,"y":0.17,"a":1,"m":0.5,"n":0.5,"r":0,"g":0.9856043,"o":0.5,"t":0.5,"e":0.5},"t2":{"c":[0,0.9142855,1],"x":0.6822938,"y":0.6222575,"a":1,"m":0,"n":0,"r":0,"g":0.2141572,"o":0.5,"t":0.5,"e":0.5}},{"p":[97.60581,-115.8125,96.79482],"r":[270,90.00002,0],"s":[174.3188,174.2904,174.3731],"c":[0,0.6603169,0.8888889],"b":["when starts then become 1 in 5s"],"t1":{"c":[0,0.2285713,1],"x":0.17,"y":0.17,"a":1,"m":0.5,"n":0.5,"r":0,"g":0.9856043,"o":0.5,"t":0.5,"e":0.5},"t2":{"c":[0,0.9142855,1],"x":0.7511514,"y":0.6635678,"a":1,"m":0,"n":0,"r":0,"g":0.2141572,"o":0.5,"t":0.5,"e":0.5}}]}]}