{"n":"thing","a":[2,7,14,24,32],"bod":{"ht": {"i":"5853729cb4c19d7813c3b85d","p":[0.02248657,-0.1331632,0.1423673],"r":[281.3839,343.2411,221.2103]},"al": {"i":"59bb1075c913889a13e18568","p":[-0.001428448,-0.0391391,-0.1397139],"r":[54.29621,261.5935,295.8885]},"ar": {"i":"58570805a8187e8d13d6cca1","p":[-0.005000263,0.08520198,-0.3927284],"r":[55.20749,113.2876,26.99147]}},"p":[{"b":17,"t":4,"pr":12,"t1":43,"s":[{"p":[0.6591882,-0.9765792,-1.215681],"r":[1.001791E-05,180,2.003584E-05],"s":[0.06004887,0.06000815,0.06004492],"c":[0,1,0.9142858],"t1":{"c":[0,0,0],"x":0.5,"y":0.5,"a":0.8925,"m":0,"n":0,"r":0,"g":0,"o":0.5,"t":0.5,"e":0.5},"pr":{"c":[0,1,0.9142858],"m":0.25,"a":0.25,"s":0.15,"z":0.025,"g":0.5,"h":0.25}}]}]}