{"n":"thing","a":[1,2,9,13,14,15,17],"p":[{"b":9,"t":3,"pr":8,"s":[{"p":[1.446976,-1.639715,-3.117578],"r":[280.4012,340.7376,240.8433],"s":[0.2582896,0.2553672,0.25801],"c":[0.9714286,1,0],"pr":{"c":[0.9714286,1,0],"a":0.25}}]}]}