{"n":"thing","p":[{"b":73,"t":3,"s":[{"p":[0,0,0],"r":[0,0,0],"s":[0.3762808,0.3762808,0.376281],"c":[1,1,1]}]}]}