{"n":"thing","p":[{"b":12,"s":[{"p":[0,0,0],"r":[0,0,0],"s":[0.3708522,0.1585452,0.4983664],"c":[0,1,0.2285714]}]}]}