{"n":"thing","p":[{"b":3,"t":7,"pr":2,"s":[{"p":[0,0,0],"r":[0,0,8.537735E-07],"s":[0.1250002,0.1250002,0.1250002],"c":[0.6031746,0.4444442,1],"b":["when touched then send nearby onto top"],"pr":{"c":[1,1,1],"m":0.3011177,"a":0.25,"s":0,"z":1,"g":0.6913136,"h":0.4885557}}]}]}