{"n":"thing","p":[{"t1":43,"s":[{"p":[0.2792017,1.208155,0.006123185],"r":[358.0657,350.2669,71.29345],"s":[0.315753,0.2866682,0.1102062],"c":[0.6666667,0.6666667,0.6666667],"t1":{"c":[0.3333333,0.3333333,0.3333333],"x":0.5,"y":0.5,"a":0.8925,"m":0,"n":0,"r":0,"g":0,"o":0.5,"t":0.5,"e":0.5}}]},{"t1":43,"s":[{"p":[0.5949237,0.4029433,0.03277227],"r":[5.516975,350.4814,326.1064],"s":[0.5289169,0.5226771,0.110206],"c":[0.6666667,0.6666667,0.6666667],"t1":{"c":[0.3333333,0.3333333,0.3333333],"x":0.5,"y":0.5,"a":0.8925,"m":0,"n":0,"r":0,"g":0,"o":0.5,"t":0.5,"e":0.5}}]},{"t1":43,"s":[{"p":[-0.0534223,-0.09729671,-0.002314594],"r":[356.8583,354.2612,359.2046],"s":[0.3532631,0.358969,0.04546059],"c":[0.6666667,0.6666667,0.6666667],"t1":{"c":[0.3333333,0.3333333,0.3333333],"x":0.5,"y":0.5,"a":0.8925,"m":0,"n":0,"r":0,"g":0,"o":0.5,"t":0.5,"e":0.5}}]}]}