{"n":"thing","a":[22,18],"p":[{"b":5,"t":1,"s":[{"p":[0,0,0],"r":[0,0,-3.415094E-06],"s":[0.01082978,0.009501533,0.1250712],"c":[0.8888889,0.8888889,0.8888889]}]},{"b":5,"t":1,"s":[{"p":[8.940698E-07,-1.173218,-0.01285362],"r":[2.674115E-06,-4.691086E-06,22.5],"s":[0.01083286,0.00950363,0.125114],"c":[0.8888889,0.8888889,0.8888889]}]},{"b":5,"t":1,"s":[{"p":[0.7265257,-1.173219,-0.01285326],"r":[2.674115E-06,-4.691086E-06,22.5],"s":[0.01083452,0.009505379,0.1251419],"c":[0.8888889,0.8888889,0.8888889]}]},{"b":5,"t":1,"s":[{"p":[0.7177098,-5.960464E-08,0],"r":[2.674115E-06,-4.691086E-06,22.5],"s":[0.01083021,0.009503324,0.1250932],"c":[0.8888889,0.8888889,0.8888889]}]}]}