{"n":"thing","p":[{"b":5,"t1":38,"s":[{"p":[0,0,0],"r":[0,0,8.537737E-07],"s":[0.008347371,0.009424748,0.5296988],"c":[0.9809523,1,0.3333331],"t1":{"c":[0.3248677,0.3333333,0.03703704],"x":0.5,"y":0.5,"a":0.8925,"m":0,"n":0,"r":0,"g":0,"o":0.5,"t":0.5,"e":0.5}}]}]}