{"n":"thing","a":[7,18],"p":[{"s":[{"p":[0,0,0],"r":[0,0,0],"s":[150.0202,150.0226,0.1750274],"c":[0.7506173,0.1975307,0.8888889]}]}]}