{"n":"thing","a":[22,18],"p":[{"s":[{"p":[0,0,0],"r":[0,0,0],"s":[1.454745,0.07210679,1.628261],"c":[1,1,1]}]}]}