{"n":"thing","a":[22,18,21],"p":[{"t":12,"t1":43,"t2":112,"s":[{"p":[0.08881433,-0.01415616,0.004989129],"r":[90,270,0],"s":[0.008931826,0.2229043,0.04138174],"c":[0.3333332,0.1714284,0],"t1":{"c":[0.2222221,0.1523809,0],"x":0.6265001,"y":0.4795861,"a":0.7143469,"m":0,"n":0,"r":0,"g":0,"o":0.5,"t":0.5,"e":0.5},"t2":{"c":[0,0,0],"x":0.5,"y":0.5,"a":0.8925,"m":0,"n":0,"r":0,"g":0,"o":0.5,"t":0.5,"e":0.5},"pr":{"c":[1,1,1],"m":0.25,"a":0.25,"s":0.15,"z":0.25,"g":0.5,"h":0.25}}]},{"t":12,"t1":43,"t2":112,"s":[{"p":[0.08881458,-0.0141563,0.005491246],"r":[90,270,0],"s":[0.004918013,0.2229236,0.04419567],"c":[0.3333332,0.1714284,0],"t1":{"c":[0.2222221,0.1523809,0],"x":0.6265001,"y":0.4795861,"a":0.7143469,"m":0,"n":0,"r":0,"g":0,"o":0.5,"t":0.5,"e":0.5},"t2":{"c":[0,0,0],"x":0.5,"y":0.5,"a":0.8925,"m":0,"n":0,"r":0,"g":0,"o":0.5,"t":0.5,"e":0.5},"pr":{"c":[1,1,1],"m":0.25,"a":0.25,"s":0.15,"z":0.25,"g":0.5,"h":0.25}}]},{"b":98,"e":"OVERVISOR'S WORLDS","s":[{"p":[-0.01282725,-0.001333904,-0.001405795],"r":[0,0,0],"s":[0.002133855,0.002133178,0.002133803],"c":[0.111111,0.09523798,0],"pr":{"c":[1,1,1],"m":0.25,"a":0.25,"s":0.15,"z":0.25,"g":0.5,"h":0.25}}]}]}