{"n":"thing","a":[7,18],"p":[{"b":11,"t":3,"s":[{"p":[-0.01685959,-0.1850165,-0.1261957],"r":[17.01107,0.9381727,356.518],"s":[0.5015619,0.08871966,0.1042147],"c":[1,1,1]}]},{"b":11,"s":[{"p":[-0.01756133,-0.1957831,-0.1464585],"r":[17.01107,0.9381729,356.518],"s":[0.5097206,0.1075522,0.1251477],"c":[0,0,0]}]}]}