{"n":"thing","a":[7,18],"p":[{"b":17,"s":[{"p":[0,0,0],"r":[0,0,4.378969E-13],"s":[0.1542692,0.8129694,1.390752],"c":[0.222222,0.222222,0.222222]}]}]}