{"n":"thing","p":[{"b":131,"e":"GUNS","s":[{"p":[0,0,0],"r":[0,0,1.067217E-07],"s":[0.0263607,0.02636059,0.02636066],"c":[1,1,1]}]}]}