{"n":"thing","a":[20],"p":[{"b":7,"s":[{"p":[0,0,0],"r":[0,0,0],"s":[0.7395676,0.9235049,0.8876584],"c":[0.222222,0.222222,0.222222]}]},{"b":7,"s":[{"p":[0.08409218,0.02293742,0.5920352],"r":[0.02049121,357.2776,0.6252784],"s":[0.3447199,0.5060891,0.7186438],"c":[0.222222,0.222222,0.222222]}]}]}