{"n":"thing","a":[20],"p":[{"t":8,"a":[12],"su":[{"i":"59dac310b4fe4f2d1433268d","t":"59e03601278a891e48f0776f","p":[0.2515547,0.2969885,0.1063391],"r":[43.23634,39.58645,283.0767]}],"s":[{"p":[0,0,0],"r":[0,0,0],"s":[0.5945708,0.6341783,0.1750001],"c":[1,1,1]}]},{"t":8,"a":[12],"su":[{"i":"59dac2feb4fe4f2d1433268b","t":"59dabd8d218c0747168f7f94","p":[0.2885484,-0.1036778,-0.1576795],"r":[1.126766,221.98,19.58468]}],"s":[{"p":[1.244537,-0.004187226,0.565521],"r":[358.1897,242.327,93.67525],"s":[0.5891414,0.175,2.268805],"c":[1,1,1]}]}]}