{"n":"thing","p":[{"t":8,"a":[12],"su":[{"i":"59dd1946b4fe4f17c0e931af","t":"59dabd8d218c0747168f7f94","p":[-0.2762995,-0.1541137,0.05468713],"r":[2.208244,43.99504,19.89707]}],"s":[{"p":[0,0,0],"r":[0,0,0],"s":[0.5744722,0.005000004,1.03686],"c":[1,1,1]}]}]}