{"n":"pocket universe","a":[2],"p":[{"b":73,"t":1,"t1":10,"t2":10,"s":[{"p":[0.009479333,-0.006617661,0.009345379],"r":[24.51254,12.4895,35.27486],"s":[0.1613405,0.1613418,0.1613411],"c":[0,1,1],"t1":{"c":[0,1,1],"a":0},"t2":{"c":[0,0,0],"a":0}}]},{"b":73,"t":7,"t1":10,"t2":10,"s":[{"p":[0.004540932,-0.01498445,0.001664697],"r":[4.883798,354.3575,8.938418],"s":[0.2340413,0.2340428,0.2340418],"c":[0,1,1],"b":["when consumed then send nearby to map testing v1","when consumed then play weird wavy sound"],"t1":{"c":[0,1,1],"a":0},"t2":{"c":[0,0,0],"a":0}}]},{"b":107,"e":"TEST V1","s":[{"p":[-0.04853116,-0.09185343,-0.03598031],"r":[318.4941,85.02541,178.9444],"s":[0.003000011,0.003000011,0.00300001],"c":[1,0,0.3428572]}]}]}