{"n":"gr","a":[22,12,18,31],"p":[{"b":60,"t":12,"s":[{"p":[0,0,0],"r":[0,0,0],"s":[0.04085566,0.04085357,0.2362859],"c":[1,0.8571429,0],"b":["when touched then play bongo set 1"]}]}]}