{"n":"ring","a":[20,21],"p":[{"b":5,"s":[{"p":[-0.005339321,-0.0009956784,0.002672383],"r":[350.2818,122.8184,261.5781],"s":[0.008485895,0.008616375,0.01947299],"c":[0,0,0],"b":["when touched then tell body  dialog opened left"]}]},{"b":60,"s":[{"p":[-0.004338091,0.0001086973,0.002008637],"r":[351.7089,29.50023,280.0352],"s":[0.03647852,0.01083126,0.03648155],"c":[0.7777778,0.9428571,1]}]}]}