{"n":"thing","a":[6],"inc":[["eye","59e1ba5564c3ef3010729836"],["eye 2","59e1bb4d521c377c498b06ff"],["eye 3","59e1bbc5ca1f522310091bb6"]],"p":[{"t":8,"a":[12,14],"s":[{"p":[0,0,0],"r":[0,0,0],"s":[0.04383519,0.04808438,0.04436723],"c":[1,1,1],"b":["when told by any emi2 then destroy all parts","when starts then emit gravity-free eye 3 with 0"]}]}]}