{"n":"sconce modern","v":1,"p":[{"b":9,"s":[{"p":[-0.004234462,-0.006982077,0.01343893],"r":[357.4843,78.51,268.1559],"s":[0.1250028,0.1250055,0.1250029],"c":[0.6624339,0.6666667,0.5185186]}]},{"b":16,"t":7,"s":[{"p":[-0.007882863,-0.0608641,0.01908057],"r":[358.1577,348.429,2.516975],"s":[0.1250478,0.1250551,0.1250202],"c":[0.2222221,0.2222221,0.2222221]}]},{"b":7,"t":1,"s":[{"p":[0.07070774,0.1334788,0.02366455],"r":[273.1188,222.2485,126.221],"s":[0.1638806,0.04647253,0.1142272],"c":[0.111111,0.111111,0.111111]}]}]}