{"n":"planet 2","v":1,"a":[20,21],"p":[{"b":57,"t":7,"t1":15,"s":[{"p":[0.3634652,0.330651,0.002302408],"r":[357.562,348.1456,199.1408],"s":[5.2471,0.6574228,5.247097],"c":[0,0.5555556,0.126984],"t1":{"c":[0,0.6666667,0.152381],"x":0.17,"y":0.17,"a":0.8925,"m":0.5,"n":0.5,"r":0.06509399,"g":0,"o":0.5,"t":0.5,"e":0.5}}]},{"b":73,"t1":18,"t2":10,"s":[{"p":[0.4233667,0.2642909,0.109961],"r":[3.28493,358.7478,350.9161],"s":[4.72535,4.725357,4.725352],"c":[0,1,1],"t1":{"c":[0,0.05714262,1],"x":0.17,"y":0.17,"a":0.8925,"m":0.5,"n":0.5,"r":0.6987,"g":0,"o":0.5,"t":0.5,"e":0.5},"t2":{"c":[0.05079364,0,0.4444444],"a":0}}]}]}