{"n":"thing","v":1,"a":[22,18],"p":[{"t":12,"t1":43,"s":[{"p":[0,0,0],"r":[0,0,0],"s":[17.78339,18.05362,1.201987],"c":[0.1975306,0.2201055,0.2222219],"t1":{"c":[0,0,0],"x":0.5,"y":0.5,"a":0.8925,"m":0,"n":0,"r":0,"g":0,"o":0.5,"t":0.5,"e":0.5}}]}]}