{"n":"thing","v":2,"p":[{"s":[{"p":[0,0,0],"r":[0,0,0],"s":[0.102084,0.03360509,0.2488792],"c":[1,1,1],"b":["when told by any tap then become next in 0.2s"]},{"p":[0,0,0],"r":[0,0,0],"s":[0.102084,0.03360509,0.2488792],"c":[1,1,1],"b":["when starts then become next in 1s"]},{"p":[-0.001333248,0.02140453,0.01614907],"r":[28.36489,5.252774,359.9482],"s":[0.1020842,0.03360511,0.2488796],"c":[1,1,1],"b":["when starts then become 1 in 4s"]}]}]}