{"n":"thing","v":2,"p":[{"t":8,"a":[12],"su":[{"i":"59e3ff3f51a26a1cb422d2ef","t":"59e3ffa06ad5eaab1338c622","p":[0.1287869,-0.5757649,0.2774792],"r":[0.02369393,281.271,247.0528]}],"s":[{"p":[0,0,0],"r":[0,0,0],"s":[0.05114869,0.02537967,0.1750006],"c":[1,1,1],"b":["when told by any jump then become next in 0.2s"]},{"p":[0.07501855,0.8607105,0.1153049],"r":[356.1635,6.551516,0.9423721],"s":[0.05114969,0.02538039,0.1750019],"c":[1,1,1],"b":["when starts then play funny scream with 900","when starts then become 1 in 0.5s","when starts then play gun shot 5 with 500"]},{"p":[1.239945E-07,0.7091656,0],"r":[1.001791E-05,-1.751587E-12,-1.001791E-05],"s":[0.05114971,0.02538033,0.1750008],"c":[1,1,1]}]}]}