{"n":"thing","v":2,"a":[7,18,31],"p":[{"b":5,"t":12,"t1":34,"s":[{"p":[0,0,0],"r":[0,0,0],"s":[1.77605,1.776051,1.776039],"c":[0,0,0],"b":["when starts then become next in 4s"],"t1":{"c":[1,0,0.5142857],"x":0.5,"y":0.5,"a":0.8925,"m":0,"n":0,"r":0,"g":0.007289946,"o":0.5,"t":0.5,"e":0.5}},{"p":[0,0,0],"r":[0,0,0],"s":[1.77605,1.776051,1.776039],"c":[0,0,0],"b":["when starts then become next in 4s"],"t1":{"c":[1,0,0.5142857],"x":0.4578438,"y":0.4593201,"a":0.8925,"m":0,"n":0,"r":0.06476593,"g":0.07472235,"o":0.5,"t":0.5,"e":0.5}},{"p":[0,0,0],"r":[0,0,0],"s":[1.77605,1.776051,1.776039],"c":[0,0,0],"b":["when starts then become 1 in 2s"],"t1":{"c":[1,0,0.5142857],"x":0.5475235,"y":0.4995651,"a":0.8925,"m":0,"n":0,"r":0.06476593,"g":0.136509,"o":0.5,"t":0.5,"e":0.5}}]}]}