{"n":"thing","v":2,"a":[2,3,14,15],"p":[{"b":17,"t":2,"a":[3],"s":[{"p":[0,0,0],"r":[0,0,0],"s":[0.1486095,0.1486094,0.1486087],"c":[0.9714286,1,0]}]},{"b":4,"t":2,"a":[3],"pr":58,"s":[{"p":[-0.0111289,-0.00415039,-0.4063301],"r":[-5.008957E-06,180,270],"s":[0.1973782,0.1973926,0.3402644],"c":[0.9714286,1,0],"pr":{"c":[0.9714286,1,0],"m":0.4401698,"a":1,"s":0.4352612,"z":0.6335793,"g":0.5,"h":0.25}}]}]}