{"n":"thing","v":2,"a":[2,16],"p":[{"b":68,"t":3,"a":[5],"t1":10,"t2":10,"s":[{"p":[0,0,0],"r":[0,0,0],"s":[0.1000003,0.1000002,0.1000003],"c":[0,0.9142855,1],"t1":{"c":[0,0.9142855,1],"a":0},"t2":{"c":[0,0.9142855,1],"a":0}}]}]}