{"n":"thing","v":2,"a":[22],"p":[{"t":12,"s":[{"p":[0,0,0],"r":[0,0,0],"s":[1.954279,0.1655805,8.015691],"c":[0.3333332,0.2402115,0.03703704]}]}]}