{"n":"thing","v":1,"a":[22,18],"p":[{"t":11,"t1":30,"s":[{"p":[0,0,0],"r":[0,0,0],"s":[0.1750222,6.999198,3.583784],"c":[0.1975305,0.2201054,0.2222219],"t1":{"c":[0,0,0],"x":0.5,"y":0.5,"a":0.8925,"m":0,"n":0,"r":0,"g":0,"o":0.5,"t":0.5,"e":0.5}}]}]}