{"n":"thing","v":2,"a":[7,18],"p":[{"s":[{"p":[0,0,0],"r":[0,0,0],"s":[1.229787,0.09094916,0.1071385],"c":[0.6666667,0.5714286,0]}]}]}