{"n":"thing","v":2,"a":[7,18,21],"p":[{"b":59,"t":12,"t1":43,"s":[{"p":[0,0,0],"r":[0,0,7.656432E-20],"s":[0.8069336,0.6358347,0.8068902],"c":[0,0,0],"t1":{"c":[1,0,0.5142857],"x":0.1915181,"y":0.518113,"a":0.5800903,"m":0,"n":0,"r":0,"g":0,"o":0.5,"t":0.5,"e":0.5}}]}]}