{"n":"thing","v":2,"p":[{"b":89,"t1":43,"t2":4,"s":[{"p":[0,0,0],"r":[0,0,4.268868E-07],"s":[0.03298913,0.1168289,0.02888005],"c":[0.111111,0.01904762,0],"t1":{"c":[0.1111111,0.02927689,0.01234568],"x":0.5,"y":0.5,"a":0.8925,"m":0,"n":0,"r":0,"g":0.002730966,"o":0.5,"t":0.5,"e":0.5},"t2":{"c":[0.2222221,0.03809523,0],"x":0.17,"y":0.17,"a":0.69625,"m":0.5,"n":0.5,"r":0,"g":0,"o":0.5,"t":0.5,"e":0.5}}]},{"b":89,"t":9,"t1":43,"t2":4,"s":[{"p":[-0.009182084,-0.02285664,-0.009435963],"r":[3.935781,0.8165048,356.0898],"s":[0.03298927,0.1168294,0.02888007],"c":[0.3333332,0.1492062,0.111111],"t1":{"c":[0.1111111,0.02927689,0.01234568],"x":0.5,"y":0.5,"a":0.8925,"m":0,"n":0,"r":0,"g":0.002730966,"o":0.5,"t":0.5,"e":0.5},"t2":{"c":[0,0,0],"x":0.17,"y":0.17,"a":0.69625,"m":0.5,"n":0.5,"r":0,"g":0,"o":0.5,"t":0.5,"e":0.5}}]}]}