{"n":"thing","v":2,"p":[{"b":17,"s":[{"p":[0,0,0],"r":[0,0,0],"s":[0.7035724,3.353039,0.4525287],"c":[0.6285715,1,0]}]}]}