{"n":"thing","v":2,"p":[{"b":17,"s":[{"p":[0,0,0],"r":[0,0,0],"s":[0.902033,1.842429,1.80826],"c":[0.6285715,1,0]}]}]}