{"n":"thing","v":2,"a":[22,18],"p":[{"b":5,"s":[{"p":[0,0,0],"r":[0,0,0],"s":[0.005000784,0.005001654,0.03679746],"c":[1,0.1714284,0],"b":["when touched then become next in 0.2s","when touched then play button click 5"]},{"p":[0,0,0],"r":[0,0,0],"s":[0.005000784,0.005001654,0.01574483],"c":[0.1142855,1,0],"b":["when starts then become 1 in 0.2s","when starts then play machine switch button","when starts then tell any fire"]}]}]}