{"n":"beanie","v":1,"a":[33],"p":[{"b":76,"t1":153,"s":[{"p":[0.004591928,-0.00483451,0.08478563],"r":[49.07092,97.97827,277.221],"s":[0.07500018,0.07500027,0.07500017],"c":[0.3333332,0.2613755,0.1851851],"t1":{"c":[0.7777778,0.7777778,0.7777778],"x":0.02652681,"y":0.05953991,"a":0.6314813,"m":0,"n":0,"r":0.07277989,"g":0,"o":0.5,"t":0.5,"e":0.5}}]},{"b":58,"t1":153,"s":[{"p":[0.004626823,0.004004724,0.01536078],"r":[82.27708,120.6331,116.9534],"s":[0.146293,0.3340802,0.1478581],"c":[0.3333332,0.2613755,0.1851851],"t1":{"c":[0.7777778,0.7777778,0.7777778],"x":0.02652681,"y":0.05953991,"a":0.6314813,"m":0,"n":0,"r":0.07277989,"g":0,"o":0.5,"t":0.5,"e":0.5}}]},{"b":17,"t1":152,"s":[{"p":[0.005589895,-0.01672076,0.1837538],"r":[60.69661,255.4611,251.9934],"s":[0.02622888,0.02250806,0.02440794],"c":[0.4444443,0.4444443,0.4444443],"t1":{"c":[1,1,1],"x":0.5,"y":0.5,"a":1,"m":0,"n":0,"r":0,"g":1,"o":0.5,"t":0.5,"e":0.5}}]},{"t":8,"a":[12],"s":[{"p":[-0.02078638,-0.03469208,0.1576927],"r":[11.79976,352.5289,318.2961],"s":[0.2759944,0.2767042,0.2815051],"c":[1,1,1]}]}]}