{"n":"thing","v":1,"a":[22,18],"p":[{"t1":34,"s":[{"p":[0,0,0],"r":[0,0,0],"s":[0.4063657,1.431419,2.165022],"c":[0,0,0],"t1":{"c":[0.2222221,0.2010581,0.07407402],"x":0.5,"y":0.5,"a":0.8925,"m":0,"n":0,"r":0,"g":0,"o":0.5,"t":0.5,"e":0.5}}]}]}