{"n":"ground","v":1,"a":[1],"p":[{"b":17,"s":[{"p":[0,0,0],"r":[0,0,0],"s":[150,0.11062,150],"c":[0,1,0.2285714]}]}]}