{"n":"welcome to my home","v":2,"p":[{"b":12,"s":[{"p":[0,0,0],"r":[0,0,-1.334021E-06],"s":[0.1699837,0.06000028,0.1785442],"c":[1,1,1]}]}]}