{"n":"cloud","v":1,"a":[21,23],"p":[{"b":3,"t":3,"s":[{"p":[0,0,0],"r":[0,0,0],"s":[12.47668,6.432167,2.513982],"c":[0.7777778,0.7777778,0.7777778]}]},{"b":3,"t":3,"s":[{"p":[-9.044101,-0.9416723,4.122606],"r":[4.401879,266.8928,7.258407],"s":[7.070693,6.832541,10.11497],"c":[0.7777778,0.7777778,0.7777778]}]},{"b":3,"t":3,"s":[{"p":[-15.91488,1.666999,-0.4693155],"r":[3.152455,356.645,356.3022],"s":[12.47678,6.432206,2.51399],"c":[0.7777778,0.7777778,0.7777778]}]}]}