{"n":"thing","v":1,"p":[{"b":4,"t":8,"a":[12],"su":[{"i":"59ed869561b17b36d835f4a4","t":"59925f631dac7a2110c450d4","p":[0.01589675,0.009995613,0.06971677],"r":[314.428,262.8669,295.823]}],"s":[{"p":[0,0,0],"r":[0,0,-2.134434E-07],"s":[0.0163849,0.005000006,0.005000005],"c":[1,1,1],"b":["when starts then become next in 4s","when starts then tell first of any pimenu"]},{"p":[0.001365926,0.0008064788,0.02713056],"r":[358.8573,359.5431,359.2899],"s":[0.01638493,0.005000011,0.00500001],"c":[1,1,1],"b":["when starts then become next in 4s"]}]}]}