{"n":"thing","v":2,"p":[{"b":5,"s":[{"p":[0,0,0],"r":[0,0,0],"s":[0.01544958,0.01915479,0.0726774],"c":[1,0,0.3428572]}]}]}