{"n":"thing","v":2,"p":[{"s":[{"p":[0,0,0],"r":[0,0,0],"s":[0.4010774,0.1750002,81.48943],"c":[0,0,0]}]}]}