{"n":"thing","v":2,"a":[6,7,18],"p":[{"t":8,"a":[12,17,24],"s":[{"p":[0,0,0],"r":[0,0,0],"s":[0.2745819,0.1750007,0.1354109],"c":[1,1,1],"b":["when neared then tell nearby slide"]}]}]}