{"n":"a1","v":2,"a":[2],"p":[{"b":62,"s":[{"p":[0,0,0],"r":[0,0,0],"s":[0.1250001,0.1250003,0.1250003],"c":[0.8888889,0.7449735,0.5925926]}]}]}