{"n":"thing","v":2,"p":[{"s":[{"p":[0,0,0],"r":[0,8.537737E-07,0],"s":[150.0001,11.00805,0.1750003],"c":[1,1,1]}]}]}