{"n":"thing","v":2,"a":[7],"p":[{"s":[{"p":[0,0,0],"r":[0,0,8.537735E-07],"s":[9.005,0.505,15.005],"c":[0.8634921,0.8888889,0]}]}]}