{"n":"thing","v":2,"p":[{"b":73,"s":[{"p":[0,0,0],"r":[0,0,0],"s":[0.05292006,0.05292004,0.05292],"c":[1,1,1]}]}]}