{"n":"thing","v":2,"p":[{"b":7,"s":[{"p":[0,0,0],"r":[0,0,0],"s":[0.7891173,0.005000005,1.748766],"c":[1,1,1]}]}]}