{"n":"thing","v":1,"a":[2,6,14],"p":[{"t":3,"s":[{"p":[0,0,0],"r":[0,0,0],"s":[0.03169267,0.1459086,0.06480221],"c":[1,0,0]}]}]}