{"n":"floating path","v":2,"a":[7],"p":[{"b":12,"t":1,"t1":4,"s":[{"p":[0,0,0],"r":[0,0,0],"s":[0.3413386,0.0600015,0.06000049],"c":[0.4444443,0.4444443,0.4444443],"t1":{"c":[0.3333333,0.3333333,0.3333333],"x":0.08053152,"y":0.17,"a":0.69625,"m":0.5,"n":0.5,"r":0,"g":0,"o":0.5,"t":0.5,"e":0.5}}]},{"b":12,"t":1,"t1":4,"s":[{"p":[-0.06450057,0.006852832,0.5475035],"r":[1.001791E-05,1.001791E-05,6.157171E-14],"s":[0.341359,0.06000328,0.0600035],"c":[0.4444443,0.4444443,0.4444443],"t1":{"c":[0.3333333,0.3333333,0.3333333],"x":0.08053152,"y":0.17,"a":0.69625,"m":0.5,"n":0.5,"r":0,"g":0,"o":0.5,"t":0.5,"e":0.5}}]},{"b":12,"t":1,"t1":4,"s":[{"p":[-0.05241966,0.04596295,1.070615],"r":[1.001791E-05,-1.751587E-12,-1.531286E-19],"s":[0.3413731,0.06000512,0.06000592],"c":[0.4444443,0.4444443,0.4444443],"t1":{"c":[0.3333333,0.3333333,0.3333333],"x":0.08053152,"y":0.17,"a":0.69625,"m":0.5,"n":0.5,"r":0,"g":0,"o":0.5,"t":0.5,"e":0.5}}]}]}