{"n":"thing","v":2,"p":[{"b":54,"s":[{"p":[0.07065697,0.3877568,0.02160996],"r":[0.4677392,357.327,358.7229],"s":[0.08380967,4.865183,0.04227081],"c":[0,0,0]}]},{"b":3,"s":[{"p":[0.03351086,-2.063049,0.003781319],"r":[12.08056,263.0525,159.8115],"s":[0.07443349,0.08112672,0.1250002],"c":[0,0,0]}]},{"b":54,"s":[{"p":[1.411083,3.229124,-2.038579],"r":[289.9487,35.60181,294.7121],"s":[0.08380985,4.865204,0.04227125],"c":[0,0,0]}]}]}