{"n":"admin cube","v":1,"a":[20],"p":[{"b":136,"e":"Persistance Wizard","s":[{"p":[-0.083902,0.1122017,0.1215407],"r":[79.43582,157.0219,156.9034],"s":[0.001929887,0.001929889,0.001929889],"c":[1,0,0]}]},{"s":[{"p":[-0.006705572,-0.008294566,0.003925354],"r":[358.9183,0.2675478,1.43992],"s":[0.1750004,0.1750005,0.1750004],"c":[1,1,1],"b":["when starts then become next in 28s"]},{"p":[-0.006705572,-0.008294566,0.003925354],"r":[358.9183,0.2675478,1.43992],"s":[0.1750004,0.1750005,0.1750004],"c":[1,1,1],"b":["when starts then become previous","when starts then tell any pp"]}]}]}