{"n":"light","v":2,"p":[{"b":5,"t":3,"s":[{"p":[0,0,0],"r":[0,0,8.537737E-07],"s":[0.005000009,0.005000004,1.157732],"c":[0.9904761,1,0.6666666]}]}]}