{"n":"thing","v":1,"a":[7,18],"p":[{"b":6,"t1":10,"s":[{"p":[0.9892349,-0.2172735,-2.990712],"r":[2.87871E-13,90,-2.878709E-13],"s":[0.6347895,0.1777758,5.070738],"c":[1,1,1],"t1":{"c":[0.2857142,1,0],"a":0}}]},{"b":6,"t1":10,"s":[{"p":[-1.651932,-0.1951773,-2.078038],"r":[3.667075E-06,270,180],"s":[2.056364,0.178187,0.6219215],"c":[1,1,1],"t1":{"c":[0.2857142,1,0],"a":0}}]}]}