{"n":"laser bolt","v":1,"a":[1,2,7,12,16,18],"p":[{"b":69,"t":3,"pr":5,"s":[{"p":[-0.0007515029,0.0004258241,0.04890443],"r":[270,0,0],"s":[0.00824012,0.05866313,0.00700954],"c":[1,0.1714284,0],"b":["when touched then become 2","when starts then play gun shot 3"],"pr":{"c":[0,1,1],"m":0.25,"a":0.25,"s":0.15,"z":0.25,"g":0.5,"h":0.25}},{"p":[-0.003215805,0.0006323169,0.172904],"r":[270,1.931869E-05,0],"s":[0.01724637,0.0125436,0.01744137],"c":[1,0.1714284,0],"b":["when starts then send one nearby onto dead","when starts then become 3 in 0.2s"],"pr":{"c":[1,0.1714285,0],"m":0.2026501,"a":0.25,"s":0.15,"z":0.25,"g":0.5,"h":0.25}},{"p":[0.00551413,-0.002298335,0.1215658],"r":[270,9.659346E-06,0],"s":[0.02146943,0.0126055,0.02111903],"c":[1,1,1],"b":["when starts then destroy all parts","when starts then play lightsword hit 4"],"pr":{"c":[0,1,1],"m":0.306138,"a":0.25,"s":0.15,"z":0.4283116,"g":0.5,"h":0.25}}]}]}