{"n":"death trooper blast","v":2,"a":[2,7,12,16,18],"p":[{"b":4,"t":8,"a":[12],"s":[{"p":[0,0,0],"r":[0,0,3.415095E-06],"s":[0.00500097,0.005001053,0.005000824],"c":[1,1,1]}]},{"b":69,"t":3,"s":[{"p":[0.0001287162,0.0003471457,0.1377954],"r":[90,180,0],"s":[0.009312936,0.06601691,0.008157664],"c":[1,0.1714283,0],"b":["when touched then become 2 in 0.2s"]},{"p":[-5.960464E-08,1.693542E-08,0.2841291],"r":[270,7.513435E-06,0],"s":[0.01500047,0.009358694,0.01460025],"c":[1,0.1714283,0],"b":["when starts then become next in 0.2s","when starts then send one nearby onto dead"]},{"p":[-5.960464E-08,1.669679E-08,0.2801256],"r":[270,-7.154868E-06,0],"s":[0.01794747,0.009027993,0.01354492],"c":[1,1,1],"b":["when starts then destroy all parts","when starts then play lightsword hit 4"]}]}]}