{"n":"thing","v":2,"p":[{"b":14,"t":9,"s":[{"p":[0,0,0],"r":[0,0,0],"s":[0.05353562,0.06012237,0.06000017],"c":[0,0,0]}]},{"b":50,"t":9,"s":[{"p":[-0.1017427,0.004105311,0.05803314],"r":[2.541046,74.11678,359.4929],"s":[0.1921427,0.1508193,0.1250003],"c":[0,0,0]}]},{"b":76,"t":9,"s":[{"p":[-0.1864334,0.01021195,-0.02785865],"r":[17.60802,281.4624,88.19892],"s":[0.07500032,0.07500052,0.07500023],"c":[0,0,0]}]},{"b":73,"t":3,"s":[{"p":[-0.202808,0.006076738,-0.03971551],"r":[334.7744,75.9081,331.2845],"s":[0.1210154,0.1210153,0.1210154],"c":[1,1,1]}]}]}