{"n":"thing","v":2,"p":[{"b":136,"e":"JITS","s":[{"p":[0,0,0],"r":[0,0,0],"s":[0.04284455,0.04284455,0.04284455],"c":[1,0,0]}]}]}