{"n":"thing","v":2,"a":[7,18],"p":[{"b":9,"t2":26,"s":[{"p":[0,0,0],"r":[0,0,0],"s":[4.841187,0.0554083,7.160017],"c":[0.1015872,0.2222221,0],"t2":{"c":[0.1015872,0.2222221,0],"x":0.5,"y":0.6597787,"a":0.8925,"m":0,"n":0,"r":0,"g":0,"o":0.5,"t":0.5,"e":0.5}}]},{"b":9,"t1":26,"s":[{"p":[3.930856,0.04432755,-9.236718],"r":[-1.001791E-05,8.142219E-13,90],"s":[0.005,8.736506,1.829278],"c":[0.1015872,0.2222221,0],"t1":{"c":[0.1015872,0.2222221,0],"x":0.5797155,"y":0.4212067,"a":0.8925,"m":0,"n":0,"r":0,"g":0,"o":0.5,"t":0.5,"e":0.5}}]}]}