{"n":"thing","v":1,"a":[7,18],"p":[{"b":5,"s":[{"p":[0,0,0],"r":[0,0,0],"s":[150,150,0.02836574],"c":[0.07619032,0.6666667,0]}]}]}