{"n":"thing","v":2,"a":[7,18],"p":[{"t":8,"a":[5,12],"s":[{"p":[0,0,0],"r":[0,0,0],"s":[0.2522148,0.4592339,0.2096692],"c":[1,1,1]}]}]}