{"n":"thing","v":2,"p":[{"b":10,"s":[{"p":[0,0,0],"r":[0,0,5.336085E-08],"s":[0.318009,0.125,0.3048706],"c":[0.3333332,0.1386242,0.03703704]}]},{"b":8,"s":[{"p":[0.004778634,0.9322036,-0.1009993],"r":[273.3132,177.3243,127.5195],"s":[0.3634589,0.350701,0.7098232],"c":[0,1,0.9142858]}]}]}