{"n":"bullet","v":2,"a":[21],"p":[{"b":5,"s":[{"p":[0,0,0],"r":[0,0,0],"s":[0.004061249,0.004060362,0.01612896],"c":[0.7629629,0.7777778,0.2592591]}]},{"b":16,"s":[{"p":[-0.0002812147,-5.484238E-06,0.006653311],"r":[90,9.659346E-06,0],"s":[0.003425156,0.002828398,0.00372721],"c":[0.7629629,0.7777778,0.2592591],"b":["when "]}]}]}