{"n":"thing","v":2,"a":[22],"p":[{"s":[{"p":[0,0,0],"r":[0,0,0],"s":[0.8397391,2.290299,0.09630873],"c":[0.5396826,0.5555556,0]}]},{"b":17,"s":[{"p":[0.3074743,-0.03296662,-0.05222362],"r":[337.5,90.00002,270],"s":[0.06001033,0.005000232,0.049592],"c":[0.9746031,1,0.111111]}]}]}