{"n":"thing","v":2,"a":[31],"p":[{"b":73,"s":[{"p":[0,0,0],"r":[0,0,0],"s":[0.6506603,0.6506584,0.6506602],"c":[1,1,1]}]},{"b":69,"s":[{"p":[-0.08136185,0.1246325,0.2824688],"r":[44.5955,42.48551,228.0196],"s":[0.3023993,0.3024,0.3024003],"c":[1,1,1]}]}]}