{"n":"block","v":2,"p":[{"b":64,"s":[{"p":[0,0,0],"r":[0,0,0],"s":[1.809935,0.005,1.661948],"c":[1,1,1]}]}]}