{"n":"ttb1","v":2,"p":[{"b":4,"t":17,"pr":1,"s":[{"p":[0,0,0],"r":[0,0,1.707547E-06],"s":[0.005,0.005,0.04288708],"c":[0.4190476,0,0.6666667],"b":["when touched then become next in 0.1s"],"pr":{"c":[0.6285716,0,1],"m":0.25,"a":0.25,"s":0.15,"z":0.25,"g":0.5,"h":0.25}},{"p":[0,0,0],"r":[0,0,1.707547E-06],"s":[0.005,0.005,0.04288708],"c":[0.4190476,0,0.6666667],"b":["when starts then tell any telly","when told by any telly then become next in 0.1s"],"pr":{"c":[0.6285716,0,1],"m":0.25,"a":0.25,"s":0.15,"z":0.25,"g":0.5,"h":0.25}},{"p":[0,0,0],"r":[0,0,1.707547E-06],"s":[0.005,0.005,0.04288708],"c":[0.4190475,0,0.6666667],"b":["when starts then destroy all parts"],"pr":{"c":[0.6285716,0,1],"m":0.25,"a":0.25,"s":0.15,"z":0.25,"g":0.5,"h":0.25}}]}]}