{"n":"thing","v":2,"a":[7],"p":[{"s":[{"p":[0,0,0],"r":[0,0,0],"s":[5.616321,0.8447295,0.02399056],"c":[1,1,1]}]}]}