{"n":"thing","v":2,"p":[{"t":10,"t1":59,"t2":59,"s":[{"p":[0,0,0],"r":[-8.537737E-07,1.272222E-14,-1.707547E-06],"s":[0.4007706,0.02036743,0.9846791],"c":[1,0.952381,0.6666666],"t1":{"c":[0,0,0],"x":0.6536238,"y":0.3649087,"a":0.7622675,"m":0,"n":0,"r":0,"g":0,"o":0.5,"t":0.5,"e":0.5},"t2":{"c":[0,0,0],"x":0.694185,"y":0.6029623,"a":0.7081352,"m":0,"n":0,"r":0.01933002,"g":0,"o":0.5,"t":0.5,"e":0.5}}]}]}