{"n":"thing","v":2,"a":[6,7],"p":[{"s":[{"p":[0,0,0],"r":[0,0,0],"s":[6.647965,0.008278938,2.956297],"c":[1,1,1]}]}]}