{"n":"thing","v":2,"a":[7],"p":[{"s":[{"p":[0,0,0],"r":[0,0,0],"s":[2.316674,0.01017391,2.944076],"c":[1,1,1]}]}]}