{"n":"thing","v":2,"p":[{"t":8,"a":[12],"s":[{"p":[0,0,0],"r":[0,0,0],"s":[1.566924,0.005,3.190532],"c":[1,1,1]}]}]}