{"n":"thing","v":2,"a":[2,16],"p":[{"b":3,"t":3,"s":[{"p":[0,0,0],"r":[0,0,-5.202683E-07],"s":[0.3183325,0.2977247,0.3150945],"c":[1,0,0]}]}]}