{"n":"thing","v":2,"a":[20],"p":[{"b":73,"im":"856108744052969512/C5C62B0C5D82F5E85F7E46C1990FD055AD22D9A0/","s":[{"p":[0,0,0],"r":[0,0,0],"s":[9.866352,9.866352,9.866291],"c":[0,0,0]}]}]}