{"n":"thing","v":2,"a":[34],"p":[{"b":10,"t1":58,"s":[{"p":[0,0,0],"r":[0,0,0],"s":[26.31923,3.075888,7.709398],"c":[0.7777778,0.6098765,0.4320986],"t1":{"c":[0.2222221,0.160141,0.02469136],"x":0.5,"y":0.5,"a":0.8925,"m":0,"n":0,"r":0,"g":0,"o":0.5,"t":0.5,"e":0.5}}]}]}