{"n":"thing","v":2,"p":[{"b":5,"t":11,"s":[{"p":[0.003040662,0.007028265,0.04016272],"r":[6.300009,2.600731,8.96228],"s":[0.02645207,0.02401836,0.0417447],"c":[0.7777778,0.6790124,0.08641968]}]},{"b":5,"t":11,"s":[{"p":[0.0005948794,0.002656933,0.00172967],"r":[0.698999,0.4875953,0.6110891],"s":[0.03358648,0.03530237,0.06418487],"c":[0.7777778,0.6790124,0.08641968]}]}]}