{"n":"thing","v":2,"p":[{"b":5,"t":1,"pr":4,"s":[{"p":[0,0,0],"r":[0,0,0],"s":[0.1083342,0.1354295,0.1250002],"c":[0.1975307,0.4740737,0.8888889],"pr":{"c":[1,1,1],"m":0.25,"a":0.25,"s":0.15,"z":0.25,"g":0.5,"h":0.25}}]}]}