{"n":"thing","v":2,"p":[{"b":10,"s":[{"p":[0,0,0],"r":[0,0,0],"s":[52.94801,3.075888,14.58286],"c":[0.7777778,0.6098765,0.4320986]}]}]}