{"n":"rock","v":2,"p":[{"b":17,"s":[{"p":[0,0,0],"r":[0,0,0],"s":[0.01850381,0.0185037,0.01850391],"c":[0.5555556,0.5555556,0.5555556]}]},{"b":17,"s":[{"p":[-0.03065862,-0.004619356,-0.00998557],"r":[359.224,15.35217,19.34292],"s":[0.01213661,0.01065384,0.0108656],"c":[0.5555556,0.5555556,0.5555556]}]},{"b":17,"s":[{"p":[0.009368991,-0.0127344,-0.02015859],"r":[354.5668,29.69575,353.6198],"s":[0.01213663,0.01065385,0.01086561],"c":[0.5555556,0.5555556,0.5555556]}]}]}