{"n":"headline","v":2,"a":[20],"p":[{"b":139,"e":"CASTS SHADOW","s":[{"p":[0.08812791,-0.01928764,0.0259632],"r":[5.95025,6.923543,356.2873],"s":[0.002049901,0.002049897,0.002049904],"c":[1,1,1]}]},{"b":139,"e":"DOESN'T CAST SHADOW","s":[{"p":[0.6491323,-0.05014098,-0.03908545],"r":[12.01412,6.108888,354.2986],"s":[0.002049901,0.002049896,0.002049903],"c":[1,1,1]}]}]}