{"n":"thing","v":2,"a":[7,18,21],"p":[{"b":40,"t":1,"s":[{"p":[0.03150522,-0.002190655,0.04461289],"r":[0.4148527,346.8062,1.012622],"s":[0.1167539,0.07454905,0.5081195],"c":[0.444444,0.444444,0.444444]}]},{"b":41,"t":1,"s":[{"p":[-0.0009627424,-0.0006862877,0.04577541],"r":[0.4148426,346.8062,1.012622],"s":[0.1362016,0.07027749,0.3733677],"c":[0.444444,0.444444,0.444444]}]}]}