{"n":"desert","v":2,"a":[22,18],"p":[{"b":17,"t1":146,"s":[{"p":[0,0,0],"r":[0,0,0],"s":[0.9081815,0.03133281,1.867349],"c":[0.6666667,0.5502645,0.2962962],"b":["when told by any boom then become 2 in 0.1s"],"t1":{"c":[0,0,0],"x":0.03283757,"y":0.06865111,"a":0.8925,"m":0,"n":0,"r":0.01843143,"g":0,"o":0.5,"t":0.5,"e":0.5}},{"p":[0,0,0],"r":[0,0,0],"s":[0.9081815,0.03133281,1.867349],"c":[0,0,0],"b":["when told by any stay then become next in 0s"],"t1":{"c":[0,0,0],"x":0.03283757,"y":0.06865111,"a":0.8925,"m":0,"n":0,"r":0.01843143,"g":0,"o":0.5,"t":0.5,"e":0.5}},{"p":[0,0,0],"r":[0,0,0],"s":[0.9081815,0.03133281,1.867349],"c":[0,0,0],"b":["when told by any stay then become previous in 0s"],"t1":{"c":[0,0,0],"x":0.03283757,"y":0.06865111,"a":0.8925,"m":0,"n":0,"r":0.01843143,"g":0,"o":0.5,"t":0.5,"e":0.5}}]}]}