{"n":"headline","v":2,"p":[{"b":139,"e":"THING ATTRIBUTE EXAMPLES","s":[{"p":[0,0,0],"r":[0,0,0],"s":[0.003000009,0.003000006,0.003000011],"c":[1,1,1]}]},{"b":139,"e":"THING PART ATTRIBUTE EXAMPLES","s":[{"p":[-0.03242702,-0.6942368,-0.1822052],"r":[22.87937,358.4018,0.6625683],"s":[0.003000008,0.003000003,0.003000007],"c":[1,1,1]}]}]}