{"n":"spawn","v":2,"a":[7,18],"p":[{"b":3,"s":[{"p":[0,0,0],"r":[0,0,0],"s":[0.3859254,0.06090253,0.4045865],"c":[0.2222221,0.2222221,0.2222221]}]}]}