{"n":"thing","v":2,"a":[21],"p":[{"b":60,"s":[{"p":[0,0,0],"r":[0,0,0],"s":[0.0187722,0.003883263,0.01877222],"c":[0,0,0]}]},{"b":90,"e":"RECALL SHIP","s":[{"p":[-0.01117563,0.005761687,0.01133323],"r":[45,-3.883671E-07,-9.37601E-07],"s":[0.0003143094,0.0003142586,0.0003143063],"c":[1,0,0]}]},{"b":16,"t":2,"s":[{"p":[-0.000683069,0.001850128,0.0003142353],"r":[0,0,-1.001791E-05],"s":[0.004645488,0.00302082,0.004871882],"c":[1,0,0],"b":["when touches hand then tell any reset, then play button click 5, then become next in 0.2s"]},{"p":[-0.000683069,0.001850128,0.0003142353],"r":[0,0,-1.001791E-05],"s":[0.004645488,0.002071263,0.004871882],"c":[0.4444443,0,0],"b":["when starts then become 1 in 0.2s"]}]}]}