{"n":"thing","v":2,"p":[{"b":3,"s":[{"p":[0,0,0],"r":[0,0,-8.537735E-07],"s":[0.125,0.125,0.125],"c":[1,1,1],"b":["when touches hand then send one nearby onto moon"]}]},{"b":20,"e":"TO THE MOON!","s":[{"p":[-0.2435195,0.02872971,-0.1112847],"r":[23.21377,348.7639,47.19436],"s":[0.007200737,0.007200746,0.007200744],"c":[1,1,1]}]}]}