{"n":"thing","v":2,"p":[{"b":20,"e":"LOOK RIGHT","s":[{"p":[0,0,0],"r":[0,0,0],"s":[0.007117813,0.007117814,0.00711782],"c":[1,0,0]}]},{"b":20,"e":"-->","s":[{"p":[0.08654473,-0.06840328,0.00334396],"r":[3.069762,359.5656,2.308515],"s":[0.00711783,0.007117819,0.007117839],"c":[1,0,0]}]}]}