{"n":"thing","v":2,"p":[{"b":3,"t":8,"a":[12],"s":[{"p":[0,0,0],"r":[0,0,0],"s":[0.06676619,0.06064545,0.02622422],"c":[1,1,1],"b":["when starts then send one nearby onto ride, then become next in 0s"]},{"p":[0,0,0],"r":[0,0,0],"s":[0.06676619,0.06064545,0.02622422],"c":[1,1,1],"b":["when touched then send one nearby onto ride, then become next in 0s"]},{"p":[0,0,0],"r":[0,0,0],"s":[0.06676619,0.06064545,0.02622422],"c":[1,1,1],"b":["when touched then send one nearby onto ride, then become 2 in 0s"]}]},{"b":3,"t":8,"a":[12],"s":[{"p":[0.002020157,0.001321189,-0.01671928],"r":[0.9088506,353.2573,4.31448],"s":[0.03092121,0.02607477,0.013388],"c":[1,1,1],"b":["when told by any crashed then destroy all parts"]}]}]}