{"n":"ground","v":1,"a":[1,7,18],"p":[{"s":[{"p":[-0.1914496,0.1008682,-2.599257],"r":[270,180,0],"s":[150,150,0.1782596],"c":[0.09523795,0.3333332,0]}]}]}