{"n":"thing","v":2,"a":[6,7,8,18],"p":[{"b":3,"pr":7,"s":[{"p":[0,0,0],"r":[0,0,0],"s":[0.4433046,0.2190551,0.4597742],"c":[1,1,1],"b":["when told by any start2 then become 2 in 0.2s"],"pr":{"c":[1,1,1],"a":0}},{"p":[0,0,0],"r":[0,0,0],"s":[0.4433046,0.2190551,0.4597742],"c":[1,1,1],"b":["when starts then become 3 in 5s"],"pr":{"c":[1,1,1],"a":0.7443237}},{"p":[0,0,0],"r":[0,0,0],"s":[0.4433046,0.2190551,0.4597742],"c":[0,1,1],"b":["when starts then become 1 in 0.2s"],"pr":{"c":[0,1,1],"a":0.7443237}}]}]}