{"n":"thing","v":2,"a":[7,18],"p":[{"b":7,"t":13,"t1":15,"s":[{"p":[0,0,0.0118866],"r":[0,0,0],"s":[0.70105,0.9384509,0.1178733],"c":[0.3333332,0.3333332,0.3333332],"t1":{"c":[0,0,0],"x":0.07955354,"y":0.1176471,"a":0.8925,"m":0.5,"n":0.5,"r":0,"g":0,"o":0.5,"t":0.5,"e":0.5}}]},{"b":7,"t":13,"t1":15,"s":[{"p":[0,0,0],"r":[0,0,0],"s":[0.7474,0.9988633,0.1318353],"c":[1,1,1],"t1":{"c":[1,1,1],"x":0.07955354,"y":0.1176471,"a":0.8925,"m":0.5,"n":0.5,"r":0,"g":0,"o":0.5,"t":0.5,"e":0.5}}]}]}