{"n":"thing","v":2,"a":[22,18],"p":[{"b":17,"t1":108,"s":[{"p":[9.759323,-3.104083,0.972239],"r":[20.70482,350.9928,335.8513],"s":[7.848663,0.1056632,1.065565],"c":[0.3333332,0.3333332,0.3333332],"t1":{"c":[0,0,0],"x":0.0104928,"y":0.04496467,"a":1,"m":0,"n":0,"r":0,"g":0,"o":0.5,"t":0.5,"e":0.5}}]},{"b":17,"t1":108,"s":[{"p":[4.067916,-0.08027716,-0.3311393],"r":[28.23489,14.34325,345.6568],"s":[12.52547,0.05492039,0.8150573],"c":[0.333333,0.333333,0.333333],"t1":{"c":[0,0,0],"x":0.0104928,"y":0.04496467,"a":1,"m":0,"n":0,"r":0,"g":0,"o":0.5,"t":0.5,"e":0.5}}]}]}