{"n":"thing","v":2,"p":[{"b":14,"t":8,"a":[12],"su":[{"i":"5a05696895a60a09e02abd82","t":"5a056967921ab18913584e2e","p":[0.003505826,-0.001473597,-0.01099335],"r":[0.4748221,11.2135,356.9074]}],"s":[{"p":[0,0,0],"r":[1.707547E-06,-5.088888E-14,-3.415095E-06],"s":[0.03097043,0.03031638,0.02760636],"c":[1,1,1]}]}]}