{"n":"thing","v":2,"a":[7,18],"p":[{"a":[1,2],"s":[{"p":[0,0,0],"r":[0,0,0],"s":[2.331616,0.02270434,1.561659],"c":[0,0,0]}]}]}