{"n":"thing","v":2,"a":[2],"inc":[["fiya tornado","5949af4a2fe336e95cdac4a9"]],"p":[{"b":7,"s":[{"p":[0.00410755,0.1393283,-0.02101432],"r":[347.7111,4.726471,2.031887],"s":[0.005000016,0.08295558,0.4142153],"c":[0,1,0.7428571]}]},{"b":7,"t":11,"s":[{"p":[0.0004303381,-0.1248028,-0.02474571],"r":[21.58431,5.064753,354.0633],"s":[0.005000019,0.08295562,0.4142157],"c":[0,0.05714257,1],"b":["when starts then emit fiya tornado"]}]},{"b":7,"t":11,"s":[{"p":[0.00329008,0.002818428,0.002136881],"r":[358.2729,2.558882,2.300912],"s":[0.005000022,0.08295564,0.4142156],"c":[0.9714286,1,0]}]}]}