{"n":"thing","v":2,"a":[31],"p":[{"b":3,"t":3,"s":[{"p":[0,0,0],"r":[0,0,0],"s":[0.05064765,0.05064765,0.05064765],"c":[1,1,1]}]}]}