{"n":"floor peice","v":1,"a":[7,18],"p":[{"t":17,"s":[{"p":[0,0,0],"r":[0,0,0],"s":[3.753805,0.05297636,2.054168],"c":[0.2962957,0.8888889,0.8380953]}]},{"s":[{"p":[-1.904438,0,0.03286946],"r":[0,0,1.001791E-05],"s":[0.06180439,0.06280714,2.133269],"c":[0.647619,0.6666667,0]}]},{"s":[{"p":[0.02431476,0,-1.011495],"r":[1.001791E-05,270,1.001791E-05],"s":[0.06170705,0.06270971,3.863762],"c":[0.647619,0.6666667,0]}]},{"s":[{"p":[0.024315,0,0.9965968],"r":[1.001791E-05,270,1.001791E-05],"s":[0.06575091,0.06273479,3.852234],"c":[0.647619,0.6666667,0]}]}]}