{"n":"thing","v":2,"a":[7,18],"p":[{"t":11,"s":[{"p":[0,0,0],"r":[0,0,0],"s":[1.182234,4.193675,1.182226],"c":[1,1,1]}]}]}