{"n":"thing","v":2,"a":[7,18,20],"p":[{"b":3,"t":3,"s":[{"p":[0,0,0],"r":[0,0,0],"s":[0.1250065,0.1250041,0.1250056],"c":[0,0,0],"b":["when starts then become 2 in 5s"],"pr":{"c":[1,0,0],"m":0.25,"a":0.25,"s":0.15,"z":0.25,"g":0.5,"h":0.25}},{"p":[0,0,0],"r":[0,0,0],"s":[0.1250065,0.1250041,0.1250056],"c":[1,0,0],"b":["when starts then become 1 in 5s"],"pr":{"c":[1,0,0],"m":0.25,"a":0.25,"s":0.15,"z":0.25,"g":0.5,"h":0.25}}]},{"b":14,"s":[{"p":[0.2199879,-0.0009804354,0.004662276],"r":[1.609983E-05,90.00001,-1.072953E-06],"s":[0.06003267,0.06002622,0.1080187],"c":[1,1,1]}]}]}