{"n":"thing","v":2,"a":[7],"p":[{"s":[{"p":[0,0,0],"r":[0,0,0],"s":[0.433507,0.1750039,0.4422583],"c":[1,1,1]}]}]}