{"n":"smoke bot","v":1,"a":[2,3,14,15,17],"inc":[["1","59a4ce338c78212f104f0564"]],"p":[{"b":3,"t":1,"a":[3],"s":[{"p":[0,0,0],"r":[0,0,0],"s":[0.06100592,0.0610025,0.06100167],"c":[0,0,0],"b":["when starts then all parts face up"]}]},{"b":5,"t":12,"a":[14],"s":[{"p":[-0.000939131,0.001609325,0.0008153765],"r":[2.544444E-13,180,180],"s":[0.04944043,0.04952293,0.01367373],"c":[0.6666667,0.6666667,0.6666667],"b":["when destroyed then emit gravity-free 1 with 0, destroy all parts"]}]}]}