{"n":"artscanner","v":2,"a":[7,18],"p":[{"t":7,"s":[{"p":[0,0,0],"r":[0,0,0],"s":[0.1927724,0.08002047,0.1241609],"c":[0,0.7428569,1],"b":["when starts then become untweened 2 in 0.05s"]},{"p":[0,0,0],"r":[0,0,0],"s":[0.1927724,0.08002047,0.1241609],"c":[0,0.7428569,1],"b":["when starts then destroy all parts"]}]}]}