{"n":"sun","v":2,"a":[7,18],"p":[{"b":73,"t1":10,"t2":59,"s":[{"p":[0,0,0],"r":[0,0,0],"s":[0.1736221,0.1736225,0.1736222],"c":[1,0.8571429,0],"t1":{"c":[1,0.8571429,0],"a":0.7111149},"t2":{"c":[1,0,0],"x":0.5787697,"y":0.5,"a":0.7003785,"m":0,"n":0,"r":0,"g":0,"o":0.5,"t":0.5,"e":0.5}}]}]}