{"n":"thing","v":1,"a":[20],"p":[{"b":10,"t":3,"s":[{"p":[0,0,0],"r":[0,0,0],"s":[0.1250004,0.1250002,0.1250005],"c":[1,1,1]}]}]}