{"n":"thing","v":2,"p":[{"t":3,"s":[{"p":[0,0,0],"r":[0,0,0],"s":[25.30326,3.083485,3.080462],"c":[0,1,1]}]}]}