{"n":"thing","v":2,"a":[2,14,17],"p":[{"b":9,"a":[3],"s":[{"p":[0,0,0],"r":[0,0,0],"s":[0.04000616,0.04000606,0.04000614],"c":[1,1,1],"b":["when let go then become 2 in 1s"]},{"p":[0,0,0],"r":[0,0,0],"s":[0.04000616,0.04000606,0.04000614],"c":[1,1,1],"b":["when starts then become 3 in 0.2s"]},{"p":[0,0,0],"r":[0,0,0],"s":[6.253427,6.253427,6.253427],"c":[1,1,1]}]}]}