{"n":"thing","v":2,"a":[7,13,18],"p":[{"b":2,"s":[{"p":[0,0,0],"r":[0,0,0],"s":[3.559811,3.46676,2.237973],"c":[0.3333332,0.3333332,0.3333332]}]}]}