{"n":"thing","v":2,"p":[{"s":[{"p":[0,0,0],"r":[0,0,1.000516E-08],"s":[1.198776,0.175,1.312269],"c":[0.4444443,0.4444443,0.4444443]}]},{"b":9,"s":[{"p":[-0.4578103,0.7629284,0.4827222],"r":[297.3048,301.0388,24.56837],"s":[0.1250001,0.1250001,0.1250001],"c":[1,0,0.3428572],"b":["when touched then tell move"]}]},{"a":[1,2,5],"s":[{"p":[0.1217097,0.9061534,0.4849387],"r":[273.8029,136.8238,233.2253],"s":[0.6926881,0.005000014,0.447377],"c":[0.111111,0.09876534,0.1029981]}]}]}