{"n":"teleport","v":2,"p":[{"s":[{"p":[0,0,0],"r":[8.537737E-07,-3.180555E-15,-4.268868E-07],"s":[0.6561955,0.428481,0.4442589],"c":[1,1,1],"b":["when touches hand then send one nearby onto teleport2"]}]}]}