{"n":"thing","v":2,"a":[22,18],"p":[{"t":4,"t1":18,"s":[{"p":[0,0,0],"r":[5,0,0],"s":[1.318214,2.089179,0.3590743],"c":[0.4656082,0.6666667,0.2962961],"t1":{"c":[0.626455,0.6666667,0.5925926],"x":0.17,"y":0.6305189,"a":0.8925,"m":0.5,"n":0.5,"r":0,"g":0,"o":0.5,"t":0.5,"e":0.5}}]}]}