{"n":"thing","v":1,"a":[7,13,20],"p":[{"t1":34,"s":[{"p":[-0.618243,0.0001243427,0.03284955],"r":[0,0,2.049057E-05],"s":[4.028277,0.1070023,2.283165],"c":[0.6049383,0.7777778,0.7777778],"t1":{"c":[0.4444444,0.6666667,0.6666667],"x":0.5,"y":0.5,"a":0.8925,"m":0,"n":0,"r":0,"g":0,"o":0.5,"t":0.5,"e":0.5}}]},{"t1":34,"s":[{"p":[-3.115639,-0.001419663,-1.011708],"r":[270,-9.659345E-06,0],"s":[1.040111,0.1925666,0.1083606],"c":[0.6049383,0.7777778,0.7777778],"t1":{"c":[0.4444444,0.6666667,0.6666667],"x":0.5,"y":0.5,"a":0.8925,"m":0,"n":0,"r":0,"g":0,"o":0.5,"t":0.5,"e":0.5}}]},{"t1":34,"s":[{"p":[-5.011866,-0.003208101,0.06839848],"r":[0,0,0],"s":[2.80638,0.1071165,2.358954],"c":[0.6049383,0.7777778,0.7777778],"t1":{"c":[0.4444444,0.6666667,0.6666667],"x":0.5,"y":0.5,"a":0.8925,"m":0,"n":0,"r":0,"g":0,"o":0.5,"t":0.5,"e":0.5}}]},{"t1":30,"s":[{"p":[-2.51291,-3.106553,1.494087],"r":[3.415095E-06,180,0],"s":[7.811606,6.325684,0.7424487],"c":[0.4444443,0.4444443,0.4444443],"t1":{"c":[0.5555556,0.5555556,0.5555556],"x":0.5,"y":0.5,"a":0.8925,"m":0,"n":0,"r":0,"g":0,"o":0.5,"t":0.5,"e":0.5}}]}]}