{"n":"thing","v":1,"a":[20],"p":[{"s":[{"p":[0,4.656613E-10,-0.004761816],"r":[0,0,-1.502687E-05],"s":[0.1221286,0.1246272,0.3901312],"c":[1,0.7904761,0.3333331],"b":["when starts then become 2 in 1s"]},{"p":[0.009675996,0.05565834,0.001421206],"r":[18.87536,354.4337,341.3136],"s":[0.1221287,0.1246272,0.3901312],"c":[1,0.7904761,0.333333],"b":["when starts then become 1 in 1s"]}]},{"s":[{"p":[-0.005950921,0.09355739,-0.1927795],"r":[1.179506,359.9716,90.93881],"s":[0.2373344,0.1246444,0.04806885],"c":[1,0.7904761,0.3333331],"b":["when starts then become 2 in 1s"]},{"p":[0.03573277,0.1656456,-0.1819938],"r":[18.79501,357.5699,75.48952],"s":[0.2373343,0.1246442,0.04806881],"c":[1,0.7904761,0.3333331],"b":["when starts then become 1 in 1s"]}]}]}