{"n":"ground","v":1,"a":[1,7],"p":[{"b":17,"s":[{"p":[0,0,0],"r":[0,0,0],"s":[150,0.1106302,150],"c":[0.03703704,0.111111,0.06666657]}]}]}