{"n":"bullet","v":2,"a":[21],"p":[{"b":5,"s":[{"p":[0,0,0],"r":[0,0,0],"s":[0.008488373,0.008486526,0.03371108],"c":[0.7629629,0.7777778,0.2592591]}]},{"b":16,"s":[{"p":[-0.0005877921,-1.139892E-05,0.01390647],"r":[90,9.659347E-06,0],"s":[0.007158878,0.005911609,0.00779021],"c":[0.7629629,0.7777778,0.2592591],"b":["when "]}]}]}