{"n":"sand","v":2,"a":[7,18],"p":[{"t1":13,"s":[{"p":[0,0,0],"r":[0,0,0],"s":[0.1750672,27.52234,41.55706],"c":[1,0.952381,0.6666666],"t1":{"c":[1,0.9682539,0.7777778],"x":0.17,"y":0.17,"a":0.8925,"m":0.5,"n":0.5,"r":0,"g":0,"o":0.5,"t":0.5,"e":0.5}}]}]}