{"n":"thing","v":2,"p":[{"b":15,"t":15,"pr":2,"s":[{"p":[0,0,0],"r":[0,0,0],"s":[0.1250015,0.1250006,0.1250018],"c":[1,0,0.8571426],"b":["when touched then send nearby onto spot1"],"pr":{"c":[1,0,0.8571426],"m":0.25,"a":0.25,"s":0.15,"z":0.25,"g":0.5,"h":0.25}}]}]}