{"n":"thing","v":2,"p":[{"b":10,"t":8,"a":[12],"su":[{"i":"5a0b8c94be12903d7c71f755","t":"5a0b8c9522e7d72a100ad065","p":[-0.0817261,0.5840359,0.1850365],"r":[297.1122,325.9221,0.1092606]}],"s":[{"p":[0,0,0],"r":[0,0,0],"s":[0.005,0.01315992,0.005],"c":[1,1,1]}]}]}