{"n":"artscanner","v":2,"a":[7,18],"p":[{"t":16,"s":[{"p":[-0.007114889,0,0],"r":[0,0,0],"s":[0.2030695,0.1242883,0.03552039],"c":[0,0.7428569,1],"b":["when starts then become untweened 2 in 0.005s"]},{"p":[-0.007114889,0,0],"r":[0,0,0],"s":[0.2030695,0.1242883,0.03552039],"c":[0,0.9142855,1],"b":["when starts then destroy all parts"]}]}]}