{"n":"thing","v":2,"p":[{"b":17,"s":[{"p":[0,0,0],"r":[1.28066E-06,-1.192708E-14,-1.067217E-06],"s":[0.3037844,0.2478334,0.311202],"c":[0.1975307,0.8888889,0.3555555],"b":["when touched then become 2 in 0.2s","when touched then play no voice"]},{"p":[-0.1595817,0.179143,-0.03023534],"r":[344.3293,339.5642,14.25277],"s":[0.3037847,1.122259,0.322805],"c":[0.8888889,0.3160492,0.1975307],"b":["when starts then become 3 in 0.5s"]},{"p":[0,0,0],"r":[5.976416E-06,-6.830189E-06,2.134431E-07],"s":[0.3037844,0.2478334,0.311202],"c":[0.9714286,1,0],"b":["when starts then become 1 in 0.2s"]}]}]}