{"n":"thing","v":2,"a":[20,21],"p":[{"b":73,"t":15,"a":[17,24],"s":[{"p":[0,0,0],"r":[0,0,0],"s":[32.82427,32.82426,32.82426],"c":[1,1,1]}]}]}