{"n":"mega soap","v":2,"a":[1,2,3],"p":[{"b":69,"s":[{"p":[-0.04622756,-0.1710419,-0.1215471],"r":[339.9889,96.01332,91.76962],"s":[0.07500014,0.075,0.07499997],"c":[0.8832451,0.8888889,0.691358],"b":["when triggered then tell boom"]}]},{"b":129,"e":"MEGA SOAP","s":[{"p":[-0.1135119,-0.1578402,-0.0501274],"r":[3.074147,96.25064,1.6888],"s":[0.003000006,0.003000007,0.003000008],"c":[0,0,0]}]},{"b":10,"t":8,"a":[5,12],"s":[{"p":[-0.09020689,-0.1350048,-0.1110333],"r":[354.476,324.4834,110.7979],"s":[0.005000005,0.005000006,0.005000003],"c":[1,1,1],"b":["when told boom then become next in 0.2s"]},{"p":[-0.002960929,-0.004294207,-0.01601593],"r":[37.98568,329.3783,121.805],"s":[25.93533,25.93533,25.93533],"c":[1,1,1],"b":["when trigger let go then become next in 0.2s"]}]}]}