{"n":"gllassidy glass glasssssssssssss","v":2,"a":[2],"p":[{"b":5,"t":7,"s":[{"p":[0,0,0],"r":[0,0,0],"s":[0.03677093,0.04547835,0.1562525],"c":[1,0,0.3428572]}]}]}