{"n":"thing","v":2,"p":[{"s":[{"p":[0,0,0],"r":[0,0,-4.378969E-13],"s":[0.04369383,0.6249644,0.4241136],"c":[1,1,1]}]}]}