{"n":"infinity","v":2,"a":[7,20],"p":[{"s":[{"p":[0,0,0],"r":[0,0,0],"s":[13.96992,29.98196,0.1750007],"c":[1,1,1]}]}]}