{"n":"thing","v":2,"p":[{"b":2,"su":[{"i":"5a0cc5e95ed0b517304243e2","t":"5a0cca7385fb2d1f10a880b1","p":[0.7093015,0.008528287,-0.09024841],"r":[0.8180241,85.00874,344.5005]}],"s":[{"p":[0,0,0],"r":[0,0,0],"s":[0.1250007,0.0434223,0.1596202],"c":[1,1,1],"b":["when starts then become next in 4s"]},{"p":[0.02165547,0.0119852,-0.05636829],"r":[359.7441,307.8057,0.3720244],"s":[0.1250008,0.04342252,0.1596207],"c":[1,1,1],"b":["when starts then become next in 4s"]}]}]}