{"n":"thing","v":2,"p":[{"b":6,"s":[{"p":[0,0,0],"r":[0,0,0],"s":[0.005000009,0.03800558,0.1250004],"c":[0.1142855,1,0],"b":["when touches hand then send one nearby to bulbs lift"]}]},{"s":[{"p":[-0.03431664,-0.5045042,0.2933528],"r":[358.2172,174.8422,91.68531],"s":[0.8538537,0.005000008,1.463605],"c":[0.6666667,0.6666667,0.6666667],"b":["when touches hand then send one nearby to bulbs lift"]}]}]}