{"n":"thing","v":2,"p":[{"b":130,"e":"GTG\nSRY","s":[{"p":[0,0,0],"r":[0,0,-2.134434E-07],"s":[0.02210785,0.02210782,0.02210784],"c":[1,1,1]}]}]}