{"n":"thing","v":2,"a":[7,18,21],"p":[{"b":11,"t1":96,"s":[{"p":[0,0,0],"r":[0,0,0],"s":[0.04562287,0.7566192,0.7565635],"c":[0.08641965,0.1047618,0.111111],"t1":{"c":[1,0.1714285,0],"x":0.235405,"y":0.7191472,"a":0.8925,"m":0,"n":0,"r":0,"g":0,"o":0.5,"t":0.5,"e":0.5}}]}]}