{"n":"thing","v":2,"p":[{"b":4,"t1":84,"s":[{"p":[0,0,0],"r":[0,0,0],"s":[2.726139,1.815525,0.1939349],"c":[1,1,1],"t1":{"c":[0,1,1],"x":0.0869329,"y":0.7645535,"a":0.8925,"m":0,"n":0,"r":0,"g":0,"o":0.5,"t":0.5,"e":0.5}}]}]}