{"n":"thing","v":2,"p":[{"b":9,"t1":76,"s":[{"p":[0,0,0],"r":[0,0,0],"s":[0.1186973,0.1250007,0.01945424],"c":[1,1,1],"b":["when starts then become next in 0.5s"],"t1":{"c":[1,0,0.8571426],"x":0.5,"y":0.5,"a":0.8925,"m":0,"n":0,"r":0,"g":0,"o":0.5,"t":0.5,"e":0.5}},{"p":[0,0,0],"r":[0,0,0],"s":[0.1186973,0.1250007,0.01945424],"c":[1,1,1],"b":["when starts then become next in 0.5s"],"t1":{"c":[1,0,0.8571426],"x":0.7001164,"y":0.5,"a":0.8925,"m":0,"n":0,"r":0,"g":0,"o":0.5,"t":0.5,"e":0.5}}]}]}