{"n":"thing","v":2,"p":[{"a":[1],"s":[{"p":[0,0,0],"r":[0,0,0],"s":[0.1750002,0.1750001,0.1750001],"c":[0.9714285,0,1]}]}]}