{"n":"thing","v":2,"a":[7],"p":[{"s":[{"p":[0,0,0],"r":[0,0,0],"s":[3.526752,4.594563,0.04153626],"c":[0.3333332,0.3333332,0.3333332]}]}]}