{"n":"teleportground","v":2,"a":[2,13,16,31],"p":[{"b":3,"t":3,"s":[{"p":[0,0,0],"r":[0,0,3.415095E-06],"s":[0.04235876,0.04235876,0.04235876],"c":[0,0.2222221,0.2222221],"b":["when touched then tell any tlphit, become untweened 2","when told by any tlpkill then destroy all parts"]},{"p":[0,0,0],"r":[0,0,3.415095E-06],"s":[0.04235876,0.04235876,0.04235876],"c":[0,0.05714257,1],"b":["when told by any tlpkill then destroy all parts"]}]}]}