{"n":"thing","v":2,"p":[{"s":[{"p":[0,0,0],"r":[0,4.268868E-07,0],"s":[0.1750004,0.1750003,0.1750003],"c":[1,1,1]}]}]}