{"n":"thing","v":2,"p":[{"b":3,"s":[{"p":[0,0,0],"r":[0,0,5.336085E-08],"s":[24.64382,2.528816,7.61019],"c":[0.09523795,0.3333332,0]}]}]}