{"n":"thing","v":2,"p":[{"b":14,"t":2,"s":[{"p":[0.1529511,-0.202323,-1.029836],"r":[19.89566,5.861468,22.93839],"s":[0.06000017,0.0600002,0.06000021],"c":[0.2419752,0.7777778,0.1728394]}]},{"b":14,"t":2,"s":[{"p":[0.1252035,-0.1884936,-1.06669],"r":[339.5416,298.1524,332.3865],"s":[0.06000006,0.06000002,0.06000008],"c":[0.2419752,0.7777778,0.1728394]}]},{"b":14,"t":2,"s":[{"p":[0.1547225,-0.1631209,-1.054398],"r":[295.0169,20.95388,233.3705],"s":[0.06000001,0.05999999,0.06],"c":[0.2419752,0.7777778,0.1728394]}]},{"b":9,"t":4,"s":[{"p":[0.1483248,-0.2126954,-1.094301],"r":[56.91484,73.18094,45.06742],"s":[0.1250001,0.125,0.1250001],"c":[0.6666667,0.6666667,0.6666667]}]}]}