{"n":"thing","v":2,"p":[{"s":[{"p":[-0.04900061,0.08480326,-0.04920381],"r":[15.7787,33.53514,303.4678],"s":[0.07039256,0.02105652,0.005000004],"c":[1,1,1]}]},{"s":[{"p":[-0.03175134,0.06049649,-0.07231589],"r":[37.49882,324.0436,356.293],"s":[0.005000028,0.07895175,0.005000038],"c":[1,1,1]}]},{"b":12,"s":[{"p":[-0.05577824,0.09101707,-0.04466465],"r":[29.93445,290.6917,250.7029],"s":[0.01166229,0.005000012,0.00500002],"c":[1,1,1]}]}]}