{"n":"thing","v":2,"a":[22,18],"p":[{"s":[{"p":[0,0,0],"r":[0,0,0],"s":[0.1545069,10.50901,18.20708],"c":[0.5555556,0.3527335,0.2469134]}]}]}