{"n":"thing","v":2,"a":[7,18],"p":[{"s":[{"p":[0,0,0],"r":[0,0,0],"s":[5.000069,6.951072,0.390045],"c":[0.4444443,0.2285713,0]}]}]}