{"n":"thing","v":2,"a":[1,2,9],"p":[{"b":16,"s":[{"p":[0,0,0],"r":[0,0,0],"s":[0.125,0.125,0.125],"c":[1,0,0.6857142]}]},{"b":16,"s":[{"p":[0.01407076,-0.0301214,0.008137424],"r":[23.91319,350.0324,170.3222],"s":[0.1250001,0.125,0.1250002],"c":[0,0.05714257,1]}]}]}