{"n":"thing","v":2,"a":[2,6,16,31],"p":[{"b":3,"t":8,"a":[12],"pr":22,"s":[{"p":[0,0,0],"r":[0,0,0],"s":[0.1883033,0.1883033,0.1883033],"c":[1,1,1],"pr":{"c":[0.8888889,0,0.6095237],"m":0.3545778,"a":1,"s":0.15,"z":0.5001836,"g":0.5,"h":0.25}}]}]}