{"n":"thing","v":2,"a":[22,18],"p":[{"t":3,"s":[{"p":[0.203311,-5.618704,0.2173371],"r":[0.08022439,358.046,356.8504],"s":[0.5514929,0.06282041,0.1397471],"c":[1,1,1]}]},{"t":3,"s":[{"p":[0.446969,-0.00954479,0.3882875],"r":[356.4524,357.685,357.9063],"s":[0.5514956,0.06282055,0.1397475],"c":[1,1,1]}]},{"s":[{"p":[-3.299177,0.597795,-5.373631],"r":[1.889714,357.1019,87.28868],"s":[1.701154,0.827922,11.37171],"c":[0.5555556,0.3527335,0.2469132]}]}]}