{"n":"purple pill","v":2,"a":[2,14,15],"p":[{"b":61,"t":1,"a":[22],"pr":11,"s":[{"p":[0,0,0],"r":[0,0,0],"s":[0.01963085,0.01961914,0.01961843],"c":[0.9714285,0,1],"pr":{"c":[0.1111111,0.9238093,1],"m":0.25,"a":0.25,"s":0.15,"z":0.25,"g":0.5,"h":0.25}}]},{"b":9,"t":18,"a":[3],"pr":60,"s":[{"p":[0,-0.000130415,0],"r":[0,0,8.537737E-06],"s":[0.01603809,0.01603628,0.01601943],"c":[0.111111,0.771428,1],"b":["when starts then become 2 in 0.5s"],"pr":{"c":[0.9809522,0.3333333,1],"m":0.25,"a":0.07182062,"s":0.15,"z":0.25,"g":0.5206621,"h":0.25}},{"p":[0,-0.000130415,0],"r":[0,0,8.537737E-06],"s":[0.01603809,0.01603628,0.01601943],"c":[0,0.3301584,0.4444443],"b":["when starts then become 1 in 0.2s"],"pr":{"c":[0.9809522,0.3333333,1],"m":0.25,"a":0.07182062,"s":0.15,"z":0.25,"g":0.5050304,"h":0.25}}]}]}