{"n":"thing","v":2,"a":[2],"p":[{"b":10,"t":11,"t1":16,"s":[{"p":[0,0,0],"r":[0,0,0],"s":[0.1250018,0.1250016,0.1250019],"c":[1,0,0.5142855],"t1":{"c":[1,1,1],"x":0.0061028,"y":0.17,"a":0.7323346,"m":0.5,"n":0.5,"r":0.3848178,"g":1,"o":0.5983737,"t":0.4535806,"e":0.4536607}}]}]}