{"n":"nectar aura","v":2,"a":[2,12,16,31],"p":[{"b":3,"s":[{"p":[0.0005888641,0.0009061992,0.3876253],"r":[338.271,344.1482,358.9065],"s":[0.005000019,0.005000011,0.005000012],"c":[1,1,1]}]},{"b":3,"t":8,"a":[12],"pr":22,"s":[{"p":[0.001948677,-0.008321017,0.1843569],"r":[344.4459,0.586619,1.429869],"s":[0.02289658,0.0228963,0.02289635],"c":[1,1,1],"b":["when starts then become next in 1s"],"pr":{"c":[0.8888889,0,0.6095237],"m":0,"a":0.2055554,"s":0.15,"z":0.5001836,"g":0.5,"h":0.25}},{"p":[-0.008790152,0.02891324,-0.00611198],"r":[354.7044,353.1572,356.2096],"s":[0.1989604,0.19896,0.1989601],"c":[1,1,1],"b":["when starts then become next in 30s"],"pr":{"c":[0.8888889,0,0.6095237],"m":0.5835706,"a":1,"s":0.15,"z":0.4827546,"g":0.5,"h":0.25}},{"p":[0.0004456211,0.01066583,-0.03165335],"r":[355.1973,358.8206,356.8356],"s":[0.1883039,0.1883035,0.1883036],"c":[1,1,1],"pr":{"c":[0.8888889,0,0.6095237],"m":0.3545778,"a":0.1328776,"s":0.15,"z":0.2713755,"g":0.5,"h":0.25}}]}]}