{"n":"thing","v":2,"a":[7],"p":[{"s":[{"p":[0,0,0],"r":[0,0,0],"s":[20.12206,0.567413,149.7967],"c":[0.1523807,0.3333331,0]}]}]}