{"n":"thing","v":2,"a":[7,18],"p":[{"t":1,"s":[{"p":[0,0,0],"r":[0,0,0],"s":[12.31524,0.0938977,6.993437],"c":[0.5555556,0.5555556,0.5555556]}]}]}