{"n":"thing","v":2,"p":[{"b":120,"e":"INSIDE HOUSE","s":[{"p":[0.1424542,0.4382567,-0.1331729],"r":[349.0198,90.69527,67.49233],"s":[0.003000007,0.003000007,0.00300001],"c":[1,1,1]}]},{"s":[{"p":[0.2067925,0.5278518,-0.1693822],"r":[336.0035,355.7893,95.98791],"s":[0.3400591,0.1073564,0.1014503],"c":[0,0.5555556,0.126984],"b":["when touches hand then send one nearby onto liftmat"]}]},{"s":[{"p":[0.2118527,0.4729969,-0.3232841],"r":[338.0538,2.999032,96.70335],"s":[0.3400591,0.1073565,0.1014504],"c":[0,0.5555556,0.126984],"b":["when touches hand then send one nearby onto plat1"]}]},{"b":115,"e":"MISC 1","s":[{"p":[0.1405612,0.4275992,-0.2774108],"r":[349.3707,88.0371,70.75665],"s":[0.005419436,0.005419435,0.00541944],"c":[1,1,1]}]}]}