{"n":"dead","v":2,"a":[7,18],"p":[{"b":5,"s":[{"p":[0,0,0],"r":[0,0,0],"s":[0.1250064,0.1249966,0.4693094],"c":[1,0,0]}]}]}