{"n":"thing","v":2,"p":[{"s":[{"p":[0,0,0],"r":[0,0,0],"s":[0.5210707,0.1750004,0.9081907],"c":[1,1,1]}]}]}