{"n":"path","v":2,"p":[{"b":53,"s":[{"p":[-0.4354439,-0.6875678,1.743585],"r":[4.006924,208.0127,358.3194],"s":[0.4529735,0.1250001,0.4825964],"c":[1,1,1]}]},{"b":53,"s":[{"p":[-0.9460626,-0.9931435,2.617392],"r":[359.5038,320.3351,0.08920343],"s":[0.4529739,0.1250002,0.4825971],"c":[1,1,1]}]},{"b":53,"s":[{"p":[-1.622458,-1.263415,3.483239],"r":[357.2316,17.77902,359.5844],"s":[0.4529758,0.1250003,0.4825995],"c":[1,1,1]}]},{"b":53,"s":[{"p":[-2.87593,-1.758493,3.794237],"r":[359.8493,332.9952,0.7489877],"s":[0.4529758,0.1250003,0.4825995],"c":[1,1,1]}]}]}