{"n":"thing","v":2,"p":[{"b":100,"e":"HOLD ON FOR YOUR LIFE","s":[{"p":[0,0,0],"r":[0,0,5.336085E-08],"s":[0.05000183,0.05000086,0.05000268],"c":[0,0,0]}]}]}