{"n":"thing","v":2,"a":[2,8,14],"p":[{"b":3,"a":[18],"pr":1,"s":[{"p":[0,0,0],"r":[0,0,0],"s":[0.005,0.005,0.005],"c":[1,1,1],"b":["when told by any follow then all parts face nearest box, then propel forward with 0.5"],"pr":{"c":[0.1111111,0.9238093,1],"m":0.9527134,"a":0.6295006,"s":0.15,"z":0.5916111,"g":0.5,"h":0.25}},{"p":[0,0,0],"r":[0,0,0],"s":[0.005,0.005,0.005],"c":[1,1,1],"pr":{"c":[0.1111111,0.9238093,1],"m":0.9527134,"a":0.6295006,"s":0.15,"z":0.5916111,"g":0.5,"h":0.25}}]}]}