{"n":"thing","v":2,"a":[7,18,31],"p":[{"b":2,"s":[{"p":[0,0,0],"r":[0,0,0],"s":[0.03340048,0.033401,0.09420037],"c":[0,0.1015871,0.4444443],"b":["when touched then become 2"],"pr":{"c":[0,0.9142855,1],"m":0.25,"a":0.25,"s":0.15,"z":0.25,"g":0.5,"h":0.25}},{"p":[0,0,0],"r":[0,0,0],"s":[0.03340048,0.033401,0.09420037],"c":[0,0.1015871,0.4444443],"b":["when starts then send one nearby onto teleportground, become 3 in 0.05s"],"pr":{"c":[0,0.9142855,1],"m":0.25,"a":0.25,"s":0.15,"z":0.25,"g":0.5,"h":0.25}},{"p":[0,0,0],"r":[0,0,0],"s":[0.03340048,0.033401,0.09420037],"c":[0,0.1015871,0.4444443],"b":["when starts then tell any tlpkill, destroy all parts"],"pr":{"c":[0,0.9142855,1],"m":0.25,"a":0.25,"s":0.15,"z":0.25,"g":0.5,"h":0.25}}]},{"b":2,"t":8,"a":[12,18],"pr":6,"s":[{"p":[0.009254941,-0.001360173,-0.04354859],"r":[5.008957E-06,180,90.00001],"s":[0.005000651,0.005000681,0.005000407],"c":[1,1,1],"pr":{"c":[0,0.9142855,1],"m":0.25,"a":0.25,"s":0.09947649,"z":0.25,"g":0.5,"h":0.25}}]}]}