{"n":"thing","v":2,"p":[{"t":3,"s":[{"p":[0,0,0],"r":[0,0,0],"s":[0.3419567,0.175,0.3415832],"c":[0.8888889,1,1]}]}]}