{"n":"thing","v":2,"p":[{"b":14,"s":[{"p":[0,0,0],"r":[0,0,0],"s":[0.06000018,0.06000023,0.06000022],"c":[1,1,1]}]}]}