{"n":"thing","v":2,"a":[21],"p":[{"b":17,"s":[{"p":[-0.331307,0.2737837,-0.1347798],"r":[348.1328,352.9162,12.84381],"s":[0.129586,0.1295862,0.1295863],"c":[1,1,1]}]},{"b":9,"s":[{"p":[0.1054798,0.01583902,-0.06417313],"r":[355.9366,1.903999,0.01787439],"s":[0.8164327,0.5574994,0.5497274],"c":[0,0,0]}]},{"b":17,"s":[{"p":[0.1800773,0.3663387,-0.2155501],"r":[341.528,17.99225,4.636498],"s":[0.1295859,0.129586,0.1295862],"c":[1,1,1]}]},{"b":36,"s":[{"p":[-0.1367614,0.3207657,-0.4412345],"r":[41.87577,241.5558,32.69021],"s":[0.2699721,0.2699718,0.2699716],"c":[1,1,1]}]}]}