{"n":"thing","v":2,"p":[{"b":10,"s":[{"p":[-0.5070417,0.005005568,-0.4697424],"r":[47.32821,30.57088,335.8757],"s":[0.1250001,0.1250003,0.1250004],"c":[1,1,1]}]},{"b":10,"s":[{"p":[-0.5555644,0.2081107,-0.5191604],"r":[32.79174,329.2014,293.5681],"s":[0.1249998,0.1250001,0.1250002],"c":[1,1,1]}]},{"b":10,"s":[{"p":[-0.6101277,0.5081334,-0.4989313],"r":[352.9319,317.1663,245.6543],"s":[0.1250001,0.1250002,0.1250004],"c":[1,1,1]}]},{"b":10,"s":[{"p":[-0.2191845,0.3572233,-0.09991723],"r":[7.570683,351.8169,268.1283],"s":[0.1250002,0.1250006,0.1250006],"c":[1,1,1]}]}]}