{"n":"thing","v":2,"p":[{"b":9,"s":[{"p":[0,0,0],"r":[0,0,8.537737E-07],"s":[1.351425,1.560178,1.388736],"c":[1,1,1]}]},{"b":9,"s":[{"p":[-1.078028,-3.972666,2.957767],"r":[312.7918,49.39615,104.7324],"s":[1.351424,1.560178,1.388735],"c":[1,1,1]}]}]}