{"n":"thing","v":2,"a":[7,18],"p":[{"s":[{"p":[0,0,0],"r":[0,0,0],"s":[0.02090679,1.251267,0.7233799],"c":[0.9372549,0.9568626,0.470588]}]},{"t":11,"s":[{"p":[-0.002401352,4.293952E-10,0],"r":[0,0,0],"s":[0.02090899,1.202908,0.6572862],"c":[1,1,1],"b":["when touches hand then tell you"]}]},{"b":132,"e":"IT'S YOU!","s":[{"p":[-0.005353719,-0.2787437,0.146071],"r":[1.024528E-05,90,90.00001],"s":[0.006108331,0.006107448,0.006107605],"c":[1,1,1],"b":["when told you then become next in 0.1s"]},{"p":[-0.01725957,-0.2787437,0.146071],"r":[1.024528E-05,90,90],"s":[0.006108446,0.006107444,0.006107454],"c":[1,1,1],"b":["when told you then become next in 0.1s"]}]}]}