{"n":"thing","v":2,"p":[{"b":9,"s":[{"p":[0.2075063,0.2732678,0.2157481],"r":[327.913,18.02775,11.27858],"s":[0.1250003,0.1250001,0.125],"c":[1,1,1]}]},{"b":9,"s":[{"p":[0.1832559,0.2752098,0.2925619],"r":[342.6788,56.18914,336.9619],"s":[0.1250004,0.1250002,0.1250001],"c":[1,1,1]}]},{"b":9,"s":[{"p":[0.1101199,0.1102476,0.05533722],"r":[355.4872,29.21646,12.27671],"s":[0.1250006,0.1250003,0.1250002],"c":[0,0.05714257,1]}]},{"b":9,"s":[{"p":[0.006686112,-0.07134758,-0.0960431],"r":[358.9608,11.98811,30.18081],"s":[0.1250005,0.1250002,0.1250001],"c":[0,0.05714257,1]}]}]}