{"n":"thing","v":2,"a":[1],"p":[{"b":73,"t":3,"pr":27,"s":[{"p":[0,0,0],"r":[0,0,0],"s":[9.900126,9.900113,9.900081],"c":[1,1,1],"b":["when starts then set light range 250"],"pr":{"c":[1,0.8571429,0],"a":0.01620483}}]}]}