{"n":"spawn2","v":2,"a":[7,18],"p":[{"b":5,"t1":16,"s":[{"p":[0,0,0],"r":[0,0,0],"s":[0.1250197,0.1250123,0.1250115],"c":[1,0,0],"t1":{"c":[1,0,0],"x":0.17,"y":0.17,"a":0.8925,"m":0.5,"n":0.5,"r":0,"g":0,"o":0.5,"t":0.5,"e":0.5}}]}]}