{"n":"thing","v":2,"a":[7,18],"p":[{"b":60,"s":[{"p":[0,0,0],"r":[0,0,0],"s":[2.027121,0.0597775,1.381949],"c":[1,1,1]}]},{"b":60,"t":2,"a":[3],"s":[{"p":[8.412427E-09,0.03207565,-3.72529E-09],"r":[0,0,0],"s":[1.935806,0.005000367,1.290405],"c":[0,0.1777774,0.4444443]}]},{"b":129,"e":"PLAYERS: [PEOPLE COUNT]","s":[{"p":[-0.8739741,0.03716224,0.6048357],"r":[90,-1.001791E-05,0],"s":[0.03460137,0.03459449,0.03460238],"c":[1,1,1]}]},{"b":129,"e":"[PEOPLE NAMES]","s":[{"p":[-0.8739748,0.03716204,0.2596791],"r":[90,-2.003582E-05,0],"s":[0.01037754,0.01036915,0.01037874],"c":[1,1,1]}]}]}