{"n":"thing","v":2,"a":[7,18],"p":[{"b":131,"e":"SELECT TEAM","s":[{"p":[-0.4484894,0.08861312,0.05901611],"r":[90,-9.659345E-06,0],"s":[0.01260937,0.012604,0.01260974],"c":[1,1,1]}]},{"b":131,"e":"PUSH BUTTON","s":[{"p":[-0.2572466,0.08861308,-0.06698573],"r":[90,-1.931869E-05,0],"s":[0.007407,0.007400573,0.007407301],"c":[1,1,1]}]},{"t":7,"s":[{"p":[0,0,-0.05270481],"r":[0,0,0],"s":[1.004775,0.1750055,0.3176935],"c":[0,0.3999993,1]}]}]}