{"n":"thing","v":2,"a":[7],"p":[{"s":[{"p":[0,0,0],"r":[0,0,0],"s":[85.54711,0.1750014,85.21246],"c":[0.8888889,0.8888889,0.8888889]}]}]}