{"n":"thing","v":2,"a":[31],"p":[{"b":41,"s":[{"p":[0,0,0],"r":[0,0,0],"s":[0.1250002,0.1250001,0.1250003],"c":[0,0,0]}]},{"b":5,"s":[{"p":[-0.2638284,-0.1019707,-0.02643428],"r":[332.7746,91.22439,62.48495],"s":[0.03515427,0.0296156,0.6818999],"c":[0,0,0]}]},{"b":29,"s":[{"p":[-0.5613613,-0.2809223,-0.01425836],"r":[329.1753,142.9801,350.9836],"s":[0.3388753,0.3388637,0.3387901],"c":[0,0,0]}]},{"b":29,"s":[{"p":[-0.5681493,-0.2560252,-0.03173215],"r":[292.5996,57.66166,134.0455],"s":[0.338877,0.3388842,0.3388232],"c":[0,0,0]}]}]}