{"n":"thing","v":2,"a":[2,3,7,21],"p":[{"b":5,"s":[{"p":[-0.08763443,0.04759434,-0.01480175],"r":[359.8224,356.1208,319.6063],"s":[0.04950029,0.04763812,0.04233659],"c":[1,0.8603175,0.5555556],"b":["when any part consumed then play bite 2","when any part consumed then destroy all parts"]}]},{"b":5,"s":[{"p":[-0.08913235,0.05221533,0.009455694],"r":[359.8224,356.1208,319.6063],"s":[0.04474448,0.04261375,0.01966927],"c":[0.3333332,0.2285713,0]}]},{"b":16,"s":[{"p":[-0.08754794,0.04667014,0.01831969],"r":[319.6065,265.9697,270.2332],"s":[0.04363339,0.03459693,0.04755687],"c":[1,0.8603175,0.5555556]}]}]}