{"n":"thing","v":2,"p":[{"b":16,"t1":110,"s":[{"p":[0,0,0],"r":[0,0,0],"s":[0.3541692,4.196176,1.522287],"c":[0.3333332,0.3333332,0.3333332],"t1":{"c":[0.1111111,0.08783063,0.03703704],"x":0.5,"y":0.5,"a":0.8925,"m":0,"n":0,"r":0,"g":0,"o":0.5,"t":0.5,"e":0.5}}]},{"b":16,"t2":110,"s":[{"p":[1.712434,2.656664,-1.694646],"r":[283.5089,222.2881,330.7564],"s":[3.08837,2.528104,0.1001072],"c":[0.3333332,0.3333332,0.3333332],"t2":{"c":[0.1111111,0.08783063,0.03703704],"x":0.5,"y":0.5,"a":0.8925,"m":0,"n":0,"r":0,"g":0,"o":0.5,"t":0.5,"e":0.5}}]},{"b":16,"t2":109,"s":[{"p":[2.351062,3.453161,1.863146],"r":[300.7258,346.1006,194.5896],"s":[1.739203,1.415089,0.01221432],"c":[0.3333332,0.3333332,0.3333332],"t2":{"c":[0.1111111,0.08783063,0.03703704],"x":0.5,"y":0.5,"a":0.8925,"m":0,"n":0,"r":0,"g":0,"o":0.5,"t":0.5,"e":0.5}}]}]}