{"n":"thing","v":2,"p":[{"b":5,"s":[{"p":[0,0,0],"r":[0,0,0],"s":[0.125,0.1250001,0.4900792],"c":[1,1,1]}]},{"b":5,"t":3,"pr":1,"s":[{"p":[-0.0007685274,0.09512039,0.1738714],"r":[23.97416,39.32691,320.2979],"s":[0.02873594,0.02687738,0.4743022],"c":[1,0.1714285,0],"pr":{"c":[0.8888889,0.1523809,0],"m":0.25,"a":0.25,"s":0.15,"z":0.25,"g":0.5,"h":0.25}}]},{"b":5,"t":3,"pr":1,"s":[{"p":[0.009584218,0.1026375,0.1643428],"r":[18.81108,321.2246,313.8326],"s":[0.02873596,0.02687738,0.4743027],"c":[1,0.1714285,0],"pr":{"c":[0.8888889,0.1523809,0],"m":0.25,"a":0.25,"s":0.15,"z":0.25,"g":0.5,"h":0.25}}]},{"b":5,"t":3,"pr":1,"s":[{"p":[0.00881014,0.1615337,-0.08136629],"r":[355.4597,272.0318,320.231],"s":[0.02873599,0.02687738,0.2420176],"c":[0.1142857,0,1],"pr":{"c":[0.8888889,0.1523809,0],"m":0.25,"a":0.25,"s":0.15,"z":0.25,"g":0.5,"h":0.25}}]}]}