{"n":"bouncy","v":2,"a":[2,9],"p":[{"b":10,"t":2,"t1":10,"s":[{"p":[0,0,0],"r":[0,0,0],"s":[0.02310889,0.02096554,0.01936997],"c":[0.2857141,1,0],"b":["when starts then become next in 10s"],"t1":{"c":[0.6825397,1,0.5555556],"a":0}},{"p":[0,0,0],"r":[0,0,0],"s":[0.02310889,0.02096554,0.01936997],"c":[0.2857141,1,0],"b":["when starts then destroy all parts"],"t1":{"c":[0.6825397,1,0.5555556],"a":0}}]}]}