{"n":"thing","v":2,"a":[27,31],"p":[{"b":5,"t1":94,"s":[{"p":[0,0,0],"r":[-8.804541E-07,1.707547E-06,-1.311979E-14],"s":[0.0340377,0.03403747,0.4066706],"c":[1,1,1],"t1":{"c":[0,0,0],"x":0.5,"y":0.2001066,"a":0.8925,"m":0,"n":0,"r":0,"g":0,"o":0.5,"t":0.5,"e":0.5}}]},{"b":5,"s":[{"p":[0.0001811497,0.001830095,-0.1702685],"r":[1.251021,1.243238,17.34039],"s":[0.03606749,0.03606715,0.03606744],"c":[0,0,0]}]},{"b":43,"s":[{"p":[0.02249886,0.01623958,-0.1962202],"r":[357.8477,359.2092,186.5848],"s":[0.06847232,0.0333236,0.06847271],"c":[1,1,1]}]},{"b":43,"s":[{"p":[-0.02478035,-0.003520653,-0.2003581],"r":[357.8331,4.008342,358.3669],"s":[0.06847237,0.03332329,0.06847245],"c":[1,1,1]}]}]}