{"n":"spawn","v":2,"a":[7,18],"p":[{"s":[{"p":[0,0,0],"r":[0,0,0],"s":[0.1576639,0.1750235,0.01399561],"c":[1,1,1]}]}]}