{"n":"thing","v":2,"a":[20],"p":[{"b":12,"t":17,"s":[{"p":[0,0,0],"r":[0,0,0],"s":[0.9049922,0.3613084,0.6543291],"c":[0.1481478,0.6222221,0.6666667]}]}]}