{"n":"thing","v":2,"a":[7,18],"p":[{"b":60,"s":[{"p":[0,0,0],"r":[0,0,-7.656432E-20],"s":[0.4905398,20.28252,0.4754539],"c":[0.2222217,0.1523804,0]}]}]}