{"n":"thing","v":2,"a":[2,3,15],"inc":[["thing","5a1c9129055b319f13514bea"]],"p":[{"b":107,"e":"SQAURE ANTHONY","s":[{"p":[0,0,0],"r":[0,0,0],"s":[0.003000001,0.003000001,0.003000002],"c":[0,0.7777778,0.7111112],"b":["when touched then change head to thing"]}]},{"s":[{"p":[0.09425841,-0.03069533,0.07573047],"r":[0.4505529,90.30972,282.4042],"s":[0.07290415,0.1346705,0.1968556],"c":[1,1,1]}]}]}