{"n":"thing","v":2,"a":[21],"p":[{"t":2,"s":[{"p":[0.2023384,0.1788522,0.01230499],"r":[0.2189888,0.9175937,37.62135],"s":[1.071463,0.06801423,0.2886958],"c":[0.6666667,0.6666667,0.6666667]}]},{"b":131,"a":[19],"e":"OR","s":[{"p":[0.2162218,0.2385057,0.1616665],"r":[52.37812,91.20175,90.35875],"s":[0.02847747,0.02846888,0.02847686],"c":[0,0,0]}]}]}