{"n":"thing","v":3,"a":[7,18,21],"p":[{"b":45,"t":7,"s":[{"p":[-1.16125E-08,0,0.06641579],"r":[-1.001791E-05,8.757934E-13,-1.001791E-05],"s":[1.038894,1.038873,1.038892],"c":[0.222222,0.222222,0.222222]}]},{"b":45,"t":7,"s":[{"p":[0.7897683,-0.0108915,-0.7150887],"r":[5.699554E-12,270,1.001792E-05],"s":[1.039376,1.038933,1.039338],"c":[0.222222,0.222222,0.222222]}]},{"b":45,"t":7,"s":[{"p":[1.562412,0,0.05102376],"r":[1.252119E-12,180,-1.001791E-05],"s":[1.038986,1.038885,1.038976],"c":[0.2222219,0.2222219,0.2222219]}]},{"b":45,"t":7,"s":[{"p":[0.77256,-0.01089144,0.8326055],"r":[-7.484649E-12,90,-5.181677E-12],"s":[1.039461,1.038946,1.039429],"c":[0.2222219,0.2222219,0.2222219]}]}]}