{"n":"thing","v":2,"a":[8],"p":[{"b":4,"t":4,"s":[{"p":[0,0,0],"r":[0,0,-7.337118E-08],"s":[0.125001,0.3131585,0.1250008],"c":[0.4571431,0,1]}]},{"b":4,"t":4,"s":[{"p":[-0.4250083,0.02044845,-0.09982683],"r":[355.0403,334.5481,356.4228],"s":[0.1250011,0.3131587,0.1250008],"c":[1,0,0]}]}]}