{"n":"thing","v":3,"a":[7,18,21],"p":[{"b":45,"t":7,"s":[{"p":[-9.389118E-09,1.641645E-15,0.05369949],"r":[-1.001791E-05,8.757934E-13,-1.001791E-05],"s":[0.839983,0.839966,0.8399814],"c":[0.222222,0.222222,0.222222]}]},{"b":45,"t":7,"s":[{"p":[0.6385556,-0.008806221,-0.5781745],"r":[5.699554E-12,270,1.001792E-05],"s":[0.8403737,0.8400146,0.8403429],"c":[0.222222,0.222222,0.222222]}]},{"b":45,"t":7,"s":[{"p":[1.263266,1.754221E-08,0.04125426],"r":[1.252119E-12,180,-1.001791E-05],"s":[0.8400574,0.8399757,0.8400493],"c":[0.2222219,0.2222219,0.2222219]}]},{"b":45,"t":7,"s":[{"p":[0.6246432,-0.008806099,0.6731912],"r":[-6.908903E-12,90,-5.481728E-12],"s":[0.8404424,0.8400251,0.8404165],"c":[0.2222219,0.2222219,0.2222219]}]}]}