{"n":"thing","v":1,"p":[{"t1":10,"s":[{"p":[2.508494,-0.8949857,1.315448],"r":[0,0,270],"s":[15.97004,8.729715,0.3039182],"c":[1,1,1],"t1":{"c":[1,0.6857142,0],"a":0}}]}]}