{"n":"thing","v":3,"a":[7,18,21],"p":[{"b":45,"t":7,"s":[{"p":[-5.39956E-09,5.39956E-09,0.03088188],"r":[-1.001791E-05,8.757934E-13,-1.001791E-05],"s":[0.4830675,0.4830575,0.4830664],"c":[0.222222,0.222222,0.222222]}]},{"b":45,"t":7,"s":[{"p":[0.3672295,-0.005064367,-0.3325033],"r":[6.106665E-12,270,1.001792E-05],"s":[0.4832896,0.4830857,0.4832719],"c":[0.222222,0.222222,0.222222]}]},{"b":45,"t":7,"s":[{"p":[0.7264938,4.148155E-09,0.02372468],"r":[1.252119E-12,180,-1.001791E-05],"s":[0.4831101,0.4830633,0.4831053],"c":[0.2222219,0.2222219,0.2222219]}]},{"b":45,"t":7,"s":[{"p":[0.3592262,-0.005064331,0.387147],"r":[-7.484645E-12,90,-5.181677E-12],"s":[0.4833291,0.4830915,0.4833145],"c":[0.2222219,0.2222219,0.2222219]}]}]}