{"n":"ring thing","v":1,"a":[22,18,21],"p":[{"b":59,"t":2,"a":[3],"t1":10,"s":[{"p":[1.511975E-08,0.0864749,-1.511975E-08],"r":[9.005159E-06,-1.791238E-06,337.5],"s":[0.2798807,0.2797833,0.2799039],"c":[0,1,1],"t1":{"c":[1,0.6857142,0],"a":0}}]},{"b":59,"t":2,"a":[3],"t1":10,"s":[{"p":[-2.251509E-08,-0.1287713,2.251509E-08],"r":[-2.058972E-07,-4.095521E-08,22.49999],"s":[0.2800129,0.2798329,0.2799957],"c":[0,1,1],"t1":{"c":[1,0.6857142,0],"a":0}}]}]}