{"n":"thing","v":2,"p":[{"b":18,"e":"PHILLIP ANYLAND TUTORIAL","s":[{"p":[0,0,0],"r":[0,0,0],"s":[0.01133329,0.01133329,0.01133329],"c":[1,1,1]}]}]}