{"n":"thing","v":3,"a":[20],"p":[{"b":17,"t1":13,"t2":57,"s":[{"p":[0,0,0],"r":[-2.035554E-13,3.415094E-06,6.830188E-06],"s":[0.2731039,1.351316,1.247444],"c":[0.111111,0.0571427,0],"t1":{"c":[0.2222221,0.1142856,0],"x":0.17,"y":0.17,"a":0.8925,"m":0.5,"n":0.5,"r":0,"g":0,"o":0.5,"t":0.5,"e":0.5},"t2":{"c":[0,0,0],"x":0.5,"y":0.5,"a":0.8925,"m":0,"n":0,"r":0,"g":0,"o":0.5,"t":0.5,"e":0.5}}]}]}