{"n":"thing","v":3,"a":[8,20],"p":[{"b":14,"pr":18,"s":[{"p":[1.474098,0.106702,0.1319623],"r":[26.15068,339.8927,349.8444],"s":[0.166769,0.1660126,0.005000029],"c":[1,1,1],"pr":{"c":[0.1234567,0.5185184,0.5555556],"m":0.25,"a":0.25,"s":0.15,"z":0.25,"g":0.5,"h":0.25}}]},{"b":14,"pr":18,"s":[{"p":[2.24065,0.1101286,0.306169],"r":[22.78297,354.6026,351.3823],"s":[0.1667691,0.1660127,0.005000027],"c":[1,1,1],"pr":{"c":[0.1234567,0.5185184,0.5555556],"m":0.25,"a":0.25,"s":0.15,"z":0.25,"g":0.5,"h":0.25}}]},{"b":14,"pr":18,"s":[{"p":[0.7157309,0.3518941,0.009352505],"r":[26.22812,327.692,354.9841],"s":[0.3193404,0.166013,0.005000041],"c":[1,1,1],"pr":{"c":[0.1234567,0.5185184,0.5555556],"m":0.25,"a":0.25,"s":0.15,"z":0.25,"g":0.5,"h":0.25}}]},{"b":14,"pr":18,"s":[{"p":[0.1869209,0.6584558,-0.328009],"r":[29.51375,309.4692,8.844723],"s":[0.06000017,0.1660125,0.005000031],"c":[1,1,1],"pr":{"c":[0.1234567,0.5185184,0.5555556],"m":0.25,"a":0.25,"s":0.15,"z":0.25,"g":0.5,"h":0.25}}]}]}