{"n":"thing","v":2,"p":[{"b":9,"s":[{"p":[0,0,0],"r":[0,0,1.707547E-06],"s":[0.1250005,0.1250001,0.1250003],"c":[1,1,1],"b":["when touched then send nearby onto graveyard"]}]},{"b":9,"s":[{"p":[0.109009,-0.07569982,-0.06830077],"r":[354.8676,10.92575,42.51284],"s":[0.08584712,0.1250003,0.05869246],"c":[1,1,1]}]},{"b":9,"s":[{"p":[0.2333263,-0.1825707,-0.09574205],"r":[356.8469,16.69723,57.00101],"s":[0.08584715,0.1250003,0.05869245],"c":[1,1,1]}]}]}