{"n":"thing","v":3,"p":[{"t":2,"s":[{"p":[0,0,0],"r":[0,0,-1.334021E-08],"s":[15.31508,0.1750011,5.282228],"c":[1,0.1714285,0],"b":["when touches hand then send nearby onto spawn1"]}]},{"b":131,"a":[19],"e":"TOUCH\nME","s":[{"p":[0.01643202,0.1519088,0.8678837],"r":[87.03377,119.1605,119.8846],"s":[0.05,0.05,0.05],"c":[0,0,0]}]}]}