{"n":"thing","v":2,"p":[{"s":[{"p":[0,0,0],"r":[0,0,0],"s":[0.0469074,0.1750003,0.04332431],"c":[1,0.1714285,0]}]}]}