{"n":"thing","v":2,"a":[2],"inc":[["thing","5a20d2dfa3b5e73526233e63"]],"p":[{"b":14,"s":[{"p":[0,0,0],"r":[0,0,0],"s":[0.06000039,0.06,0.06000034],"c":[1,1,1],"b":["when triggered then emit thing"]}]}]}