{"n":"thing","v":3,"a":[22,18],"p":[{"b":59,"t":1,"t1":15,"s":[{"p":[0,0,0],"r":[0,0,0],"s":[0.03821233,1.007168,0.03675456],"c":[0.8888889,0.8888889,0.8888889],"t1":{"c":[0.1111111,0.1111111,0.1111111],"x":0.4945408,"y":0.2828199,"a":0.876442,"m":0.624167,"n":0.5,"r":0.121894,"g":0.03461242,"o":0.500854,"t":0.4810743,"e":0.7410076}}]},{"b":3,"t1":15,"s":[{"p":[8.3717E-05,0.1222587,0.0006210655],"r":[-1.609983E-05,270,-1.072955E-06],"s":[0.04886232,0.1250335,0.04864867],"c":[0.7777778,0.7777778,0.7777778],"t1":{"c":[0.1111111,0.1111111,0.1111111],"x":0.4945408,"y":0.2828199,"a":0.876442,"m":0.624167,"n":0.5,"r":0.121894,"g":0.03461242,"o":0.500854,"t":0.4810743,"e":0.7410076}}]},{"b":3,"t1":15,"s":[{"p":[8.367834E-05,0.2021199,0.0006210506],"r":[-1.609983E-05,270,-1.072955E-06],"s":[0.06376141,0.1836108,0.05764651],"c":[0.7777778,0.7777778,0.7777778],"t1":{"c":[0.1111111,0.1111111,0.1111111],"x":0.4945408,"y":0.2828199,"a":0.876442,"m":0.624167,"n":0.5,"r":0.121894,"g":0.03461242,"o":0.500854,"t":0.4810743,"e":0.7410076}}]},{"b":3,"t1":15,"s":[{"p":[8.392334E-05,0.3245346,0.01339349],"r":[0,270,337.5],"s":[0.06870121,0.1359538,0.06762487],"c":[0.7777778,0.7777778,0.7777778],"t1":{"c":[0.1111111,0.1111111,0.1111111],"x":0.4945408,"y":0.2828199,"a":0.876442,"m":0.624167,"n":0.5,"r":0.121894,"g":0.03461242,"o":0.500854,"t":0.4810743,"e":0.7410076}}]}]}