{"n":"thing","v":2,"a":[7,18],"p":[{"b":12,"s":[{"p":[0,0,0],"r":[0,0,3.828216E-20],"s":[2.337375,0.06000334,3.799556],"c":[1,1,1]}]}]}