{"n":"purple25","v":3,"a":[6,8,21],"p":[{"t":3,"s":[{"p":[0,0,0],"r":[0,0,0],"s":[0.04508175,0.04508161,0.04508161],"c":[0.6285716,0,1]}]}]}