{"n":"wall","v":3,"a":[22,18,34],"p":[{"b":60,"t1":35,"t2":41,"s":[{"p":[0,0.6749363,0],"r":[0,0,8.537737E-06],"s":[0.3220339,0.9493023,1.215379],"c":[1,1,1],"t1":{"c":[0.6666667,0.6666667,0.6666667],"x":0.5,"y":0.5,"a":0.8925,"m":0,"n":0,"r":0,"g":0,"o":0.5,"t":0.5,"e":0.5},"t2":{"c":[0,0,0],"x":0.5,"y":0.5,"a":0.8925,"m":0,"n":0,"r":0,"g":0,"o":0.5,"t":0.5,"e":0.5}}]},{"b":60,"t1":35,"t2":41,"s":[{"p":[1.788139E-07,-0.7305689,0],"r":[0,0,6.830189E-06],"s":[0.1516608,2.370819,0.6782445],"c":[1,1,1],"t1":{"c":[0.6666667,0.6666667,0.6666667],"x":0.5,"y":0.3241091,"a":0.8925,"m":0,"n":0,"r":0,"g":0,"o":0.5,"t":0.5,"e":0.5},"t2":{"c":[0,0,0],"x":0.4080057,"y":0.2205362,"a":0.7014638,"m":0,"n":0,"r":0,"g":0,"o":0.5,"t":0.5,"e":0.5}}]}]}