{"n":"oreo","v":3,"a":[1,2],"p":[{"b":144,"s":[{"p":[0.01618648,-3.338233E-05,0.03669334],"r":[-2.173353E-05,270,180],"s":[0.004436721,0.01734347,0.0177605],"c":[1,1,1],"b":["when consumed then play carrot bite","when consumed then play snack bite","when consumed then add crumbles","when consumed then tell eat"]}]},{"b":5,"im":"865118265377075931/A9F18376CB608E7DC099B77ECA612A28BAC0E6E3/","s":[{"p":[0.01644206,0.000568863,0.04054106],"r":[-2.390566E-05,180,180],"s":[0.02008621,0.02054918,0.00443681],"c":[1,1,1]}]},{"b":5,"t":10,"im":"865118265377075931/A9F18376CB608E7DC099B77ECA612A28BAC0E6E3/","s":[{"p":[0.0164423,0.0005686246,0.03280199],"r":[0,180,180],"s":[0.02009042,0.02055196,0.004437467],"c":[1,1,1]}]},{"b":144,"s":[{"p":[0.0164423,0.0005686246,0.03818846],"r":[-7.24451E-06,270,180],"s":[0.005000273,0.01180889,0.01222571],"c":[0.1111109,0.01904762,0],"b":["when told eat then add crumbles","when told eat then add crumbles","when told eat then destroy all parts"]}]}]}