{"n":"fire","v":3,"p":[{"t":8,"a":[12],"pr":57,"s":[{"p":[0.04725977,0.01945732,0.008001741],"r":[9.587576,358.5639,0.4470311],"s":[0.0575254,0.03556667,0.04880636],"c":[1,1,1],"pr":{"c":[0.6518518,0.6666667,0.1481481],"m":0.25,"a":0.25,"s":0,"z":0.3785343,"g":0.6120434,"h":0.5}}]},{"t":8,"a":[12],"pr":11,"s":[{"p":[0.03513138,0.02168014,0.009098537],"r":[357.9527,88.73406,56.60217],"s":[0.1192076,0.07524209,0.04960239],"c":[1,1,1],"pr":{"c":[0.9714286,1,0],"m":0.25,"a":0.25,"s":0.15,"z":0.25,"g":0.6077747,"h":0}}]}]}