{"n":"floor","v":3,"a":[22,18],"p":[{"t1":138,"s":[{"p":[0,0,0],"r":[0,0,3.415095E-06],"s":[0.3387035,3.595015,1.733055],"c":[1,1,1],"t1":{"c":[1,1,1],"x":0.5,"y":0.5,"a":0.8925,"m":0,"n":0,"r":0,"g":0,"o":0.5,"t":0.5,"e":0.5}}]}]}