{"n":"thing","v":3,"a":[22],"p":[{"s":[{"p":[0.4925686,-0.1174271,0],"r":[0,0,9.000012],"s":[10.93559,0.005002442,3.479051],"c":[1,1,1]}]}]}