{"n":"thing","v":2,"p":[{"b":43,"t":11,"s":[{"p":[0,0,0],"r":[0,0,0],"s":[0.1250006,0.03541807,0.125001],"c":[0.9714286,1,0]}]},{"b":43,"t":11,"s":[{"p":[0.0321023,0.005086586,0.1827817],"r":[358.9922,177.8937,356.5518],"s":[0.1250009,0.03541817,0.1250012],"c":[0.9714286,1,0]}]},{"b":5,"t":11,"a":[3],"s":[{"p":[0.01806565,0.01943762,0.08982442],"r":[85.05165,68.18646,192.0933],"s":[0.01864311,0.01864269,0.01864311],"c":[0.9714286,1,0]}]}]}