{"n":"s3","v":3,"p":[{"t":8,"a":[12],"s":[{"p":[0,0,0],"r":[0,0,0],"s":[0.1750002,0.1750002,0.1750002],"c":[1,1,1]}]},{"t":8,"a":[12],"s":[{"p":[0.2032206,-0.02018207,-0.009092618],"r":[1.365054,4.65291,4.844357],"s":[0.1750003,0.1750004,0.1750004],"c":[1,1,1]}]}]}