{"n":"floor","v":3,"a":[7],"p":[{"s":[{"p":[0,0,0],"r":[0,0,0],"s":[19.38322,15.00499,0.04455891],"c":[0.8888889,0.6095237,0]}]}]}