{"n":"thing","v":2,"p":[{"a":[5],"s":[{"p":[0,0,0],"r":[0,0,0],"s":[0.1750015,0.1750009,0.005000002],"c":[1,1,1]}]}]}