{"n":"thing","v":2,"p":[{"s":[{"p":[0,0,0],"r":[-3.415095E-06,0,0],"s":[150,150,0.2634353],"c":[1,1,1]}]}]}