{"n":"s-spawner","v":3,"a":[2,7,12,16,18],"inc":[["turret","5a244b5de27e7bab139b5024"]],"p":[{"b":3,"t":1,"a":[3],"s":[{"p":[0,0,0],"r":[0,0,0],"s":[0.1146154,0.1146151,0.1146152],"c":[0.5555556,0.5555556,0.5555556],"b":["when touched then become 2 in 1s","when starts then all parts face up"]},{"p":[0,0,1.181946],"r":[0,0,0],"s":[0.1146427,0.1146397,0.1146392],"c":[0.4444442,0.4444442,0.4444442],"b":["when starts then emit gravity-free turret with 0","when starts then destroy all parts"]}]}]}