{"n":"templegreen","v":3,"a":[7,18],"p":[{"s":[{"p":[0,0,0],"r":[0,0,0],"s":[0.9584482,0.1749989,1.036892],"c":[1,1,1]}]}]}