{"n":"thing","v":3,"a":[2,5,13,14,30],"p":[{"t":8,"a":[5,12],"s":[{"p":[0,0,0],"r":[5.122642E-06,-1.707547E-06,-1.707547E-06],"s":[1.889727,0.1750143,2.435383],"c":[1,1,1]}]}]}