{"n":"thing","v":3,"a":[7,13,18,20,21],"p":[{"b":86,"t":7,"a":[11],"s":[{"p":[0,0,0],"r":[0,0,0],"s":[1.574388,1.574581,1.574669],"c":[0,0.2285712,1],"b":["when starts then become 2 in 10s"]},{"p":[0,0,0],"r":[0,0,0],"s":[1.574388,1.574581,1.574669],"c":[1,0,0],"b":["when starts then become 3 in 10s"]},{"p":[0,0,0],"r":[0,0,0],"s":[1.574388,1.574581,1.574669],"c":[0.1142856,1,0],"b":["when starts then become 1 in 10s"]}]}]}