{"n":"thing","v":3,"p":[{"b":3,"t1":57,"s":[{"p":[0,0,0],"r":[0,0,-8.537737E-07],"s":[8.298388,5.699859,10.1797],"c":[0.114991,0.2222221,0.02469136],"t1":{"c":[0.5555556,0.5555556,0.5555556],"x":0.8110671,"y":0.6373262,"a":1,"m":0,"n":0,"r":0,"g":0,"o":0.5,"t":0.5,"e":0.5}}]},{"b":17,"t1":19,"s":[{"p":[-1.53614,1.248809,-8.408007],"r":[56.77848,90.32168,12.05216],"s":[1.051751,2.580649,0.3866675],"c":[0.5555556,0.5555556,0.5555556],"t1":{"c":[0.6666667,0.6666667,0.6666667],"x":0.17,"y":0.0821728,"a":0.8925,"m":0.5,"n":0.5,"r":0,"g":0,"o":0.5,"t":0.5,"e":0.5}}]},{"b":17,"t1":19,"s":[{"p":[-0.1298256,2.321877,-9.651577],"r":[58.57001,101.4556,14.71356],"s":[0.3446597,0.9747657,0.06000024],"c":[0.1523808,0.3333332,0],"t1":{"c":[0.6666667,0.6666667,0.6666667],"x":0.17,"y":0.1799702,"a":0.8925,"m":0.5,"n":0.5,"r":0,"g":0,"o":0.5,"t":0.5,"e":0.5}}]}]}