{"n":"thing","v":3,"a":[22,18],"p":[{"b":142,"e":"WARNING","s":[{"p":[-0.2754691,-0.009300649,0.2011299],"r":[89.98022,0,0],"s":[0.01293566,0.0129328,0.01293571],"c":[1,1,1]}]},{"b":142,"e":"DEEP","s":[{"p":[-0.3857927,-0.01012607,0.02501106],"r":[89.98022,0,0],"s":[0.01369949,0.01369394,0.01369926],"c":[1,1,1]}]},{"b":142,"e":"SLURRY","s":[{"p":[-0.05854973,-0.007919565,0.01712608],"r":[89.98022,0,0],"s":[0.01292434,0.01291571,0.01292425],"c":[1,1,1]}]},{"s":[{"p":[-0.02922901,-0.02722215,0],"r":[0,0,1.024528E-05],"s":[0.8389348,0.02762309,0.595478],"c":[1,0,0]}]}]}