{"n":"thing","v":3,"a":[20],"p":[{"b":10,"t1":13,"s":[{"p":[0,0,0],"r":[0,0,0],"s":[41.411,11.95273,57.01799],"c":[0.03809522,0.3333332,0],"t1":{"c":[0.06349199,0.2222221,0],"x":0.2701187,"y":0.9006717,"a":1,"m":0.5,"n":0.5,"r":0,"g":0,"o":0.5,"t":0.5,"e":0.5}}]}]}