{"n":"thing","v":2,"a":[7],"p":[{"s":[{"p":[0,0,0],"r":[0,0,0],"s":[0.005000668,7.445795,4.834003],"c":[1,1,1]}]}]}