{"n":"thing","v":3,"a":[20],"p":[{"b":3,"t1":13,"s":[{"p":[0,0,0],"r":[0,0,0],"s":[67.56456,98.38799,19.26974],"c":[0.06349195,0.2222221,0],"t1":{"c":[0.1111111,0.07619045,0],"x":0.8285198,"y":0.7215499,"a":0.8415794,"m":0.5,"n":0.5,"r":0,"g":0,"o":0.5,"t":0.5,"e":0.5}}]}]}