{"n":"thing","v":3,"a":[21],"p":[{"b":17,"s":[{"p":[0,0,0],"r":[0,0,-4.268868E-07],"s":[29.87964,18.27802,38.49897],"c":[0.5555556,0.5555556,0.5555556]}]}]}