{"n":"thing","v":2,"p":[{"b":14,"s":[{"p":[0,0,0],"r":[0,0,0],"s":[0.06000004,0.06,0.06000002],"c":[1,0.6857142,0]}]},{"b":14,"s":[{"p":[0.259683,0.02758932,-0.02481064],"r":[1.686156,358.8208,11.0296],"s":[0.06000004,0.06000003,0.06000001],"c":[1,0.6857142,0]}]},{"b":14,"s":[{"p":[0.131126,0.02668326,0.002530626],"r":[1.817627,272.4897,33.8947],"s":[0.06000005,0.06000008,0.06000006],"c":[1,0.6857142,0]}]}]}