{"n":"log","v":2,"p":[{"s":[{"p":[0.04319074,0.2081748,0.7288766],"r":[340.4892,355.4586,7.379615],"s":[0.3342399,1.658343,0.3356202],"c":[0.2222221,0.1523808,0]}]},{"s":[{"p":[0.04860565,0.1939296,0.7354992],"r":[340.4122,355.2852,7.329452],"s":[0.2925693,1.746013,0.285494],"c":[1,0.8253968,0.4444443]}]}]}