{"n":"thing","v":3,"a":[7,18,21],"p":[{"a":[1],"s":[{"p":[0,0,0],"r":[0,0,0],"s":[9.090359,0.2925021,4.985665],"c":[0,0,0]}]},{"s":[{"p":[0,-0.04124355,0],"r":[0,0,0],"s":[9.231805,0.2925085,5.079358],"c":[1,1,1]}]}]}