{"n":"thing","v":3,"a":[7,18],"p":[{"b":4,"a":[8],"s":[{"p":[0,0,0],"r":[0,0,0],"s":[0.1250061,0.1250182,0.1250243],"c":[0.9714285,0,1]}]},{"s":[{"p":[-0.0002460477,-0.0007729537,0.004053593],"r":[89.98022,0,0],"s":[0.1750043,0.0154737,0.1750069],"c":[0.4359787,0.148148,0.4444443]}]}]}