{"n":"thing","v":3,"a":[22],"inc":[["thing","5a2afbb65dd030ad13f04be4"]],"p":[{"b":4,"t":8,"a":[12,14],"s":[{"p":[0,0,0],"r":[0,0,0],"s":[0.007659612,0.005000229,0.03600723],"c":[1,1,1],"b":["when starts then become 2 in 0.2s"]},{"p":[0,0,0],"r":[0,0,0],"s":[0.007659612,0.005000229,0.03600723],"c":[1,1,1],"b":["when starts then emit gravity-free thing with 0.2, become 1 in 2"]}]}]}