{"n":"waterfall","v":3,"a":[34],"p":[{"b":10,"t":8,"a":[12],"pr":54,"s":[{"p":[0,0,0],"r":[0,0,6.003096E-08],"s":[1.014775,0.6074821,0.6302499],"c":[1,1,1],"pr":{"c":[0.4444444,0.5714285,1],"m":0.2388424,"a":0.1592676,"s":0,"z":1,"g":0.1378299,"h":0.5718321}}]}]}