{"n":"grass","v":2,"a":[6],"p":[{"b":174,"s":[{"p":[-0.03644596,0.09726599,0.4471958],"r":[4.854411,329.0888,351.8487],"s":[0.1591801,0.2539974,0.1388419],"c":[0.02539681,0.2222221,0]}]},{"b":174,"s":[{"p":[0.0451571,-0.005976461,1.094328],"r":[7.753111,36.98508,352.5654],"s":[0.15918,0.2539975,0.1388419],"c":[0.02539681,0.2222221,0]}]},{"b":174,"s":[{"p":[-0.1744467,0.4323235,0.06848681],"r":[6.197079,32.2345,357.3824],"s":[0.15918,0.1027287,0.1388419],"c":[0.02539681,0.2222221,0]}]}]}