{"n":"armbones2","v":3,"p":[{"b":69,"s":[{"p":[-0.01079622,-0.0766236,-0.147137],"r":[61.95208,178.361,84.02168],"s":[0.01493091,0.0138582,0.01545448],"c":[1,1,1]}]},{"b":14,"s":[{"p":[-0.01366132,0.04421136,-0.1517076],"r":[84.8147,281.7098,282.1096],"s":[0.008280138,0.01167393,0.05326694],"c":[1,1,1]}]},{"b":14,"s":[{"p":[0.009629371,0.05262937,-0.1530034],"r":[83.96613,267.2466,263.9359],"s":[0.02313203,0.02215472,0.05326698],"c":[1,1,1]}]},{"b":14,"s":[{"p":[-0.01467293,-0.06526196,0.01136256],"r":[352.9532,359.4288,358.1133],"s":[0.02013228,0.02039808,0.05326679],"c":[1,1,1]}]}]}