{"n":"thing","v":3,"a":[8,21],"p":[{"b":4,"pr":37,"s":[{"p":[0,0,0],"r":[0,0,-4.268868E-07],"s":[0.9520277,0.5948063,0.3033969],"c":[1,1,1],"pr":{"c":[0.8888889,1,0.9714286],"m":1,"a":0.25,"s":0.15,"z":0.1112189,"g":0.4353332,"h":0.7900591}}]},{"b":4,"pr":37,"s":[{"p":[-1.026289,1.263952,0.4928812],"r":[30.20837,37.0186,3.952789],"s":[0.9520291,0.5948074,0.3033977],"c":[1,1,1],"pr":{"c":[0.8888889,1,0.9714286],"m":1,"a":0.25,"s":0.15,"z":0.1112189,"g":0.4353332,"h":0.7900591}}]},{"b":4,"pr":37,"s":[{"p":[-1.151181,0.3909962,0.3037066],"r":[13.00756,37.42141,6.073677],"s":[0.9520293,0.5948089,0.3033977],"c":[1,1,1],"pr":{"c":[0.8888889,1,0.9714286],"m":1,"a":0.25,"s":0.15,"z":0.1112189,"g":0.4353332,"h":0.7900591}}]}]}