{"n":"thing","v":2,"p":[{"b":75,"s":[{"p":[0,0,0],"r":[0,0,-1.067217E-07],"s":[0.06451768,0.07500005,0.07500004],"c":[1,1,1]}]},{"b":54,"s":[{"p":[-0.09856605,0.1131276,-0.05859231],"r":[83.30069,0.6104299,126.6818],"s":[0.05608305,0.0762725,0.04300232],"c":[1,1,1]}]},{"b":54,"s":[{"p":[-0.008381233,0.1147928,-0.1231652],"r":[86.28311,142.948,316.6491],"s":[0.05608302,0.07627252,0.04300231],"c":[1,1,1]}]},{"b":54,"s":[{"p":[-0.0711927,0.1710009,-0.1105058],"r":[77.71684,220.7433,359.343],"s":[0.03034656,0.04293582,0.03819644],"c":[1,1,1]}]}]}