{"n":"thing","v":2,"p":[{"b":3,"t":2,"s":[{"p":[0,0,0],"r":[0,0,0],"s":[0.02450781,0.04107618,0.07304333],"c":[0,1,0.7428571],"b":["when starts then become next in 0.5s"]},{"p":[0,0,0],"r":[0,0,0],"s":[0.02450781,0.04107618,0.07304333],"c":[0,0,0],"b":["when starts then become next in 0.2s"]}]}]}