{"n":"thing","v":2,"p":[{"b":173,"s":[{"p":[0,0,0],"r":[0,0,0],"s":[0.04500011,0.1250206,0.04500014],"c":[1,1,1]}]},{"b":173,"s":[{"p":[0.001055825,0.02831948,-0.0003468059],"r":[354.1748,85.62637,359.3462],"s":[0.04500031,0.1250217,0.04500047],"c":[0,0,0]}]}]}