{"n":"thing","v":2,"a":[2],"p":[{"b":14,"s":[{"p":[0,0,0],"r":[0,0,0],"s":[0.06000018,0.06000008,0.06000013],"c":[1,1,1]}]}]}