{"n":"thing","v":3,"a":[7,18,20],"p":[{"b":155,"s":[{"p":[0,0,0],"r":[0,0,0],"s":[8.521177,4.589571,5.45777],"c":[0,0,0]}]},{"b":155,"s":[{"p":[-0.08924983,-0.03282693,13.37836],"r":[-1.001791E-05,1.690016E-12,-1.001791E-05],"s":[8.523424,6.875162,11.00171],"c":[0,0,0]}]}]}