{"n":"thing","v":2,"a":[7],"p":[{"s":[{"p":[0,0,0],"r":[0,0,0],"s":[12.81324,23.98906,0.07475165],"c":[0.03809522,0.3333332,0]}]}]}