{"n":"thing","v":2,"p":[{"t2":43,"s":[{"p":[-0.03203364,0.004856912,0.01852808],"r":[356.4496,0.5576123,353.132],"s":[0.5614825,0.005,0.3004605],"c":[1,0.1714285,0],"t2":{"c":[0,1,0.2285715],"x":0.5,"y":0.5,"a":0.8925,"m":0,"n":0,"r":0,"g":0,"o":0.5,"t":0.5,"e":0.5}}]},{"b":101,"e":"HAVE  A MERRY CHRISTMAS! \n                                             MENU \nCOOKIES AND MILK !!!!!","t2":4,"s":[{"p":[-0.3046033,0.06151083,0.1516531],"r":[81.07071,299.2455,299.6707],"s":[0.003838661,0.003838663,0.003838666],"c":[0.2857141,1,0],"t2":{"c":[0.01269842,0,0.1111111],"x":0.17,"y":0.17,"a":0.69625,"m":0.5,"n":0.5,"r":0,"g":0,"o":0.5,"t":0.5,"e":0.5}}]}]}