{"n":"thing","v":2,"a":[7,18],"p":[{"b":17,"s":[{"p":[0,0,0],"r":[0,0,0],"s":[16.81352,1.617548,16.81351],"c":[0.01234568,0.111111,0.05185176]}]},{"b":5,"t":17,"t2":10,"s":[{"p":[-0.1741172,3.322174,2.537693],"r":[90,0,0],"s":[0.4695359,0.469557,0.03538913],"c":[0,0,0],"t2":{"c":[1,0.8571429,0],"a":0}}]}]}