{"n":"thing","v":2,"a":[7,18],"p":[{"b":47,"s":[{"p":[0,0,0],"r":[0,0,4.378969E-13],"s":[0.005000156,0.2831345,0.4465339],"c":[1,0.1714285,0]}]}]}