{"n":"thing","v":2,"p":[{"b":136,"e":"WHITECLOWN WAS HERE","s":[{"p":[0,0,0],"r":[1.707548E-06,-1.272222E-14,-8.537738E-07],"s":[0.003000007,0.003000009,0.003000011],"c":[0.148148,0.6666667,0.6666667]}]}]}