{"n":"thing","v":3,"a":[7],"p":[{"b":14,"su":[{"i":"5a2d67a7c26b3f2dbcf8c18c","t":"58c1ede5923d45d113937ded","p":[0.4516178,-0.02605065,-0.03081799],"r":[-2.189484E-13,9.570542E-21,180]}],"s":[{"p":[0,0,0],"r":[0,0,0],"s":[0.06000027,0.06000455,0.06000446],"c":[1,1,1],"b":["when touched then become next in 5s"]},{"p":[0.00179875,0.004897058,-0.0001723762],"r":[8.964184E-08,-8.964185E-08,89.99998],"s":[0.06001335,0.06002162,0.06001477],"c":[1,1,1],"b":["when starts then become next in 5s"]}]}]}