{"n":"thing","v":3,"a":[22,13,18],"p":[{"a":[23],"s":[{"p":[0.01530123,2.217293E-05,-2.909376],"r":[0,0,0],"s":[35.5895,24.75075,6.790097],"c":[0,0,0]}]},{"a":[23],"s":[{"p":[8.887724,32.96144,-2.828789],"r":[315,270,180],"s":[6.628919,31.2899,36.91235],"c":[0,0,0]}]},{"b":10,"s":[{"p":[-2.3015,18.20537,0.4860573],"r":[0,90,90.00002],"s":[7.931011,0.04786927,11.82748],"c":[0,0.3333331,0.07619039]}]}]}