{"n":"thing","v":2,"p":[{"b":5,"s":[{"p":[0.1040875,-0.1103689,-0.3181764],"r":[0,0,-1.024528E-05],"s":[0.1711879,0.1711875,0.01287365],"c":[0.3333332,0.3333332,0.3333332]}]},{"b":144,"s":[{"p":[0.09288378,-0.1165226,0.472625],"r":[90,90,0],"s":[1.236121,0.01203582,0.0164482],"c":[0.3333332,0.3333332,0.3333332]}]},{"b":69,"s":[{"p":[0.09405197,-0.1163851,1.336689],"r":[75.78036,249.6995,68.40295],"s":[0.02541514,0.03214281,0.0285218],"c":[0.6666667,0.6666667,0.6666667]}]},{"b":3,"t":3,"s":[{"p":[0.09525426,-0.108583,1.398807],"r":[7.176731,1.481595,18.35702],"s":[0.05475575,0.064992,0.08159314],"c":[0.9968254,1,0.8888889]}]}]}