{"n":"emmited transporting","v":3,"a":[2,3,7],"p":[{"b":100,"a":[5],"e":"EMITTED TRANSPORTING CUBE","s":[{"p":[-0.07317499,-0.2031098,0.1318512],"r":[8.537737E-06,90,90.00001],"s":[0.003001701,0.003000112,0.003001854],"c":[0,0.2285711,1],"b":["when starts then allow emitted transporting"]}]},{"t":2,"a":[5],"s":[{"p":[0.01005125,-0.0001392381,-0.001460552],"r":[0,0,-1.001791E-05],"s":[0.1750164,0.1750518,0.1750346],"c":[0,0.2285712,1],"b":["when starts then allow emitted transporting"]}]}]}