{"n":"thing","v":3,"a":[22,31],"p":[{"b":6,"t":7,"s":[{"p":[0,0,0],"r":[0,0,1.334021E-06],"s":[0.5587491,0.5587492,0.4510352],"c":[1,1,1]}]}]}