{"n":"floor","v":2,"a":[7,18],"p":[{"t1":28,"s":[{"p":[0,0,0],"r":[0,0,0],"s":[1.316967,0.1750135,1.447563],"c":[0.3333332,0.2634919,0.111111],"t1":{"c":[0.5555556,0.3809523,0],"x":0.2901322,"y":0.5,"a":0.04797673,"m":0,"n":0,"r":0.1478481,"g":0,"o":0.5,"t":0.5,"e":0.5}}]}]}