{"n":"thing","v":3,"a":[7,18,20],"p":[{"s":[{"p":[0,0,0],"r":[0,0,0],"s":[8.685697,12.33469,0.283215],"c":[0.111111,0.111111,0.111111]}]}]}