{"n":"thing","v":2,"a":[22],"p":[{"t":7,"s":[{"p":[0,0,0],"r":[0,0,0],"s":[1.067344,0.1105354,1.176435],"c":[1,1,1]}]}]}