{"n":"big gulp","v":2,"a":[2],"p":[{"b":5,"s":[{"p":[0.06271309,-0.06882052,-0.01186533],"r":[9.165506,23.58996,8.962762],"s":[0.005000001,0.005000005,0.2400908],"c":[1,0.1714285,0]}]},{"b":72,"s":[{"p":[0.02051194,-0.04969291,-0.1223441],"r":[357.2553,284.5462,249.705],"s":[0.05787112,0.05787107,0.05787116],"c":[0.8888889,0.8070547,0.7901235]}]},{"b":72,"s":[{"p":[0.02468119,-0.05554239,-0.1082616],"r":[356.8565,283.8848,250.5294],"s":[0.04572981,0.05787104,0.0415801],"c":[1,1,1]}]},{"b":82,"s":[{"p":[0.03966541,-0.08221427,-0.1353611],"r":[22.77639,13.22287,288.108],"s":[0.0388696,0.03420009,0.03351349],"c":[0.8888889,0.8070547,0.7901235]}]}]}