{"n":"thing","v":3,"a":[22,18],"p":[{"s":[{"p":[0,0,0],"r":[0,0,0],"s":[11.29674,2.713697,2.110014],"c":[0,0,0]}]},{"s":[{"p":[-8.428138,5.753102,-0.06810009],"r":[0,0,292.5],"s":[12.40103,2.497787,2.240498],"c":[0,0,0]}]},{"s":[{"p":[-8.944075,14.73481,-0.09245825],"r":[-1.419774E-06,-9.486623E-07,247.5],"s":[10.32063,2.390949,2.290167],"c":[0,0,0]}]}]}