{"n":"text","v":3,"p":[{"b":139,"e":"MR. HELLO","s":[{"p":[0,0,0],"r":[0,0,0],"s":[0.003000014,0.003,0.003000012],"c":[0,1,0.3999999]}]}]}