{"n":"tv 1","v":3,"a":[1,21,31],"p":[{"a":[1],"s":[{"p":[-3.799795,-0.2867327,-0.2246537],"r":[359.296,356.5634,94.30833],"s":[7.838723,0.1523855,5.336625],"c":[0,0,0]}]},{"b":7,"s":[{"p":[-3.033438,-0.2403259,-1.120396],"r":[355.692,86.61646,89.294],"s":[4.271336,3.81032,1.84565],"c":[0.5555556,0.5555556,0.5555556]}]},{"s":[{"p":[-2.782952,-0.2183456,-3.657908],"r":[359.296,356.5634,184.3083],"s":[1.49743,8.50826,2.595231],"c":[0.5555556,0.5555556,0.5555556]}]}]}