{"n":"seed","v":3,"a":[2],"p":[{"b":17,"s":[{"p":[0,0,0],"r":[0,0,0],"s":[0.009731012,0.005000002,0.005000005],"c":[0.8888889,0.7901235,0.1975307],"b":["when touches beak then destroy all parts"]}]}]}