{"n":"y-axis","v":3,"p":[{"s":[{"p":[0,0,0],"r":[0,0,0],"s":[0.5772315,0.02549268,0.07737274],"c":[0.1142856,1,0],"b":["when touched then become 2 in 0.1s"]},{"p":[0,0,0],"r":[0,0,0],"s":[0.5772315,0.02549268,0.07737274],"c":[0.1142856,1,0],"b":["when starts then destroy all parts"]}]}]}