{"n":"c","v":3,"a":[30],"p":[{"b":40,"t":3,"pr":34,"t1":43,"t2":14,"s":[{"p":[0.09755981,0.06372529,0.1466873],"r":[-8.964258E-08,90.00001,9.748988E-06],"s":[0.1250089,0.125027,0.1250286],"c":[1,0,0.8571426],"t1":{"c":[0,0,0],"x":0.5,"y":0.5,"a":0.8925,"m":0,"n":0,"r":0,"g":0,"o":0.5,"t":0.5,"e":0.5},"t2":{"c":[0.9714285,0,1],"x":0.17,"y":0.17,"a":0.8925,"m":0.5,"n":0.5,"r":0,"g":0,"o":0.5,"t":0.5,"e":0.5},"pr":{"c":[0.8,1,0],"m":0.25,"a":0.25,"s":0,"z":0.25,"g":0.5,"h":0.25}}]},{"b":40,"t":3,"pr":16,"t1":10,"t2":14,"s":[{"p":[0.01117839,0.06335878,0.06069031],"r":[359.8759,0.139306,0.03240354],"s":[0.1250181,0.1250361,0.1250363],"c":[1,0,0.8571426],"t1":{"c":[0,0,0],"a":0},"t2":{"c":[0.9714285,0,1],"x":0.17,"y":0.17,"a":0.8925,"m":0.5,"n":0.5,"r":0,"g":0,"o":0.5,"t":0.5,"e":0.5},"pr":{"c":[1,1,1],"a":0.05}}]},{"b":40,"t":3,"pr":34,"t2":14,"s":[{"p":[0.1853724,0.06534469,0.05944201],"r":[0.02358784,180.051,359.9123],"s":[0.1250544,0.1250407,0.1250458],"c":[1,0,0.8571426],"t2":{"c":[0.9714285,0,1],"x":0.17,"y":0.17,"a":0.8925,"m":0.5,"n":0.5,"r":0,"g":0,"o":0.5,"t":0.5,"e":0.5},"pr":{"c":[0.8,1,0],"m":0.25,"a":0.25,"s":0,"z":0.25,"g":0.5,"h":0.25}}]},{"b":40,"t":3,"t1":10,"t2":14,"s":[{"p":[0.04400746,0.06317382,-0.005016185],"r":[1.427167,22.13112,4.442393],"s":[0.0719909,0.1250388,0.09481831],"c":[1,0,0.8571426],"t1":{"c":[0,0,0],"a":0},"t2":{"c":[0.9714285,0,1],"x":0.17,"y":0.17,"a":0.8925,"m":0.5,"n":0.5,"r":0,"g":0,"o":0.5,"t":0.5,"e":0.5},"pr":{"c":[0.9714285,0,1],"m":0.25,"a":0.25,"s":0.15,"z":0.25,"g":0.5,"h":0.25}}]}]}