{"n":"thing","v":2,"p":[{"s":[{"p":[0,0,0],"r":[0,0,0],"s":[0.06473394,0.3158076,0.4121284],"c":[0.222222,0.6666666,1]}]}]}