{"n":"thing","v":3,"a":[13,36,37],"p":[{"t":8,"a":[12],"s":[{"p":[0,0,0],"r":[0,0,0],"s":[5.537631,0.1667557,21.11892],"c":[1,1,1]}]}]}