{"n":"thing","v":3,"p":[{"s":[{"p":[0,0,0],"r":[0,0,0],"s":[0.1750002,0.1750001,0.1750001],"c":[1,1,1],"b":["when touched then become next in 0.5s"]},{"p":[0,0,0],"r":[0,0,0],"s":[0.1750002,0.1750001,0.1750001],"c":[1,0,0.3428572],"b":["when starts then become previous in 0.5s"]}]}]}