{"n":"thing","v":2,"p":[{"b":9,"s":[{"p":[-0.05998348,-0.03458213,-0.1299926],"r":[22.07799,273.9579,93.51094],"s":[0.005000022,0.005000028,0.005000027],"c":[0.9936507,1,0.7777778],"b":["when told by any light off then become 2 in 0.2s"]},{"p":[0.0211581,0.1711744,-0.3614545],"r":[13.27042,76.34038,276.639],"s":[0.1177164,0.1239586,0.1194738],"c":[0.9936507,1,0.7777778],"b":["when touched then tell any light on, become 1 in 0.2s"]}]},{"b":9,"t":3,"s":[{"p":[0,0,0],"r":[0,0,3.415094E-06],"s":[0.1250005,0.1250002,0.1250006],"c":[0.9936507,1,0.7777778],"b":["when touched then tell any light off, become 2 in 0.2s"]},{"p":[-0.04231085,0.1487655,-0.4760979],"r":[18.49029,337.3463,231.338],"s":[0.005000137,0.005000082,0.005000116],"c":[0.9936507,1,0.7777778],"b":["when told by any light on then become 1 in 0.2s"]}]}]}