{"n":"rug 1","v":2,"a":[7,18],"p":[{"b":5,"t1":13,"s":[{"p":[0,0,0],"r":[0,0,0],"s":[0.6549494,0.4429996,0.07487528],"c":[1,0.111111,0.4158731],"t1":{"c":[1,0,0.3428573],"x":0.17,"y":0.17,"a":0.8925,"m":0.5,"n":0.5,"r":0,"g":0,"o":0.5,"t":0.5,"e":0.5}}]},{"b":5,"a":[23],"s":[{"p":[0,0,0.009617269],"r":[0,0,0],"s":[0.6877542,0.4570822,0.03774182],"c":[1,1,1]}]}]}