{"n":"thing","v":2,"a":[7],"p":[{"b":3,"s":[{"p":[0,0,0],"r":[0,0,0],"s":[7.998514,5.030056,0.06250882],"c":[1,1,1]}]}]}