{"n":"sweater","v":2,"p":[{"b":3,"s":[{"p":[0,0,0],"r":[0,0,0],"s":[0.1590286,0.1250001,0.0810447],"c":[0.7777778,0.6691358,0.4320987]}]},{"b":4,"s":[{"p":[-0.001520172,0.004418381,-0.08455354],"r":[340.0694,6.207112,342.2365],"s":[0.2179235,0.1844919,0.2137102],"c":[1,0.895238,0.6666666]}]}]}