{"n":"thing","v":2,"a":[7,18],"p":[{"t1":25,"s":[{"p":[0,0,0],"r":[0,0,0],"s":[150,150,0.1718775],"c":[0,1,0.2285714],"t1":{"c":[0.2222221,0.6666667,0.3238095],"x":0.5,"y":0.5,"a":0.8925,"m":0,"n":0,"r":0,"g":0,"o":0.5,"t":0.5,"e":0.5}}]}]}