{"n":"thing","v":3,"p":[{"su":[{"i":"5a3ef034c4d28a2b84e44fd4","t":"5a3ef02ba4375924109b10ac","p":[0.463041,0.2354117,0.1401662],"r":[12.91494,356.6912,38.2052]}],"s":[{"p":[0,0,0],"r":[0,0,0],"s":[0.1750001,0.1750001,0.1750001],"c":[1,1,1],"b":["when touched then become 2 in 1s"]},{"p":[-0.001025222,0.01055587,-0.04129536],"r":[34.22223,3.036543,7.289587],"s":[0.175001,0.1750005,0.175001],"c":[1,1,1],"b":["when starts then become 1 in 1s"]}]}]}