{"n":"floor","v":3,"a":[22],"p":[{"t1":138,"s":[{"p":[0,0,0],"r":[0,0,0],"s":[0.2835433,3.595768,2.757281],"c":[1,1,1],"t1":{"c":[1,1,1],"x":0.5,"y":0.5,"a":0.8925,"m":0,"n":0,"r":0,"g":0,"o":0.5,"t":0.5,"e":0.5}}]},{"t1":138,"s":[{"p":[0.005195857,-3.453281,-0.01766163],"r":[0,0,0],"s":[0.2837932,3.401288,2.758578],"c":[1,1,1],"t1":{"c":[1,1,1],"x":0.5,"y":0.5,"a":0.8925,"m":0,"n":0,"r":0,"g":0,"o":0.5,"t":0.5,"e":0.5}}]},{"t1":138,"s":[{"p":[0.0930909,0.7288114,0.3912564],"r":[0,0,0],"s":[0.4013869,3.17641,3.646089],"c":[1,1,1],"t1":{"c":[1,1,1],"x":0.5,"y":0.5,"a":0.8925,"m":0,"n":0,"r":0,"g":0,"o":0.5,"t":0.5,"e":0.5}}]},{"t1":138,"s":[{"p":[0.1916198,1.069616,0.426769],"r":[0,0,0],"s":[0.4014632,3.177095,3.646487],"c":[1,1,1],"t1":{"c":[1,1,1],"x":0.5,"y":0.5,"a":0.8925,"m":0,"n":0,"r":0,"g":0,"o":0.5,"t":0.5,"e":0.5}}]}]}