{"n":"floor","v":3,"a":[22],"p":[{"t1":138,"s":[{"p":[0,0,0],"r":[0,0,0],"s":[3.463557,0.1482847,1.451988],"c":[1,1,1],"t1":{"c":[1,1,1],"x":0.5,"y":0.5,"a":0.8925,"m":0,"n":0,"r":0,"g":0,"o":0.5,"t":0.5,"e":0.5}}]},{"t1":138,"s":[{"p":[-1.682061,-0.003456866,1.161342],"r":[6.184226E-06,67.50001,7.625674E-07],"s":[3.46417,0.1483059,1.452291],"c":[1,1,1],"t1":{"c":[1,1,1],"x":0.5,"y":0.5,"a":0.8925,"m":0,"n":0,"r":0,"g":0,"o":0.5,"t":0.5,"e":0.5}}]},{"t1":138,"s":[{"p":[-3.729151,-0.005065697,1.260852],"r":[9.255346E-06,157.5,-3.833688E-06],"s":[3.465536,0.1483217,1.708763],"c":[1,1,1],"t1":{"c":[1,1,1],"x":0.5,"y":0.5,"a":0.8925,"m":0,"n":0,"r":0,"g":0,"o":0.5,"t":0.5,"e":0.5}}]}]}