{"n":"chain a","v":2,"p":[{"b":57,"s":[{"p":[0,0,0],"r":[0,0,0],"s":[0.02051131,0.02051125,0.01540199],"c":[1,0,0.3428571]}]}]}