{"n":"thing","v":2,"p":[{"b":14,"s":[{"p":[0.004925348,-0.0009417175,-0.003675956],"r":[0.5197942,359.8475,326.1469],"s":[0.06000005,0.06000002,0.06000002],"c":[1,1,1]}]},{"b":14,"s":[{"p":[0.004400864,0.05137602,-0.002664117],"r":[359.3416,358.0664,29.08135],"s":[0.06000008,0.06000006,0.06000005],"c":[1,1,1]}]}]}