{"n":"thing","v":3,"p":[{"b":3,"t":2,"a":[2],"s":[{"p":[0.7110065,0.1660616,-1.361372],"r":[21.36992,51.77403,86.22662],"s":[0.125,0.1250001,0.1250001],"c":[1,0,0.3428572]},{"p":[0.7110065,0.1660616,-1.361372],"r":[21.36993,51.77403,86.22662],"s":[0.125,0.1250001,0.1250001],"c":[1,1,1]}]},{"a":[1,4],"s":[{"p":[0.182692,-0.3405104,2.859529],"r":[1.295364,5.26916,358.7364],"s":[11.3302,0.03628109,8.19608],"c":[1,1,1]}]}]}