{"n":"doorknob","v":3,"p":[{"b":7,"t":1,"s":[{"p":[0.001672752,0.03054047,0.00590992],"r":[270,1.46683E-05,0],"s":[0.01587086,0.01421121,0.06665029],"c":[0.708642,0.7777778,0.4320987]}]},{"b":73,"t":1,"s":[{"p":[0.001516357,0.05737114,0.003239155],"r":[0,0,0],"s":[0.07018284,0.07018597,0.0701848],"c":[0.708642,0.7777778,0.4320987]}]},{"t":1,"s":[{"p":[0.001621246,-2.899014E-10,0],"r":[0,0,0],"s":[0.08471437,0.005001757,0.1750513],"c":[0.708642,0.7777778,0.4320986]}]}]}