{"n":"thing","v":3,"p":[{"t":3,"s":[{"p":[0,0,0],"r":[0,0,0],"s":[150.142,0.005006638,0.1751101],"c":[1,1,1]}]}]}