{"n":"thing","v":3,"a":[21],"p":[{"b":73,"a":[18],"pr":6,"s":[{"p":[0,0,0],"r":[0,0,0],"s":[0.009544369,0.009544382,0.009544374],"c":[1,0,0],"pr":{"c":[1,0.1714285,0],"m":1,"a":1,"s":0,"z":0.1388578,"g":0.5,"h":0.25}}]}]}