{"n":"wall2","v":3,"a":[7,13,18],"p":[{"s":[{"p":[0,0,0],"r":[0,0,0],"s":[8.905785,0.06320482,4.769802],"c":[0.6666667,0.6666667,0.6666667]}]}]}