{"n":"planetoid 1","v":2,"a":[22,12,18],"p":[{"b":73,"t1":10,"t2":57,"s":[{"p":[0,0,0],"r":[0,0,0],"s":[3.633855,3.633758,3.633868],"c":[0.5449735,0.5555556,0.1851851],"t1":{"c":[0.5449735,0.5555556,0.1851851],"a":0},"t2":{"c":[0.8691358,0.8888889,0.1975308],"x":0.5,"y":0.5,"a":0.8925,"m":0,"n":0,"r":0,"g":0,"o":0.5,"t":0.5,"e":0.5}}]},{"b":57,"t1":4,"t2":10,"s":[{"p":[0.002538671,-0.05985475,0.0006313326],"r":[45,270,22.49999],"s":[2.493,0.23035,2.493048],"c":[0.6666667,0.4571426,0],"t1":{"c":[0,0,0],"x":0.17,"y":0.17,"a":0.69625,"m":0.5,"n":0.5,"r":0,"g":0,"o":0.5,"t":0.5,"e":0.5},"t2":{"c":[0.4444444,0.3513227,0.1481481],"a":0}}]}]}