{"n":"tv screen","v":2,"a":[7,31],"p":[{"t":1,"a":[1,4],"s":[{"p":[0.059716,-0.001555588,-0.006542832],"r":[351.4417,3.720305,338.5588],"s":[1.16029,0.005000062,0.6629685],"c":[0,0,0]}]},{"s":[{"p":[0.008593198,-0.07234755,-0.4622556],"r":[66.98884,294.4735,292.3764],"s":[0.09454641,0.2759214,0.1247064],"c":[1,1,1]}]},{"s":[{"p":[0.01097539,-0.05757499,-0.6797792],"r":[66.98885,294.4735,292.3764],"s":[0.5916489,0.1750026,0.292073],"c":[1,1,1]}]},{"b":9,"t":2,"a":[2],"s":[{"p":[0.04135961,0.01510102,-0.5796795],"r":[351.4417,3.720305,158.5588],"s":[0.06061874,0.06060626,0.06061689],"c":[1,0,0.3428572]}]}]}