{"n":"pathes","v":2,"a":[7,18],"p":[{"t1":43,"s":[{"p":[0,0,0],"r":[0,0,0],"s":[1.021893,0.01153196,7.561899],"c":[0.4444443,0.4444443,0.4444443],"t1":{"c":[0.7777778,0.7777778,0.7777778],"x":0.5,"y":0.5,"a":0.8925,"m":0,"n":0,"r":0,"g":0,"o":0.5,"t":0.5,"e":0.5},"pr":{"c":[0.4444444,0.4444444,0.4444444],"m":0.25,"a":0.25,"s":0.15,"z":0.25,"g":0.5,"h":0.25}}]},{"t1":43,"s":[{"p":[2.413988E-06,9.536739E-07,-19.11536],"r":[1.751587E-12,1.001791E-05,1.531286E-19],"s":[1.021961,0.01153679,7.566947],"c":[0.4444443,0.4444443,0.4444443],"t1":{"c":[0.7777778,0.7777778,0.7777778],"x":0.5,"y":0.5,"a":0.8925,"m":0,"n":0,"r":0,"g":0,"o":0.5,"t":0.5,"e":0.5}}]},{"t1":43,"s":[{"p":[-9.534636,2.620763E-06,-9.531535],"r":[1.221333E-12,270,1.001791E-05],"s":[1.056767,0.01154184,7.573152],"c":[0.4444443,0.4444443,0.4444443],"t1":{"c":[0.7777778,0.7777778,0.7777778],"x":0.5,"y":0.5,"a":0.8925,"m":0,"n":0,"r":0,"g":0,"o":0.5,"t":0.5,"e":0.5}}]},{"t1":43,"s":[{"p":[9.569296,-7.194745E-07,-9.531534],"r":[-1.001791E-05,270,1.001791E-05],"s":[1.057191,0.01154389,7.577928],"c":[0.4444443,0.4444443,0.4444443],"t1":{"c":[0.7777778,0.7777778,0.7777778],"x":0.5,"y":0.5,"a":0.8925,"m":0,"n":0,"r":0,"g":0,"o":0.5,"t":0.5,"e":0.5}}]}]}