{"n":"thing","v":3,"p":[{"b":59,"t":3,"pr":34,"s":[{"p":[0,0,0],"r":[0,0,4.268868E-07],"s":[20.33727,0.1250004,21.89502],"c":[0.304762,0,0.6666667],"pr":{"c":[0.304762,0,0.6666667],"m":1,"a":0.9345589,"s":0,"z":0.5355682,"g":0.5,"h":0.25}}]}]}