{"n":"ground","v":3,"a":[7,18],"p":[{"s":[{"p":[-0.004989624,-0.05045003,0.003226786],"r":[0,0,0],"s":[9.999526,0.09827396,10.01101],"c":[0.4444443,0.4444443,0.4444443]}]}]}