{"n":"thing","v":2,"a":[7,18],"p":[{"t":3,"s":[{"p":[0,0,0],"r":[0,0,0],"s":[0.1243494,0.00500122,0.03784951],"c":[1,1,1]}]}]}