{"n":"thing","v":3,"p":[{"s":[{"p":[0.01197645,0.1436772,0.3540756],"r":[5.01924,49.10361,53.61922],"s":[0.1750005,0.1750001,0.1750006],"c":[1,1,1]}]},{"s":[{"p":[-0.09006704,-0.04788868,-0.07765763],"r":[6.613142,8.94992,343.5441],"s":[0.1750004,0.1750005,0.1750008],"c":[1,1,1]}]},{"s":[{"p":[-0.1091967,-0.0005177259,-0.2390669],"r":[12.16771,0.6330147,102.6803],"s":[0.1750005,0.1750006,0.1750011],"c":[1,1,1]}]},{"s":[{"p":[-0.0642804,-0.06411478,0.1009474],"r":[277.311,54.27555,37.78304],"s":[0.1750006,0.1750007,0.1750012],"c":[1,1,1]}]}]}