{"n":"thing","v":3,"a":[22,18],"p":[{"b":60,"t":2,"s":[{"p":[0,-1.862645E-09,0.02003288],"r":[0,0,0],"s":[0.3230491,0.1295875,0.04135047],"c":[0,0.4444442,0.7777778]}]},{"b":18,"a":[19],"e":"TROPHY","s":[{"p":[-0.0001029998,-0.03452373,0.04162025],"r":[-2.003582E-05,180,180],"s":[0.005338504,0.005337266,0.005337895],"c":[1,1,1]}]},{"b":60,"t":1,"s":[{"p":[-1.864592E-16,-2.132844E-09,0.01219845],"r":[1.001791E-05,-8.757937E-13,-7.656432E-20],"s":[0.3513968,0.1579598,0.05076889],"c":[0.8888889,0.8888889,0.8888889]}]}]}