{"n":"thing","v":3,"a":[5,7,18],"p":[{"t":2,"t1":156,"s":[{"p":[0,0,0],"r":[0,0,0],"s":[150,150,0.2687496],"c":[0.1142855,1,0],"t1":{"c":[0,0,0],"x":0.0152998,"y":0.01626301,"a":1,"m":0,"n":0,"r":0,"g":0,"o":0.5,"t":0.5,"e":0.5}}]}]}