{"n":"tutorialsquare","v":2,"p":[{"t":2,"s":[{"p":[0,0,0],"r":[0,0,0],"s":[0.1750005,0.1750007,0.1750007],"c":[0,0.2285712,1],"b":["when touched then become 2 in 2"]},{"p":[0,0,0],"r":[0,0,0],"s":[1.403359,0.1750007,0.1750007],"c":[1,0,0.5142856],"b":["when touched then become 1 in 2"]},{"p":[0,0,0],"r":[0,0,0],"s":[0.1750005,0.1750007,0.1750007],"c":[0,0.2285712,1]}]}]}