{"n":"thing","v":3,"a":[2,7,16,18],"p":[{"b":3,"t":3,"a":[3,18],"pr":2,"s":[{"p":[0,0,0],"r":[0,0,0],"s":[0.01032075,0.01030889,0.01031856],"c":[0,1,1],"b":["when starts then become next in 1s"],"pr":{"c":[0,0.9142855,1],"m":0.936202,"a":1,"s":0.1773415,"z":1,"g":0.5,"h":0.25}},{"p":[0,0,0],"r":[0,0,0],"s":[0.01254401,0.01254401,0.01254401],"c":[0,1,1],"b":["when starts then become next","when starts then play big woomph with high-pitch"],"pr":{"c":[0,0.9142855,1],"m":0.936202,"a":1,"s":0.1773415,"z":1,"g":0.5,"h":0.25}},{"p":[0,0,0],"r":[0,0,0],"s":[0.9182299,0.9182299,0.9182299],"c":[0,1,1],"b":["when starts then send nearby onto swordtarget","when starts then become next"],"pr":{"c":[0,0.9142855,1],"m":0.936202,"a":1,"s":0.1773415,"z":1,"g":0.5,"h":0.25}},{"p":[0,0,0],"r":[0,0,0],"s":[0.005,0.005,0.005],"c":[0,1,1],"b":["when starts then destroy all parts","when starts then play big woomph with high-pitch"],"pr":{"c":[0,0.9142855,1],"m":0.936202,"a":1,"s":0.1773415,"z":1,"g":0.5,"h":0.25}}]}]}