{"n":"thing","v":3,"a":[7],"p":[{"s":[{"p":[0,0,0],"r":[0,0,0],"s":[7.263135,0.3224972,8.657369],"c":[0.190476,0.6666667,0]}]}]}