{"n":"thing","v":2,"a":[7,31],"p":[{"s":[{"p":[1.104179,0.5893291,-0.1504511],"r":[358.5974,178.3917,318.6729],"s":[0.08266111,0.5218155,0.02721249],"c":[0,0.9142855,1],"b":["when touched then tell table, play activate laser"]}]},{"s":[{"p":[1.090659,0.5924807,-0.1512674],"r":[358.5974,178.3917,48.67286],"s":[0.0826501,0.5218193,0.02721166],"c":[0,0.9142855,1],"b":["when touched then tell table"]}]},{"b":2,"t":7,"s":[{"p":[1.0953,0.5965644,-0.1757403],"r":[1.40256,358.3917,41.32715],"s":[0.005000525,0.005000606,0.005000546],"c":[0,0.05714257,1],"b":["when told table then become next in 1s"],"pr":{"c":[0,0.7428569,1],"m":0.25,"a":0.25,"s":0.15,"z":0.25,"g":0.5,"h":0.25}},{"p":[1.120293,0.5947573,-0.5800847],"r":[1.402562,358.3917,311.3271],"s":[0.5068667,0.506889,0.506929],"c":[0,0.05714229,1],"pr":{"c":[0,0.7428569,1],"m":0.25,"a":0.25,"s":0.15,"z":0.25,"g":0.5,"h":0.25}}]}]}