{"n":"thing","v":3,"a":[7],"p":[{"s":[{"p":[0,0,0],"r":[0,0,0],"s":[0.123824,3.228671,5.903003],"c":[1,1,1]}]}]}