{"n":"video button","v":2,"p":[{"a":[2],"s":[{"p":[0,0,0],"r":[0,0,0],"s":[0.06907295,0.005001472,0.03845506],"c":[0.8888889,0,0.3047619]}]}]}