{"n":"thing","v":2,"p":[{"b":174,"s":[{"p":[0,0,0],"r":[4.002063E-07,2.981769E-15,8.537734E-07],"s":[0.04500013,0.045,0.04500012],"c":[1,1,1]}]}]}