{"n":"thing","v":2,"p":[{"b":5,"s":[{"p":[0,0,0],"r":[0,0,-3.415094E-06],"s":[0.1250002,0.1250001,0.1250001],"c":[1,1,1]}]},{"b":17,"s":[{"p":[-0.02957735,-0.0206892,0.01580855],"r":[54.17833,9.353683,12.63322],"s":[0.06000013,0.06000005,0.06000016],"c":[1,1,1]}]}]}