{"n":"laserjet","v":3,"a":[15,36,37],"p":[{"b":14,"t":2,"t1":19,"s":[{"p":[0,0,0],"r":[0,0,0],"s":[0.01772107,0.05949042,0.06005475],"c":[0.6666667,0.1142856,0],"t1":{"c":[1,1,1],"x":0.17,"y":0.17,"a":0.8925,"m":0.5,"n":0.5,"r":0,"g":1,"o":0.5,"t":0.5,"e":0.5}}]},{"b":14,"t":2,"t1":19,"s":[{"p":[0.002401352,0.001868128,-0.0006623269],"r":[8.110338E-14,-8.110338E-14,270],"s":[0.01772505,0.05949897,0.06007152],"c":[0.6666667,0.1142856,0],"b":["when hit then play plasma shot","when "],"t1":{"c":[1,1,1],"x":0.17,"y":0.17,"a":0.8925,"m":0.5,"n":0.5,"r":0,"g":1,"o":0.5,"t":0.5,"e":0.5}}]}]}