{"n":"thing","v":3,"a":[6,8],"p":[{"b":3,"t":3,"a":[17,24],"s":[{"p":[0,0,0],"r":[0,0,0],"s":[0.1250003,0.1250005,0.1250006],"c":[0.5555556,0.5555556,0.5555556],"b":["when starts then set light intensity 10, then set light range 10, then become 2 in 2","when told by nearby off then destroy all parts","when told by nearby change then set light intensity 5"]},{"p":[0,0,0],"r":[0,0,0],"s":[0.1250003,0.1250005,0.1250006],"c":[0.5555556,0.5555556,0.5555556],"b":["when starts then tell nearby off, become 1 in 0.2s"]}]}]}