{"n":"equation","v":3,"a":[7],"p":[{"b":18,"e":"12 x 12 =","s":[{"p":[-0.0640908,-0.01107442,0.0008535311],"r":[0,0,0],"s":[0.009454469,0.009452661,0.009454256],"c":[1,1,1]}]},{"b":18,"e":"121","s":[{"p":[-0.07502539,-0.340822,0.02463066],"r":[0,0,0],"s":[0.008802565,0.008800509,0.00880251],"c":[1,1,1]}]},{"b":18,"e":"144","s":[{"p":[0.2563304,-0.3323658,0.01955536],"r":[1.001791E-05,8.757938E-13,1.001791E-05],"s":[0.01015922,0.01015466,0.01015881],"c":[1,1,1]}]}]}