{"n":"equation","v":3,"a":[7],"p":[{"b":18,"e":"6 x 2 =","s":[{"p":[0,0,0],"r":[0,0,0],"s":[0.009453149,0.009452416,0.009452956],"c":[1,1,1]}]},{"b":18,"e":"12","s":[{"p":[-0.07187849,-0.3178058,0.02267939],"r":[0,0,0],"s":[0.01142169,0.01142048,0.01142152],"c":[1,1,1]}]},{"b":18,"e":"9","s":[{"p":[0.3164878,-0.3149679,0.01102266],"r":[0,0,1.001791E-05],"s":[0.01142412,0.01142083,0.01142375],"c":[1,1,1]}]}]}