{"n":"thing","v":2,"p":[{"b":69,"s":[{"p":[0,0,0],"r":[0,0,0],"s":[0.03014136,0.1325386,0.02524664],"c":[1,1,1]}]},{"b":68,"s":[{"p":[-0.2326768,0.1405899,0.03404618],"r":[5.4127,180.6125,16.80457],"s":[0.1000004,0.1000002,0.1000003],"c":[1,1,1]}]}]}