{"n":"equation","v":3,"a":[7],"p":[{"b":18,"e":"36","s":[{"p":[0.2833531,-0.3170846,0.01648715],"r":[-1.001791E-05,0,0],"s":[0.01142393,0.01142082,0.01142357],"c":[1,1,1]}]},{"b":18,"e":"11 x 3 = ","s":[{"p":[-0.03792,0.003375649,0.0002231559],"r":[-1.001791E-05,0,0],"s":[0.009453931,0.009452573,0.009453791],"c":[1,1,1]}]},{"b":18,"e":"33","s":[{"p":[-0.06422424,-0.316754,0.01793854],"r":[-1.001791E-05,-6.157171E-14,1.001791E-05],"s":[0.01142226,0.01142061,0.0114221],"c":[1,1,1]}]}]}