{"n":"ground","v":3,"a":[1,7,18],"p":[{"s":[{"p":[0,0,0],"r":[0,0,0],"s":[150,150,0.05517932],"c":[0.3950616,0.4444443,0.4444443]}]}]}