{"n":"pond","v":3,"a":[7],"p":[{"b":16,"t":4,"s":[{"p":[0.05175628,0.9482357,0.1906975],"r":[-1.001791E-05,1.690016E-12,180],"s":[0.5705422,0.191117,0.5747815],"c":[0.222222,0.9333332,1],"pr":{"c":[0.3333333,1,0.9428572],"m":0.25,"a":0.25,"s":0.15,"z":0.25,"g":0.5,"h":0.25}}]},{"b":58,"t":1,"s":[{"p":[0.0458845,0.9607399,0.2040764],"r":[1.001791E-05,180,180],"s":[0.8608016,0.3545103,0.8975278],"c":[0.111111,1,0.4666664],"pr":{"c":[0.3333333,1,0.9428572],"m":0.25,"a":0.25,"s":0.15,"z":0.25,"g":0.5,"h":0.25}}]}]}