{"n":"bubble dollar","v":2,"a":[2,7,18,31],"p":[{"b":12,"t1":43,"t2":43,"s":[{"p":[0,0,0],"r":[0,0,0],"s":[0.050251,0.005000194,0.01888277],"c":[0.190476,0.6666667,0],"t1":{"c":[0.1587301,0.5555556,0],"x":0.5,"y":0.5,"a":0.8925,"m":0,"n":0,"r":0,"g":0,"o":0.5,"t":0.5,"e":0.5},"t2":{"c":[0.2222221,0.7777778,0],"x":0.5,"y":0.5,"a":0.8925,"m":0,"n":0,"r":0,"g":0,"o":0.5,"t":0.5,"e":0.5}}]},{"b":5,"t1":43,"t2":43,"s":[{"p":[0,0,0],"r":[90,270,0],"s":[0.01715378,0.01715422,0.01715496],"c":[0.190476,0.6666667,0],"t1":{"c":[0.1587301,0.5555556,0],"x":0.5,"y":0.5,"a":0.8925,"m":0,"n":0,"r":0,"g":0,"o":0.5,"t":0.5,"e":0.5},"t2":{"c":[0.2222221,0.7777778,0],"x":0.5,"y":0.5,"a":0.8925,"m":0,"n":0,"r":0,"g":0,"o":0.5,"t":0.5,"e":0.5}}]}]}