{"n":"ground","v":3,"a":[1],"p":[{"b":17,"t1":57,"s":[{"p":[0,0,0],"r":[0,0,0],"s":[12.68757,0.1472227,9.282749],"c":[0.4095236,1,0.3333332],"t1":{"c":[0,0,0],"x":0.5,"y":0.5,"a":0.8925,"m":0,"n":0,"r":0,"g":0,"o":0.5,"t":0.5,"e":0.5}}]}]}