{"n":"thing","v":3,"a":[20],"inc":[["thing","5a56f5dc15d27382135f0af5"],["thing 2","5a56f638185b11de0f8c85bb"]],"p":[{"b":4,"s":[{"p":[0,0,0],"r":[3.415095E-06,0,0],"s":[0.1250007,0.1250003,0.1250008],"c":[0,0.05714257,1],"b":["when starts then become next in 2"]},{"p":[0.002684545,-0.008092387,0.008624887],"r":[353.2462,356.3766,356.1556],"s":[0.1250007,0.06219832,0.1250008],"c":[0,0.05714255,1],"b":["when starts then become previous in 20","when starts then emit gravity-free thing 2 with 5"]}]},{"b":6,"s":[{"p":[-0.009001498,-0.08592182,0.001544766],"r":[73.97483,331.6529,66.02071],"s":[0.06648353,0.04278376,0.1299165],"c":[0,0.05714257,1]}]}]}