{"n":"thing","v":2,"a":[7,12,18],"p":[{"b":9,"t":3,"a":[3],"s":[{"p":[0,0,0],"r":[0,0,0],"s":[0.005,0.005,0.005],"c":[1,1,1],"b":["when starts then become next"]},{"p":[0,0,0],"r":[0,0,0],"s":[0.03671244,0.03671053,0.03672244],"c":[1,1,1],"b":["when touched then all parts face up","when touched then become next in 0.5s"]},{"p":[0.0008671853,-0.0005785227,0.9493327],"r":[-3.415095E-06,-1.170444E-12,3.927359E-05],"s":[0.1798265,0.1798593,0.1798184],"c":[0.7777778,0.7777778,0.7777778],"b":["when starts then set light range 100"]}]}]}