{"n":"spider light","v":2,"a":[2,14,16,20,36,37],"p":[{"b":3,"t":3,"t1":10,"s":[{"p":[0,0,0],"r":[0,0,0],"s":[0.1250001,0.1250001,0.1250001],"c":[0.8888889,0.8888889,0.8888889],"t1":{"c":[1,1,1],"a":0}}]}]}