{"n":"thing","v":3,"a":[6,7,18,20,21,31],"p":[{"t":10,"s":[{"p":[2016.644,2307.483,-68.63745],"r":[270,0,0],"s":[6899.434,0.2299803,6899.445],"c":[0,0.5714284,1]}]}]}