{"n":"thing","v":3,"p":[{"s":[{"p":[0,0,0],"r":[0,0,0],"s":[0.1750001,0.175,0.1750002],"c":[0.8627451,1,0.7294118]}]},{"t1":156,"s":[{"p":[0.04945787,0.1051208,-0.3134461],"r":[86.31863,290.1405,289.5914],"s":[0.1626868,0.01226787,0.1750015],"c":[0.8627451,1,0.7294118],"t1":{"c":[0.7254902,0.9176471,0.9019608],"x":0.5,"y":0.5,"a":0.8925,"m":0,"n":0,"r":0,"g":0,"o":0.5,"t":0.5,"e":0.5}}]}]}