{"n":"arm","v":3,"p":[{"b":8,"s":[{"p":[0,0,0],"r":[0,0,0],"s":[0.03974132,0.05417852,0.1699649],"c":[0.9714285,0,1]}]}]}