{"n":"thing","v":2,"p":[{"b":173,"s":[{"p":[0,0,0],"r":[0,0,-4.268868E-07],"s":[0.04500004,0.04500004,0.04500002],"c":[1,1,1]}]}]}