{"n":"tl","v":2,"a":[7,18],"p":[{"b":5,"t":8,"a":[12],"s":[{"p":[0,0,0],"r":[0,0,0],"s":[0.1250007,0.125027,0.1250108],"c":[1,1,1]}]}]}