{"n":"plasnmmnmna","v":2,"a":[2,15,31],"p":[{"b":3,"t":3,"a":[17,18,24],"pr":56,"t1":19,"s":[{"p":[0,0,0],"r":[0,0,0],"s":[0.04093389,0.04093382,0.04093382],"c":[0.9714286,1,0],"b":["when touched then play lightsword hit 1","when touched then add crumbles for all parts"],"t1":{"c":[1,1,1],"x":0.17,"y":0.17,"a":1,"m":0.5,"n":0.5,"r":0.1567404,"g":1,"o":0.5,"t":0.5,"e":0.5},"pr":{"c":[0.8888889,1,0.4444444],"m":0.7830927,"a":0.9090365,"s":0.4795851,"z":0.7399822,"g":0.3844888,"h":0.25}}]}]}