{"n":"thing","v":3,"p":[{"b":69,"t":12,"s":[{"p":[6.585467E-10,0.007532896,0],"r":[0,0,0],"s":[0.1402074,0.005000737,0.1402046],"c":[0.5555556,0.5555556,0.5555556]}]},{"b":59,"t":12,"s":[{"p":[4.836408E-10,0.005532206,0],"r":[-1.001791E-05,-4.378969E-13,180],"s":[0.137456,0.4625793,0.1374529],"c":[0.5555556,0.5555556,0.5555556]}]},{"b":144,"t":11,"s":[{"p":[-0.0004670468,0.003553272,-0.1671262],"r":[358.8804,270.0535,188.2973],"s":[0.04570644,0.006540455,0.01361407],"c":[0.7777778,0.7777778,0.7777778]}]},{"b":144,"t":10,"t1":34,"s":[{"p":[-0.0009107305,-0.01354736,-0.2844073],"r":[358.8804,270.0535,188.2973],"s":[0.1841244,0.00984696,0.01692169],"c":[0,0,0],"t1":{"c":[0.4444444,0.4444444,0.4444444],"x":0.5,"y":0.5,"a":0.4409952,"m":0,"n":0,"r":0,"g":0,"o":0.5,"t":0.5,"e":0.5}}]}]}