{"n":"thing","v":3,"a":[1,2,5,14,15,21,36],"p":[{"b":3,"t":7,"s":[{"p":[-0.03147156,0.1414157,-0.2046944],"r":[346.7848,341.3509,352.7508],"s":[0.08786912,0.08786993,0.08786946],"c":[0.222222,0,0.7777778]}]},{"b":3,"t":7,"s":[{"p":[-0.0314341,0.1384643,-0.2043154],"r":[32.2354,276.2458,163.2355],"s":[0.1161467,0.1161466,0.1161466],"c":[0.09523792,0,0.3333332]}]}]}