{"n":"thing","v":2,"p":[{"b":9,"s":[{"p":[0,0,0],"r":[0,0,0],"s":[0.1536705,0.1843139,0.12857],"c":[1,1,1]}]},{"b":3,"s":[{"p":[-0.03131239,-0.03699025,-0.1082549],"r":[59.17315,278.6611,96.36404],"s":[0.05403281,0.03845649,0.05288244],"c":[1,1,1]}]},{"b":3,"s":[{"p":[0.08880906,-0.03681235,-0.0741026],"r":[56.84556,290.8748,95.16806],"s":[0.05403281,0.03845649,0.05288246],"c":[1,1,1]}]},{"b":31,"s":[{"p":[0.03969315,0.05380217,-0.09134938],"r":[315.1825,84.99092,256.276],"s":[0.1250001,0.1250001,0.1250001],"c":[1,1,1]}]}]}