{"n":"ground","v":3,"a":[1,7],"p":[{"b":17,"s":[{"p":[0,0,0],"r":[0,0,0],"s":[10.81784,0.1541628,17.22274],"c":[0.9019608,0.8509804,0.7215686]}]}]}