{"n":"shotgun-bullet","v":3,"a":[2,7,18,31],"p":[{"b":5,"s":[{"p":[0,0,0],"r":[0,0,0],"s":[0.01091217,0.01091172,0.08330155],"c":[0.9714286,1,0]}]},{"b":5,"s":[{"p":[3.435952E-09,-6.007609E-16,-0.03930271],"r":[0,0,-1.001791E-05],"s":[0.01239329,0.01239265,0.02757062],"c":[1,0.3428571,0]}]}]}