{"n":"thing","v":2,"a":[4,7],"p":[{"s":[{"p":[0,0,0],"r":[0,0,0],"s":[0.230714,0.3399895,82.01299],"c":[1,1,1]}]},{"s":[{"p":[0.01146197,-0.6247444,40.99472],"r":[90,90,0],"s":[0.005000466,0.007979844,1.343294],"c":[1,1,1]}]}]}