{"n":"barrier","v":3,"a":[7,12],"p":[{"b":11,"s":[{"p":[-0.005485992,0.01889232,-0.3218679],"r":[315,180,180],"s":[0.6389525,0.1250668,0.125051],"c":[0.4444443,0.4444443,0.4444443]}]},{"s":[{"p":[0,0,0],"r":[0,0,0],"s":[1.276634,0.1750455,0.5788368],"c":[0.4444443,0.4444443,0.4444443]}]}]}