{"n":"thumbtack","v":3,"a":[21],"p":[{"b":14,"t":1,"s":[{"p":[0,0,0],"r":[0,0,0],"s":[0.002049775,0.002049775,0.003455296],"c":[0.7777778,0.7777778,0.7777778]}]},{"b":145,"s":[{"p":[0,0,-0.01086247],"r":[90,90.00002,0],"s":[0.008857963,0.001650149,0.001827705],"c":[0,0.05714257,1]}]},{"b":145,"s":[{"p":[0,0,-0.006051421],"r":[90,90,0],"s":[0.003422267,0.003866762,0.003866698],"c":[0,0.05714257,1]}]},{"b":145,"s":[{"p":[0,0,-0.01645362],"r":[90,90,0],"s":[0.004077739,0.004522265,0.004522149],"c":[0,0.05714257,1]}]}]}