{"n":"corkboard","v":3,"a":[7,18,21,31],"p":[{"t":10,"s":[{"p":[-7.450581E-09,-0.05636281,-1.192093E-07],"r":[0,0,0],"s":[1.492512,0.04727139,0.797853],"c":[0,0,0]}]},{"t":10,"t1":60,"s":[{"p":[-3.72529E-09,-0.04456264,0],"r":[0,0,0],"s":[1.474311,0.02906055,0.7796501],"c":[0.8888889,0.8183421,0.3950615],"t1":{"c":[0,0,0],"x":0.07526445,"y":0.01016378,"a":1,"m":0,"n":0,"r":0.4225873,"g":1,"o":0.5,"t":0.5,"e":0.5}}]}]}