{"n":"thing","v":3,"a":[22],"p":[{"t":3,"s":[{"p":[0,0,0],"r":[0,0,0],"s":[18.01513,0.1940921,1.02069],"c":[1,1,1]}]},{"b":168,"t":1,"t1":144,"s":[{"p":[75.50041,1.40251,0.5499725],"r":[0,180,180],"s":[0.3820398,0.2770906,1.28565],"c":[0.2222221,0.1142856,0],"t1":{"c":[0.5555556,0.3156966,0.06172834],"x":0.5,"y":0.5,"a":0.8925,"m":0,"n":0,"r":0,"g":0,"o":0.5,"t":0.5,"e":0.5}}]},{"b":12,"t":1,"t1":146,"s":[{"p":[15.8793,-2.692473,-0.08407402],"r":[-7.135869E-13,270,-4.37897E-13],"s":[2.307245,0.5619992,31.95848],"c":[0,0,0],"t1":{"c":[0,0,0],"x":0.5531616,"y":0.2168579,"a":1,"m":0,"n":0,"r":0,"g":0,"o":0.5,"t":0.5,"e":0.5}}]}]}