{"n":"invisible and visible","v":3,"a":[2,3,31],"p":[{"s":[{"p":[0,0,0],"r":[0,0,0],"s":[0.2312386,7.707952E-06,0.2312385],"c":[0,0,0]}]},{"b":73,"t":8,"a":[12],"s":[{"p":[-0.001102922,-0.01806765,-0.000582586],"r":[1.05064,7.453084,49.78253],"s":[0.3386686,0.3386682,0.338669],"c":[1,1,1],"b":["when starts then rotate forward with 2"]}]}]}