{"n":"thing","v":3,"a":[2,7,12,16,18],"inc":[["thing","5a5e26fc2f9e49d7141487db"]],"p":[{"b":3,"t":2,"a":[3,11,14],"s":[{"p":[0,0,0],"r":[0,0,0],"s":[0.01815871,0.01815802,0.01815788],"c":[1,0.8571429,0],"b":["when touched then send one nearby onto dead","when touched then become next","when touched then tell move"]},{"p":[-2.980232E-08,0,0.2173513],"r":[2.544444E-13,-8.537737E-06,3.415095E-06],"s":[0.01816132,0.01816218,0.01816115],"c":[1,0.8571429,0],"b":["when starts then destroy all parts","when starts then emit gravity-free thing with 65","when starts then send one nearby onto dead"]}]},{"b":4,"t":2,"a":[3,11],"s":[{"p":[7.450581E-09,0,-0.04969645],"r":[0,180,0],"s":[0.01746001,0.0174612,0.05235253],"c":[1,0.8571429,0],"b":["when told move then become next"]},{"p":[-1.490116E-08,0,0.1632127],"r":[0,180,0],"s":[0.01746079,0.01746214,0.05235594],"c":[1,0.8571429,0]}]}]}