{"n":"thing","v":2,"p":[{"b":10,"s":[{"p":[0,0,0],"r":[0,0,0],"s":[0.057353,0.1250005,0.08956364],"c":[1,1,1]}]},{"b":10,"s":[{"p":[0.05132268,0.05044651,0.01823878],"r":[346.2095,274.2556,24.45515],"s":[0.1148193,0.1250008,0.09160009],"c":[1,1,1]}]},{"b":10,"s":[{"p":[0.1356958,0.1415062,0.02188447],"r":[19.52727,288.1617,49.47232],"s":[0.1074729,0.09962399,0.0872848],"c":[1,1,1]}]},{"b":10,"s":[{"p":[0.1866873,0.2048261,0.03707692],"r":[6.696746,352.5095,8.709147],"s":[0.0637227,0.08226027,0.07855642],"c":[1,1,1]}]}]}