{"n":"welcome mat","v":3,"a":[7],"p":[{"b":7,"t":1,"s":[{"p":[0.09247971,0.009672642,-0.003433228],"r":[0,0,0],"s":[0.2942144,0.3341036,0.03611448],"c":[0.2857141,1,0]}]},{"b":21,"e":"WIPE YOUR BOOTS","s":[{"p":[0.2337151,-0.1509452,0.03054047],"r":[0,180,90],"s":[0.003732708,0.003733117,0.003732535],"c":[1,1,1]}]}]}