{"n":"thing","v":2,"p":[{"b":9,"s":[{"p":[0,0,0],"r":[0,0,-8.537737E-07],"s":[0.1250001,0.1250001,0.125],"c":[1,1,1]}]},{"b":14,"s":[{"p":[0.124896,-0.03935015,-0.1543325],"r":[359.2632,329.2929,10.54585],"s":[0.06000004,0.06000002,0.06],"c":[1,1,1]}]},{"b":12,"s":[{"p":[-0.09148787,0.1673967,-0.04562251],"r":[65.62122,67.3917,111.8404],"s":[0.06000003,0.06000002,0.06000001],"c":[1,1,1]}]}]}