{"n":"thing","v":3,"a":[7],"p":[{"s":[{"p":[0,0,0],"r":[0,0,0],"s":[6.432985,0.005,0.1046932],"c":[0.4444443,0.2172838,0.09876529]}]}]}