{"n":"st start","v":3,"a":[6],"inc":[["soul steel","5a605e6cd72bad361b616a4a"],["soul steel 2","5a605ff110d1856513bd1e62"],["soul steel 3","5a606332d72bad361b616a4c"],["soul steel 4","5a60640c17f80eae1346862b"],["soul steel 5","5a6069db2c686cad130c3196"]],"p":[{"b":9,"t":8,"a":[12,14],"s":[{"p":[0,0,0],"r":[0,0,0],"s":[0.005000012,0.005,0.005000005],"c":[0,1,1],"b":["when touched then emit gravity-free soul steel 5"]}]}]}