{"n":"sponge","v":3,"a":[2,3],"p":[{"b":12,"a":[5],"t1":67,"t2":58,"s":[{"p":[0,0,0],"r":[0,0,0],"s":[0.02336463,0.06000002,0.04273748],"c":[0.9714286,1,0],"b":["when triggered then tell expand"],"t1":{"c":[0,0,0],"x":0.5,"y":0.5,"a":0.8925,"m":0,"n":0,"r":0,"g":0,"o":0.5,"t":0.5,"e":0.5},"t2":{"c":[0.6666667,0,0],"x":0.5,"y":0.5,"a":0.8925,"m":0,"n":0,"r":0,"g":0,"o":0.5,"t":0.5,"e":0.5}}]},{"b":73,"t":7,"a":[5],"t1":58,"s":[{"p":[-0.002475895,0.0001590911,0.007476739],"r":[329.766,40.3603,287.9206],"s":[0.005000009,0.005000004,0.005000007],"c":[0.9714286,1,0],"b":["when told expand then become 2 in .0001"],"t1":{"c":[0.6666667,0,0],"x":0.5,"y":0.5,"a":0.8925,"m":0,"n":0,"r":0,"g":0,"o":0.5,"t":0.5,"e":0.5}},{"p":[-0.002475895,0.0001590911,0.007476739],"r":[337.8446,43.1778,288.1724],"s":[2.505446,2.505446,2.505446],"c":[0.9714286,1,0],"b":["when starts then become 1 in .0001"],"t1":{"c":[0.6666667,0,0],"x":0.5,"y":0.5,"a":0.8925,"m":0,"n":0,"r":0,"g":0,"o":0.5,"t":0.5,"e":0.5}}]}]}