{"n":"thing","v":2,"p":[{"t":3,"s":[{"p":[0,0,0],"r":[0,0,-1.707547E-06],"s":[0.1750016,0.1750014,0.1750013],"c":[1,1,1]}]}]}