{"n":"thing","v":2,"p":[{"b":152,"s":[{"p":[0,0,0],"r":[-1.067217E-07,3.415095E-06,-2.134434E-07],"s":[0.03999998,0.03999997,0.04],"c":[1,1,1]}]}]}