{"n":"thing","v":3,"a":[7,18],"p":[{"s":[{"p":[0,0,0],"r":[0,0,0],"s":[0.005,0.009356707,0.03451322],"c":[1,1,1]}]},{"s":[{"p":[0,0.01499999,0],"r":[0,0,0],"s":[0.005,0.009356707,0.03451322],"c":[1,1,1]}]},{"s":[{"p":[0,0.02999997,0],"r":[0,0,0],"s":[0.005,0.009356707,0.03451322],"c":[1,1,1]}]},{"s":[{"p":[0,0.04499996,0],"r":[0,0,0],"s":[0.005,0.009356707,0.03451322],"c":[1,1,1]}]}]}