{"n":"thing","v":3,"a":[7,18,21],"p":[{"b":64,"t":12,"s":[{"p":[-0.001079559,-0.0002632141,0.2841952],"r":[-3.415094E-06,180,180],"s":[0.09552667,0.06441634,0.07042238],"c":[1,0.1714282,0]}]},{"b":7,"t":12,"s":[{"p":[0,0,0],"r":[0,0,0],"s":[0.2183627,0.04940752,0.5381111],"c":[1,0.1714282,0]}]}]}