{"n":"thing","v":2,"p":[{"s":[{"p":[0,0,0],"r":[0,0,0],"s":[0.05988479,0.04291087,0.06127012],"c":[1,1,1]}]}]}