{"n":"bullet hole","v":2,"a":[2,7,12,16,18],"p":[{"b":5,"s":[{"p":[0,0,0],"r":[0,0,4.378969E-13],"s":[0.008341688,0.008341688,0.0003302211],"c":[0,0,0]}]}]}