{"n":"cleanball","v":2,"p":[{"b":3,"t":8,"a":[5,12,14],"s":[{"p":[0,0,0],"r":[0,0,0],"s":[0.02944585,0.0294458,0.02944583],"c":[1,1,1]}]}]}