{"n":"thing","v":3,"a":[2,15,16,38],"p":[{"b":9,"t":3,"a":[3,18],"pr":44,"s":[{"p":[0,0,0],"r":[0,0,0],"s":[0.02785675,0.02785663,0.02785669],"c":[1,0,0],"b":["when starts then set light range 250","when starts then set light intensity 8","when starts then rotate forward with 5"],"pr":{"c":[1,0,0],"m":0.2701263,"a":0.1077642,"s":0,"z":0.1774855,"g":0.5,"h":0.5}}]},{"b":9,"t":7,"a":[3],"pr":27,"s":[{"p":[0,0,0],"r":[0,0,0],"s":[0.1173002,0.1173001,0.1173002],"c":[1,0,0],"pr":{"c":[1,0,0],"a":1}}]}]}