{"n":"thing","v":3,"a":[22,18,21],"p":[{"b":58,"s":[{"p":[3.379006E-06,-0.003533585,-1.092907E-06],"r":[0,0,7.683962E-06],"s":[0.04054222,0.04054634,0.04054644],"c":[0.5537919,0.5555556,0.4938272]}]},{"b":86,"s":[{"p":[-2.558558E-05,-0.00519395,-0.002329633],"r":[8.537734E-07,180,180],"s":[0.01888547,0.005916067,0.01888808],"c":[1,1,1]}]},{"b":58,"s":[{"p":[-0.0005877464,-0.02159569,-0.00319827],"r":[0,0,0],"s":[0.04054276,0.1840249,0.04054666],"c":[0.5537919,0.5555556,0.4938272]}]},{"b":88,"s":[{"p":[-0.01373768,-0.006254833,-0.02773351],"r":[358.4578,110.7127,98.42413],"s":[0.009027218,0.01080009,0.02125783],"c":[0.5537919,0.5555556,0.4938272]}]}]}