{"n":"light emit","v":3,"a":[6,7,18],"inc":[["light","596bb053fb2d8bc4132337bf"],["light 2","596bb1434e8927ed21924038"],["light 3","596bb279e2b766c213715b3e"],["light 4","596bb36a3f294fe72158b233"],["lightball","596bb50e2e3dfc921328e27e"],["lightball 2","596bb55a0875feb51387268e"],["thing","5a636ec5a8c7b3e10fdc2cd9"],["light emit","5a636fc50eac92d50f4787e0"],["light e","5a63701294f2dc9b1348944b"]],"p":[{"b":4,"t":8,"a":[12,14],"s":[{"p":[0,0,0],"r":[0,0,0],"s":[0.1250034,0.1250025,0.1250046],"c":[1,1,1],"b":["when starts then emit light e with 100","when starts then become 2 in 30s"]},{"p":[0,0,0],"r":[0,0,0],"s":[0.1250034,0.1250025,0.1250046],"c":[1,1,1],"b":["when starts then become 1 in 0.1s"]}]}]}