{"n":"bullet","v":3,"a":[2,3,31],"p":[{"b":16,"t":12,"s":[{"p":[-0.07570125,0.258507,-0.2742886],"r":[359.7152,352.9393,336.9133],"s":[0.00397556,0.02356962,0.004665365],"c":[1,0.8571429,0],"b":["when triggered then become 2 in 0.2s"]},{"p":[0.0009187143,-0.005151597,0.1495166],"r":[359.5112,90.84439,87.88138],"s":[0.003972256,0.02354215,0.004661095],"c":[1,0.8571429,0],"b":["when starts then emit gravity-free [drop from inventory]","when starts then become 1 in 0.2s"]}]}]}