{"n":"thing","v":2,"p":[{"t":4,"s":[{"p":[0,0,0],"r":[0,0,0],"s":[0.3280799,0.3006731,0.1750002],"c":[0.6666667,0.6666667,0.6666667]}]}]}