{"n":"thing","v":3,"a":[7,18],"p":[{"b":68,"t":9,"s":[{"p":[0.01076507,0.003292802,0.01465988],"r":[-1.628444E-12,0,0],"s":[0.05352527,0.02307548,0.05252368],"c":[0.1481476,0.419047,0.4444439]}]},{"b":68,"t":9,"s":[{"p":[0.02223969,0.01957077,0.002517698],"r":[-1.628444E-12,0,0],"s":[0.03289833,0.008165275,0.03579519],"c":[0.3086415,0.5555556,0.5343916]}]}]}