{"n":"thing","v":3,"a":[2],"p":[{"s":[{"p":[0,0,0],"r":[0,0,1.067217E-07],"s":[0.02569424,0.03786121,0.03813861],"c":[1,0.5142855,0]}]}]}