{"n":"thing","v":2,"a":[7],"p":[{"s":[{"p":[0.01271705,0.1719836,-0.004948175],"r":[356.4891,330.6131,357.1252],"s":[73.25949,0.1775959,82.65786],"c":[1,1,1]}]}]}