{"n":"thing","v":3,"a":[2,7,12,16,18],"inc":[["thing","5a66b7a0c5e51b5114b48517"],["thing 2","5a66b9026aaa4081136e8ebe"],["thing 3","5a66b9bbf0580b7b1329a8ad"],["thing 4","5a66bb6e65c48f82138f123c"],["soul","5a66cf7ec5e51b5114b48524"],["soul 2","5a66cfc14277547313dea792"]],"p":[{"b":4,"t":8,"a":[12],"s":[{"p":[0,0,0],"r":[0,0,0],"s":[0.1432655,0.1483327,0.007174823],"c":[1,1,1]}]},{"b":4,"t":8,"a":[12],"s":[{"p":[2.980233E-08,0,-0.2726007],"r":[9.659347E-06,180,90],"s":[0.007177037,0.007174326,0.007174517],"c":[1,1,1],"b":["when any part touched then emit gravity-free soul 2 with 0"]}]}]}