{"n":"thing","v":2,"p":[{"b":49,"s":[{"p":[0,0,0],"r":[0,0,1.707547E-06],"s":[0.2586103,0.2235198,0.2975512],"c":[1,1,1]}]}]}