{"n":"thing","v":3,"a":[22,18,31],"p":[{"b":5,"s":[{"p":[0,0,0],"r":[0,0,1.675759E-13],"s":[0.04344985,0.04345052,0.04344912],"c":[0.7777778,0.7234568,0.6049383]}]},{"b":5,"s":[{"p":[3.350344E-09,1.387758E-09,-0.02074051],"r":[3.833689E-06,-9.255346E-06,-3.096399E-13],"s":[0.03800559,0.03800567,0.038004],"c":[0.7777778,0.7234568,0.6049383]}]}]}