{"n":"thing","v":3,"a":[7,18,21],"p":[{"b":64,"s":[{"p":[0,0,0],"r":[0,0,0],"s":[0.05134286,0.2257794,0.03367289],"c":[0,1,1]}]},{"b":64,"s":[{"p":[0,0,0.03729355],"r":[1.024529E-05,180,-1.024528E-05],"s":[0.05143962,0.2239103,0.01603571],"c":[0,1,1]}]},{"b":64,"s":[{"p":[-0.0005989075,0.01291656,0.006232381],"r":[0,0,2.732076E-05],"s":[0.05022781,0.2208692,0.03294142],"c":[0.2857141,0,1]}]},{"b":64,"s":[{"p":[-0.0005989075,0.01291656,0.04271585],"r":[1.707549E-06,180,-4.098114E-05],"s":[0.05032226,0.21904,0.01568733],"c":[0.2857141,0,1]}]}]}