{"n":"thing","v":3,"a":[7,18,21],"p":[{"b":16,"s":[{"p":[0,0,0],"r":[0,0,0],"s":[0.02752524,0.02752572,0.006388613],"c":[0.4444443,0.3978835,0.2962962]}]},{"b":16,"s":[{"p":[0,-0.002353668,2.328306E-10],"r":[-2.189484E-13,180,180],"s":[0.02752764,0.02753171,0.00639021],"c":[0.4444443,0.3978835,0.2962962]}]}]}