{"n":"thing","v":3,"a":[7,20],"p":[{"t1":86,"s":[{"p":[1.917576E-12,1.090765E-05,0.3886809],"r":[-8.964216E-08,-8.964215E-08,270],"s":[30.60766,31.36902,125.495],"c":[0,0,0],"t1":{"c":[0.6666667,0.6666667,0.6666667],"x":0.09215987,"y":0.03292811,"a":0.8925,"m":0,"n":0,"r":0,"g":0,"o":0.5,"t":0.5,"e":0.5}}]},{"t1":86,"s":[{"p":[-2.949326E-09,-0.01686823,0.3938096],"r":[0,0,0],"s":[31.34752,30.67498,125.5028],"c":[0,0,0],"t1":{"c":[0.6666667,0.6666667,0.6666667],"x":0.09215987,"y":0.03292811,"a":0.8925,"m":0,"n":0,"r":0,"g":0,"o":0.5,"t":0.5,"e":0.5}}]}]}