{"n":"ground","v":3,"a":[7,13,18,29],"p":[{"t":10,"s":[{"p":[0,0,0],"r":[0,0,0],"s":[6.991905,11.04568,0.008225219],"c":[1,1,1]}]}]}