{"n":"thing","v":3,"a":[21],"p":[{"b":75,"t":9,"s":[{"p":[0.1397301,-0.09161358,-0.002645932],"r":[304.7625,354.0562,5.032706],"s":[0.01845539,0.01848304,0.01846826],"c":[0.7777778,0.6790124,0.08641952]}]},{"b":75,"s":[{"p":[0.1397808,-0.07375719,-0.01630369],"r":[1.448902E-05,89.99998,180],"s":[0.01272185,0.008109184,0.01643259],"c":[0.7777778,0.7777778,0.7777778]}]},{"b":75,"t":7,"s":[{"p":[0.1397796,-0.06239678,-0.01630253],"r":[1.448902E-05,89.99998,180],"s":[0.01272307,0.00811091,0.0164344],"c":[0.7777778,0.7777778,0.7777778]}]},{"b":75,"t":9,"s":[{"p":[0.1416303,-0.1005051,-0.0259994],"r":[20.92868,51.24895,29.00271],"s":[0.01845951,0.01848753,0.01847452],"c":[0.7777778,0.6790124,0.08641952]}]}]}