{"n":"pea shooter","v":3,"a":[2,3,12],"inc":[["pea","5a67e829836215df0f047351"]],"p":[{"b":88,"s":[{"p":[0,0,0],"r":[0,0,0],"s":[0.00602549,0.03477406,0.01430474],"c":[0.08888849,0.7777778,0]}]},{"b":89,"s":[{"p":[-0.003979931,0.05615927,-0.0005018383],"r":[4.574948E-05,135,180],"s":[0.02122283,0.02306993,0.02056559],"c":[0.08888849,0.7777778,0]}]}]}