{"n":"shelves","v":2,"a":[7,18],"p":[{"t":9,"pr":5,"t1":43,"t2":43,"s":[{"p":[-1.788139E-07,-0.4763451,0.2404344],"r":[0,0,-1.024528E-05],"s":[0.8119717,0.1750239,0.01491718],"c":[0.3333332,0.1894178,0.03703704],"t1":{"c":[0.5555556,0.3756613,0.1851851],"x":0.837378,"y":0.7382908,"a":0.321178,"m":0,"n":0,"r":0,"g":0,"o":0.5,"t":0.5,"e":0.5},"t2":{"c":[0.8888889,0.5051146,0.09876538],"x":0.8074335,"y":1,"a":0.8598464,"m":0,"n":0,"r":0,"g":0,"o":0.5,"t":0.5,"e":0.5},"pr":{"c":[1,1,1],"m":0.00243187,"a":0.25,"s":0.8257672,"z":0.25,"g":0.5,"h":0.25}}]},{"t":9,"pr":5,"t1":43,"t2":43,"s":[{"p":[-2.980232E-07,-0.4717708,-0.2465264],"r":[0,180,180],"s":[0.8119915,0.1750242,0.01491737],"c":[0.3333332,0.1894178,0.03703704],"t1":{"c":[0.5555556,0.3756613,0.1851851],"x":0.837378,"y":0.7382908,"a":0.321178,"m":0,"n":0,"r":0,"g":0,"o":0.5,"t":0.5,"e":0.5},"t2":{"c":[0.8888889,0.5051146,0.09876538],"x":0.8074335,"y":1,"a":0.8598464,"m":0,"n":0,"r":0,"g":0,"o":0.5,"t":0.5,"e":0.5},"pr":{"c":[1,1,1],"m":0.00243187,"a":0.25,"s":0.15,"z":0.25,"g":0.5,"h":0.25}}]},{"t":9,"t1":43,"t2":43,"s":[{"p":[-5.960464E-08,-0.4759817,-0.005524397],"r":[0,0,0],"s":[0.8119726,0.1750238,0.01491743],"c":[0.3333332,0.1894178,0.03703704],"t1":{"c":[0.5555556,0.3756613,0.1851851],"x":0.837378,"y":0.7382908,"a":0.321178,"m":0,"n":0,"r":0,"g":0,"o":0.5,"t":0.5,"e":0.5},"t2":{"c":[0.8888889,0.5051146,0.09876538],"x":0.8074335,"y":1,"a":0.8598464,"m":0,"n":0,"r":0,"g":0,"o":0.5,"t":0.5,"e":0.5},"pr":{"c":[0,0,0],"m":0.25,"a":0.25,"s":0.15,"z":0.25,"g":0.5,"h":0.25}}]},{"t":9,"pr":5,"t1":43,"t2":43,"s":[{"p":[0.003016651,-0.4784479,0.4934376],"r":[0,0,0],"s":[0.8120922,0.1750524,0.01491973],"c":[0.3333332,0.1894178,0.03703704],"t1":{"c":[0.5555556,0.3756613,0.1851851],"x":0.837378,"y":0.7382908,"a":0.321178,"m":0,"n":0,"r":0,"g":0,"o":0.5,"t":0.5,"e":0.5},"t2":{"c":[0.8888889,0.5051146,0.09876538],"x":0.8074335,"y":1,"a":0.8598464,"m":0,"n":0,"r":0,"g":0,"o":0.5,"t":0.5,"e":0.5},"pr":{"c":[1,1,1],"m":0.00243187,"a":0.25,"s":0.8257672,"z":0.25,"g":0.5,"h":0.25}}]}]}