{"n":"thing","v":3,"a":[7,18],"p":[{"b":75,"t":9,"s":[{"p":[0.1671243,-0.1051887,-0.02999876],"r":[21.49494,53.49481,26.64034],"s":[0.02207049,0.02210401,0.02208842],"c":[0.7777778,0.6790124,0.08641952]}]},{"b":75,"t":9,"s":[{"p":[0.1670661,-0.1095318,-0.00316617],"r":[304.7625,354.0562,5.032708],"s":[0.02206559,0.02209857,0.02208091],"c":[0.7777778,0.6790124,0.08641952]}]},{"b":75,"s":[{"p":[0.1671243,-0.08818528,-0.01949307],"r":[2.003583E-05,89.99999,180],"s":[0.01521045,0.00969547,0.01964709],"c":[0.7777778,0.7777778,0.7777778]}]},{"b":75,"t":7,"s":[{"p":[0.1671243,-0.07460114,-0.01949307],"r":[2.003583E-05,89.99999,180],"s":[0.01521191,0.009697534,0.01964926],"c":[0.7777778,0.7777778,0.7777778]}]}]}