{"n":"thing","v":3,"a":[7,18],"p":[{"b":59,"t1":152,"s":[{"p":[0.09753609,0.1950245,0.1724777],"r":[312.5269,2.382962,309.255],"s":[0.03323746,0.04523958,0.03323729],"c":[0.5555556,0.4938272,0.1234566],"t1":{"c":[0.6666667,0.4507936,0.2222221],"x":0.5,"y":0.5,"a":0.7064562,"m":0.1912856,"n":0,"r":0.1202493,"g":0,"o":0.5,"t":0.5,"e":0.5}}]},{"b":75,"t1":152,"s":[{"p":[0.1000156,0.1920029,0.1750717],"r":[66.72878,122.0298,182.0378],"s":[0.01791365,0.008109253,0.01839715],"c":[0.7777778,0.7777778,0.7777778],"t1":{"c":[0.6666667,0.4507936,0.2222221],"x":0.5,"y":0.5,"a":0.7064562,"m":0.1912856,"n":0,"r":0.1202493,"g":0,"o":0.5,"t":0.5,"e":0.5}}]},{"b":75,"t":9,"t1":152,"s":[{"p":[0.08342171,0.1983337,0.1964492],"r":[336.6674,111.0283,227.2549],"s":[0.01845601,0.01848454,0.01846968],"c":[0.7777778,0.6790124,0.08641952],"t1":{"c":[0.6666667,0.4507936,0.2222221],"x":0.5,"y":0.5,"a":0.7064562,"m":0.1912856,"n":0,"r":0.1202493,"g":0,"o":0.5,"t":0.5,"e":0.5}}]}]}