{"n":"thing","v":2,"p":[{"t":4,"s":[{"p":[0,0,0],"r":[0,0,0],"s":[0.4509875,0.1749999,0.1750001],"c":[1,1,1]}]}]}