{"n":"thing","v":2,"p":[{"t":3,"s":[{"p":[0,0,0],"r":[0,0,0],"s":[0.1750006,0.1750003,0.1750005],"c":[0.691358,0.6962963,0.7777778]}]},{"t":3,"s":[{"p":[0.7177762,0.5773814,-1.333997],"r":[322.5395,195.4527,358.7901],"s":[0.1750001,0.1750002,0.1750001],"c":[0.3703702,0.4888886,0.6666667]}]}]}