{"n":"wall","v":3,"a":[6,7],"p":[{"t1":55,"s":[{"p":[0,0,0],"r":[0,0,0],"s":[14.55818,0.1618487,3.644639],"c":[1,1,1],"t1":{"c":[0.1107583,0.1111111,0.09876538],"x":0.5,"y":0.5,"a":0.8925,"m":0,"n":0,"r":0,"g":0,"o":0.5,"t":0.5,"e":0.5}}]}]}