{"n":"thing","v":3,"p":[{"s":[{"p":[0,0,0],"r":[0,0,0],"s":[12.67891,0.2383545,9.383361],"c":[0.3456789,0.37037,0.7777778]}]}]}