{"n":"thing","v":3,"a":[2,7,16,18],"p":[{"b":4,"t":8,"a":[12],"s":[{"p":[0,0,0],"r":[0,0,-4.378969E-13],"s":[0.02014781,0.008127544,0.005000024],"c":[1,1,1],"b":["when touched then become next in 0.5s"]},{"p":[0,0,0],"r":[0,0,-4.378969E-13],"s":[0.02014781,0.008127544,0.005000024],"c":[1,1,1],"b":["when starts then tell 2"]}]},{"b":74,"t":21,"t1":168,"s":[{"p":[-7.052695,0.0007095337,0.4094321],"r":[0,89.99999,90],"s":[0.005000215,0.005000237,0.00500022],"c":[0,0,0],"b":["when told 2 then become next"],"t1":{"c":[1,1,1],"a":0}},{"p":[0.0005736375,0.0007104875,-0.01364088],"r":[0,89.99999,90],"s":[0.1775741,0.1313622,0.1895946],"c":[0,0,0],"t1":{"c":[1,1,1],"a":0}}]}]}