{"n":"thing","v":3,"p":[{"s":[{"p":[0,0,0],"r":[0,0,-4.378969E-13],"s":[0.005003978,13.03329,13.78216],"c":[0.3333332,0.3333332,0.3333332]}]}]}