{"n":"thing","v":2,"p":[{"b":45,"s":[{"p":[0.09260561,0.08020525,0.00112915],"r":[1.001791E-05,1.001791E-05,180],"s":[0.05803484,0.1615254,0.04340916],"c":[1,1,1]}]},{"b":45,"s":[{"p":[0,0,0],"r":[0,0,0],"s":[0.05801634,0.1614603,0.04340914],"c":[1,1,1]}]},{"b":79,"s":[{"p":[-0.01914978,0.02498031,-0.0002746582],"r":[21.33027,3.196673,266.5314],"s":[0.005001296,0.005000936,0.005000464],"c":[1,1,1]}]},{"b":79,"s":[{"p":[0.1124573,0.02824209,0.00567627],"r":[315.3002,353.3468,90.31512],"s":[0.005001304,0.005000938,0.005000426],"c":[1,1,1]}]}]}