{"n":"thing","v":2,"p":[{"b":132,"e":"EACH CHERRY\n$1.50","s":[{"p":[0,0,0],"r":[0,0,0],"s":[0.003000007,0.003000003,0.003000006],"c":[1,1,1]}]}]}