{"n":"thing","v":3,"p":[{"s":[{"p":[0,0,0],"r":[0,0,0],"s":[2.245784,0.7565713,0.3695816],"c":[1,1,1]}]}]}