{"n":"90kg","v":3,"a":[21],"p":[{"b":151,"t1":109,"t2":148,"s":[{"p":[0,0,0],"r":[0,0,0],"s":[0.1384552,0.1384535,0.1384543],"c":[0.3333332,0.3333332,0.3333332],"b":["when starts then become next"],"t1":{"c":[0.5555556,0.5555556,0.5555556],"x":0.5,"y":0.5,"a":0.6978396,"m":0,"n":0,"r":0,"g":0,"o":0.5,"t":0.5,"e":0.5},"t2":{"c":[0.4444444,0.4444444,0.4444444],"x":0.5198858,"y":0.5,"a":1,"m":0,"n":0,"r":0,"g":0,"o":0.5,"t":0.5,"e":0.5}},{"p":[0,0,0],"r":[0,0,0],"s":[0.1384552,0.1384535,0.1384543],"c":[0.3333332,0.3333332,0.3333332],"b":["when touched then play bullet impact with low-pitch ","when touched then add crumbles for all parts","when touched then destroy all parts"],"t1":{"c":[0.5555556,0.5555556,0.5555556],"x":0.5,"y":0.5,"a":0.6978396,"m":0,"n":0,"r":0,"g":0,"o":0.5,"t":0.5,"e":0.5},"t2":{"c":[0.4444444,0.4444444,0.4444444],"x":0.5198858,"y":0.5,"a":1,"m":0,"n":0,"r":0,"g":0,"o":0.5,"t":0.5,"e":0.5}}]},{"t1":109,"s":[{"p":[-0.002071989,0.04732472,0.03919408],"r":[286.027,173.5351,327.9383],"s":[0.004709486,0.004709473,0.004709479],"c":[0.3333332,0.3333332,0.3333332],"b":["when starts then become next in 10"],"t1":{"c":[0.3333333,0.3333333,0.3333333],"x":0.5,"y":0.5,"a":0.8925,"m":0,"n":0,"r":0,"g":0,"o":0.5,"t":0.5,"e":0.5}},{"p":[-0.2679844,0.09942949,0.1213956],"r":[303.7856,165.1698,348.8561],"s":[0.004709492,0.004709488,0.004709471],"c":[0.3333332,0.3333332,0.3333332],"b":["when starts then add crumbles for all parts","when starts then destroy all parts"],"t1":{"c":[0.3333333,0.3333333,0.3333333],"x":0.5,"y":0.5,"a":0.8925,"m":0,"n":0,"r":0,"g":0,"o":0.5,"t":0.5,"e":0.5}}]}]}