{"n":"thing","v":2,"p":[{"b":91,"e":"$1.00","s":[{"p":[-0.03632356,-0.02700709,0.02405215],"r":[90,0,0],"s":[0.003001064,0.003001175,0.003000854],"c":[0,0,0]}]},{"s":[{"p":[0.00439071,-0.03458333,0.0056758],"r":[0,0,-1.001791E-05],"s":[0.1322325,0.005000202,0.0604707],"c":[0.1724866,0.3333332,0.03703704]}]}]}