{"n":"thing","v":3,"p":[{"b":68,"s":[{"p":[0,0,0],"r":[0,0,0],"s":[0.1111189,0.005,0.03775179],"c":[0.279365,0.4444443,0]}]},{"b":68,"s":[{"p":[-0.0262146,-4.220668E-09,-0.02413941],"r":[-1.001791E-05,-8.757938E-13,1.001791E-05],"s":[0.08403838,0.005000106,0.05537502],"c":[0.279365,0.4444443,0]}]},{"b":68,"s":[{"p":[0.07411957,-0.008178724,0],"r":[0,0,-1.024528E-05],"s":[0.0164108,0.007581921,0.01585978],"c":[0.2793649,0.4444443,0]}]}]}