{"n":"thing","v":2,"p":[{"b":3,"t":3,"s":[{"p":[0,0,0],"r":[0,0,0],"s":[0.3503586,0.1735574,0.4342003],"c":[1,1,1]}]}]}