{"n":"thing","v":2,"p":[{"b":3,"t":3,"s":[{"p":[0,0,0],"r":[0,0,0],"s":[0.1250014,0.1250011,0.1250018],"c":[1,0,0]}]}]}