{"n":"thing","v":2,"p":[{"b":139,"e":"MY BODIES!","s":[{"p":[0,0,0],"r":[0,0,-1.72589E-07],"s":[0.03648204,0.03648204,0.03648204],"c":[1,1,1]}]}]}