{"n":"thing","v":2,"p":[{"b":132,"e":"EACH BOTTLE OF PEPPER\n$5.99","s":[{"p":[0,0,0],"r":[0,0,0],"s":[0.003000012,0.003000003,0.003000009],"c":[1,1,1]}]}]}