{"n":"thing","v":3,"a":[8],"p":[{"pr":39,"s":[{"p":[0,0,0],"r":[0,0,6.670106E-09],"s":[0.1912741,0.0590373,0.06002612],"c":[1,1,1],"pr":{"c":[0.9015873,1,0.8888889],"m":0.25,"a":0.25,"s":0.1473557,"z":0.1,"g":0.1,"h":0.6}}]},{"pr":39,"s":[{"p":[-0.05074132,0.2306935,0.0002003461],"r":[354.5738,24.33226,313.9129],"s":[0.1912742,0.05903734,0.06002618],"c":[1,1,1],"pr":{"c":[0.1365078,0.3333333,0.1111111],"m":0.25,"a":0.25,"s":0.1754132,"z":0.1,"g":0.1,"h":0.6}}]},{"pr":39,"s":[{"p":[0.2083394,0.353763,-0.02320871],"r":[333.2815,18.4993,327.5609],"s":[0.1912741,0.05903729,0.06002611],"c":[1,1,1],"pr":{"c":[0.1365078,0.3333333,0.1111111],"m":0.25,"a":0.25,"s":0.1754132,"z":0.1,"g":0.1,"h":0.6}}]},{"pr":39,"s":[{"p":[0.1551004,-0.2052883,-0.0751501],"r":[3.554709,345.3095,46.48477],"s":[0.1912742,0.0590373,0.06002613],"c":[1,1,1],"pr":{"c":[0.1365078,0.3333333,0.1111111],"m":0.25,"a":0.25,"s":0.1754132,"z":0.1,"g":0.1,"h":0.6}}]}]}