{"n":"gears","v":2,"a":[7,18],"p":[{"b":160,"s":[{"p":[0,0,0],"r":[0,0,0],"s":[0.1000062,0.1000011,0.02194717],"c":[1,1,1]}]},{"b":160,"s":[{"p":[-1.192093E-07,1.930715E-07,1.10424],"r":[-1.001791E-05,0,0],"s":[0.1000418,0.1000107,0.02195198],"c":[1,1,1]}]}]}