{"n":"extend-o-matic","v":3,"a":[7,18],"p":[{"b":63,"t":8,"a":[12],"su":[{"i":"5a6e82831c5cea40440829ec","t":"5a6e83f8c6e3b27b1328d26b","p":[-0.0005111694,-0.5478401,-3.929824],"r":[8.14222E-13,1.001791E-05,90]}],"s":[{"p":[0.8142282,0.2618638,0.6385971],"r":[0,0,0],"s":[0.1250022,0.125002,0.125003],"c":[1,1,1],"b":["when told by any arrived then become 2 in 10","when told by any arrived then loop machine 5","when starts then end loop"]},{"p":[0.8142282,0.2618635,8.428755],"r":[0,0,0],"s":[0.1250834,0.125082,0.1251492],"c":[1,1,1],"b":["when starts then become 3 in 15","when starts then end loop"]},{"p":[0.8142282,0.2618638,8.428759],"r":[0,0,0],"s":[0.1250077,0.1250044,0.1250068],"c":[1,1,1],"b":["when starts then become 1 in 10","when starts then loop machine 5"]}]}]}