{"n":"platform holders","v":3,"a":[22,18,31],"p":[{"b":58,"t":1,"s":[{"p":[0,0,0],"r":[0,0,0],"s":[0.5529048,0.5528874,0.5529454],"c":[0.5555556,0.5555556,0.5555556]}]},{"b":58,"t":1,"s":[{"p":[-1.192093E-07,-1.097306,-9.810681E-08],"r":[0,0,0],"s":[0.553152,0.5531325,0.5533235],"c":[0.5555556,0.5555556,0.5555556]}]}]}