{"n":"thing","v":2,"p":[{"b":166,"s":[{"p":[0,0,0],"r":[0,0,1.707547E-06],"s":[0.009984652,0.008490408,0.005000005],"c":[0.2222219,0.1601409,0.02469136]}]}]}