{"n":"build tribe","v":3,"a":[22,31],"p":[{"b":5,"s":[{"p":[0.002434237,-0.001527071,-0.005198078],"r":[345.1017,334.9065,344.4084],"s":[0.1250003,0.1250015,0.005000064],"c":[1,1,1],"b":["when touched then send nearby onto blue pad"]}]},{"b":58,"t":11,"s":[{"p":[0.003121667,-0.003223933,-0.003880758],"r":[68.56336,287.5629,314.7074],"s":[0.1864842,0.1864931,0.1864928],"c":[0,0.9142855,1]}]}]}