{"n":"thing","v":3,"a":[31],"p":[{"b":5,"t":11,"s":[{"p":[0,0,0],"r":[0,0,-4.268868E-07],"s":[0.003601426,0.003602578,0.1280093],"c":[0.6666667,0.6666667,0.6666667]}]},{"b":5,"t":11,"s":[{"p":[-3.729016E-06,-4.030764E-06,0.106762],"r":[3.180555E-14,8.537737E-07,-4.268868E-06],"s":[0.001967709,0.001967711,0.1580332],"c":[0.6666667,0.6666667,0.6666667]}]},{"b":3,"t":11,"s":[{"p":[-0.0004862947,0.003131479,0.1792454],"r":[87.09613,270.9189,270.1456],"s":[0.01333836,0.01333837,0.01333837],"c":[0.6666667,0.6666667,0.6666667]}]}]}