{"n":"thing","v":3,"a":[7,18],"p":[{"b":16,"t":11,"s":[{"p":[0,0,0],"r":[0,0,0],"s":[0.0976647,0.07593233,0.09766419],"c":[0,0.3999996,1]}]}]}