{"n":"thing","v":2,"a":[7,18],"p":[{"b":16,"s":[{"p":[0,0,0],"r":[0,0,0],"s":[0.06993791,0.1250161,0.005000476],"c":[1,1,1]}]},{"b":16,"s":[{"p":[0.007453919,0.001266478,0],"r":[3.415095E-06,0,180],"s":[0.06994836,0.1202413,0.005001092],"c":[1,1,1]}]},{"b":16,"s":[{"p":[0.007453907,-0.04624939,0],"r":[3.415095E-06,0,180],"s":[0.0554181,0.1202484,0.005001319],"c":[1,1,1]}]},{"b":16,"s":[{"p":[0.007453889,-0.1110687,0],"r":[0,0,180],"s":[0.03675672,0.1202592,0.005001699],"c":[1,1,1]}]}]}