{"n":"thing","v":3,"a":[21],"p":[{"b":16,"s":[{"p":[0,0,0],"r":[0,0,0],"s":[0.05548134,0.09917456,0.003966849],"c":[1,1,1]}]},{"b":16,"s":[{"p":[0.005912781,0.001007079,0],"r":[3.415095E-06,0,180],"s":[0.05548964,0.09538674,0.003967338],"c":[1,1,1]}]},{"b":16,"s":[{"p":[0.005912773,-0.03668213,0],"r":[3.415095E-06,0,180],"s":[0.04396286,0.09539237,0.003967518],"c":[1,1,1]}]},{"b":16,"s":[{"p":[0.005912758,-0.08810425,0],"r":[0,0,180],"s":[0.0291589,0.09540094,0.003967819],"c":[1,1,1]}]}]}