{"n":"thing","v":3,"a":[7,18,31],"p":[{"b":59,"t":11,"s":[{"p":[0.005584755,0.2176814,-0.113621],"r":[1.001791E-05,-1.751587E-12,-1.531286E-19],"s":[0.08346583,0.08347785,0.0834666],"c":[0.4444442,0.3202819,0.04938255]}]}]}