{"n":"thing","v":2,"p":[{"b":3,"t":3,"s":[{"p":[0,0,0],"r":[0,0,0],"s":[0.125,0.1250001,0.1250001],"c":[0,0.5555556,0.1269841]}]}]}