{"n":"thing","v":2,"a":[7,18],"p":[{"b":4,"t":8,"a":[12],"su":[{"i":"5a73b0cfdad232108cf55fb8","t":"5a73b12f0f87bc8b1312cb98","p":[-0.0778656,-0.04655075,0.005401134],"r":[3.415095E-06,270,90.00001]}],"s":[{"p":[0,0,0],"r":[0,0,0],"s":[0.02652417,0.005000372,0.01763947],"c":[1,1,1],"b":["when starts then become next in 2s"]},{"p":[0,0,0.02936649],"r":[0,0,8.537737E-06],"s":[0.02652545,0.005000571,0.01764002],"c":[1,1,1],"b":["when starts then become next in 2s"]}]}]}