{"n":"hanging wires","v":3,"a":[1,6],"p":[{"b":51,"s":[{"p":[0.6593277,-1.55916,0.4285442],"r":[336.0927,350.1002,11.39402],"s":[0.560432,0.5604317,10.34887],"c":[0,0,0]}]},{"b":51,"s":[{"p":[-2.807477,-15.45597,-1.247019],"r":[21.31909,310.974,325.3143],"s":[0.5604343,0.5604343,8.587478],"c":[0,0,0]}]},{"b":51,"s":[{"p":[1.479267,-8.574254,-5.861677],"r":[278.8441,162.9919,249.4721],"s":[0.5604436,0.5604428,6.138804],"c":[0,0,0]}]}]}