{"n":"thing","v":2,"a":[7,18],"p":[{"s":[{"p":[0,0,0],"r":[0,0,0],"s":[0.1070849,0.2961549,0.1750137],"c":[0.7777778,0.7777778,0.7777778]}]},{"s":[{"p":[-5.960464E-08,-0.284434,0],"r":[0,0,0],"s":[0.03710647,0.2961798,0.04920872],"c":[0.7777778,0.7777778,0.7777778]}]},{"s":[{"p":[0.01747811,-0.4462726,0],"r":[0,0,0],"s":[0.0720199,0.05445696,0.04921223],"c":[0.7777778,0.7777778,0.7777778]}]}]}