{"n":"thing","v":3,"a":[7,13,18],"p":[{"t":7,"s":[{"p":[0,0,0],"r":[0,0,-7.656432E-20],"s":[1.983853,0.1096186,0.005],"c":[1,0,0.3428572]}]},{"t":7,"s":[{"p":[2.100796E-08,-3.673148E-15,-0.1201515],"r":[1.001791E-05,-1.628444E-12,-2.189274E-19],"s":[1.983853,0.1096189,0.005],"c":[1,0,0.3428572]}]},{"t":7,"s":[{"p":[4.710967E-08,-8.236916E-15,-0.2694359],"r":[0,0,-1.001791E-05],"s":[1.983983,0.1096243,0.005000002],"c":[1,0,0.3428572]}]}]}