{"n":"thing","v":2,"a":[22,18,31],"p":[{"b":45,"s":[{"p":[0,0,0],"r":[0,0,0],"s":[1.217714,1.218215,1.217638],"c":[1,1,1]}]}]}