{"n":"thing","v":3,"a":[7,18],"p":[{"s":[{"p":[-0.007953642,0.008254589,-0.01209641],"r":[1.751587E-12,1.001791E-05,-1.001791E-05],"s":[0.04808677,0.0700425,0.2278332],"c":[1,1,1]}]},{"b":40,"s":[{"p":[0.05051422,-0.01900847,-0.1273041],"r":[1.221333E-12,270,1.001791E-05],"s":[0.1250676,0.125007,0.1173769],"c":[1,1,1]}]},{"s":[{"p":[0.1112061,0.008254568,-0.01209641],"r":[0,0,0],"s":[0.04808849,0.07004441,0.2278324],"c":[1,1,1]}]}]}