{"n":"thing","v":3,"a":[7,18],"p":[{"s":[{"p":[0.08388136,0.0001792761,0.09189607],"r":[1.001791E-05,89.99999,1.001791E-05],"s":[0.04901719,0.07435581,0.1069322],"c":[0,0.3999996,1]}]},{"s":[{"p":[0.0007591285,-0.003061563,-0.02484894],"r":[1.001791E-05,89.99999,-2.035555E-12],"s":[0.04905235,0.07436278,0.1132768],"c":[0,0.3999996,1]}]},{"s":[{"p":[2.84735E-09,-4.978465E-16,-0.01628494],"r":[-1.751587E-12,-1.001791E-05,1.531286E-19],"s":[0.0611892,0.07499605,0.2692029],"c":[1,1,1]}]}]}