{"n":"thing","v":3,"a":[2],"p":[{"b":69,"t1":46,"s":[{"p":[0.001634658,0.3614502,-0.0006576217],"r":[1.628444E-12,270,1.949798E-05],"s":[0.0125559,0.07502633,0.07502272],"c":[0.222222,0.1382714,0.04938255],"t1":{"c":[0.6666667,0.6666667,0.6666667],"x":0.5,"y":0.5,"a":0.8925,"m":0,"n":0,"r":0,"g":0,"o":0.5,"t":0.5,"e":0.5}}]},{"b":69,"s":[{"p":[-5.960464E-08,-0.3205538,5.604741E-08],"r":[-1.001791E-05,-1.001791E-05,1.313691E-12],"s":[0.0231787,0.03532321,0.02206815],"c":[0.3333332,0.111111,0.111111]}]},{"b":69,"t1":46,"s":[{"p":[-2.607704E-08,0.0236702,-4.138629E-09],"r":[0,-1.001791E-05,0],"s":[0.01728623,0.2032057,0.01484055],"c":[0.222222,0.1382714,0.04938255],"t1":{"c":[0.6666667,0.6666667,0.6666667],"x":0.5,"y":0.5,"a":0.8925,"m":0,"n":0,"r":0,"g":0,"o":0.5,"t":0.5,"e":0.5}}]}]}