{"n":"thing","v":2,"p":[{"b":3,"t":2,"s":[{"p":[0,0,0],"r":[0,0,0],"s":[1.795444,3.703042,2.58565],"c":[0.9714286,1,0]}]}]}