{"n":"lilly pad","v":3,"a":[21],"p":[{"b":64,"s":[{"p":[0,0,0],"r":[0,0,0],"s":[0.08273853,0.007037136,0.1220122],"c":[0.148148,0.3333332,0.07407398]}]},{"b":65,"s":[{"p":[0.07120503,-0.0007868793,0.1616162],"r":[1.003184E-05,180,180],"s":[0.07126806,0.007047215,0.09825602],"c":[0.148148,0.3333332,0.07407398]}]},{"b":65,"s":[{"p":[-0.0692431,-0.001542892,0.1616167],"r":[1.003184E-05,180,5.336145E-08],"s":[0.071355,0.007046999,0.09837239],"c":[0.148148,0.3333332,0.07407398]}]}]}