{"n":"thing","v":3,"a":[2,16,30],"p":[{"b":4,"t":1,"s":[{"p":[0,0,0],"r":[0,0,0],"s":[0.005,0.005,0.066962],"c":[0.5555556,0.5555556,0.5555556]}]},{"b":17,"s":[{"p":[-0.0006411002,9.585672E-05,-0.07071496],"r":[90,180.0536,0],"s":[0.005000197,0.005000172,0.005000134],"c":[1,0.5142855,0]}]}]}