{"n":"thing","v":3,"a":[7,18],"p":[{"b":86,"t":13,"s":[{"p":[0,0,0],"r":[0,0,0],"s":[0.02505764,0.01358493,0.02505721],"c":[0.9904761,1,0.6666666]}]},{"s":[{"p":[0.001075685,0.02132225,-4.577637E-05],"r":[2.325195E-06,270,7.334151E-06],"s":[0.01057398,0.07018226,0.01056992],"c":[0.2222219,0.1142854,0]}]}]}