{"n":"thing","v":2,"a":[7,18],"p":[{"b":58,"t":2,"s":[{"p":[0.09110034,-1.358241E-05,-2.008677E-05],"r":[270,90,0],"s":[0.03604813,0.07293361,0.03668763],"c":[0,0.5714284,1]}]},{"b":144,"s":[{"p":[0.03306246,0.000596527,-0.0004693866],"r":[0,1.001791E-05,0],"s":[0.09456921,0.02521966,0.02567651],"c":[0.222222,0.222222,0.222222]}]},{"t":2,"s":[{"p":[-0.02872253,0.01872158,-0.0008450137],"r":[270,90,0],"s":[0.005001454,0.01374481,0.02679585],"c":[0,0.5714284,1]}]}]}