{"n":"thing","v":2,"p":[{"b":128,"e":"MU","s":[{"p":[0,0,0],"r":[0,0,0],"s":[0.003000011,0.003000008,0.003000008],"c":[1,1,1]}]}]}