{"n":"thing","v":2,"a":[7],"p":[{"b":5,"s":[{"p":[0,0,0],"r":[0,0,0],"s":[0.1250295,0.06420662,0.6970358],"c":[0,0,0]}]},{"b":39,"s":[{"p":[0.003625401,0.08631513,0.2328801],"r":[0,0,1.001791E-05],"s":[0.04201078,0.04075578,0.05827861],"c":[1,1,1]}]},{"b":63,"s":[{"p":[0.003292092,0.08460807,0.1082335],"r":[6.171555E-06,90.00001,-1.162596E-06],"s":[0.1250363,0.1250311,0.04365311],"c":[1,1,1]}]}]}