{"n":"thing","v":3,"p":[{"b":73,"t":2,"s":[{"p":[0,0,0],"r":[0,0,-4.268868E-07],"s":[0.04263213,0.04263213,0.04263209],"c":[0.5185185,0.5333332,0.7777778]}]}]}