{"n":"thing","v":3,"a":[2],"p":[{"b":15,"s":[{"p":[0,0,0],"r":[0,0,1.641836E-06],"s":[0.005000005,0.005000003,0.005000002],"c":[1,1,1],"b":["when triggered then tell nearby pop"]}]}]}