{"n":"thing","v":3,"a":[1,8,31],"p":[{"b":58,"t":9,"t1":168,"s":[{"p":[0.001879257,0.01618044,-0.0104279],"r":[85.57849,244.1765,245.6729],"s":[0.2484875,0.248499,0.2484998],"c":[0.8888889,0.8888889,0.8888889],"t1":{"c":[0.2222221,0.5523807,0.6666667],"a":0.05}}]},{"b":70,"t":2,"im":"928174091354778812/68EF014609843FB600F4AC503A976644549F8EB8/","s":[{"p":[0.004903716,0.01737577,-0.007416343],"r":[274.4214,64.17614,294.3275],"s":[0.2545378,0.00773112,0.2545948],"c":[0.7777778,0.7777778,0.7777778]}]},{"t":8,"a":[12],"s":[{"p":[0,0,0],"r":[0,0,1.067217E-07],"s":[0.06608604,0.06608593,0.06608567],"c":[1,1,1]}]},{"b":58,"pr":58,"s":[{"p":[0.005166527,0.001420966,-0.002451137],"r":[74.58124,89.79335,91.96457],"s":[0.2833514,0.2833506,0.283351],"c":[1,1,1],"pr":{"c":[1,1,1],"m":0.3044503,"a":0.3005624,"s":0.2025594,"z":0.3026371,"g":0.5,"h":0.25}}]}]}