{"n":"thing","v":3,"p":[{"su":[{"i":"5a7a4b2c1767b31aec4f3126","t":"5a7a4ff0d326c3ca33547ec4","p":[-0.4899602,-0.354424,0.2982749],"r":[350.5128,25.56703,321.3872]}],"s":[{"p":[0,0,0],"r":[-3.415094E-06,0,0],"s":[0.1750012,0.1750005,0.1750013],"c":[1,1,1],"b":["when starts then become 2 in 15"]},{"p":[0.06575938,-0.07628113,0.1543835],"r":[21.78489,294.5966,15.90196],"s":[0.1750016,0.175001,0.1750019],"c":[1,1,1],"b":["when starts then become 1 in 15"]},{"p":[-0.03736114,-0.09814727,0.5175264],"r":[1.606439,29.0891,332.4387],"s":[0.1750018,0.175001,0.1750018],"c":[1,1,1],"b":["when starts then become 4 in 7"]},{"p":[-0.03736114,-0.09814727,0.5175264],"r":[1.606439,29.0891,332.4387],"s":[0.1750018,0.175001,0.1750018],"c":[1,1,1],"b":["when starts then become 1 in 8"]}]}]}