{"n":"thing","v":3,"a":[1,8,31],"p":[{"b":58,"t":9,"t1":168,"s":[{"p":[-0.002241747,0.003091836,-0.0168616],"r":[85.64351,287.9232,284.8735],"s":[0.2484874,0.248499,0.2484997],"c":[0.8888889,0.8888889,0.8888889],"t1":{"c":[0.3851851,0.6666667,0.1481481],"a":0.03483022}}]},{"b":70,"t":2,"im":"928174091354809866/A6B6BE603550A552FEF33330E6684150BE9FD129/","s":[{"p":[0.001017173,0.004425835,-0.01417008],"r":[274.3565,107.9228,255.127],"s":[0.2545378,0.007731122,0.2545947],"c":[0.7777778,0.7777778,0.7777778]}]},{"t":8,"a":[12],"s":[{"p":[0,0,0],"r":[0,0,-5.336085E-08],"s":[0.05814977,0.05814286,0.05814091],"c":[1,1,1]}]},{"b":58,"pr":58,"s":[{"p":[-0.0007492176,0.007682398,-0.01137091],"r":[85.04097,79.12546,77.40247],"s":[0.2862865,0.2862863,0.2862864],"c":[1,1,1],"pr":{"c":[1,1,1],"m":0.2963545,"a":0.2969391,"s":0.1659199,"z":0.2866287,"g":0.5,"h":0.25}}]}]}