{"n":"thing","v":3,"a":[1,8],"p":[{"b":58,"t":9,"t1":168,"s":[{"p":[0.01321661,0.004478227,-0.05175187],"r":[85.72332,52.80671,53.33565],"s":[0.2484875,0.2484991,0.2484997],"c":[0.8888889,0.8888889,0.8888889],"t1":{"c":[0.7777778,0,0.5333333],"a":0.05}}]},{"b":70,"t":2,"im":"928174091354412665/268097A477BD3552E8AA15D9994BA5E9AEE02B1B/","s":[{"p":[0.0160972,0.006285154,-0.04891016],"r":[274.2767,232.8075,126.6635],"s":[0.2545378,0.007731115,0.2545944],"c":[0.7777778,0.7777778,0.7777778]}]},{"t":8,"a":[12],"s":[{"p":[0,0,0],"r":[0,0,2.001032E-08],"s":[0.07210672,0.07210654,0.07210625],"c":[1,1,1]}]},{"b":58,"t":8,"a":[12],"pr":58,"s":[{"p":[0.01874445,0.005271134,-0.0494071],"r":[60.82948,85.94018,268.5388],"s":[0.2984901,0.1250002,0.2752125],"c":[1,1,1],"pr":{"c":[0.8888889,0,0.6095237],"m":0.8997564,"a":1,"s":0.1037536,"z":1,"g":0.5,"h":0.25}}]}]}