{"n":"thing","v":2,"a":[2],"p":[{"b":12,"a":[5],"s":[{"p":[0,0,0],"r":[0,0,-4.268868E-07],"s":[0.06000001,0.05999999,0.04615125],"c":[0.9714286,1,0]}]}]}