{"n":"thing","v":3,"a":[7],"p":[{"s":[{"p":[0,0,0],"r":[0,0,0],"s":[0.3829939,150,120.6562],"c":[0.5555556,0.3156965,0.06172825]}]}]}