{"n":"thing","v":3,"a":[2,27],"p":[{"b":166,"s":[{"p":[0,0,0],"r":[0,0,-2.668043E-08],"s":[0.03410266,0.08428196,0.005000006],"c":[0.7777778,0.7777778,0.7777778]}]},{"b":43,"s":[{"p":[-0.005030981,0.2735729,0.01005463],"r":[359.4341,88.5677,264.3394],"s":[0.1250004,0.04737143,0.1267625],"c":[0.3333332,0.3333332,0.3333332]}]},{"b":14,"s":[{"p":[-0.007521256,0.3646379,-0.001753096],"r":[89.19814,246.2872,67.45965],"s":[0.0532269,0.01545095,0.02523479],"c":[0.2222221,0.1523808,0],"b":["when touches face "]},{"p":[-0.007521256,0.3646379,-0.001753096],"r":[89.19862,246.287,67.45941],"s":[0.0532269,0.01545095,0.02523479],"c":[0.222222,0.1523808,0]}]}]}