{"n":"thing","v":2,"a":[2],"p":[{"b":56,"s":[{"p":[-0.001693152,4.04194E-06,-0.4322008],"r":[43.73523,100.6493,111.2267],"s":[0.1250003,0.1250003,0.1250002],"c":[0,0,0]}]},{"b":62,"s":[{"p":[0.008828893,0.02968525,-0.4922631],"r":[295.822,5.66153,261.7463],"s":[0.2482362,0.02919217,0.005000007],"c":[1,1,1]}]},{"b":174,"s":[{"p":[0.01840229,-0.00516519,-0.4177631],"r":[25.26865,263.8983,66.01165],"s":[0.04500005,0.04500002,0.04500005],"c":[0.1142856,1,0]}]},{"b":14,"s":[{"p":[0.01260702,-0.06147705,-0.02756807],"r":[8.6849,2.923401,9.942143],"s":[0.200212,0.2899267,0.1407928],"c":[0,0,0]}]}]}