{"n":"thing","v":3,"a":[2],"p":[{"b":3,"t":9,"a":[3],"t1":10,"s":[{"p":[0,0,0],"r":[0,0,-1.067217E-07],"s":[0.04322679,0.04322685,0.04322684],"c":[0.07407401,0.1079361,0.6666667],"b":["when starts then all parts face empty hand","when starts then propel forward with 10"],"t1":{"c":[1,1,1],"a":0}}]}]}