{"n":"thing","v":2,"p":[{"s":[{"p":[0,0,0],"r":[0,0,0],"s":[0.4991525,0.3737615,0.4906954],"c":[1,1,1]}]}]}