{"n":"thing","v":2,"a":[7,18],"p":[{"s":[{"p":[0,0,0],"r":[0,0,0],"s":[18.20367,0.1583241,16.61243],"c":[1,1,1]}]}]}