{"n":"magma","v":3,"a":[2,7],"p":[{"b":151,"t":3,"a":[5,18],"pr":39,"t1":10,"t2":43,"s":[{"p":[0,0,0],"r":[0,0,2.134434E-07],"s":[0.06000009,0.06000002,0.06000005],"c":[1,0.6857142,0],"b":["when starts then set light range 3","when touched then become next in 0.5"],"t1":{"c":[1,0,0],"a":1},"t2":{"c":[1,0,0],"x":0.5,"y":0.5,"a":0.007888794,"m":0,"n":0,"r":0,"g":0,"o":0.5,"t":0.5,"e":0.5},"pr":{"c":[1,0.3428571,0],"m":0.5831757,"a":1,"s":0,"z":0.3125397,"g":0.3435455,"h":0.6}},{"p":[0,0,0],"r":[-1.707547E-06,0,0],"s":[0.06000009,0.06000002,0.06000005],"c":[1,0.6857142,0],"t1":{"c":[1,0,0],"a":1},"t2":{"c":[1,0,0],"x":0.5,"y":0.5,"a":0.007888794,"m":0,"n":0,"r":0,"g":0,"o":0.5,"t":0.5,"e":0.5},"pr":{"c":[1,0.3428571,0],"m":0,"a":0,"s":0,"z":0.3018188,"g":0.3435455,"h":0.6}}]},{"b":73,"t":8,"a":[12,18],"pr":40,"s":[{"p":[0.001773834,-0.002319335,-0.006965638],"r":[-2.189484E-13,9.570542E-21,180],"s":[0.225006,0.2250038,0.2250041],"c":[1,1,1],"b":["when touched then tell 1","when told 1 then become next in 1s","when told 1 then play splat hit 2 with low-pitch varied-pitch","when told 1 then play distant explosion with very-high-pitch"],"pr":{"c":[1,0.6857142,0],"m":1,"a":0.5333252,"s":0,"z":0.2166229,"g":0.5,"h":0.5}},{"p":[0.003780365,0.0002899165,-0.001556397],"r":[-8.964216E-08,-8.964215E-08,270],"s":[0.2250007,0.2250011,0.2250009],"c":[1,1,1],"b":["when touched then tell "],"pr":{"c":[1,0.6857142,0],"m":0,"a":0,"s":0,"z":0,"g":0.5,"h":0.5}}]}]}