{"n":"dirt path","v":2,"p":[{"b":170,"s":[{"p":[0,0,0],"r":[0,0,0],"s":[0.3190347,0.02541262,0.210257],"c":[0.6666667,0.573545,0.3703702]}]}]}