{"n":"thing","v":3,"a":[1,8,31],"p":[{"b":58,"t":9,"t1":168,"s":[{"p":[-0.005049111,0.01237755,-0.005751043],"r":[84.23589,246.258,246.2999],"s":[0.2484871,0.248499,0.2484996],"c":[0.8888889,0.8888889,0.8888889],"t1":{"c":[0.6740741,0.7777778,0.2592592],"a":0.05}}]},{"b":70,"t":2,"im":"928174091354873081/0EFD0566BEE90D2E946534FD091398E710A1A1AC/","s":[{"p":[-0.001923757,0.01347952,-0.002808701],"r":[275.7642,66.25764,293.7004],"s":[0.2545376,0.00773112,0.2545949],"c":[0.7777778,0.7777778,0.7777778]}]},{"t":8,"a":[12],"s":[{"p":[0,0,0],"r":[0,0,5.336085E-08],"s":[0.07675651,0.07675689,0.07675695],"c":[1,1,1]}]},{"b":58,"pr":58,"s":[{"p":[-0.002868554,0.002340358,6.261165E-05],"r":[75.62284,93.78197,92.69298],"s":[0.2869817,0.2869822,0.2869821],"c":[1,1,1],"pr":{"c":[1,1,1],"m":0.2955856,"a":0.293716,"s":0.1955532,"z":0.2934036,"g":0.5,"h":0.25}}]}]}