{"n":"spawn island","v":2,"a":[7,18],"p":[{"b":5,"t2":13,"s":[{"p":[0,0,0],"r":[0,0,0],"s":[3.825975,4.041187,0.1250043],"c":[0,0.5555556,0.1269841],"t2":{"c":[0.04938267,0.2222221,0.08888888],"x":0.17,"y":0.17,"a":0.8925,"m":0.5,"n":0.5,"r":0,"g":0,"o":0.5,"t":0.5,"e":0.5}}]}]}