{"n":"air","v":3,"a":[2,7,12],"p":[{"b":4,"s":[{"p":[0,0,0],"r":[0,0,0],"s":[0.005002179,0.0360679,0.005001387],"c":[1,1,1]}]},{"b":5,"t":8,"a":[12],"s":[{"p":[0.01956654,0.0009288789,0.002386332],"r":[-2.906494E-07,90,-2.906494E-07],"s":[0.02427678,0.02371542,0.005000143],"c":[1,1,1],"b":["when starts then become next in 0.3"]},{"p":[0.03556491,0.005290987,-0.007216694],"r":[-2.906494E-07,90,-2.906494E-07],"s":[0.3035031,0.3029405,0.005000695],"c":[1,1,1],"b":["when starts then destroy all parts"]}]}]}