{"n":"thing","v":3,"a":[22],"p":[{"b":38,"t":1,"s":[{"p":[-0.006133493,0.004852818,-0.02031096],"r":[337.5,9.014327E-08,-4.531807E-07],"s":[0.6210595,0.01006797,0.01006884],"c":[0.5555556,0.3809522,0]}]},{"b":38,"t":1,"s":[{"p":[-0.006594383,0.01603474,-0.04564048],"r":[337.5,1.462008E-06,1.015519E-05],"s":[0.6212614,0.0100686,0.01007204],"c":[0.5555556,0.3809522,0]}]},{"b":38,"t":1,"s":[{"p":[-0.006161447,-0.004295983,0.005401364],"r":[337.5,1.462008E-06,1.015519E-05],"s":[0.6211679,0.01006843,0.01007025],"c":[0.5555556,0.3809522,0]}]}]}