{"n":"lit1","v":2,"a":[6,8],"p":[{"t":3,"s":[{"p":[0,0,0],"r":[0,0,0],"s":[0.09363022,0.09088869,0.06734367],"c":[0.8888889,0.8606702,0.691358]}]}]}