{"n":"undo","v":3,"p":[{"s":[{"p":[-0.04593467,0.03438853,-0.05174997],"r":[42.50212,250.2294,243.02],"s":[0.0968624,0.01858471,0.06468094],"c":[1,0.6857142,0],"b":["when touched then do all creation parts undo","when touched then play button click"]}]},{"s":[{"p":[-0.04924345,0.03774555,-0.0723663],"r":[17.13087,2.337922,47.40057],"s":[0.1750488,0.1750157,0.02281082],"c":[1,0,0]}]},{"b":21,"e":"UNDO","s":[{"p":[0.01795202,0.03127461,-0.05512176],"r":[344.7708,180.061,313.9079],"s":[0.003000007,0.003000003,0.003000006],"c":[1,1,1]}]}]}