{"n":"thing","v":3,"a":[1,2,3,14],"inc":[["brain scrambler","5a6d6a7838936181134ba7c5"]],"p":[{"b":14,"t":2,"s":[{"p":[0,0,0],"r":[0,0,0],"s":[0.07241712,0.07305324,0.03518984],"c":[0,0.9142855,1]}]},{"b":6,"t":8,"a":[12],"s":[{"p":[0.0544493,0.1606586,0.001026511],"r":[303.5045,96.15485,242.1996],"s":[0.125,0.125,0.125],"c":[1,1,1],"b":["when triggered then emit brain scrambler"]}]}]}