{"n":"thing","v":3,"a":[1,2,3],"inc":[["thing","5a83a92669e546dd0f34cb6f"]],"p":[{"b":14,"t":3,"s":[{"p":[0,0,0],"r":[0,0,0],"s":[0.005000006,0.005000004,0.01854507],"c":[0,0.9142855,1]}]},{"b":6,"t":8,"a":[12],"s":[{"p":[-0.488656,0.03629811,-0.0834443],"r":[350.0894,262.1534,65.08067],"s":[0.005000019,0.01741804,0.03306255],"c":[1,1,1],"b":["when triggered then emit thing with 100"]}]}]}