{"v":3,"a":[8],"p":[{"b":3,"t":3,"s":[{"p":[0,0,0],"r":[0,0,0],"s":[0.4186022,0.3725472,0.1250026],"c":[0,0,0],"b":["when told by any wall then become next in 8s"]},{"p":[0,0,0],"r":[0,0,0],"s":[0.4186022,0.3725472,0.1250026],"c":[1,1,1]}]}]}