{"n":"magic word test","v":3,"p":[{"b":140,"e":"Magic words!\n\nSay \"Eim'ah Phagaut\"\n\nto cast the spell.","s":[{"p":[0,0,0],"r":[0,0,0],"s":[0.003,0.003,0.003],"c":[1,1,1]}]},{"b":62,"t":11,"t1":10,"t2":168,"s":[{"p":[0.1379849,-0.1511305,0.1321281],"r":[277.1949,162.5206,191.4596],"s":[0.1250001,0.1250002,0.2570241],"c":[0.9714285,0,1],"b":["when hears im a faggot then play odd laugh with stretch varied-pitch"],"t1":{"c":[0.9714285,0,1],"a":0},"t2":{"c":[0.9841269,0.4444444,1],"a":0.02908945}}]}]}