{"v":3,"a":[7,18],"p":[{"t":11,"t1":33,"s":[{"p":[0,0,0],"r":[0,0,0],"s":[3.148166,4.103991,0.1750576],"c":[1,0.8571429,0],"t1":{"c":[0,0,0],"x":0.5,"y":0.5,"a":0.8925,"m":0,"n":0,"r":0,"g":0,"o":0.5,"t":0.5,"e":0.5}}]}]}