{"v":3,"a":[8],"p":[{"b":3,"t":3,"s":[{"p":[0,0,0],"r":[0,0,0],"s":[0.3214657,0.5845349,0.9742082],"c":[1,1,1]}]},{"b":3,"t":3,"s":[{"p":[-0.5483555,-0.7434907,5.463443],"r":[294.4639,167.6169,179.787],"s":[0.321466,0.5845355,0.9742097],"c":[1,1,1]}]},{"b":3,"t":3,"s":[{"p":[0.3369444,4.661662,3.293174],"r":[329.8154,197.44,167.3309],"s":[0.3214662,0.5845361,0.9742099],"c":[1,1,1]}]},{"b":3,"t":3,"s":[{"p":[0.3135495,4.943396,-3.659997],"r":[301.7156,34.18998,303.2943],"s":[0.321467,0.5845376,0.9742119],"c":[1,1,1]}]}]}