{"n":"gold bar v2","v":3,"a":[7,18,31,32],"p":[{"b":7,"t":12,"s":[{"p":[0,0,-0.0999999],"r":[270,90.00001,0],"s":[0.07463089,0.03063762,0.03403848],"c":[1,0.8571429,0]}]},{"b":4,"t":8,"a":[12],"s":[{"p":[0,0,0],"r":[0,0,0],"s":[0.009427563,0.009426921,0.009427167],"c":[1,1,1]}]}]}