{"v":3,"a":[6,7,18,36,37],"p":[{"b":60,"t":11,"t1":167,"s":[{"p":[-0.06347017,0.001008809,11.5419],"r":[90,180,0],"s":[0.1206872,23.40447,2.092518],"c":[0,0,0],"t1":{"c":[1,1,1],"a":0.6907194}},{"p":[-0.0634708,0.001005664,13.38797],"r":[90,180,0],"s":[0.1206709,27.06111,2.092163],"c":[1,1,1],"b":["when starts then become previous in 5s"],"t1":{"c":[0,0,0],"a":0.75}}]}]}