{"v":3,"a":[22],"p":[{"b":7,"s":[{"p":[0,0,0],"r":[14.99994,1.937251E-05,1.632868E-05],"s":[0.06094208,0.005,0.05519661],"c":[1,0,0.5142856]}]}]}