{"v":3,"a":[7,18],"p":[{"b":44,"s":[{"p":[-4.656613E-10,-0.002990723,0],"r":[1.001791E-05,0,0],"s":[0.1250354,0.2122086,0.07678633],"c":[0,0.7428569,1]}]},{"s":[{"p":[0.04273833,0.04994202,-0.05050658],"r":[0,89.99999,90],"s":[0.1060019,0.007841327,0.08618658],"c":[0,1,0.2285714]}]},{"s":[{"p":[0.04119106,0.04746628,0.04926301],"r":[0,89.99999,90],"s":[0.1059955,0.007841743,0.08618557],"c":[0,1,0.2285714]}]}]}