{"v":3,"a":[20,21],"p":[{"b":73,"a":[11],"t1":58,"t2":63,"s":[{"p":[0,0,0],"r":[0,0,-2.134434E-07],"s":[375.0813,375.0823,375.0788],"c":[0,0,0],"b":["when starts then become 2 in 29s"],"t1":{"c":[0.7777778,0.7234568,0.6049383],"x":0.5,"y":0.5,"a":1,"m":0.003236532,"n":0,"r":0,"g":0,"o":0.5,"t":0.5,"e":0.5},"t2":{"c":[1,0.9650794,0.8888889],"x":0.5,"y":0.5,"a":0.6081053,"m":0,"n":0,"r":0.2256072,"g":0,"o":0.5,"t":0.5,"e":0.5}},{"p":[0,0,0],"r":[0,0,-2.134434E-07],"s":[375.0813,375.0823,375.0788],"c":[0,0,0],"b":["when starts then become 3 in 29s"],"t1":{"c":[0.7777778,0.7234568,0.6049383],"x":0.5,"y":0.5,"a":1,"m":0.003236532,"n":0,"r":0,"g":0,"o":0.5,"t":0.5,"e":0.5},"t2":{"c":[1,0.9650794,0.8888889],"x":0.5,"y":0.5,"a":0.6081053,"m":0,"n":0,"r":0.5392649,"g":0,"o":0.5,"t":0.5,"e":0.5}},{"p":[0,0,0],"r":[0,0,-2.134434E-07],"s":[375.0813,375.0823,375.0788],"c":[0,0,0],"b":["when starts then become 1 in 0s"],"t1":{"c":[0.7777778,0.7234568,0.6049383],"x":0.5,"y":0.5,"a":1,"m":0.003236532,"n":0,"r":0,"g":0,"o":0.5,"t":0.5,"e":0.5},"t2":{"c":[1,0.9650794,0.8888889],"x":0.5,"y":0.5,"a":0.6081053,"m":0,"n":0,"r":0.6903956,"g":0,"o":0.5,"t":0.5,"e":0.5}}]}]}