{"v":2,"a":[22],"p":[{"b":3,"t":2,"s":[{"p":[0,0,0],"r":[0,0,0],"s":[0.01672269,0.1250277,0.01510717],"c":[0,1,1]}]}]}