{"n":"avada kedavra","v":2,"p":[{"b":14,"t":3,"s":[{"p":[0,0,0],"r":[0,0,1.600825E-06],"s":[0.006713929,0.01654966,0.0176842],"c":[0.1142856,1,0]}]},{"b":14,"t":3,"s":[{"p":[-0.02071817,-0.04170414,0.0753696],"r":[46.01754,324.6213,37.7352],"s":[0.01379508,0.005000001,0.02171908],"c":[0.1142856,1,0],"b":["when touched then send one nearby to you are dead"]}]},{"b":14,"t":3,"s":[{"p":[-0.04097766,-0.09163222,0.1628483],"r":[11.57528,357.4561,348.5835],"s":[0.005000004,0.01913047,0.02297295],"c":[0.1142856,1,0],"b":["when touched then send one nearby to you are dead"]}]}]}