{"v":3,"a":[22],"p":[{"b":131,"e":"8","s":[{"p":[-0.03204346,-0.01608983,0.04095821],"r":[90,-9.659345E-06,0],"s":[0.01022018,0.01021898,0.01022027],"c":[0.9714285,0,1]}]},{"b":13,"s":[{"p":[-0.002166752,-0.02393993,-0.008309032],"r":[0,0,0],"s":[0.03850033,0.005000356,0.02643064],"c":[0.3333332,0.3333332,0.3333332]}]}]}