{"v":3,"a":[22],"p":[{"b":131,"e":"13","s":[{"p":[-0.03204346,-0.01608983,0.04095821],"r":[90,-9.659347E-06,0],"s":[0.0107663,0.01076511,0.0107664],"c":[0,0.9142855,1]}]},{"b":13,"s":[{"p":[0.01539612,-0.02705326,-0.009428294],"r":[0,0,0],"s":[0.03850415,0.005000451,0.02643355],"c":[0.3333332,0.3333332,0.3333332]}]}]}