{"v":3,"a":[22,21],"p":[{"t1":4,"s":[{"p":[0,0,0],"r":[0,0,1.707547E-06],"s":[0.06850469,13.5802,0.796454],"c":[0.4345678,0.3950616,0.4444443],"t1":{"c":[0.9111111,0.5555556,1],"x":0.17,"y":0.17,"a":0.69625,"m":0.5,"n":0.5,"r":0,"g":0,"o":0.5,"t":0.5,"e":0.5}}]},{"t1":4,"s":[{"p":[-2.595438,13.07159,-0.00306797],"r":[1.821496E-08,1.741362E-05,22.5],"s":[0.06859074,13.59941,0.7969009],"c":[0.4345678,0.3950616,0.4444443],"t1":{"c":[0.9111111,0.5555556,1],"x":0.17,"y":0.17,"a":0.69625,"m":0.5,"n":0.5,"r":0,"g":0,"o":0.5,"t":0.5,"e":0.5}}]}]}