{"v":2,"a":[22],"p":[{"s":[{"p":[0,0,0],"r":[0,0,0],"s":[0.6896399,0.4886081,0.01523327],"c":[1,1,1]}]}]}