{"v":2,"p":[{"t":3,"s":[{"p":[0,0,0],"r":[0,0,0],"s":[0.1750001,0.175,0.175],"c":[1,1,1]}]},{"t":3,"s":[{"p":[0.06938097,0.6737109,-1.292945],"r":[1.6178,218.5671,211.5924],"s":[0.175,0.175,0.1749999],"c":[1,1,1]}]}]}