{"v":3,"a":[2,7,14,16,18],"p":[{"b":5,"t":1,"s":[{"p":[0.3182893,-0.3037308,-0.3505854],"r":[357.0702,10.96313,44.61521],"s":[0.1220515,0.1273908,0.03765095],"c":[0.2222221,0.2222221,0.2222221]}]},{"b":14,"t":1,"s":[{"p":[0.3887451,-0.2775425,-0.03276904],"r":[357.0702,10.96313,44.61521],"s":[0.06000156,0.06000495,0.1209438],"c":[0.5555556,0.5555556,0.5555556],"pr":{"c":[1,0,0],"m":0.25,"a":0.25,"s":0.15,"z":0.25,"g":0.5,"h":0.25}}]},{"b":5,"t":1,"s":[{"p":[0.4443616,-0.2695556,0.2890079],"r":[357.0702,10.96313,44.61521],"s":[0.1250116,0.1250107,0.1250113],"c":[1,0,0],"pr":{"c":[0.1142856,1,0],"m":0.25,"a":0.25,"s":0.15,"z":0.25,"g":0.5,"h":0.25}}]}]}