{"v":3,"a":[2],"p":[{"b":9,"t":3,"s":[{"p":[0,0,0],"r":[0,0,0],"s":[0.05095958,0.04834757,0.0511425],"c":[0.02539681,0.2222221,0],"b":["when hears boom time then become 2 in 0.5s","when hears boom time then play enter digital beep"]},{"p":[0,0,0],"r":[0,0,0],"s":[0.04997986,0.04661763,0.05022886],"c":[0.02539681,0.2222221,0],"b":["when starts then become 3 in 0.2s","when starts then play explosion"]},{"p":[0,0,0],"r":[0,0,0],"s":[0.4894861,0.4753124,0.499085],"c":[1,0.6857142,0],"b":["when starts then destroy all parts"]}]}]}