{"v":3,"p":[{"s":[{"p":[0,0,0],"r":[0,0,0],"s":[0.1750007,0.1750006,0.1750003],"c":[1,1,1],"b":["when told by any blue then become next in 1s"]},{"p":[0,0,0],"r":[0,0,0],"s":[0.005,0.005,0.005],"c":[1,0,0.3428572],"b":["when starts then become next in 1s"]},{"p":[0,0,0],"r":[0,0,0],"s":[0.005,0.005,0.005],"c":[1,0,0.3428572],"b":["when starts then become next in 0s"]}]}]}