{"v":3,"a":[1,22,18],"p":[{"t":2,"s":[{"p":[1.40789,0.1210537,-1.311302E-06],"r":[1.792835E-07,1.792834E-07,270],"s":[0.06683736,0.04104267,0.03747214],"c":[0.7777778,0,0]}]},{"b":57,"t":2,"s":[{"p":[1.407797,0.2159196,0.0006013513],"r":[270,1.792831E-07,0],"s":[0.06043389,0.1153363,0.06043268],"c":[0.7777778,0,0]}]},{"t":2,"s":[{"p":[1.068605,0.08967163,0.003997028],"r":[0,0,0],"s":[0.8885673,0.04301289,0.04120844],"c":[0.7777778,0,0]}]}]}