{"v":3,"a":[1,7,18],"p":[{"t1":48,"s":[{"p":[0,0,0],"r":[0,0,0],"s":[10.69077,0.2108746,11.25836],"c":[0.7777778,0.7777778,0.7777778],"t1":{"c":[0,0,0],"x":0.317919,"y":0.6193692,"a":0,"m":0,"n":0,"r":0,"g":0.003617287,"o":0.5,"t":0.5,"e":0.5}}]}]}