{"v":3,"p":[{"b":5,"s":[{"p":[0,0,0],"r":[0,0,-1.707547E-06],"s":[0.04930912,0.04930921,0.3008398],"c":[0.4444441,0.4444441,0.4444441]}]}]}