{"v":3,"a":[31],"p":[{"b":5,"s":[{"p":[0,0,0],"r":[0,0,-1.707547E-06],"s":[0.04498181,0.04498155,0.4722746],"c":[1,1,1]}]}]}