{"v":3,"p":[{"b":143,"e":"F19","s":[{"p":[0,0,0],"r":[-4.268868E-07,0,0],"s":[0.02121319,0.02121316,0.02121318],"c":[0,0,0]}]}]}