{"n":"pp","v":3,"a":[1,2,14,16],"p":[{"b":5,"t":2,"s":[{"p":[0,0,0],"r":[0,0,-3.801961E-07],"s":[0.005000003,0.005000005,0.008160752],"c":[0,1,0.9142858],"b":["when touched then destroy all parts"]}]}]}