{"v":3,"a":[22],"p":[{"b":2,"t":8,"a":[11,12],"su":[{"i":"5a8a1dde2126fc30ccc0ee59","t":"5a8a1df22c8b3bae13c259e0","p":[-0.04014504,0.03987667,0.1549835],"r":[44.99998,270,2.414836E-06]}],"s":[{"p":[0,0,0],"r":[0,0,0],"s":[0.1250058,0.1250104,0.1250205],"c":[1,1,1],"b":["when starts then become next in 3s"]},{"p":[0,-3.72529E-09,-0.03999997],"r":[0,0,90],"s":[0.1250058,0.1250104,0.1250205],"c":[1,1,1],"b":["when starts then become next in 3s"]},{"p":[0,0,0],"r":[8.537734E-07,5.088885E-14,180],"s":[0.1250058,0.1250104,0.1250205],"c":[1,1,1],"b":["when starts then become next in 3s"]},{"p":[0,-3.72529E-09,-0.03999997],"r":[-1.207418E-06,-1.207418E-06,270],"s":[0.1250058,0.1250104,0.1250205],"c":[1,1,1],"b":["when starts then become next in 3s"]}]}]}