{"n":"slingshot bullet","v":3,"a":[2,3],"p":[{"b":9,"s":[{"p":[-0.0005260948,0.006845435,0.0763171],"r":[13.02244,0.155238,7.656219],"s":[0.01234112,0.01382459,0.01303967],"c":[0.6666667,0.6666667,0.6666667]},{"p":[0.002288043,0.1413164,0.1681757],"r":[342.0589,11.49017,340.2658],"s":[0.01076257,0.01482281,0.01169305],"c":[0.6666667,0.6666667,0.6666667]}]}]}