{"v":2,"a":[22],"p":[{"b":145,"t":11,"s":[{"p":[0,0,0],"r":[0,0,0],"s":[0.01798555,0.09001654,0.09002292],"c":[1,0.7555555,0.2222221]}]}]}