{"v":3,"p":[{"im":"918042971947759151/0451CB1A5EE92350567BDD8E4E888D7474E3B12C/","s":[{"p":[0,0,0],"r":[0,0,0],"s":[0.7324604,0.01,0.7215643],"c":[1,1,1]}]}]}