{"v":2,"a":[7,18],"p":[{"s":[{"p":[0,0,0],"r":[0,0,0],"s":[2.38254,0.1750365,7.645571],"c":[0.444444,0.444444,0.444444]}]}]}