{"v":3,"a":[7,18],"p":[{"s":[{"p":[0,0,0],"r":[0,0,0],"s":[7.924613,0.07762131,1.971486],"c":[0.3209876,0.1234567,0.5555556]}]}]}