{"v":2,"p":[{"s":[{"p":[0,0,0],"r":[0,0,0],"s":[0.9965683,0.005000005,0.4069891],"c":[0,0.4444443,0.3301586]}]},{"b":102,"e":"ELEVATOR","s":[{"p":[-0.4777892,0.01037723,0.1863079],"r":[88.1069,49.51303,48.59323],"s":[0.02816803,0.02816804,0.02816804],"c":[1,1,1]}]}]}