{"v":2,"p":[{"b":5,"s":[{"p":[0.07075181,0.04399781,0.01578909],"r":[359.4749,7.190438,355.0179],"s":[0.0266087,0.02665136,0.6042687],"c":[1,1,1]}]},{"b":5,"s":[{"p":[0.0933136,0.004682064,0.4150508],"r":[15.15801,356.9283,12.46856],"s":[0.02660871,0.02665137,0.4233468],"c":[1,1,1]}]}]}