{"v":2,"a":[21],"p":[{"b":4,"s":[{"p":[0.04102367,0.2101131,-0.5717635],"r":[22.26422,9.213716,1.541691],"s":[0.7799534,0.7799524,0.7799532],"c":[1,1,1]}]},{"b":4,"s":[{"p":[0.09159345,0.05391039,-0.02380048],"r":[19.09762,5.770472,5.717866],"s":[0.7799525,0.7799525,0.7799529],"c":[1,1,1]}]},{"b":4,"s":[{"p":[0.2478653,-0.09422952,0.6070513],"r":[19.15037,6.955222,21.62056],"s":[0.7799532,0.7799537,0.7799532],"c":[1,1,1]}]}]}