{"n":"b1","v":3,"p":[{"b":37,"s":[{"p":[0,0,0],"r":[0,0,-4.268868E-07],"s":[0.1261084,0.1250015,0.1003387],"c":[1,1,1]},{"p":[0,0,0],"r":[0,0,-4.268868E-07],"s":[0.1261084,0.1250015,0.1003387],"c":[1,1,1]}]},{"b":37,"s":[{"p":[0.144091,-0.00788583,0.04282981],"r":[348.8154,327.7498,181.8142],"s":[0.1261087,0.1250019,0.1003388],"c":[1,1,1]},{"p":[0.144091,-0.00788583,0.04282981],"r":[348.8154,327.7498,181.8142],"s":[0.1261087,0.1250019,0.1003388],"c":[1,1,1]}]}]}