{"v":2,"a":[22],"p":[{"s":[{"p":[0,0,0],"r":[0,0,0],"s":[2.382102,0.1401514,6.195584],"c":[0.1142854,1,0]}]}]}