{"v":2,"a":[7,18],"p":[{"b":98,"e":"LOADING NEXT AREA! PLEASE WAIT!","s":[{"p":[0,0,0],"r":[0,0,0],"s":[0.01753378,0.01752971,0.01753358],"c":[1,1,1]}]}]}