{"n":"interactor","v":2,"p":[{"s":[{"p":[-0.1662659,0.3047533,0.3115377],"r":[323.863,44.30878,316.9077],"s":[0.1750014,0.1750015,0.1750016],"c":[0.7640361,0.2157383,0.4979191],"b":["when touched then become 2 in 1s"]},{"p":[-0.1931421,0.2033395,0.07657592],"r":[358.0974,189.2225,249.4142],"s":[0.1750038,0.1750025,0.1750025],"c":[0.09489306,0.8275261,0.9376417],"b":["when touched then become 1 in 1s"]}]}]}