{"v":2,"p":[{"b":5,"s":[{"p":[-0.3559246,-0.1469291,-0.04079044],"r":[5.493944,3.227655,316.1144],"s":[0.1250003,0.1250003,0.1250002],"c":[0,0.05714255,1]},{"p":[0,0,0],"r":[0,0,0],"s":[0.1250001,0.1250001,0.1250001],"c":[0,0.05714257,1]}]}]}