{"v":2,"a":[2],"p":[{"b":3,"s":[{"p":[0,0,0],"r":[0,0,0],"s":[0.03620775,0.02957288,0.03717593],"c":[1,1,1]}]}]}