{"v":3,"a":[22],"p":[{"s":[{"p":[0,0,0],"r":[0,0,0],"s":[9.417713,8.25072,0.08489123],"c":[1,1,1]}]}]}