{"v":2,"p":[{"b":178,"s":[{"p":[0,0,0],"r":[0,0,0],"s":[0.06641524,0.006907379,0.0656824],"c":[1,1,1]}]},{"b":178,"s":[{"p":[0.01702552,0.007448731,0.02756084],"r":[0.2199083,6.270663,358.0449],"s":[0.0664153,0.006907379,0.06568246],"c":[1,1,1]}]},{"b":178,"s":[{"p":[0.05379444,0.01474378,0.04044709],"r":[1.491184,13.63668,355.3909],"s":[0.06641556,0.006907383,0.06568274],"c":[1,1,1]}]},{"b":178,"s":[{"p":[0.2664306,0.001668863,0.09801888],"r":[4.136785,49.26267,355.1373],"s":[0.06641565,0.006907385,0.06568284],"c":[1,1,1]}]}]}