{"v":3,"a":[7],"p":[{"a":[23],"s":[{"p":[0,0,0],"r":[0,0,0],"s":[0.5306227,0.04217777,0.6307783],"c":[1,1,1]}]},{"b":18,"a":[19],"e":"-COMBAT INFO-","s":[{"p":[-0.004955053,0.02496859,0.3094147],"r":[90,-1.001791E-05,0],"s":[0.003000092,0.003000179,0.00300007],"c":[0.111111,0.111111,0.111111]}]},{"b":18,"e":"HP - HEALTH POINTS\nMP - MAGIC POINTS\n         - CAN BE RESTORED W\n           ELIXIR\nSPD - SPEED, DETERMINES WHO\n          STARTS THE TURN FIRST","s":[{"p":[-0.2394118,0.02477726,0.2445515],"r":[90,1.001791E-05,0],"s":[0.003000254,0.003000484,0.003000254],"c":[0.1111109,0.1111109,0.1111109]}]},{"b":18,"e":"W.I.P.","s":[{"p":[-0.03263116,0.03409363,-0.03120112],"r":[90,-1.001791E-05,0],"s":[0.003000039,0.003000072,0.003000059],"c":[1,1,1]}]}]}