{"v":3,"a":[22],"p":[{"b":11,"s":[{"p":[0,0,0],"r":[0,0,-4.378969E-13],"s":[0.08037663,0.6033673,0.5773228],"c":[0.2222221,0.2102291,0.1975307]}]},{"t1":66,"s":[{"p":[0.8569254,0.1469957,0.1137616],"r":[-3.415095E-06,270,315],"s":[1.359641,0.08999531,1.840761],"c":[0.8888889,0.8888889,0.8888889],"t1":{"c":[0.5537919,0.5555556,0.4938272],"x":0.7291532,"y":0.719692,"a":0.8925,"m":0.01339364,"n":0.00880599,"r":0,"g":0,"o":0.5,"t":0.5,"e":0.5}}]}]}