{"n":"axe","v":3,"a":[2,7],"p":[{"b":5,"s":[{"p":[0,0,0],"r":[0,0,0],"s":[0.03366441,0.03366441,0.6329424],"c":[1,1,1]}]},{"b":6,"s":[{"p":[-0.09263374,0.004522786,0.2101674],"r":[0,270,270],"s":[0.005000498,0.02864483,0.125017],"c":[1,1,1],"b":["when hitting tree then play chopping wood"]}]}]}