{"v":2,"p":[{"b":104,"e":"MAX","s":[{"p":[0,0,0],"r":[0,0,-2.134434E-07],"s":[0.003000004,0.003,0.003000003],"c":[1,1,1]},{"p":[0,0,0],"r":[0,0,-2.134434E-07],"s":[0.003000004,0.003,0.003000003],"c":[0.1851851,0.460317,0.5555556]}]}]}