{"v":3,"a":[22,18,20],"p":[{"b":5,"t":1,"s":[{"p":[-0.8641829,1.169725,0.08810049],"r":[90,-5.008957E-06,0],"s":[0.03382688,0.04376714,3.080558],"c":[0.6666667,0.6666667,0.6666667]}]},{"b":86,"t":1,"s":[{"p":[-0.5800934,-0.1554608,0.09259695],"r":[1.001791E-05,-4.378969E-13,-3.828217E-20],"s":[0.1731139,0.07507835,0.07503726],"c":[0.6666667,0.6666667,0.6666667]}]},{"b":86,"t":2,"s":[{"p":[-0.501257,-0.0921502,0.09362787],"r":[-5.008957E-06,270,180],"s":[0.04548443,0.05058937,0.1081522],"c":[1,1,1]}]}]}