{"v":2,"p":[{"b":17,"s":[{"p":[0,0,0],"r":[0,0,0],"s":[0.459498,0.4492054,0.4542896],"c":[0.2469134,0.5555556,0.1234567]}]}]}