{"v":2,"a":[7,18],"p":[{"b":13,"s":[{"p":[0,0,0],"r":[0,0,0],"s":[0.07641874,1.828863,0.01779089],"c":[0.5555556,0.5555556,0.5555556]}]}]}