{"v":3,"a":[22,21],"p":[{"b":68,"t":10,"s":[{"p":[0,0,0],"r":[0,0,0],"s":[0.2867734,0.2713322,0.09988452],"c":[0.3333332,0.2402115,0.03703704]}]},{"b":88,"t":9,"s":[{"p":[0.001998615,-0.1363034,0.107954],"r":[-1.086676E-05,90,1.207418E-06],"s":[0.4011602,0.3199683,0.2104104],"c":[0.2222221,0.1523808,0]}]},{"b":5,"t":10,"a":[3],"s":[{"p":[0.004549231,0.1133297,-0.3124554],"r":[0,0,0],"s":[0.1198271,0.1198154,0.1198252],"c":[0.111111,0.08395048,0.02469136]}]}]}