{"n":"m","v":2,"p":[{"b":3,"s":[{"p":[0,0,0],"r":[0,0,-1.28066E-06],"s":[0.01991311,0.02195542,0.0216577],"c":[0,0,0]}]}]}