{"v":2,"a":[31],"p":[{"b":73,"t":9,"s":[{"p":[0,0,0],"r":[0,0,0],"s":[0.1044746,0.1044744,0.1044741],"c":[0.4444443,0.4444443,0.4444443]}]},{"b":35,"t":9,"s":[{"p":[-0.01353762,0.003814422,0.05497454],"r":[357.15,311.9808,324.2662],"s":[0.01226167,0.0122617,0.01226181],"c":[0,0,0]}]},{"b":35,"t":9,"s":[{"p":[-0.01428127,-0.006690085,0.08579609],"r":[358.5858,295.3726,328.6062],"s":[0.01226168,0.0122617,0.01226182],"c":[0,0,0]}]},{"b":35,"t":9,"s":[{"p":[-0.009674322,-0.001536705,0.0708176],"r":[21.05628,65.63237,189.4457],"s":[0.01226167,0.01226171,0.01226182],"c":[0,0,0]}]}]}