{"n":"subthing leader","v":3,"a":[7],"p":[{"su":[{"i":"5a0331e6e63ef414e0058ddc","t":"5a0331ef830b207713f88832","p":[-0.6568522,-1.607796,-0.5298566],"r":[359.4287,359.0664,357.3998]}],"s":[{"p":[0,0,0],"r":[0,0,0],"s":[0.1635911,0.1122637,0.1749998],"c":[1,1,1],"b":["when starts then become next in 2s"]},{"p":[0,0,0],"r":[0,0,0],"s":[0.1636063,0.1122761,0.1750113],"c":[1,1,1],"b":["when starts then become next in 10s"]},{"p":[-1.043225,-4.070209,3.963836],"r":[0,0,90],"s":[0.1636232,0.1122777,0.1750369],"c":[1,1,1],"b":["when starts then become next in 10s"]}]}]}