{"v":3,"a":[7,18],"p":[{"b":4,"t":8,"a":[12],"pr":6,"s":[{"p":[0,-5.960464E-08,-0.713543],"r":[0,89.99999,0],"s":[0.125006,0.125013,0.1250121],"c":[1,1,1],"b":["when told by any gas then become untweened 2"],"pr":{"c":[0.1728395,0.7777778,0.3111111],"m":0.25,"a":0.25,"s":0.15,"z":0.25,"g":0.5,"h":0.25}},{"p":[0,0,0],"r":[0,0,0],"s":[0.1250058,0.125002,0.1250001],"c":[1,1,1],"b":["when starts then become untweened 1 in 15"],"pr":{"c":[0.1728395,0.7777778,0.3111111],"m":0.25,"a":0.2980388,"s":0.1547199,"z":0.596068,"g":0.5,"h":0.25}}]}]}