{"v":3,"a":[22],"p":[{"b":45,"t1":34,"t2":55,"s":[{"p":[0,0,0],"r":[0,0,3.415095E-06],"s":[0.3511299,132.3749,4.88338],"c":[0.09876532,0.1100528,0.111111],"t1":{"c":[0.2962962,0.3333333,0.3301587],"x":0.5,"y":0.03276157,"a":0.8925,"m":0,"n":0,"r":0,"g":0,"o":0.5,"t":0.5,"e":0.5},"t2":{"c":[0.2222221,0.2222221,0.2222221],"x":0.5,"y":0.5,"a":0.8925,"m":0,"n":0,"r":0,"g":0,"o":0.5,"t":0.5,"e":0.5}}]},{"b":45,"t1":34,"t2":55,"s":[{"p":[-0.004269086,26.84586,-0.6606369],"r":[270,-4.829672E-06,0],"s":[0.3524563,65.77526,4.890585],"c":[0.09876519,0.1100528,0.111111],"t1":{"c":[0.2962962,0.3333333,0.3301587],"x":0.5,"y":0.03276157,"a":0.8925,"m":0,"n":0,"r":0,"g":0,"o":0.5,"t":0.5,"e":0.5},"t2":{"c":[0.2222221,0.2222221,0.2222221],"x":0.5,"y":0.5,"a":0.8925,"m":0,"n":0,"r":0,"g":0,"o":0.5,"t":0.5,"e":0.5}}]}]}