{"n":"yo wat up boii","v":3,"p":[{"b":2,"t":1,"s":[{"p":[-0.3268513,8.000433E-05,-0.08627195],"r":[3.031095,2.896335,353.159],"s":[0.1957825,0.1666709,0.772455],"c":[0.9714286,1,0]}]},{"b":8,"s":[{"p":[-0.2901002,-0.05088085,0.7375394],"r":[6.09385,2.320404,268.7908],"s":[0.05432505,0.08602033,0.1250006],"c":[0,1,1],"b":["when starts then become next in 1s"]},{"p":[-0.3068413,0.005229428,0.05924109],"r":[10.41846,359.7458,263.5403],"s":[0.05432505,0.08602038,0.1250007],"c":[0,1,1],"b":["when starts then become next in 1s"]}]}]}