{"n":"basic sword","v":2,"d":"Basic Sword","a":[2,15,31,40],"p":[{"b":14,"s":[{"p":[-0.3958649,0.007509798,-0.01354316],"r":[358.5914,270.84,275.973],"s":[0.02252186,0.06000085,0.106867],"c":[1,1,1]}]},{"s":[{"p":[-0.1095713,-0.003565505,-0.01138996],"r":[1.857974,273.1649,3.046235],"s":[0.2201796,0.04856522,0.03393121],"c":[1,1,1]}]},{"s":[{"p":[-0.007679881,-0.01415987,-0.0120146],"r":[352.4434,1.632156,356.6795],"s":[0.1723333,0.04025042,0.03137116],"c":[1,1,1]}]}]}