{"v":2,"p":[{"b":12,"s":[{"p":[0,0,0],"r":[0,0,0],"s":[0.06000003,0.06000002,0.06000005],"c":[1,1,1]}]},{"b":12,"s":[{"p":[-0.1137244,-0.1139766,0.005968556],"r":[354.424,8.549746,271.0183],"s":[0.06000001,0.06000004,0.06000003],"c":[1,1,1]}]},{"b":3,"s":[{"p":[-0.03089588,-0.1058471,0.01086133],"r":[337.3342,9.166296,328.9951],"s":[0.1250001,0.125,0.1250001],"c":[1,1,1]}]}]}