{"v":3,"a":[2,12,31],"p":[{"b":9,"pr":36,"s":[{"p":[0,0,0],"r":[0,0,0],"s":[0.0554863,0.05548624,0.05548633],"c":[1,0.5142855,0],"pr":{"c":[0.6666667,0.6666667,0.6666667],"a":0.1}}]}]}