{"v":3,"p":[{"t":8,"a":[12],"s":[{"p":[-0.2682343,4.796402E-08,0],"r":[0,0,-1.024528E-05],"s":[0.175149,0.1751888,0.1751131],"c":[1,1,1],"b":["when starts then tell on223","when starts then become untweened 2"]},{"p":[-0.2682343,4.796402E-08,0],"r":[0,0,-1.024528E-05],"s":[0.175149,0.1751888,0.1751131],"c":[1,1,1],"b":["when starts then become 1 in 29.9"]}]},{"t":8,"a":[12],"su":[{"i":"5a9b9c2e1767b324c03bae3e","t":"59abd27812558f2a100436cd","p":[0.009725569,-0.01949001,0.002338409],"r":[298.5522,95.05323,307.1233]}],"s":[{"p":[0,0,0],"r":[0,0,0],"s":[0.1751447,0.1751847,0.1751106],"c":[1,1,1],"b":["when hears anywhere do the hustle then become untweened 2 in 29.9"]},{"p":[20.80218,0.5319451,-0.4490566],"r":[1.50709,358.1828,2.132215],"s":[0.1751458,0.1751857,0.1751113],"c":[1,1,1],"b":["when hears anywhere partys over then become untweened 1","when told on223 then become 2"]}]}]}