{"v":3,"a":[7,18],"p":[{"b":5,"t":1,"s":[{"p":[-0.002794743,0,0.06728345],"r":[0,0,0],"s":[0.01599219,0.01615235,0.02013697],"c":[0.5555556,0.5555556,0.5555556]}]},{"b":5,"t":2,"s":[{"p":[-0.002794743,0,0.07185143],"r":[0,0,0],"s":[0.01514115,0.01479988,0.02013779],"c":[0.6666666,1,0.7428571]}]},{"b":16,"t":1,"s":[{"p":[-0.003574848,9.155273E-05,0.07516927],"r":[90,-1.931869E-05,0],"s":[0.01148461,0.01414533,0.01337835],"c":[0.2469135,0.4444443,0.2920634],"b":["when touches hand then become 2 in 0.5s"]},{"p":[-0.003574848,9.155273E-05,0.06714195],"r":[90,-9.659345E-06,0],"s":[0.01148473,0.01414546,0.01337863],"c":[0.2469134,0.4444443,0.2920634],"b":["when starts then tell any gas","when starts then play aerosol spray can with 200 very-low-pitch .5 duration"]}]}]}