{"v":3,"inc":[["thing","5a9c7765298db4e10f5adc31"]],"p":[{"b":55,"s":[{"p":[0,0,0],"r":[0,0,-7.183913E-07],"s":[0.1524433,1.174029,0.1250002],"c":[0.9714285,0,1],"b":["when triggered then emit thing with 0.1"]}]},{"b":55,"s":[{"p":[-0.1779143,0.4580625,-0.5755212],"r":[320.8295,344.3974,256.2703],"s":[0.1481464,0.005,0.1064871],"c":[1,1,1]}]}]}