{"v":2,"p":[{"b":3,"s":[{"p":[0,0,0],"r":[0,0,-1.280661E-06],"s":[0.06669524,0.08132096,0.07132563],"c":[1,0,0.3428572]}]}]}