{"v":2,"p":[{"b":3,"t":7,"s":[{"p":[0,0,0],"r":[0,0,-5.336086E-07],"s":[0.125,0.125,0.125],"c":[0.1142856,1,0]}]}]}