{"n":"ground","v":3,"a":[1,7,18],"p":[{"b":17,"t1":13,"t2":59,"s":[{"p":[0,0,0],"r":[0,0,0],"s":[14.55907,0.1106203,10.96149],"c":[0.2857141,1,0],"t1":{"c":[0.2222221,0.7777778,0],"x":0.17,"y":0.17,"a":0.8925,"m":0.5,"n":0.5,"r":0,"g":0,"o":0.5,"t":0.5,"e":0.5},"t2":{"c":[0.1904761,0.6666667,0],"x":0.1043668,"y":0.6081778,"a":1,"m":0,"n":0.03280199,"r":0.1916864,"g":0.4605388,"o":0.5,"t":0.5,"e":0.5}}]}]}