{"v":3,"a":[7,12,18],"p":[{"b":5,"t":1,"s":[{"p":[0,0,0],"r":[0,0,0],"s":[0.006750522,0.006723782,0.03084189],"c":[0.7777778,0.6790124,0.08641968],"b":["when touched then play metal ding with low-pitch"]}]}]}