{"n":"laser 0","v":3,"p":[{"b":14,"t":3,"s":[{"p":[0,0,0],"r":[0,0,0],"s":[0.005000002,0.005000001,0.008401309],"c":[1,0.1714284,0]}]}]}