{"v":3,"a":[2],"p":[{"b":73,"s":[{"p":[0,0,0],"r":[0,0,0],"s":[0.225,0.2250001,0.2250001],"c":[1,1,1],"b":["when let go then become 2 in 0.5s"]},{"p":[0,0,0],"r":[0,0,0],"s":[0.225,0.2250001,0.2250001],"c":[1,1,1],"b":["when pointed at then become 3"]},{"p":[0,0,0],"r":[0,0,0],"s":[0.225,0.2250001,0.2250001],"c":[1,1,1],"b":["when starts then rotate forward with 5","when starts then become 1 in 1s"]}]}]}