{"v":3,"p":[{"s":[{"p":[0,0,0],"r":[0,0,2.134434E-07],"s":[150,0.4219986,150],"c":[0.2857141,1,0]}]}]}