{"v":3,"a":[2,6,14],"p":[{"b":73,"t":1,"pr":18,"t1":43,"s":[{"p":[0,0,0],"r":[0,0,0],"s":[0.07864475,0.07864481,0.07864484],"c":[0,1,0.5714287],"t1":{"c":[0,0,0],"x":0.5,"y":0.5,"a":0.8925,"m":0,"n":0,"r":0,"g":0,"o":0.5,"t":0.5,"e":0.5},"pr":{"c":[0,1,0.5714287],"m":0.25,"a":0.25,"s":0.15,"z":0.25,"g":0.5,"h":0.25}}]}]}