{"v":2,"p":[{"t":7,"t1":70,"s":[{"p":[0,0,0],"r":[0,0,0],"s":[0.1750009,0.1750012,0.1750017],"c":[1,1,1],"t1":{"c":[0,0,0],"x":0.5,"y":0.02165306,"a":0.8925,"m":0,"n":0,"r":0,"g":0,"o":0.5,"t":0.5,"e":0.5}}]},{"t":7,"t1":168,"s":[{"p":[0.001419582,-0.01694688,-0.02703949],"r":[3.463284,0.713935,359.4875],"s":[0.1466956,0.1750017,0.1224892],"c":[1,1,1],"t1":{"c":[0,0,0],"a":0.05}}]}]}