{"v":3,"a":[7],"p":[{"t1":99,"s":[{"p":[0,0,0],"r":[0,0,0],"s":[7.464509,0.005000193,9.665602],"c":[0.9019608,0.8509804,0.7215686],"t1":{"c":[0,0,0],"x":0.1207491,"y":0.05221319,"a":0.2502025,"m":0,"n":0,"r":0,"g":0,"o":0.5,"t":0.5,"e":0.5}}]}]}