{"v":3,"p":[{"im":"936058831514243319/36C21AE5E85A64240D426B126527812C04105060/","s":[{"p":[0,0,0],"r":[0,0,0],"s":[0.4579397,0.1750002,0.6867473],"c":[1,1,1]}]}]}