{"v":3,"a":[20,21],"p":[{"s":[{"p":[0,0,0],"r":[0,0,0],"s":[6.012964,0.09568805,1.142011],"c":[0,0,0]}]},{"b":135,"e":"DALOBIE'S WORKSHOP","s":[{"p":[-2.269871,0.07721072,0.3576472],"r":[85.60141,185.756,185.5497],"s":[0.05741315,0.0574128,0.05741318],"c":[1,0,0.8571426]}]}]}