{"v":3,"a":[21],"p":[{"b":76,"s":[{"p":[0,0,0],"r":[0,0,0],"s":[0.01343121,0.01343126,0.01343122],"c":[0.6624339,0.6666667,0.5185186]}]},{"b":166,"s":[{"p":[0.001752536,0.03614276,0.003907033],"r":[359.3911,238.7505,176.9672],"s":[0.005372501,0.009408139,0.005372507],"c":[1,1,1]}]}]}