{"v":2,"p":[{"b":16,"t":4,"s":[{"p":[0,0,0],"r":[0,0,0],"s":[0.1250005,0.1250002,0.1250004],"c":[0.8888889,0.7957672,0.5925926]}]},{"b":16,"t":4,"s":[{"p":[0.3144172,-0.5474797,-0.05790958],"r":[11.50427,8.405796,210.6243],"s":[0.2806545,0.1250005,0.2414959],"c":[0.8888889,0.7957672,0.5925926]}]},{"b":16,"t":4,"s":[{"p":[3.863757,-3.039668,-0.01121807],"r":[9.839705,359.1181,168.649],"s":[0.1250009,0.1250005,0.1250006],"c":[0.8888889,0.7957672,0.5925926]}]}]}