{"v":3,"a":[2,9,15],"p":[{"b":15,"t1":146,"s":[{"p":[0.06368392,-0.02201233,-0.1650459],"r":[335.4799,170.4229,160.2272],"s":[0.1059711,0.01994998,0.01889367],"c":[1,0.8571429,0],"t1":{"c":[0,0,0],"x":0.5,"y":0.5,"a":0.8925,"m":0,"n":0,"r":0,"g":0,"o":0.5,"t":0.5,"e":0.5}}]},{"b":12,"t1":168,"s":[{"p":[0.04999885,-0.1120673,-0.01598194],"r":[33.90069,353.9357,23.90958],"s":[0.08653282,0.06360765,0.08593038],"c":[0.4444443,0.4444443,0.4444443],"t1":{"c":[0,0,0],"a":0.05}}]},{"b":9,"t":3,"pr":42,"t1":43,"t2":168,"s":[{"p":[0.005759142,-0.01944002,0.0117983],"r":[4.753935,357.4299,4.665041],"s":[0.132516,0.1325159,0.1325158],"c":[0,0.9142855,1],"t1":{"c":[0,0,0],"x":0.5,"y":0.5,"a":0.8925,"m":0,"n":0,"r":0,"g":0,"o":0.5,"t":0.5,"e":0.5},"t2":{"c":[0,0,0],"a":0.05},"pr":{"c":[0,0.3999997,1],"m":0.4,"a":0.25,"s":0.15,"z":0.5,"g":0.5,"h":0.5}}]},{"b":130,"e":"LIGHT","pr":1,"t1":43,"t2":146,"s":[{"p":[-0.0251402,0.04268613,-0.1294373],"r":[29.05705,351.8692,23.63639],"s":[0.006963993,0.006963991,0.006963986],"c":[0,0.9142855,1],"t1":{"c":[0,0,0],"x":0.5,"y":0.5,"a":0.8925,"m":0,"n":0,"r":0,"g":0,"o":0.5,"t":0.5,"e":0.5},"t2":{"c":[0,0,0],"x":0.5,"y":0.5,"a":0.8925,"m":0,"n":0,"r":0,"g":0,"o":0.5,"t":0.5,"e":0.5},"pr":{"c":[1,1,1],"m":0.25,"a":0.25,"s":0.15,"z":0.25,"g":0.5,"h":0.25}}]}]}