{"v":3,"p":[{"s":[{"p":[0,0,0],"r":[0,0,-2.134434E-07],"s":[150,2.380012,0.005],"c":[1,1,1]}]}]}