{"v":3,"p":[{"b":9,"t":3,"pr":36,"t1":121,"t2":130,"s":[{"p":[0,0,0],"r":[-5.122642E-06,0,0],"s":[0.125,0.125,0.125],"c":[1,0,0],"b":["when starts then become 2 in 5s"],"t1":{"c":[0.07089943,0.3333333,0.03703704],"x":0.5,"y":0.5,"a":0.8925,"m":0,"n":0,"r":0,"g":0,"o":0.5,"t":0.5,"e":0.5},"t2":{"c":[0,0,0],"x":0.5,"y":0.5,"a":0.8925,"m":0,"n":0,"r":0,"g":0,"o":0.5,"t":0.5,"e":0.5},"pr":{"c":[0.1142856,1,0],"a":0.1}},{"p":[0,0,0],"r":[-5.122642E-06,0,0],"s":[0.05576515,0.0531238,0.05551192],"c":[1,0,0],"b":["when starts then become next in 0.5s"],"t1":{"c":[0.07089943,0.3333333,0.03703704],"x":0.5,"y":0.5,"a":0.8925,"m":0,"n":0,"r":0,"g":0,"o":0.5,"t":0.5,"e":0.5},"t2":{"c":[0,0,0],"x":0.5,"y":0.5,"a":0.8925,"m":0,"n":0,"r":0,"g":0,"o":0.5,"t":0.5,"e":0.5},"pr":{"c":[0.9714286,1,0],"a":0.1}},{"p":[0,0,0],"r":[-5.122642E-06,0,0],"s":[0.09798318,0.08503672,0.09302166],"c":[1,0,0],"b":["when starts then become 1 in 5s"],"t1":{"c":[0.07089943,0.3333333,0.03703704],"x":0.5,"y":0.5,"a":0.8925,"m":0,"n":0,"r":0,"g":0,"o":0.5,"t":0.5,"e":0.5},"t2":{"c":[0,0,0],"x":0.5,"y":0.5,"a":0.8925,"m":0,"n":0,"r":0,"g":0,"o":0.5,"t":0.5,"e":0.5},"pr":{"c":[1,0,0],"a":0.1}}]}]}