{"v":2,"a":[7],"p":[{"b":175,"s":[{"p":[-0.01153314,4.708585,-1.558156],"r":[64.25622,90.85364,272.0663],"s":[1.811711,0.8093278,1.399906],"c":[0.5414462,0.5555556,0.06172822]}]}]}