{"v":3,"a":[7,18],"p":[{"pr":25,"s":[{"p":[0,0,0],"r":[0,0,0],"s":[0.1750002,0.175,0.1750001],"c":[1,0.111111,0.111111],"pr":{"c":[1,0,0],"m":1,"a":1,"s":0.06894532,"z":0.1296387,"g":0.2558594,"h":0.6538085}}]}]}