{"v":2,"p":[{"b":5,"s":[{"p":[-0.1495565,0.008288484,-0.07006145],"r":[357.1179,343.1785,332.2467],"s":[0.005000006,0.006879913,0.2809044],"c":[1,1,1]}]},{"b":5,"s":[{"p":[-0.179285,0.01089232,0.03652285],"r":[356.4093,344.3508,320.5202],"s":[0.04520576,0.04274125,0.01657234],"c":[1,1,1]}]},{"b":5,"s":[{"p":[-0.1195142,0.008076951,-0.1761591],"r":[357.9309,346.2695,345.6237],"s":[0.06801292,0.06249209,0.01657234],"c":[1,1,1]}]}]}