{"v":2,"p":[{"b":60,"s":[{"p":[0,0,0],"r":[0,0,0],"s":[0.0334328,0.01726495,0.01366454],"c":[0.3333331,0.2402114,0.03703704]}]},{"b":60,"s":[{"p":[-0.01915674,3.045518E-05,0.01316364],"r":[358.679,346.9326,350.405],"s":[0.03343287,0.01726497,0.01366455],"c":[0.3333331,0.2402114,0.03703704]}]}]}