{"v":3,"a":[7,21],"p":[{"b":72,"t":1,"s":[{"p":[0,0,0],"r":[0,0,0],"s":[4.052483,0.1618529,4.052929],"c":[0.2765431,0.8888889,0.1975307]}]}]}