{"v":3,"a":[8],"p":[{"pr":39,"s":[{"p":[0,0,0],"r":[0,0,0],"s":[0.1750003,0.3595188,0.1750003],"c":[1,1,1],"pr":{"c":[1,0,0],"m":0.328135,"a":0.05183792,"s":0.1859022,"z":0.1,"g":0.1,"h":0.6}}]}]}