{"n":"elbow","v":2,"p":[{"b":47,"s":[{"p":[0,0,0],"r":[0,0,0],"s":[0.1250001,0.125,0.1250001],"c":[0.4444443,1,0.7619048]}]}]}