{"n":"tracer","v":3,"a":[2],"p":[{"b":73,"t":3,"s":[{"p":[0,0,0],"r":[0,0,0],"s":[0.0228371,0.02283689,0.02283695],"c":[1,0,0],"b":["when touched then become 2 in 0.2s"]},{"p":[0,0,0],"r":[0,0,0],"s":[0.0228371,0.02283689,0.02283695],"c":[1,1,1],"b":["when starts then become 3 in 0.2s"]},{"p":[0,0,0],"r":[0,0,0],"s":[0.0228371,0.02283689,0.02283695],"c":[1,0,0],"b":["when starts then become 4 in 7s"]},{"p":[0,0,0],"r":[0,0,0],"s":[0.0228371,0.02283689,0.02283695],"c":[1,0,0],"b":["when starts then destroy all parts"]}]}]}