{"n":"head","v":2,"p":[{"b":3,"s":[{"p":[0,0,0],"r":[0,0,0],"s":[0.2409635,0.2409633,0.2409633],"c":[1,0.1714285,0]}]},{"b":17,"s":[{"p":[-0.0138399,-0.0001473427,0.2632555],"r":[305.6739,7.393254,254.1212],"s":[0.06150463,0.06150473,0.06150472],"c":[1,0.6857142,0]}]},{"b":3,"s":[{"p":[-0.1811869,0.09453296,-0.04934281],"r":[29.37737,322.8491,229.2527],"s":[0.06222762,0.0570451,0.06160939],"c":[0,1,1]}]},{"b":3,"s":[{"p":[0.07685169,0.1932396,-0.05017634],"r":[350.5141,351.7479,199.5908],"s":[0.06222814,0.05704555,0.0616095],"c":[0,1,1]}]}]}