{"n":"arm template forearm","v":3,"d":"This should be a sub-thing of the hand. Before adding it as a sub-thing, however, you can add a custom arm as a sub-thing to this piece.","a":[1,22,12],"p":[{"b":4,"t":8,"a":[3,12],"s":[{"p":[0,0,0],"r":[0,0,0],"s":[0.02225682,0.02225834,0.0222562],"c":[1,1,1],"b":["when starts then all parts face nearest y"]}]},{"b":3,"i":[{"t":"5aa447cd0a6e4c0fe8bb25a4","p":[0.2576876,-0.001209171,-0.01367682],"r":[-2.356707E-05,90,1.989999E-05]}],"t1":4,"s":[{"p":[-0.02343307,0.004531419,0.1469625],"r":[90,90.00002,0],"s":[0.1988143,0.07120737,0.05952426],"c":[0,0.05714252,1],"t1":{"c":[0,0.05714234,1],"x":0.17,"y":0.2124657,"a":0.69625,"m":0.5,"n":0.5,"r":0,"g":0,"o":0.6377099,"t":0.5,"e":0.5}}]}]}