{"n":"wrist","v":3,"p":[{"t":1,"pr":4,"s":[{"p":[-0.4458107,0.05004569,0.09918066],"r":[270,270,0],"s":[0.2358841,0.09087993,0.07699685],"c":[0.8888889,1,1],"pr":{"c":[0.8888889,1,1],"m":0.25,"a":0.25,"s":0.15,"z":0,"g":0.5,"h":0.25}}]},{"s":[{"p":[-0.4440674,0.07885309,0.07801195],"r":[270,90,0],"s":[0.1752061,0.07217897,0.02624384],"c":[0.8888889,1,1]}]}]}