{"v":3,"p":[{"t":1,"s":[{"p":[0,0,0],"r":[0,0,0],"s":[1.942801,0.005000001,2.347666],"c":[1,0,0],"b":["when neared then become 2 in 1s"]},{"p":[-0.9001392,0.01665339,-0.07198817],"r":[359.2221,359.205,359.0441],"s":[0.1184832,0.005000013,2.347672],"c":[1,0,0],"b":["when starts then become 1 in 10s"]}]}]}