{"v":2,"a":[2,14,16,31],"p":[{"b":4,"t":2,"s":[{"p":[0,0,0],"r":[0,0,1.707547E-06],"s":[0.005163774,0.005163714,0.005163848],"c":[0.1587299,0.5555556,0]}]}]}