{"v":2,"p":[{"s":[{"p":[0,0,0],"r":[0,0,-1.173939E-06],"s":[0.175001,0.1750011,0.1750005],"c":[1,1,1]}]},{"s":[{"p":[-0.02790862,0.1365092,0.1722142],"r":[332.2253,325.5558,29.32027],"s":[0.1750011,0.175001,0.1750005],"c":[1,1,1]}]},{"s":[{"p":[-0.06105798,0.05755318,0.03203845],"r":[6.422949,26.51808,37.10355],"s":[0.1750012,0.1750015,0.1750009],"c":[1,1,1]}]},{"s":[{"p":[-0.06733443,0.3208545,0.2867154],"r":[336.1888,3.422187,325.8162],"s":[0.1750016,0.1750015,0.175001],"c":[1,1,1]}]}]}