{"v":2,"a":[7,21],"p":[{"b":66,"t2":59,"s":[{"p":[-0.05563354,0.001432537,-0.003068457],"r":[-2.035555E-12,89.99999,-1.001791E-05],"s":[0.03780276,0.03777102,0.03780649],"c":[1,0.8571429,0],"t2":{"c":[0.9714286,1,0],"x":0.5,"y":0.5,"a":0.8925,"m":0,"n":0,"r":0,"g":0,"o":0.5,"t":0.5,"e":0.5}}]},{"b":66,"t2":59,"s":[{"p":[1.907391E-05,0.001886785,-0.002441883],"r":[-1.001791E-05,0,0],"s":[0.03778201,0.03776847,0.03778125],"c":[1,0.8571429,0],"t2":{"c":[0.9714286,1,0],"x":0.5,"y":0.5,"a":0.8925,"m":0,"n":0,"r":0,"g":0,"o":0.5,"t":0.5,"e":0.5}}]},{"b":66,"t2":59,"s":[{"p":[-0.05653096,0.002051363,0.0540676],"r":[1.001791E-05,89.99999,180],"s":[0.03782737,0.03781274,0.0378381],"c":[1,0.8571429,0],"t2":{"c":[0.9714286,1,0],"x":0.5,"y":0.5,"a":0.8925,"m":0,"n":0,"r":0,"g":0,"o":0.5,"t":0.5,"e":0.5}}]},{"b":66,"t2":59,"s":[{"p":[0.0003223326,0.001484821,0.05339193],"r":[1.001791E-05,180,180],"s":[0.03781389,0.03778677,0.03782311],"c":[1,0.8571429,0],"t2":{"c":[0.9714286,1,0],"x":0.5,"y":0.5,"a":0.8925,"m":0,"n":0,"r":0,"g":0,"o":0.5,"t":0.5,"e":0.5}}]}]}