{"n":"fireball","v":2,"a":[2,13,14,16,31],"p":[{"b":3,"t":3,"a":[17,24],"pr":15,"t1":168,"t2":4,"s":[{"p":[0,0,0],"r":[0,0,0],"s":[0.04819981,0.04819981,0.04819981],"c":[1,0,0],"b":["when touched then tell nearby ignite","when starts then play fire starter poof"],"t1":{"c":[0.9714286,1,0],"a":0.05},"t2":{"c":[1,0.6857142,0],"x":0.17,"y":0.17,"a":0.69625,"m":0.5,"n":0.5,"r":0,"g":0,"o":0.5,"t":0.5,"e":0.5},"pr":{"c":[1,0,0],"m":0.2087526,"a":0.25,"s":0,"z":1,"g":0.5,"h":0.25}}]}]}