{"n":"periculum","v":2,"a":[31],"p":[{"b":3,"t":3,"pr":2,"s":[{"p":[0,0,0],"r":[0,0,0],"s":[0.03470483,0.03470476,0.03470479],"c":[1,0,0],"b":["when starts then become next in 4s"],"pr":{"c":[1,0,0],"m":1,"a":0.25,"s":0.15,"z":1,"g":0.5110358,"h":0.25}},{"p":[0,0,0],"r":[0,0,0],"s":[0.03475022,0.0347501,0.03475022],"c":[1,0,0],"b":["when starts then become next in 0.2s, play firework crack"],"pr":{"c":[1,0,0],"m":1,"a":0.25,"s":0.15,"z":1,"g":0.5110358,"h":0.25}},{"p":[0,0,0],"r":[0,0,0],"s":[1.576965,1.576965,1.576965],"c":[1,0,0],"b":["when starts then become next in 2s"],"pr":{"c":[1,0,0],"m":1,"a":0.25,"s":0.15,"z":1,"g":0.5110358,"h":0.25}},{"p":[0,0,0],"r":[0,0,0],"s":[1.576965,1.576965,1.576965],"c":[1,0,0],"b":["when starts then destroy all parts"],"pr":{"c":[1,0,0],"m":1,"a":0.25,"s":0.15,"z":1,"g":0.5110358,"h":0.25}}]}]}