{"v":2,"a":[7,18],"p":[{"t1":76,"s":[{"p":[0,0,0],"r":[0,0,0],"s":[9.944939,0.0567857,1.596693],"c":[0,0,0],"t1":{"c":[1,1,1],"x":0.05859375,"y":0.3486328,"a":0.8925,"m":0,"n":0,"r":0,"g":0,"o":0.5,"t":0.5,"e":0.5}}]}]}