{"n":"spawn","v":3,"p":[{"b":17,"s":[{"p":[0,0,0],"r":[0,0,-7.720648E-07],"s":[0.06526837,0.4688626,0.4280369],"c":[0.7777778,0.7777778,0.7777778]}]}]}