{"n":"mshleft","v":3,"a":[7,12,18],"p":[{"b":60,"t":11,"s":[{"p":[0,0,0],"r":[0,0,0],"s":[0.08054665,0.1250661,0.1250404],"c":[0.4444443,0.4444443,0.4444443]}]},{"b":60,"s":[{"p":[-5.736053E-11,-0.000656128,0],"r":[-1.001791E-05,4.378969E-13,-3.828217E-20],"s":[0.05904153,0.07236478,0.1250875],"c":[0,0,0]}]},{"b":60,"t":1,"t1":151,"s":[{"p":[0,0,0],"r":[0,0,0],"s":[0.08594128,0.1304657,0.08862895],"c":[0.7777778,0.7777778,0.7777778],"b":["when starts then all parts face nearest marmleft"],"t1":{"c":[1,1,1],"x":0.5,"y":0.5,"a":0.6035291,"m":0,"n":0,"r":0,"g":0,"o":0.5,"t":0.5,"e":0.5}}]}]}