{"n":"bulleto","v":3,"a":[2,22,14,15,16,18],"p":[{"b":16,"t":1,"s":[{"p":[0,0,0],"r":[0,0,0],"s":[0.005000245,0.01523791,0.005000206],"c":[1,0.6857142,0],"b":["when touched then become 2","when touched then play bullet impact"],"pr":{"c":[0.9714286,1,0],"m":0.25,"a":0.25,"s":0.15,"z":0.25,"g":0.5,"h":0.25}},{"p":[0,0,0],"r":[0,0,0],"s":[0.005000245,0.01523791,0.005000206],"c":[1,0.6857142,0],"b":["when starts then destroy all parts"],"pr":{"c":[0.9714286,1,0],"m":0.25,"a":0.25,"s":0.15,"z":0.25,"g":0.5,"h":0.25}}]}]}