{"n":"back","v":3,"a":[7,20],"p":[{"t":8,"a":[12,14,17,24],"s":[{"p":[0,0,0],"r":[0,0,0],"s":[0.1750158,0.005000124,0.1750175],"c":[1,1,1]}]}]}