{"v":2,"p":[{"b":45,"s":[{"p":[0,0,0],"r":[0,0,0],"s":[0.1250004,0.05688696,0.08572516],"c":[1,1,1]}]}]}