{"v":3,"a":[7,13,18],"p":[{"s":[{"p":[0,0,0],"r":[0,0,0],"s":[7.353921,0.05499925,3.285264],"c":[1,1,1]}]},{"s":[{"p":[-4.768372E-07,4.768372E-07,5.402824],"r":[1.001791E-05,8.757938E-13,1.001791E-05],"s":[7.357498,0.0550059,7.532787],"c":[1,1,1]}]}]}