{"v":2,"a":[7,18],"p":[{"b":73,"t":1,"s":[{"p":[0,0,0],"r":[0,0,4.378969E-13],"s":[0.03372433,0.03372336,0.03372136],"c":[0.8888889,0.8888889,0.8888889],"b":["when grabbed then tell a","when grabbed then tell b"]}]}]}