{"n":"trgt","v":2,"a":[31],"p":[{"b":9,"t":2,"s":[{"p":[0,0,0],"r":[0,0,0],"s":[0.01143831,0.01143827,0.01143828],"c":[1,0,0]}]}]}