{"v":2,"a":[7,18],"p":[{"b":144,"t":1,"t1":80,"s":[{"p":[0,0,0],"r":[0,0,1.387382E-06],"s":[0.01842109,0.1197706,0.12254],"c":[0.8888889,0.9333333,1],"t1":{"c":[1,1,1],"x":0.5,"y":0.5,"a":0.8925,"m":0,"n":0,"r":0,"g":0,"o":0.5,"t":0.5,"e":0.5}}]}]}