{"v":2,"p":[{"b":144,"t":1,"t1":80,"s":[{"p":[0,0,0],"r":[0,0,1.067217E-06],"s":[0.01627153,0.09000048,0.08813094],"c":[0.8888889,1,1],"t1":{"c":[1,1,1],"x":0.5,"y":0.5,"a":0.8925,"m":0,"n":0,"r":0,"g":0,"o":0.5,"t":0.5,"e":0.5}}]}]}