{"n":"ground","v":3,"a":[1,2,4,7,18],"p":[{"b":17,"s":[{"p":[0,0,0],"r":[0,0,0],"s":[9.197584,40.13022,8.596526],"c":[0.1851851,0.3333332,0.3333332]}]}]}