{"n":"r","v":3,"a":[2,14,16],"p":[{"t":7,"a":[5],"s":[{"p":[0,0,0],"r":[0,0,0],"s":[0.005,0.9091554,1.205299],"c":[0,1,1]}]}]}