{"n":"ball","v":3,"a":[2,31,38],"p":[{"b":3,"s":[{"p":[0,0,0],"r":[0,0,0],"s":[0.053646,0.05364598,0.05364598],"c":[0,0.5714284,1]}]}]}