{"v":2,"p":[{"b":4,"t":8,"a":[8,10,12],"s":[{"p":[0,0,0],"r":[0,0,0],"s":[0.005000001,0.005000043,0.013073],"c":[1,1,1],"b":["when "]}]}]}