{"v":3,"a":[5,7,13,18],"p":[{"s":[{"p":[0,0,0],"r":[0,0,0],"s":[0.06248232,0.6042041,0.06006842],"c":[1,1,1]}]},{"s":[{"p":[0.9219457,0,0],"r":[-1.001791E-05,0,0],"s":[0.06247874,0.6042302,0.06007535],"c":[1,1,1]}]},{"s":[{"p":[0.4598543,0.3256357,-5.693595E-08],"r":[1.151484E-12,0,90],"s":[0.06249502,1.008927,0.06008827],"c":[1,1,1]}]},{"s":[{"p":[0.4598544,-0.328096,5.736613E-08],"r":[1.151484E-12,0,90],"s":[0.06253271,1.009434,0.06008933],"c":[1,1,1]}]}]}