{"n":"bippity boppity boo","v":3,"a":[2,9,17],"p":[{"b":9,"t1":76,"s":[{"p":[0,0,0],"r":[0,0,0],"s":[0.1250001,0.1250014,0.1250013],"c":[1,0.1714284,0],"b":["when let go then become 2 in 0.5s","when starts then set voice male "],"t1":{"c":[1,1,1],"x":0.2190826,"y":0.03211498,"a":1,"m":0,"n":0,"r":1,"g":0,"o":0.5,"t":0.5,"e":0.5}},{"p":[0,0,0],"r":[0,0,0],"s":[0.1250001,0.1250014,0.1250013],"c":[1,0.1714284,0],"b":["when touched then say  bippity boppity boo","when hears stop it then destroy all parts","when hears stop it then say  okay...","when hears stop it then set voice -5 speed"],"t1":{"c":[1,1,1],"x":0.351371,"y":0.2134894,"a":1,"m":0,"n":0,"r":0,"g":0,"o":0.5,"t":0.5,"e":0.5}},{"p":[0,0,0],"r":[0,0,0],"s":[0.1250001,0.1250014,0.1250013],"c":[1,1,1],"t1":{"c":[1,1,1],"x":0.5,"y":0.5,"a":0.8925,"m":0,"n":0,"r":0,"g":0,"o":0.5,"t":0.5,"e":0.5}}]}]}