{"v":2,"p":[{"s":[{"p":[0,0,0],"r":[0,0,5.336085E-08],"s":[0.3792343,0.1749999,0.5416003],"c":[1,0.7904761,0.3333332]}]},{"b":3,"s":[{"p":[-0.005663835,0.08988921,0.08153693],"r":[3.046649,343.2433,89.77441],"s":[0.005000005,0.03526209,0.03012578],"c":[0,0,0]}]},{"b":3,"s":[{"p":[-0.009736652,0.09006312,-0.09036256],"r":[8.93563,288.1725,97.31673],"s":[0.005000018,0.03728767,0.03271246],"c":[0,0,0]}]},{"b":3,"s":[{"p":[-0.004970244,0.08508477,-0.003568076],"r":[4.735291,356.8472,89.51046],"s":[0.005000011,0.03824863,0.02663751],"c":[0,0,0]}]}]}