{"n":"fr-r1","v":3,"a":[12,21],"p":[{"b":3,"t":19,"s":[{"p":[0,0,0],"r":[0,0,0],"s":[0.03401968,0.03401152,0.03401299],"c":[0.5555556,0.4656082,0.3703697]}]}]}