{"n":"fr-r2","v":3,"a":[12,21],"p":[{"b":3,"t":8,"a":[12],"s":[{"p":[0,0,0],"r":[0,0,0],"s":[0.03401864,0.03400964,0.03401033],"c":[0.5555556,0.4656082,0.3703697]}]}]}