{"v":3,"a":[7,18],"p":[{"s":[{"p":[0,0,0],"r":[0,0,0],"s":[2.710361,0.1750058,7.315232],"c":[0.3333332,0.1873015,0.111111]}]}]}