{"n":"launcher","v":3,"a":[22,32],"p":[{"b":82,"s":[{"p":[0.3535534,3.090861E-08,0.1767767],"r":[5.122642E-06,270,270],"s":[0.02213714,0.2178543,0.02213919],"c":[0.4444442,0.4444442,0.4444442]}]}]}