{"v":3,"p":[{"b":150,"t":2,"a":[29,30],"t1":157,"s":[{"p":[0,0,0],"r":[0,0,0],"s":[0.05122555,0.01800168,0.05122555],"c":[0,0,0],"t1":{"c":[0.1111111,0.1111111,0.1111111],"x":0.7420753,"y":0.671325,"a":0,"m":0,"n":0,"r":0,"g":0,"o":0.5,"t":0.5,"e":0.5}}]}]}