{"v":2,"p":[{"a":[1,4],"s":[{"p":[0,0,0],"r":[0,0,0],"s":[0.9106462,0.00902085,0.8332624],"c":[1,1,1]}]}]}