{"v":3,"a":[7,18],"p":[{"b":5,"t":8,"a":[5,11,12],"s":[{"p":[0,0,0],"r":[0,0,0],"s":[0.07380843,0.07382604,0.005000506],"c":[1,1,1]}]}]}