{"v":3,"a":[7,18],"p":[{"t1":25,"s":[{"p":[0,0,0],"r":[0,0,-6.157171E-14],"s":[150.0557,0.175024,150.0474],"c":[0,0,0],"t1":{"c":[0.4444444,0.3245149,0.1975308],"x":0.06744367,"y":0.04607821,"a":0.8925,"m":0,"n":0,"r":0,"g":0,"o":0.5,"t":0.5,"e":0.5}}]}]}