{"n":"trim","v":3,"a":[22,18],"p":[{"t":1,"s":[{"p":[-3.72529E-09,-0.02449036,0.1645899],"r":[0,0,0],"s":[2.150229,0.06716476,0.07482496],"c":[0.3333331,0.3333331,0.3333331]}]},{"t":1,"s":[{"p":[-3.72529E-09,-0.03161621,0.154316],"r":[22.50001,0,0],"s":[2.153455,0.06717056,0.175022],"c":[0.3333332,0.3333332,0.3333332]}]},{"t":1,"s":[{"p":[5.960464E-08,-0.0009002686,0.06030273],"r":[0,0,0],"s":[2.155485,0.06716511,0.05442026],"c":[0.3333331,0.3333331,0.3333331]}]}]}