{"n":"swimming not reccommended","v":3,"a":[22],"p":[{"t":14,"s":[{"p":[0,0,0],"r":[0,0,0],"s":[7.708627,20.61881,1.75771],"c":[0.3333331,0.5999996,1]}]}]}