{"v":3,"a":[22,31,32],"p":[{"b":4,"t":8,"a":[12],"i":[{"t":"5ab076daa16e9413b3b00312","p":[-0.04851577,-0.2477837,0.1414224],"r":[2.839548E-06,1.897325E-06,67.49998]}],"s":[{"p":[0,0,0],"r":[0,0,0],"s":[0.02315056,0.02315014,0.02315018],"c":[1,1,1],"b":["when told c then become next in 0.1s"]},{"p":[6.235205E-07,1.493841E-06,-0.03535372],"r":[0,0,0],"s":[0.02315074,0.02315033,0.02315033],"c":[1,1,1],"b":["when starts then become previous in 0.1s"]}]}]}