{"v":2,"p":[{"b":9,"s":[{"p":[0,0,0],"r":[0,0,8.537735E-07],"s":[0.1250003,0.1250002,0.1250003],"c":[1,1,1],"b":["when starts then all parts face up"]}]}]}