{"v":3,"a":[1,7,18],"p":[{"b":73,"i":[{"t":"5ab03a28dd20cc213ae6ba7b","p":[-0.001782658,0.02258539,-0.00266039],"r":[270,270,0]}],"s":[{"p":[0,0,0],"r":[0,0,4.378969E-13],"s":[0.1203239,0.1203289,0.1203093],"c":[0,0,0]}]}]}