{"v":3,"a":[6],"p":[{"t":8,"a":[12],"pr":48,"s":[{"p":[0,0,0],"r":[0,0,-5.336085E-08],"s":[0.1164435,0.005000019,0.1209357],"c":[1,1,1],"pr":{"c":[0.2222221,0.1742504,0.1234567],"m":0.25,"a":0.05599897,"s":0.08824539,"z":0.559108,"g":0.5,"h":0.25}}]}]}