{"n":"a2","v":3,"inc":[["a1","5ab1ddbbcf8163255a7a8844"],["a1 2","5ab1e0ac4d6f2a2554a2d9a5"],["a3","5ab1e15fcf8163255a7a8846"],["a4","5ab1e218cf8163255a7a8847"]],"p":[{"t":4,"s":[{"p":[-0.01028634,0.3796821,0.269801],"r":[30.91521,53.84143,139.5912],"s":[0.03877191,0.4572433,0.09668633],"c":[1,0,0.3428572],"b":["when touched then emit a4 with 100","when touched then emit a4 with 1"]},{"p":[-0.2945432,0.05118121,-0.00465703],"r":[1.601178,359.4989,294.8251],"s":[0.7174824,0.3047374,0.8534993],"c":[1,0,0.5142856],"b":["when starts then become 1 in 2"]}]}]}