{"n":"lowerarm l","v":3,"a":[6,23],"p":[{"b":10,"s":[{"p":[-0.02545149,0.001121042,0.05832291],"r":[7.24451E-06,270,8.451927E-06],"s":[0.02984646,0.02984666,0.02984609],"c":[0.886067,0.8888889,0.7901235]}]},{"b":10,"s":[{"p":[0.01592922,-0.001153227,0.05819702],"r":[90,270,0],"s":[0.02984683,0.029846,0.0298475],"c":[0.886067,0.8888889,0.7901235]}]},{"b":10,"s":[{"p":[0.01489639,0.00803829,0.2132597],"r":[7.24451E-06,270,8.451927E-06],"s":[0.148016,0.007551881,0.01127969],"c":[0.886067,0.8888889,0.7901235],"b":["when starts then all parts face nearest jobbk"]}]},{"b":51,"s":[{"p":[0.001542504,0.00345171,0.1930532],"r":[3.018546E-06,180,180],"s":[0.08939248,0.1903045,0.1984377],"c":[0.886067,0.8888889,0.7901235]}]}]}