{"v":2,"a":[6,22,12],"p":[{"t":3,"s":[{"p":[0,0,0],"r":[0,0,0],"s":[0.01538621,0.28389,0.9795164],"c":[0.7777778,0.7654321,0.691358]}]}]}