{"n":"sidewalk","v":3,"a":[7,13,18,20,23],"p":[{"id":"5ab0951c1c5cea1168a05c28","s":[{"p":[0,0,0],"r":[0,0,0],"s":[0.8693627,0.09041233,0.9017609],"c":[0.7777778,0.7777778,0.7777778]}]},{"ac":{"id":"5ab0951c1c5cea1168a05c28","c":26},"s":[{"p":[1.192093E-07,1.490116E-08,0.922722],"r":[0,0,0],"s":[0.8693627,0.09041233,0.9017609],"c":[0.7777778,0.7777778,0.7777778]}]},{"id":"5ab0951c1c5cea1168a05c28","s":[{"p":[3.814697E-06,-2.854276E-06,12.31095],"r":[0,0,1.001791E-05],"s":[0.8689465,0.07587105,24.79516],"c":[0.4444443,0.4444443,0.4444443]}]}]}