{"v":3,"p":[{"b":36,"s":[{"p":[0.00256457,-9.964088E-05,0.003409698],"r":[1.337866,36.94911,357.2213],"s":[0.02624837,0.04580679,0.05839509],"c":[1,0.7238095,0.6666666]}]},{"b":31,"s":[{"p":[-0.03259628,-0.004606687,-0.05150913],"r":[358.6621,216.9491,182.7787],"s":[0.03507485,0.01937239,0.06853272],"c":[1,0.7238095,0.6666666]}]},{"b":36,"s":[{"p":[-0.0356691,0.001473109,-0.04742919],"r":[358.6621,216.9491,182.7787],"s":[0.02709695,0.0458201,0.05841281],"c":[1,0.7238095,0.6666666]}]},{"b":31,"s":[{"p":[0.007632305,-0.006169636,0.001974814],"r":[1.337873,36.94909,357.2213],"s":[0.03278757,0.01936481,0.06667821],"c":[1,0.7238095,0.6666666]}]}]}