{"v":3,"a":[12],"p":[{"b":5,"s":[{"p":[0,0,0],"r":[0,0,8.537735E-07],"s":[0.01936651,0.01657929,0.1249998],"c":[1,1,1]}]},{"b":3,"s":[{"p":[0.000499351,-0.00431408,0.05008027],"r":[60.49168,344.8759,37.86165],"s":[0.03283776,0.03066937,0.0380971],"c":[1,1,1]}]}]}