{"v":2,"p":[{"b":5,"s":[{"p":[0,0,0],"r":[0,0,0],"s":[0.1250002,0.1250002,0.5853929],"c":[1,1,1]}]},{"b":5,"s":[{"p":[0.01164074,-0.01197103,0.4083593],"r":[3.475104,4.566579,353.1071],"s":[0.1250003,0.1250003,0.5853934],"c":[1,1,1]}]},{"b":5,"s":[{"p":[0.04367324,-0.04018927,0.7253515],"r":[9.884339,10.58602,322.8093],"s":[0.1250008,0.1250006,0.2973213],"c":[1,1,1]}]}]}