{"n":"ground","v":3,"a":[7,13,20,36],"p":[{"t1":73,"t2":8,"s":[{"p":[0,0,0],"r":[0,0,0],"s":[150,0.316215,150],"c":[0,1,0.9142858],"t1":{"c":[0.9714285,0,1],"x":0.1104071,"y":0.0993644,"a":0.8925,"m":0,"n":0,"r":0,"g":0,"o":0.5,"t":0.5,"e":0.5},"t2":{"c":[0,0,0],"x":0.0117172,"y":0.01687324,"a":0.69625,"m":0.5,"n":0.5,"r":0,"g":0,"o":0.5,"t":0.5,"e":0.5},"pr":{"c":[1,0.4444444,0.8253968],"m":0.25,"a":0.25,"s":0.15,"z":0.25,"g":0.5,"h":0.25}}]}]}