{"n":"rat2 head","v":3,"a":[1,12],"p":[{"b":151,"s":[{"p":[0.02211724,-0.01406874,0.1813011],"r":[13.88331,95.76651,11.89959],"s":[0.01202767,0.01111855,0.02611513],"c":[0.222222,0.222222,0.222222]}]},{"b":88,"s":[{"p":[0.01523796,0.005013272,0.2035259],"r":[298.0437,153.1736,123.1693],"s":[0.01666561,0.01695361,0.004146961],"c":[0.222222,0.222222,0.222222]}]},{"b":88,"s":[{"p":[0.005729809,-0.02702679,0.2092506],"r":[298.9504,35.67584,225.9576],"s":[0.01666554,0.01695354,0.004146945],"c":[0.222222,0.222222,0.222222]}]},{"b":151,"s":[{"p":[0.04517483,-0.02018918,0.1793258],"r":[52.30693,15.18008,252.9669],"s":[0.006968431,0.01131795,0.005241679],"c":[0.7777778,0.7506173,0.691358]}]}]}