{"v":3,"a":[7,18],"p":[{"t":11,"pr":1,"t1":14,"t2":13,"s":[{"p":[-0.01070329,0.03271933,0.0007783102],"r":[0.934591,1.30816,18.13563],"s":[0.07189512,0.005000184,0.3923905],"c":[0,0.4952375,0.6666667],"b":["when starts then become next in 1s"],"t1":{"c":[0.9904761,1,0.6666666],"x":0.06708091,"y":0.08773512,"a":0.8273469,"m":0.5,"n":0.5,"r":0.1646812,"g":1,"o":0.4373221,"t":0.5,"e":0.5},"t2":{"c":[0.1234567,0.4444442,0.5555556],"x":0.17,"y":0.17,"a":0.8925,"m":0.5,"n":0.5,"r":0,"g":0,"o":0.5,"t":0.5,"e":0.5},"pr":{"c":[0.9904761,1,0.6666666],"m":0.5086086,"a":0.25,"s":0.216237,"z":0.3515751,"g":0.2927804,"h":0.1677468}},{"p":[-0.01070329,0.03271933,0.0007783102],"r":[0.934591,1.30816,18.13563],"s":[0.07189512,0.005000184,0.3923905],"c":[0,0.4952375,0.6666667],"b":["when starts then become next in 1s"],"t1":{"c":[0.9904761,1,0.6666666],"x":0.06708091,"y":0.08773512,"a":0.8273469,"m":0.5,"n":0.5,"r":0.1646812,"g":1,"o":0.6008673,"t":0.5,"e":0.5},"t2":{"c":[0.1234567,0.4444442,0.5555556],"x":0.17,"y":0.17,"a":0.8925,"m":0.5,"n":0.5,"r":0,"g":0,"o":0.5,"t":0.5,"e":0.5},"pr":{"c":[0.9904761,1,0.6666666],"m":0.5086086,"a":0.25,"s":0.216237,"z":0.3515751,"g":0.2927804,"h":0.1677468}}]}]}