{"v":2,"p":[{"t":3,"s":[{"p":[0,0,0],"r":[0,0,-1.707547E-06],"s":[0.1750003,0.1750004,0.1750003],"c":[0.8888889,1,1]}]}]}