{"v":3,"a":[7,18],"p":[{"t1":63,"s":[{"p":[0,0,0],"r":[0,0,0],"s":[1.280717,0.08581607,4.873865],"c":[0.2222214,0.2222214,0.2222214],"t1":{"c":[0,0,0],"x":0.5,"y":0.5,"a":0.8925,"m":0,"n":0,"r":0,"g":0,"o":0.5,"t":0.5,"e":0.5}}]}]}