{"v":2,"a":[7,18],"p":[{"s":[{"p":[0,0,0],"r":[0,0,0],"s":[0.1750022,1.037455,0.1750017],"c":[0.6666667,0.6666667,0.6666667]}]},{"a":[2],"s":[{"p":[0,0.5201211,-9.094086E-08],"r":[-1.001791E-05,-6.157171E-14,1.001791E-05],"s":[0.08817212,0.05995481,0.0760285],"c":[1,0,0],"b":["when touches hand then become 2 in 0.2s","when touches hand then play button click"]},{"p":[0,0.4962341,-8.676432E-08],"r":[-1.001791E-05,0,0],"s":[0.0881751,0.05995476,0.07603099],"c":[1,0,0],"b":["when starts then become 1 in 0.2s"]}]}]}