{"n":"arm template upper","v":3,"d":"Feel free to add your own custom arm as a sub-thing, and you could make the white shape invisible. When you are done with the arm, this is what you add as a sub-thing to your body.","a":[1,22,12],"p":[{"b":4,"t":8,"a":[3,12],"s":[{"p":[0,0,0],"r":[0,0,0],"s":[0.02399674,0.02399501,0.02400018],"c":[1,1,1],"b":["when starts then all parts face nearest x"]}]},{"b":69,"i":[{"t":"5aa40f7336343e13af860281","p":[0.01292208,-0.1095027,0.01045293],"r":[351.5789,339.059,181.559]}],"s":[{"p":[0.004186343,0.0006585118,0.1158126],"r":[-8.537737E-06,89.99999,270],"s":[0.07500957,0.07501053,0.07500676],"c":[0.4444442,0.3047617,0]}]}]}