{"n":"x","v":3,"d":"This should be a sub-thing of the Hand. This is what the upper arm points to. It is to be placed where the elbow join will be.","a":[1,22,12],"p":[{"b":140,"e":"3/5","s":[{"p":[-0.02530268,0.03621396,-0.02830445],"r":[71.23092,10.11271,88.93253],"s":[0.003000005,0.003000007,0.003000003],"c":[1,1,1]}]},{"b":3,"s":[{"p":[0.007133366,0.003695028,0.004870967],"r":[4.829673E-06,180,270],"s":[0.05458748,0.05729215,0.05454613],"c":[0.4444442,0.3047617,0]}]}]}