{"v":3,"a":[7,13,18],"p":[{"t1":86,"t2":109,"s":[{"p":[0,0,0],"r":[0,0,-2.3848E-13],"s":[8.837268,0.1100904,8.837268],"c":[0.3333331,0.3333331,0.3333331],"t1":{"c":[0.2222221,0.2222221,0.2222221],"x":0.0565567,"y":0.06864929,"a":0.8925,"m":0,"n":0,"r":0,"g":0,"o":0.5,"t":0.5,"e":0.5},"t2":{"c":[0.3033509,0.4444444,0.2469135],"x":0.7063961,"y":0.7195263,"a":0.7068597,"m":0,"n":0,"r":0,"g":0,"o":0.5,"t":0.5,"e":0.5}}]},{"t1":66,"s":[{"p":[9.536743E-07,2.178539,-1.334582E-06],"r":[-1.001791E-05,-8.757938E-13,1.001791E-05],"s":[8.849212,0.110135,8.847231],"c":[0.3333331,0.3333331,0.3333331],"t1":{"c":[0,0,0],"x":0.5,"y":0.5,"a":0.8925,"m":0,"n":0,"r":0,"g":0,"o":0.5,"t":0.5,"e":0.5}}]}]}