{"v":3,"a":[5,7,13,18],"p":[{"b":13,"t1":110,"s":[{"p":[0,0,0],"r":[0,0,0],"s":[0.06002974,0.7043775,0.06003177],"c":[0,0,0],"t1":{"c":[0.5555556,0.3756613,0.1851851],"x":0.5,"y":0.5,"a":0.8925,"m":0,"n":0,"r":0,"g":0,"o":0.5,"t":0.5,"e":0.5}}]},{"b":13,"t1":110,"s":[{"p":[-1.661746,2.905489E-07,-1.452745E-07],"r":[1.001791E-05,-1.690016E-12,-1.001791E-05],"s":[0.06005854,0.704399,0.0600586],"c":[0,0,0],"t1":{"c":[0.5555556,0.3756613,0.1851851],"x":0.5,"y":0.5,"a":0.8925,"m":0,"n":0,"r":0,"g":0,"o":0.5,"t":0.5,"e":0.5}}]},{"b":13,"t1":110,"s":[{"p":[-0.90182,0.8332958,-0.05719097],"r":[-6.892245E-14,5.068194E-13,89.99999],"s":[0.06010564,0.7050725,0.03638429],"c":[0,0,0],"t1":{"c":[0.5555556,0.3756613,0.1851851],"x":0.5,"y":0.5,"a":0.8925,"m":0,"n":0,"r":0,"g":0,"o":0.5,"t":0.5,"e":0.5}}]},{"b":13,"t1":110,"s":[{"p":[-0.9018201,0.8346481,0.05585567],"r":[1.001791E-05,-1.221333E-12,89.99999],"s":[0.06009017,0.7049354,0.03637074],"c":[0,0,0],"t1":{"c":[0.5555556,0.3756613,0.1851851],"x":0.5,"y":0.5,"a":0.8925,"m":0,"n":0,"r":0,"g":0,"o":0.5,"t":0.5,"e":0.5}}]}]}