{"n":"x","v":2,"p":[{"b":73,"t":8,"a":[12],"s":[{"p":[0,0,0],"r":[0,0,0],"s":[0.07938062,0.07938051,0.0793817],"c":[1,1,1]}]}]}