{"v":3,"a":[5,22,18],"p":[{"t":11,"s":[{"p":[0,0,0],"r":[0,0,0],"s":[1.010085,0.05459281,3.946975],"c":[0.7777778,0.7777778,0.7777778]}]}]}