{"v":2,"a":[7,18],"p":[{"b":12,"t":1,"t1":168,"s":[{"p":[0,0,0],"r":[0,0,-3.828216E-20],"s":[150.0134,0.1046329,150.0026],"c":[0.3333332,0.2285713,0],"t1":{"c":[0.6666667,0.4571427,0],"a":0.05}}]}]}