{"v":3,"a":[7,18],"p":[{"t":16,"s":[{"p":[0,0,0],"r":[0,0,0],"s":[0.4674408,0.1750496,1.367579],"c":[0.1111106,0.1111106,0.1111106]}]}]}