{"n":"sky1","v":2,"p":[{"b":9,"a":[29,30],"t1":167,"t2":10,"s":[{"p":[0,0,0],"r":[0,0,1.067217E-07],"s":[0.125,0.1250001,0.125],"c":[1,0,0],"t1":{"c":[1,1,1],"a":0.9932493},"t2":{"c":[0,0.05714262,1],"a":0.7816937}}]}]}