{"v":2,"a":[7,18],"p":[{"t":16,"s":[{"p":[0,0,0],"r":[0,0,0],"s":[1.14224,0.1750133,0.8380809],"c":[0.111111,0.111111,0.111111]}]}]}