{"v":3,"a":[6,5,22],"p":[{"b":22,"e":"West of House\nYou are standing in an open field west of a white house, with a boarded front door.\nThere is a small mailbox here.","s":[{"p":[0.02300207,-1.908774,0.1094031],"r":[90,-9.659345E-06,0],"s":[0.001000572,0.001000852,0.001000498],"c":[1,1,1],"b":["when told by nearby zork then become untweened next in 0.2s"]},{"p":[0,0,0],"r":[0,0,0],"s":[0.005693755,0.005693756,0.005693755],"c":[1,1,1],"b":["when starts then become untweened next in 29.7s"]}]}]}