{"n":"left hand","v":3,"d":"Wear this on your hand slot. Add a custom hand as a sub-thing. Both the forearm and Y should also be sub-things of this object.","a":[1,7,12,18],"p":[{"b":73,"t":8,"a":[12],"i":[{"t":"5ab9361f6a3aa91005a288ad","p":[-0.06866729,0.0008885983,-0.001581073],"r":[-3.415095E-06,270,90.00001]},{"t":"5ab3116ecba876138c8afc72","p":[-0.3260355,0.002818702,-0.003460646],"r":[90,270,0]},{"t":"5ab9399099ab882c7acef0af","p":[-0.03640366,-0.0009510125,-2.598751E-05],"r":[-1.707547E-05,270,270]}],"s":[{"p":[0,0,0],"r":[0,0,0],"s":[0.1019381,0.1019333,0.1018893],"c":[1,0,0.3428571]}]}]}