{"v":3,"a":[2,3,5],"p":[{"b":7,"t":11,"a":[3],"s":[{"p":[0.1307038,-0.05958612,-0.002969949],"r":[87.34023,233.4018,233.278],"s":[0.01326264,0.01212361,0.05816605],"c":[1,1,1]}]},{"b":3,"s":[{"p":[0.127003,-0.158804,-0.005718177],"r":[272.66,53.40163,306.7222],"s":[0.01582626,0.01582274,0.1375386],"c":[0.7777778,0.6691358,0.4320987]}]},{"b":175,"s":[{"p":[0.1315861,-0.04158034,-0.002315502],"r":[-1.001791E-05,1.628444E-12,-1.423631E-19],"s":[0.005000907,0.009611009,0.005000891],"c":[1,0.9682539,0.7777778]}]},{"b":175,"s":[{"p":[0.1315861,-0.04272809,-0.002315502],"r":[-1.001791E-05,270,2.003583E-05],"s":[0.005,0.00759015,0.005],"c":[1,0.9682539,0.7777778]}]}]}