{"n":"platform","v":3,"a":[20,31],"p":[{"b":4,"s":[{"p":[0,0,0],"r":[0,0,0],"s":[0.3521875,0.3521857,0.352186],"c":[1,0,0.5142856]}]}]}