{"v":3,"a":[7],"p":[{"s":[{"p":[-0.01542241,-0.001105787,0.0004849432],"r":[1.001791E-05,1.001791E-05,1.313691E-12],"s":[0.9078226,2.390781,0.0841611],"c":[0.8888889,0.3950616,0.3950616]}]},{"s":[{"p":[-0.83132,0.7557826,0.0003463159],"r":[-7.656434E-20,1.001791E-05,8.757938E-13],"s":[0.7378778,0.8763738,0.08417794],"c":[0.8888889,0.3950615,0.3950615]}]},{"s":[{"p":[-0.8332802,-0.9623333,0.0005949245],"r":[-5.008957E-06,180,180],"s":[0.737753,0.4684869,0.08512018],"c":[0.8888889,0.3950616,0.3950616]}]},{"s":[{"p":[-1.733098,0.01239026,0.0002751372],"r":[0,0,4.378969E-13],"s":[1.098171,2.417943,0.08418656],"c":[0.8888889,0.3950616,0.3950616]}]}]}