{"n":"exit","v":2,"a":[7,18],"p":[{"s":[{"p":[0,0,0],"r":[0,0,0],"s":[0.1750008,0.005000005,0.1750007],"c":[1,1,1]}]}]}