{"v":3,"a":[7,18,31],"p":[{"b":5,"s":[{"p":[0,0,0],"r":[0,0,0],"s":[0.005,0.005147805,0.07399843],"c":[0.7777778,0.6691358,0.4320987]}]},{"b":5,"s":[{"p":[9.313226E-10,-1.800521E-09,-0.01029778],"r":[0,0,0],"s":[0.006407355,0.006407355,0.07407442],"c":[0.7777778,0.6691358,0.4320987],"b":["when touched then play bullet shells"]}]}]}