{"v":2,"a":[22,18],"p":[{"b":26,"s":[{"p":[0,0,0],"r":[0,0,0],"s":[0.1281597,0.03989409,0.06309024],"c":[0.2222221,0.2222221,0.2222221]}]},{"b":60,"s":[{"p":[0.01194733,-0.001870394,-0.01841665],"r":[90,90.00001,0],"s":[0.03662254,0.104035,0.02006267],"c":[0.2222221,0.2222221,0.2222221]}]},{"b":60,"s":[{"p":[-0.02501053,9.846687E-05,-0.01952886],"r":[90,67.5,0],"s":[0.05710401,0.1040371,0.02006353],"c":[0.2222221,0.2222221,0.2222221]}]}]}