{"n":"rafters","v":3,"a":[22,18,20],"p":[{"b":5,"s":[{"p":[0,0,0],"r":[0,0,0],"s":[0.01177502,0.01177776,0.6302773],"c":[0.6666667,0.3259252,0.1481475]}]},{"s":[{"p":[-0.08613705,-0.0008850023,-0.1015723],"r":[-3.425803E-06,225,-5.115485E-06],"s":[0.01716427,0.01402471,0.2422683],"c":[0.6666667,0.3259251,0.1481474]}]},{"s":[{"p":[-0.08613709,-0.0008850396,0.1100626],"r":[-2.884469E-06,315,-2.501684E-06],"s":[0.01716713,0.01402669,0.2422929],"c":[0.6666667,0.3259251,0.1481474]}]}]}