{"n":"fr-l2","v":3,"a":[7,12,18],"p":[{"b":3,"t":8,"a":[12],"s":[{"p":[0,0,0],"r":[0,0,0],"s":[0.07171451,0.07168394,0.07171456],"c":[0.4320983,0.5555556,0.5026451]}]}]}