{"v":2,"p":[{"im":"911291028416795620/5A68A9FA8A8CEA51E783F6242B7F9EBAC5C61EB5/","s":[{"p":[0,0,0],"r":[0,0,0],"s":[0.7194013,0.01,0.7194013],"c":[1,1,1]}]}]}