{"n":"ps4 game case","v":3,"a":[2,3,22,14,18,20],"p":[{"t":1,"a":[11],"t1":43,"s":[{"p":[0,0,0],"r":[0,0,0],"s":[0.1301696,0.008329466,0.1920361],"c":[0,0.05714222,1],"t1":{"c":[0,0.03174577,0.5555556],"x":0.7330458,"y":0.7104727,"a":0.7637492,"m":0,"n":0,"r":0,"g":0,"o":0.5,"t":0.5,"e":0.5}}]},{"b":99,"e":"PS4","s":[{"p":[-0.05540121,0.004861094,0.09422436],"r":[90,-4.829672E-06,0],"s":[0.003001059,0.003000111,0.003001062],"c":[1,1,1]}]}]}