{"v":2,"a":[2,9,36,37],"p":[{"b":36,"s":[{"p":[0.01051267,0.0715495,-0.096705],"r":[4.115975,221.5948,2.799268],"s":[0.1250003,0.1250002,0.1250002],"c":[1,1,1]}]},{"b":3,"s":[{"p":[0.005293718,0.004921817,0.01642107],"r":[350.8407,15.62327,357.9853],"s":[0.1306786,0.3542558,0.1404231],"c":[0.3333332,0.1714284,0]}]},{"b":36,"s":[{"p":[0.01198821,-0.006888205,-0.0825744],"r":[5.410557,219.8078,1.735491],"s":[0.1250002,0.1250002,0.1250001],"c":[1,1,1]}]},{"b":36,"s":[{"p":[0.01997504,-0.09198722,-0.06390698],"r":[6.408545,219.7716,359.5128],"s":[0.1250004,0.1250002,0.1250002],"c":[1,1,1]}]}]}