{"n":"carpet","v":3,"a":[7,18],"p":[{"t1":75,"s":[{"p":[0,0,0],"r":[0,0,0],"s":[22.63981,2.733065,0.05034943],"c":[0.7777778,0.08641963,0.08641963],"t1":{"c":[0,0,0],"x":0.05930066,"y":0.04188228,"a":0.8925,"m":0,"n":0,"r":0,"g":0,"o":0.5,"t":0.5,"e":0.5}}]}]}