{"n":"ps4 game case","v":3,"a":[2,3,22,14,18,20],"p":[{"t":1,"t1":43,"s":[{"p":[-9.313226E-10,-0.008144498,0],"r":[0,0,0],"s":[0.1301792,0.008329955,0.1920441],"c":[0,0.05714229,1],"t1":{"c":[0,0.03174577,0.5555556],"x":0.7330458,"y":0.7104727,"a":0.7637492,"m":0,"n":0,"r":0,"g":0,"o":0.5,"t":0.5,"e":0.5}}]},{"b":5,"t":1,"t1":5,"t2":5,"s":[{"p":[0.001515568,-0.003525494,-0.01991797],"r":[90,292.5,0],"s":[0.03440219,0.0343976,0.005000503],"c":[1,0.6857142,0],"t1":{"c":[0.984127,1,0.4444444],"x":0.17,"y":0.17,"a":0.69625,"m":0.5,"n":0.5,"r":0,"g":0,"o":0.5,"t":0.5,"e":0.5},"t2":{"c":[0.6666666,1,0.9714286],"x":0.17,"y":0.17,"a":0.69625,"m":0.5,"n":0.5,"r":0,"g":0,"o":0.5,"t":0.5,"e":0.5}}]},{"b":5,"t":8,"a":[12],"i":[{"t":"5abda6863ddb981394b37ed1","p":[-0.002351645,0.007827489,0.07252169],"r":[337.5,270,-5.544708E-06],"a":[2]}],"s":[{"p":[-0.07252169,-0.007580119,-0.00516808],"r":[-2.475944E-05,90,22.50001],"s":[0.005001,0.005000925,0.19474],"c":[1,1,1],"b":["when triggered then become next in 0.2s"]},{"p":[-0.05246937,-0.005434943,-0.00516808],"r":[337.5,270,202.5],"s":[0.005003805,0.005002195,0.1948891],"c":[1,1,1],"b":["when triggered then become next in 0.2s"]}]}]}