{"v":3,"a":[22,13,18,20],"p":[{"t":7,"a":[1,4,27],"s":[{"p":[0,0,0],"r":[0,0,0],"s":[53.61094,0.4376618,40.16273],"c":[0,0,0]}]}]}