{"n":"forearmr","v":3,"a":[12],"p":[{"b":16,"t":1,"s":[{"p":[0.0006420605,-0.002576887,0.003112317],"r":[75.2513,263.9149,263.1955],"s":[0.03714404,0.142061,0.03714384],"c":[0,0.5714284,1]}]},{"b":3,"s":[{"p":[0.00242656,-0.00517147,0.04732227],"r":[358.9225,180.908,91.55939],"s":[0.04411936,0.0499554,0.1323815],"c":[0,0,0]}]},{"b":4,"t":8,"a":[12],"s":[{"p":[0,0,0],"r":[0,0,0],"s":[0.03825747,0.03824501,0.03825713],"c":[1,1,1],"b":["when starts then all parts face nearest  elbjointr"]}]}]}