{"v":3,"a":[1],"p":[{"b":2,"t":18,"s":[{"p":[-0.006051384,0.00696677,0.2038839],"r":[2.191876,178.282,115.004],"s":[0.01623848,0.01651733,0.3021063],"c":[0.1728394,0.3111109,0.7777778]}]},{"b":2,"t":3,"s":[{"p":[-0.01408154,0.01633881,0.351154],"r":[358.4878,353.441,242.0001],"s":[0.02442742,0.02248329,0.03008597],"c":[0.9714286,1,0],"b":["when touched then destroy all parts"]}]},{"b":4,"t":8,"a":[12],"s":[{"p":[-1.782029E-07,2.269622E-07,2.112572E-07],"r":[-6.106665E-13,1.707547E-06,4.098114E-05],"s":[0.005000007,0.005000004,0.07467934],"c":[1,1,1]}]}]}