{"v":2,"a":[4],"p":[{"s":[{"p":[0,0,0],"r":[0,0,0],"s":[150.0001,150.0003,0.1734573],"c":[0.08641968,0.7777778,0.3629628]}]}]}