{"n":"ground","v":3,"a":[1],"p":[{"b":17,"s":[{"p":[0,0,0],"r":[0,0,0],"s":[147.3523,0.2119313,103.6842],"c":[1,0,0.3428572]}]}]}