{"v":3,"a":[2,14,16],"p":[{"b":17,"t":2,"s":[{"p":[0,0,0],"r":[0,0,0],"s":[0.005,0.005,0.005],"c":[1,0.3428571,0],"b":["when touched then become 2 in 0.2s","when touched then play fire starter poof"]},{"p":[0,0,0],"r":[0,0,0],"s":[0.1690273,0.1752804,0.1788951],"c":[1,0.5142855,0],"b":["when starts then become 3 in 0.2s"]},{"p":[0,0,0],"r":[0,0,0],"s":[0.1936091,0.1901532,0.2003326],"c":[1,0.5142855,0],"b":["when starts then destroy all parts"]},{"p":[0,0,0],"r":[0,0,0],"s":[0.1690273,0.1752804,0.1788951],"c":[1,0.5142855,0]}]}]}