{"n":"projectyle","v":2,"a":[7,18],"p":[{"b":16,"s":[{"p":[0,0,0],"r":[0,0,0],"s":[0.003563548,0.01202728,0.003563548],"c":[0.4444443,0.3513226,0.148148],"b":["when touched then destroy all parts"]}]}]}