{"v":3,"a":[2],"p":[{"s":[{"p":[0.00536966,0.001460813,-0.03072253],"r":[2.233341,359.9128,0.7217415],"s":[1.043582,0.943721,0.17521],"c":[0.111111,0.111111,0.111111]}]}]}