{"v":3,"a":[7,13],"p":[{"t1":37,"s":[{"p":[0,0,0],"r":[0,0,0],"s":[1.600622,0.005002363,4.052893],"c":[0.4444444,0.3823632,0.2469135],"t1":{"c":[0,0,0],"x":0.5,"y":0.5,"a":0.8925,"m":0,"n":0,"r":0,"g":0,"o":0.5,"t":0.5,"e":0.5}}]},{"s":[{"p":[0.1291056,-0.01916508,0.1651393],"r":[90,90.00001,0],"s":[2.131062,0.7500551,0.1045058],"c":[0.2222221,0.1523809,0]}]},{"b":14,"s":[{"p":[0.4339561,0.0725764,0.3213188],"r":[90,-2.003582E-05,0],"s":[0.06000133,0.06001461,0.01085139],"c":[0.3333333,0.2518517,0.07407401]}]}]}