{"n":"camera","v":3,"a":[7,12,18],"p":[{"b":5,"t":2,"s":[{"p":[0,0,0],"r":[1.221333E-12,4.185154E-13,-4.919315E-06],"s":[0.02941494,0.0294122,0.4412],"c":[0.4444441,1,0.7619048],"b":["when starts then all parts face someone"]}]},{"b":5,"a":[8],"s":[{"p":[1.490116E-08,-2.502943E-08,0.1471005],"r":[-2.689245E-07,1.175506E-14,180],"s":[0.02301761,0.0230096,0.1164747],"c":[0.3333332,0.3333332,0.3333332]}]}]}