{"n":"death spell","v":3,"a":[2,16],"p":[{"b":73,"t":19,"t1":168,"s":[{"p":[0,0,0],"r":[0,0,1.494104E-06],"s":[0.06635864,0.06635885,0.06635905],"c":[0,0,0],"b":["when touched then become next"],"t1":{"c":[0.1111111,0.1111111,0.1111111],"a":0.05}},{"p":[0,0,0],"r":[0,0,1.494104E-06],"s":[0.06635864,0.06635885,0.06635905],"c":[0,0,0],"b":["when starts then become next"],"t1":{"c":[0.1111111,0.1111111,0.1111111],"a":0.05}},{"p":[0,0,0],"r":[0,0,1.494104E-06],"s":[0.2540805,0.2540808,0.254081],"c":[0,0,0],"b":["when starts then destroy all parts","when starts then send one nearby to death by the devil"],"t1":{"c":[0.1111111,0.1111111,0.1111111],"a":0.05}}]}]}