{"v":3,"a":[2,16,31],"p":[{"b":73,"t":19,"t1":168,"s":[{"p":[0,0,0],"r":[0,0,-4.268869E-07],"s":[0.06635864,0.06635885,0.06635905],"c":[0,0.2285712,1],"b":["when touched then become next","when consumed then play slurping drink gulp","when consumed then destroy all parts"],"t1":{"c":[0,1,0.9142858],"a":0.05}},{"p":[0,0,0],"r":[0,0,-4.268869E-07],"s":[0.06635864,0.06635885,0.06635905],"c":[0,0.2285712,1],"b":["when starts then become next","when consumed then destroy all parts","when consumed then play slurping drink gulp"],"t1":{"c":[0,1,0.9142858],"a":0.05}},{"p":[0,0,0],"r":[0,0,-4.268869E-07],"s":[0.2540805,0.2540808,0.254081],"c":[0,0.2285712,1],"b":["when starts then destroy all parts"],"t1":{"c":[0,1,0.9142858],"a":0.05}}]}]}