{"n":"owo","v":3,"a":[7,31],"p":[{"b":14,"s":[{"p":[0.002638459,-0.003049136,-0.002599835],"r":[-1.001791E-05,8.757938E-13,-1.001791E-05],"s":[0.09455061,0.06000034,0.06663021],"c":[1,1,1]}]},{"b":140,"e":"OwO button","s":[{"p":[-0.01531183,0.03001301,-0.07827343],"r":[90,270,0],"s":[0.003000102,0.003000927,0.003000878],"c":[0,0,0]}]},{"b":5,"s":[{"p":[0.002015492,0.02877895,-0.1078717],"r":[270,270,0],"s":[0.01449054,0.0144934,0.01449397],"c":[0,0,0],"b":["when touches hand then become 2 in 0.1s"]},{"p":[0.003659149,0.02379755,-0.108585],"r":[270,270,0],"s":[0.01449121,0.01449569,0.01449669],"c":[0,0,0],"b":["when starts then say  ow ooh whats this","when starts then become untweened 1"]}]}]}