{"v":3,"p":[{"b":168,"t":2,"t1":3,"s":[{"p":[0,0,0],"r":[0,0,0],"s":[0.174112,0.1184511,0.4947187],"c":[0.2222221,0.1262785,0.02469136],"t1":{"c":[0.5555556,0.3156966,0.06172834],"x":0.17,"y":0.17,"a":0.69625,"m":0.5,"n":0.5,"r":0,"g":0,"o":0.5,"t":0.5,"e":0.5}}]},{"b":126,"e":"AXEL","s":[{"p":[-0.1720209,0.02969344,-0.5510903],"r":[86.94444,86.329,187.0893],"s":[0.0500001,0.05000006,0.05000011],"c":[0,0,0]}]},{"b":126,"e":"AXEL","s":[{"p":[-0.2183301,0.09805054,-0.5128345],"r":[87.11405,137.1147,238.2305],"s":[0.05000009,0.05000004,0.05000004],"c":[0,1,0.9142858]}]}]}