{"n":"right ring","v":3,"a":[31],"p":[{"b":5,"s":[{"p":[0,0,0],"r":[0,0,-8.537737E-07],"s":[0.01329191,0.01329184,0.02330822],"c":[0.8888889,1,0.9904762],"pr":{"c":[1,1,1],"m":0.25,"a":0.25,"s":0.15,"z":0.25,"g":0.5,"h":0.25}}]},{"b":60,"s":[{"p":[-0.003367865,0.02500342,-0.0004167426],"r":[343.0267,41.53629,358.5501],"s":[0.02914046,0.01440895,0.0292225],"c":[0.8888889,1,0.9904762],"pr":{"c":[1,1,1],"m":0.25,"a":0.25,"s":0.15,"z":0.25,"g":0.5,"h":0.25}}]},{"b":5,"s":[{"p":[-0.004249298,0.02968913,-0.001652792],"r":[73.28139,38.03489,297.1362],"s":[0.006857506,0.006857497,0.006857512],"c":[0,0,0]}]}]}