{"v":2,"p":[{"b":12,"s":[{"p":[0,0,0],"r":[0,0,1.067217E-07],"s":[0.2106597,0.05999997,0.06000009],"c":[0.4444443,0.3724867,0.2962962]}]}]}