{"n":"seizure glasses","v":2,"a":[1,2,5],"p":[{"t":20,"t1":168,"t2":168,"s":[{"p":[0,0,0],"r":[0,0,0],"s":[0.05010217,0.005000008,0.2545225],"c":[1,1,1],"t1":{"c":[0,1,0.9142858],"a":0.05},"t2":{"c":[1,0.1714285,0],"a":0.05}}]},{"b":49,"t":20,"s":[{"p":[-0.002478614,0.09127475,0.1307693],"r":[70.78355,89.95662,272.6949],"s":[0.04249923,0.04960709,0.1250004],"c":[0,0,0]}]},{"b":49,"t":20,"s":[{"p":[-0.002616797,0.08910288,-0.11269],"r":[68.37012,113.1627,294.6302],"s":[0.04249918,0.04960705,0.1250003],"c":[0,0,0]}]}]}