{"v":3,"p":[{"b":60,"s":[{"p":[0,0,0],"r":[0,0,0],"s":[0.0541661,0.05265496,0.02591782],"c":[0.4444443,0.3047618,0]}]}]}