{"n":"singularity","v":3,"a":[16,20],"p":[{"b":73,"t":19,"a":[5],"t1":168,"s":[{"p":[0,0,0],"r":[0,0,8.537735E-07],"s":[0.005,0.005,0.005],"c":[0,0,0],"b":["when starts then become next in 0.5s"],"t1":{"c":[0.4571431,0,1],"a":0.05}},{"p":[0,0,0],"r":[0,0,8.537735E-07],"s":[0.225,0.225,0.2250001],"c":[0,0,0],"b":["when touched then become next in 20s"],"t1":{"c":[0.4571431,0,1],"a":0.05}},{"p":[0,0,0],"r":[0,0,8.537735E-07],"s":[51.59973,51.59973,51.59973],"c":[0,0,0],"b":["when starts then become next in 1s"],"t1":{"c":[0.4571431,0,1],"a":0.05}},{"p":[0,0,0],"r":[0,0,8.537735E-07],"s":[0.005,0.005,0.005],"c":[0,0,0],"b":["when starts then destroy all parts"],"t1":{"c":[0.4571431,0,1],"a":0.05}}]}]}