{"v":2,"a":[31],"p":[{"b":59,"s":[{"p":[0,0,0],"r":[0,0,-8.004128E-08],"s":[2.907573,2.907573,2.907573],"c":[1,1,1]}]}]}