{"v":3,"a":[7,13,25],"p":[{"b":5,"s":[{"p":[0,0,0],"r":[0,0,0],"s":[0.9917263,0.9139414,7.792202],"c":[1,1,1]}]}]}