{"n":"tele","v":2,"a":[2,7,16,18,31],"p":[{"b":10,"s":[{"p":[0,0,0],"r":[0,0,0],"s":[0.004999256,0.005000722,0.005000059],"c":[1,0,0]}]}]}