{"v":2,"p":[{"b":17,"t1":76,"t2":76,"s":[{"p":[0,0,0],"r":[0,0,-4.268868E-07],"s":[7.412342,0.2149234,2.828279],"c":[0.0634919,0.222222,0],"t1":{"c":[0,0,0],"x":0.5,"y":0.5,"a":0.8925,"m":0,"n":0,"r":0,"g":0,"o":0.5,"t":0.5,"e":0.5},"t2":{"c":[0,0,0],"x":0.5,"y":0.5,"a":0.8925,"m":0,"n":0,"r":0,"g":0,"o":0.5,"t":0.5,"e":0.5}}]},{"b":17,"t1":77,"t2":76,"s":[{"p":[-1.474338,-0.2846664,-4.474154],"r":[325.0001,359.8203,1.903682],"s":[3.223704,0.07006479,0.355183],"c":[0.0634919,0.222222,0],"t1":{"c":[0,0,0],"x":0.5,"y":0.5,"a":0.8925,"m":0,"n":0,"r":0,"g":0,"o":0.5,"t":0.5,"e":0.5},"t2":{"c":[0,0,0],"x":0.5,"y":0.5,"a":0.8925,"m":0,"n":0,"r":0,"g":0,"o":0.5,"t":0.5,"e":0.5}}]},{"b":17,"t1":77,"t2":76,"s":[{"p":[4.554402,-0.5118078,-4.308263],"r":[321.6935,354.595,0.1571781],"s":[4.1128,0.07006492,0.9670323],"c":[0.0634919,0.222222,0],"t1":{"c":[0,0,0],"x":0.5,"y":0.5,"a":0.8925,"m":0,"n":0,"r":0,"g":0,"o":0.5,"t":0.5,"e":0.5},"t2":{"c":[0,0,0],"x":0.5,"y":0.5,"a":0.8925,"m":0,"n":0,"r":0,"g":0,"o":0.5,"t":0.5,"e":0.5}}]},{"b":9,"t2":76,"s":[{"p":[-8.902779,0.4976291,-2.36471],"r":[351.6848,172.6968,9.168998],"s":[0.9117828,0.06389716,0.4453796],"c":[0.0634919,0.222222,0],"t2":{"c":[0,0,0],"x":0.5,"y":0.5,"a":0.8925,"m":0,"n":0,"r":0,"g":0,"o":0.5,"t":0.5,"e":0.5}}]}]}