{"v":3,"a":[2,8,14],"p":[{"b":73,"t":3,"a":[18],"pr":14,"s":[{"p":[0,0,0],"r":[0,0,0],"s":[0.01882548,0.01882546,0.01882548],"c":[1,0.6857142,0],"pr":{"c":[1,0.6857142,0],"m":1,"a":1,"s":0,"z":1,"g":0.5,"h":0.25}}]}]}