{"v":3,"p":[{"b":5,"s":[{"p":[0.04904275,-0.0199702,0.03904952],"r":[20.4399,52.08067,344.6348],"s":[0.005000066,0.005000059,0.03449019],"c":[0.9936506,1,0.7777778]}]},{"b":5,"s":[{"p":[0.03378589,-0.01180144,0.0272479],"r":[20.15142,49.83811,345.2096],"s":[0.005000111,0.005000106,0.02128917],"c":[1,1,1]}]},{"b":5,"s":[{"p":[0.02391015,-0.006838409,0.01961904],"r":[22.60147,58.79969,333.1373],"s":[0.005000178,0.00500018,0.009798424],"c":[0.8888889,0.1523808,0],"pr":{"c":[0.7777778,0.2049382,0.08641972],"m":0.25,"a":0.25,"s":0.15,"z":0.25,"g":0.5,"h":0.25}}]}]}