{"v":2,"p":[{"b":5,"s":[{"p":[0,0,0],"r":[0,0,1.707547E-06],"s":[0.005000005,0.005000009,0.03257179],"c":[0.7777778,0.6790124,0.08641968]}]}]}