{"v":2,"p":[{"b":5,"s":[{"p":[0,0,0],"r":[0,0,-1.707547E-06],"s":[0.005000016,0.005000024,0.04097305],"c":[0.7580247,0.7777778,0.08641968]}]}]}