{"v":2,"p":[{"b":5,"s":[{"p":[0,0,0],"r":[0,0,-1.067217E-07],"s":[0.3844005,0.1250002,8.923526],"c":[0.6666667,0.5502645,0.2962962]}]}]}