{"v":2,"p":[{"s":[{"p":[0,0,0],"r":[0,0,0],"s":[0.05060234,0.04039247,1.326084],"c":[0.5555556,0.4973545,0.3703702]}]},{"s":[{"p":[-0.005400994,-0.002981544,0.3797664],"r":[1.376989,358.2077,0.343239],"s":[0.8405849,0.07320815,0.4865994],"c":[0.5555556,0.4973545,0.3703702]}]},{"b":18,"e":"NOT MUCH\nHERE","s":[{"p":[-0.2899966,0.03108525,0.511898],"r":[86.63029,165.0298,167.5956],"s":[0.009890932,0.009890936,0.009890933],"c":[1,1,1]}]}]}