{"v":3,"p":[{"t":3,"s":[{"p":[0,0,0],"r":[0,0,0],"s":[0.2167272,0.004999998,0.004999999],"c":[1,1,1]}]}]}