{"v":3,"p":[{"b":64,"s":[{"p":[0,0,0],"r":[0,0,0],"s":[0.4595017,0.125,0.5296478],"c":[0.6666667,0.5502645,0.2962962]}]}]}