{"v":3,"d":"BELL","a":[2,3],"inc":[["beanbag","5ad12c82c66f390ff1ab4728"]],"p":[{"s":[{"p":[0,0,0],"r":[0,0,-5.336085E-08],"s":[0.175,0.1750001,0.1750001],"c":[1,1,1]}]},{"b":5,"i":[{"t":"5ad12c82c66f390ff1ab4728","p":[-0.0034893,0.07821543,0.008848369],"r":[44.26499,70.11916,345.0437]}],"s":[{"p":[-0.4016173,0.7787043,0.6177157],"r":[310.1207,110.2666,133.4933],"s":[0.1250001,0.1250001,0.4018961],"c":[1,1,1]},{"p":[-0.4016173,0.7787043,0.6177157],"r":[310.1207,110.2666,133.4933],"s":[0.1250001,0.1250001,0.4018961],"c":[1,1,1],"b":["when neared then emit beanbag"]}]}]}