{"v":3,"p":[{"b":31,"s":[{"p":[0,0,0],"r":[0,0,0],"s":[0.005726613,0.1250001,0.005000007],"c":[1,1,1]}]},{"b":31,"s":[{"p":[-0.07054108,-0.0299577,0.02910257],"r":[330.4589,45.6716,326.3834],"s":[0.07826622,0.01500195,0.005000009],"c":[1,1,1]}]}]}