{"v":3,"inc":[["thing","5ad2a93ce999941c6b7c22da"],["thing 2","5ad2a9574143dd15819a54ff"],["thing 3","5ad2a977cf4b560ff4b66986"],["thing 4","5ad2a9896b56481589b94312"],["thing 5","5ad2aa0c6f71240ff0df4f2c"]],"p":[{"b":9,"s":[{"p":[0,0,0],"r":[0,0,-1.067217E-06],"s":[0.1250002,0.1250001,0.125],"c":[1,1,1],"b":["when touched then emit thing 5 with 20"]}]}]}