{"v":3,"a":[22,21],"p":[{"b":64,"t":11,"s":[{"p":[-0.0003088453,0.04598451,-0.0009993277],"r":[270,180,0],"s":[-0.07801937,-0.14159,-0.02735138],"c":[0.4444443,0.4444443,0.4444443]}]},{"t":11,"s":[{"p":[1.427265E-10,-0.001693204,-0.0008462076],"r":[0,0,0],"s":[-0.2295345,-0.05760998,-0.1416079],"c":[0.4444443,0.4444443,0.4444443]}]},{"t":13,"t1":10,"s":[{"p":[2.444823E-09,-0.02900362,-0.0008462109],"r":[0,0,0],"s":[-0.214176,-0.004957184,-0.1283296],"c":[1,1,1],"t1":{"c":[0.8888889,0.9904762,1],"a":0}}]},{"b":43,"t":13,"s":[{"p":[-0.105026,0.05008843,0.05088152],"r":[344.3001,317.2658,96.17504],"s":[-0.08864554,-0.1678731,-0.1239904],"c":[0.3333332,0.3333332,0.3333332]}]}]}