{"v":3,"a":[22,18],"p":[{"b":14,"s":[{"p":[0,0,0],"r":[0,0,0],"s":[0.06000133,0.0600062,0.06000721],"c":[1,0,0.3428572]}]},{"b":14,"s":[{"p":[3.266758E-09,0.07750893,0.02330614],"r":[2.414836E-06,90.00001,2.414837E-06],"s":[0.06000673,0.06001892,0.06002245],"c":[0.1142856,1,0],"b":["when starts then all parts face empty hand"]}]},{"b":5,"s":[{"p":[0.01552773,-0.007156402,0.2584478],"r":[6.446654E-08,-3.240951E-07,22.5],"s":[0.1250263,0.1250749,0.05075476],"c":[0,0,0]}]}]}