{"v":3,"a":[2,16,31],"p":[{"b":3,"t":7,"s":[{"p":[0,0,0],"r":[0,0,2.134434E-07],"s":[0.4262339,0.4262338,0.4262338],"c":[0.2857141,1,0],"b":["when starts then send one nearby to the wrath of philip , then become 2 in 0.2s"]},{"p":[0,0,0],"r":[0,0,2.134434E-07],"s":[0.2734172,0.2734171,0.2734171],"c":[0.2857141,1,0],"b":["when starts then destroy all parts"]}]}]}