{"v":3,"a":[22,18],"p":[{"s":[{"p":[0,0,0],"r":[0,0,0],"s":[6.698132,9.870829,0.05138758],"c":[0.3333332,0.3333332,0.3333332]}]}]}