{"n":"pinktongue","v":3,"inc":[["anyball","58ed9cfdc944e3ea534a7ae8"]],"p":[{"b":64,"s":[{"p":[0,0,0],"r":[0,0,-1.707547E-06],"s":[0.1250002,0.1250001,0.1250001],"c":[0.9714286,1,0]}]},{"b":64,"s":[{"p":[0.04459314,-0.008751854,0.2422461],"r":[358.4839,201.3635,358.135],"s":[0.1250007,0.1250011,0.1250011],"c":[0.9714286,1,0]}]},{"b":98,"e":"CAS 9","s":[{"p":[0.09010486,0.07137239,-0.05354849],"r":[87.07043,187.1501,7.732807],"s":[0.008602584,0.008602576,0.008602578],"c":[1,1,1],"b":["when touched then emit gravity-free anyball"]}]},{"b":42,"s":[{"p":[-0.1309986,-0.01630988,0.1383128],"r":[0.1483511,97.42204,359.0898],"s":[0.1250005,0.1250004,0.4491516],"c":[0.9714285,0,1]}]}]}