{"v":3,"a":[7,18,21],"p":[{"b":2,"s":[{"p":[0,0,0],"r":[0,0,0],"s":[0.01209799,0.002973775,0.04139335],"c":[0.8888889,0.7647266,0.4938272]}]}]}