{"v":3,"a":[7,18],"p":[{"t":1,"s":[{"p":[0,0,0],"r":[0,0,0],"s":[0.1750526,0.0184819,0.04176509],"c":[0,0,0]}]}]}