{"v":3,"p":[{"a":[2],"s":[{"p":[0,0,0],"r":[0,0,0],"s":[0.06171232,0.08949614,0.1750014],"c":[1,1,1]}]}]}