{"n":"flore","v":3,"a":[7,18],"p":[{"t1":77,"s":[{"p":[0,0,0],"r":[0,0,0],"s":[2.855843,0.1750062,2.965865],"c":[0.3333332,0.3333332,0.3333332],"t1":{"c":[0.5555556,0.5555556,0.5555556],"x":0.5,"y":0.5,"a":0.8925,"m":0,"n":0,"r":0,"g":0,"o":0.5,"t":0.5,"e":0.5}}]}]}