{"v":4,"p":[{"b":73,"s":[{"p":[0,0,0],"r":[0,0,0],"s":[0.121821,0.1218209,0.1218212],"c":[0.4320985,0.7777778,0.6296297]}]},{"b":147,"s":[{"p":[0.02585951,0.04272488,-0.09176577],"r":[339.7784,264.7709,153.9188],"s":[0.2018643,0.02996868,0.03309435],"c":[0.4320983,0.7777778,0.6296297]}]},{"b":148,"s":[{"p":[0.04854221,0.07918742,-0.1854046],"r":[348.2848,260.7917,159.5845],"s":[0.04456655,0.03487676,0.03765704],"c":[0.4320983,0.7777778,0.6296297]}]}]}