{"n":"lightning bolt","v":4,"a":[2,6,7,12,14,16,18],"p":[{"b":10,"t":3,"t1":168,"s":[{"p":[0,0,0],"r":[0,0,0],"s":[0.005000251,0.005000128,0.4035299],"c":[0.6666666,1,0.9714286],"b":["when starts then play dry laser shot"],"t1":{"c":[0,1,0.9142858],"a":0.01726675},"pr":{"c":[0,1,0.9142858],"m":0.25,"a":0.25,"s":0.15,"z":0.25,"g":0.5,"h":0.25}}]}]}