{"n":"lava puddle","v":4,"a":[2,7,16,18],"p":[{"b":5,"t":3,"a":[5],"t1":13,"s":[{"p":[0,-3.72529E-09,0.04088855],"r":[0,0,0],"s":[1.455174,1.455288,0.2023089],"c":[1,0.1714284,0],"b":["when starts then all parts face up"],"t1":{"c":[1,0.5142856,0],"x":0.17,"y":0.17,"a":0.8925,"m":0.5,"n":0.5,"r":0,"g":1,"o":0.5,"t":0.5,"e":0.5}}]}]}