{"n":"hand template","v":4,"d":"Wear this on your hand slot. Add a custom hand as a sub-thing. Both the forearm and Y should also be sub-things of this object.","a":[1,12],"p":[{"b":73,"t":8,"a":[12],"i":[{"t":"5ada7ebd711e330fcf0dec0c","p":[0.001823376,-0.01590246,-0.01407473],"r":[72.55478,218.7508,253.7812]},{"t":"5ada9ca3890b2751dcf996ec","p":[0.05113095,0.6329288,0.01922452],"r":[292.8385,192.6535,93.72841]},{"t":"5ada9c6f890b2751dcf996eb","p":[0.003306527,0.07749139,-0.001361616],"r":[275.3552,66.71049,288.6369]},{"t":"5ada9cae15888d51d09c0d87","p":[0.0240984,0.468688,0.02188886],"r":[64.97135,125.4011,57.34927]}],"s":[{"p":[0,0,0],"r":[0,0,0],"s":[0.1019144,0.1019177,0.1019161],"c":[1,0,0.3428572]}]}]}