{"v":4,"a":[2,7,18,21],"p":[{"b":43,"t":11,"s":[{"p":[0,0,0],"r":[0,0,0],"s":[0.1202698,0.04565832,0.05079815],"c":[1,1,1]}]},{"t":11,"s":[{"p":[-0.1210401,0.01235533,0.001119375],"r":[0,270,9.659346E-06],"s":[0.02492026,0.01550805,0.182621],"c":[1,1,1]}]},{"b":57,"t":11,"s":[{"p":[-0.2317282,0.01094627,1.740456E-05],"r":[0,270,0],"s":[0.02104792,0.04847956,0.02129037],"c":[1,1,1]}]}]}