{"v":4,"a":[2,3],"inc":[["thing","5adbe2cdd2e2990f9687e6d0"],["thing 2","5adbe5fe55ce9b0f8e6e4724"],["thing 3","5adbe68f81a6a804c4326d09"]],"p":[{"b":14,"s":[{"p":[0,0,0],"r":[-5.088886E-14,3.415094E-06,1.707547E-06],"s":[0.06000013,0.06000021,0.06000017],"c":[0.1142856,1,0],"b":["when triggered then emit thing 3 with 10"]}]}]}