{"v":4,"a":[2],"p":[{"b":14,"t":4,"s":[{"p":[0,0,0],"r":[0,0,0],"s":[0.06000001,0.06000002,0.06000004],"c":[1,0,0],"b":["when starts then become next in 2.5"]},{"p":[0,0,0],"r":[0,0,0],"s":[0.06000001,0.06000002,0.06000004],"c":[0.9714286,1,0],"b":["when starts then become next in 2.5"]},{"p":[0,0,0],"r":[0,0,0],"s":[0.06000001,0.06000002,0.06000004],"c":[0.1142856,1,0],"b":["when starts then become next in 2.5"]},{"p":[0,0,0],"r":[0,0,0],"s":[0.06000001,0.06000002,0.06000004],"c":[0,0.05714257,1],"b":["when starts then become next in 2.5"]}]}]}