{"v":4,"a":[7],"p":[{"t":21,"s":[{"p":[0.04979111,1.03931,-0.2969866],"r":[0,270,270],"s":[20.40688,0.1750031,0.005],"c":[1,0,0]}]},{"b":161,"t":21,"s":[{"p":[-0.04355837,1.053938,0.3429755],"r":[0,270,270],"s":[0.2547039,0.2546891,0.0001895504],"c":[1,0,0]}]},{"s":[{"p":[0,2.088036,-3.123283E-05],"r":[0,0,0],"s":[0.09867744,31.82681,6.38359],"c":[0,0,0]}]}]}