{"v":4,"p":[{"b":9,"s":[{"p":[0,0,0],"r":[0,0,0],"s":[0.125,0.125,0.1250001],"c":[1,1,1]}]},{"b":14,"s":[{"p":[-0.03067917,0.01767419,0.07734486],"r":[38.89928,19.72364,338.5206],"s":[0.06000006,0.06000001,0.0600001],"c":[1,1,1]}]},{"b":7,"s":[{"p":[-0.2121874,-0.2912782,-0.230109],"r":[30.1555,86.41618,352.7619],"s":[0.1250005,0.1250003,0.1250007],"c":[1,1,1]}]}]}