{"n":"gb emblem","v":4,"a":[2,6,5,7,14,16],"p":[{"b":62,"s":[{"p":[0.01838826,0.004289865,-0.03771019],"r":[-1.628444E-12,180,90.00001],"s":[0.3723643,0.353144,0.005004388],"c":[0.5555556,0.5555556,0.5555556]}]},{"b":5,"s":[{"p":[0.01752757,0.00317049,-0.03843356],"r":[1.526666E-13,1.024528E-05,-1.707547E-06],"s":[0.08890525,0.1250982,0.005004463],"c":[0.8888889,0.8888889,0.8888889]}]},{"b":134,"t":2,"e":"GB","s":[{"p":[0.1112959,-0.1272581,-0.03336526],"r":[-1.628444E-12,180,90.00001],"s":[0.01916662,0.01916383,0.01916642],"c":[0.111111,0.9238093,1]}]}]}