{"n":"home adress","v":4,"a":[1,7],"p":[{"s":[{"p":[0.00222206,-0.003187657,-0.0004122257],"r":[0,0,0],"s":[0.8040742,0.06453729,0.263615],"c":[0,0,0]}]},{"b":140,"e":"100 A ST","s":[{"p":[-0.3208761,0.03227335,0.07617974],"r":[90,-1.931869E-05,0],"s":[0.01451774,0.01451507,0.01451732],"c":[0.09876531,0.8888889,0.8888889]}]}]}