{"v":4,"a":[5,7],"p":[{"b":5,"s":[{"p":[-0.1680231,0.002726786,0.07794596],"r":[0,90,90],"s":[0.0521519,0.02437044,0.1001846],"c":[0,0,0]}]},{"s":[{"p":[0.07164669,0.002953403,-0.03410167],"r":[0,0,0],"s":[0.5561377,0.386924,0.3495153],"c":[0.5555556,0.5026453,0.1851851]}]},{"s":[{"p":[0.07164669,0.00295338,0.138874],"r":[0,0,-1.001791E-05],"s":[0.5561265,0.005000068,0.005000142],"c":[0,0,0]}]},{"b":127,"a":[19],"e":"CARDINAL \nGRAMMETERS","s":[{"p":[-0.2085433,0.002646429,0.002699256],"r":[-6.830189E-06,90.00001,90.00001],"s":[0.006010149,0.006008961,0.006009024],"c":[0,0,0]}]}]}