{"v":4,"a":[5,7],"p":[{"im":"2439139102330243740/BAFC2EB48464D457461E1466123B2426E7A6EF21/","s":[{"p":[0,0,0],"r":[0,0,0],"s":[0.7047756,0.009999845,0.4974988],"c":[1,1,1]}]}]}