{"v":4,"p":[{"b":73,"s":[{"p":[-0.04815522,-0.0003586868,-0.007445917],"r":[5.457454,350.9282,4.078675],"s":[0.2046373,0.2046371,0.2046371],"c":[0.1234566,0.3703701,0.5555556]}]},{"b":73,"s":[{"p":[-0.02207799,0.008141184,-0.01789201],"r":[359.3933,7.315692,6.235099],"s":[0.1788581,0.1788579,0.1788579],"c":[0.1234566,0.3703701,0.5555556]}]},{"b":147,"s":[{"p":[0.0253221,0.05669254,-0.1272327],"r":[339.6182,263.0118,160.454],"s":[0.2258261,0.05554224,0.04755518],"c":[0.1234566,0.3703701,0.5555556]}]}]}