{"n":"ground","v":4,"a":[1,7],"p":[{"b":17,"s":[{"p":[0,0,0],"r":[0,0,0],"s":[2.642957,0.2039928,2.394246],"c":[0,1,1]}]}]}