{"v":4,"a":[2,30],"p":[{"b":75,"t":13,"s":[{"p":[0.02443102,-0.02747342,0.1776686],"r":[0.863758,93.1385,278.6659],"s":[0.07503199,0.07502955,0.0750133],"c":[0,0.5714284,1]}]},{"b":83,"t":13,"s":[{"p":[-0.0016215,0.07265478,0.1305772],"r":[288.6361,304.6751,237.0645],"s":[0.09299638,0.02417623,0.07606256],"c":[0,0.5714284,1]}]},{"b":64,"t":13,"s":[{"p":[-0.02954472,0.1739289,0.1507162],"r":[70.99435,126.95,125.2878],"s":[0.09221746,0.02364775,0.0758754],"c":[0,0.5714284,1]}]}]}