{"v":4,"a":[7,18],"p":[{"b":68,"s":[{"p":[0,0,0],"r":[0,0,0],"s":[0.1223929,0.1000051,0.3504668],"c":[0,0,0]}]},{"b":148,"s":[{"p":[-0.001907341,0.0304113,0.2957611],"r":[-1.690386E-05,270,180],"s":[0.0900083,0.09000514,0.09000356],"c":[0.7777778,0.7777778,0.7777778]}]}]}