{"n":"coin 2","v":4,"a":[2],"p":[{"b":19,"e":"@","s":[{"p":[-0.0002222726,-0.01634736,0.00404517],"r":[3.137255,186.1676,145.4897],"s":[0.002005674,0.002005674,0.002005676],"c":[1,1,1]}]},{"b":5,"t":11,"s":[{"p":[0.0004002636,-0.001376282,0.0003254925],"r":[0.1277378,7.370216,0.353909],"s":[0.008463859,0.008793645,0.005000016],"c":[0.6666667,0.5925926,0.148148],"b":["when trigger let go then play getting coins"]}]}]}