{"v":4,"p":[{"b":75,"s":[{"p":[0,0,0],"r":[0,0,0],"s":[0.07500013,0.07500007,0.075],"c":[0.6285715,1,0]}]}]}