{"n":"gum ball","v":4,"a":[2,7,12,16,31],"p":[{"b":10,"s":[{"p":[0.001472472,0.0007772472,-0.015728],"r":[-2.003582E-05,180,180],"s":[0.02365176,0.02365148,0.02365123],"c":[1,0,0.8571426],"b":["when starts then become next in 2s","when starts then play filling_with_air"]},{"p":[0.01011466,0.02701249,-0.1045914],"r":[-2.003582E-05,180,180],"s":[0.1067243,0.1067261,0.1067238],"c":[1,0,0.8571426],"b":["when starts then destroy all parts","when starts then play balloon pop"]}]},{"b":4,"t":8,"a":[12],"s":[{"p":[0,0,0],"r":[-1.628444E-12,-1.001791E-05,-2.442666E-12],"s":[0.006118073,0.006117998,0.006117201],"c":[1,1,1]}]}]}