{"n":"b","v":4,"a":[7,31,32],"p":[{"b":4,"s":[{"p":[0,0,0],"r":[0,0,0],"s":[0.02686348,0.02686328,0.02686346],"c":[1,1,1]}]}]}