{"v":4,"a":[1,7],"p":[{"s":[{"p":[0,0,0.9999994],"r":[0,0,0],"s":[14.77271,29.31895,0.02791816],"c":[0.4444443,0,0]}]}]}