{"v":4,"a":[2],"p":[{"b":5,"s":[{"p":[0.1257291,0.02563345,-0.1114812],"r":[16.77244,9.809651,65.99613],"s":[0.01128406,0.01618547,0.2483866],"c":[0.111111,0.100529,0.03703704]}]},{"b":51,"s":[{"p":[0.1011438,-0.06747285,0.5201516],"r":[352.2215,177.2016,30.98231],"s":[0.2974092,0.005000035,0.9215476],"c":[0.6666667,0.6560847,0.5925926]}]},{"b":5,"s":[{"p":[0.1427387,-0.003886938,-0.007829335],"r":[17.42358,10.17934,346.3245],"s":[0.03148885,0.02950105,0.02360339],"c":[0.111111,0.100529,0.03703704]}]}]}