{"v":4,"p":[{"b":17,"s":[{"p":[0,0,0],"r":[0,0,0],"s":[6.079208,0.1999443,5.785954],"c":[0,0,0]}]}]}