{"v":4,"p":[{"b":150,"s":[{"p":[0,0,0],"r":[0,0,-1.067217E-07],"s":[0.355128,0.06000006,1.528335],"c":[1,1,1]}]}]}