{"v":4,"a":[2,14,15,31],"p":[{"b":79,"t":9,"s":[{"p":[0.02899753,0.0114027,0.08138775],"r":[52.8077,285.8759,97.43869],"s":[0.006598727,0.006598622,0.006598327],"c":[1,0.6857142,0]}]},{"b":5,"t":9,"s":[{"p":[0.0216872,0.007977791,0.05870492],"r":[354.9789,11.56863,52.90102],"s":[0.00990947,0.009909572,0.04355953],"c":[0.4444443,0.4444443,0.4444443]}]}]}