{"v":4,"p":[{"s":[{"p":[-0.2008227,0.09081715,-0.1500224],"r":[20.86331,307.2298,9.911464],"s":[0.1750002,0.1750002,0.1750003],"c":[0,0.9142855,1]}]},{"b":7,"s":[{"p":[-0.3675793,0.4285508,-0.1036692],"r":[287.2924,272.0222,33.15047],"s":[0.1178124,0.1250005,0.1250006],"c":[0.2857141,0,1]}]},{"b":14,"s":[{"p":[-0.2671989,0.2584426,-0.1406694],"r":[294.0501,284.759,289.1934],"s":[0.02221872,0.009615421,0.06000016],"c":[0,0.9142855,1]}]}]}