{"v":4,"p":[{"b":14,"t":2,"s":[{"p":[0,0,0],"r":[0,0,0],"s":[0.005000012,0.01030073,0.03521113],"c":[0,0.9142855,1]}]}]}