{"n":"hand template","v":4,"d":"Wear this on your hand slot. Add a custom hand as a sub-thing. Both the forearm and Y should also be sub-things of this object.","a":[1,12,27],"p":[{"b":73,"t":8,"a":[12],"i":[{"t":"5adfcc212e928835f4f04d48","p":[0.0004180511,0.02319543,-0.02832883],"r":[8.974683,359.4588,151.4695]},{"t":"5adfc526e370b2130d8c2755","p":[0.003626787,0.004057938,0.0199918],"r":[10.9415,177.2648,198.1789]}],"s":[{"p":[0,0,0],"r":[0,0,0],"s":[0.1019151,0.1019181,0.1019167],"c":[1,0,0.3428567]}]}]}