{"v":4,"p":[{"t":8,"a":[12],"i":[{"t":"5aa5351c1eba110ff63d193e","p":[0.05386562,0.09194329,-0.07563014],"r":[48.66344,280.7856,174.8055]}],"s":[{"p":[0,0,0],"r":[0,0,0],"s":[0.1750004,0.1750007,0.1750007],"c":[1,1,1]}]}]}