{"v":4,"p":[{"s":[{"p":[0,0,0],"r":[0,0,2.668043E-08],"s":[68.4407,0.05327507,33.7325],"c":[1,1,1]}]},{"s":[{"p":[36.67469,0.30364,-2.463228],"r":[353.0145,88.79116,359.788],"s":[5.894536,0.05175674,9.929412],"c":[1,1,1]}]}]}