{"n":"sword","v":4,"p":[{"b":14,"s":[{"p":[0.00711313,-0.003118798,0.06959774],"r":[357.8037,358.0322,3.100338],"s":[0.00500001,0.06000026,0.1260167],"c":[0.7777778,0.7777778,0.7777778]}]},{"b":3,"s":[{"p":[0.02240156,-0.01687714,-0.2988052],"r":[346.1511,359.1967,41.87233],"s":[0.02374872,0.02509188,0.02646082],"c":[0.1142857,0,1]}]},{"s":[{"p":[0.01454329,-0.01322322,-0.1494868],"r":[357.8808,-0.003753515,92.34557],"s":[0.2144842,0.03175636,0.03775317],"c":[0.9714286,1,0]}]}]}