{"v":4,"p":[{"b":10,"t1":8,"s":[{"p":[0,0,0],"r":[0,0,0],"s":[0.2531585,0.1250002,0.04991007],"c":[1,1,1],"t1":{"c":[1,0,0.5142857],"x":0.17,"y":0.17,"a":0.69625,"m":0.5,"n":0.5,"r":0,"g":0,"o":0.5,"t":0.5,"e":0.5}}]}]}