{"v":4,"p":[{"b":9,"s":[{"p":[0,0,0],"r":[0,0,4.268868E-07],"s":[0.125,0.125,0.1249999],"c":[1,1,1]}]}]}