{"v":4,"p":[{"b":172,"t1":12,"s":[{"p":[0,0,0],"r":[0,0,0],"s":[0.04499999,0.04500002,0.04500001],"c":[0.5555556,0.5555556,0.5555556],"t1":{"c":[0,0,0],"x":0.17,"y":0.17,"a":0.8925,"m":0.5,"n":0.5,"r":0,"g":0,"o":0.5,"t":0.5,"e":0.5}}]},{"b":157,"t1":12,"s":[{"p":[0.01995043,0.002181053,0.1011387],"r":[58.48296,341.9261,335.3946],"s":[0.08000012,0.02557121,0.03424108],"c":[0.111111,0.08395048,0.02469136],"t1":{"c":[0.2222221,0.160141,0.02469136],"x":0.17,"y":0.17,"a":0.8925,"m":0.5,"n":0.5,"r":0,"g":0,"o":0.5,"t":0.5,"e":0.5}}]}]}