{"n":"fire","v":4,"a":[2,7,14,15,18],"p":[{"b":73,"t":3,"pr":40,"s":[{"p":[0,0,0],"r":[0,0,7.656432E-20],"s":[0.08268923,0.08269685,0.08270267],"c":[1,0,0],"pr":{"c":[0.3333333,0,0],"m":0.25,"a":0.3815155,"s":0,"z":0.35,"g":0.5,"h":0.5}}]}]}