{"n":"curb","v":4,"a":[7,18],"p":[{"b":65,"s":[{"p":[0,0,0],"r":[0,0,0],"s":[0.09911726,30.10874,0.06022408],"c":[0.6666667,0.6666667,0.6666667]}]}]}