{"n":"tv","v":4,"a":[7],"p":[{"s":[{"p":[-0.002874609,-0.06405222,0.1049888],"r":[-1.001791E-05,-7.118155E-20,8.142219E-13],"s":[1.489978,1.184963,0.2700534],"c":[1,1,1]}]},{"t1":3,"s":[{"p":[-0.005043226,-0.7337779,0.06277371],"r":[0,0,0],"s":[1.624439,0.3303961,0.5300016],"c":[0.7777778,0.5333333,0],"t1":{"c":[0.4444444,0.3047618,0],"x":0.17,"y":0.17,"a":0.69625,"m":0.5,"n":0.5,"r":0,"g":0,"o":0.5,"t":0.5,"e":0.5}}]},{"a":[1,27],"s":[{"p":[-0.03933176,0.002534873,-0.0235858],"r":[270,0,0],"s":[1.239621,0.1697874,0.9334153],"c":[0,0,0]}]}]}