{"n":"television","v":4,"a":[1,22],"p":[{"t":1,"a":[4,27],"t1":168,"vid_v":0.15,"vid_v":0.15,"s":[{"p":[0,0,0],"r":[0,0,0],"s":[1.29857,0.03902967,0.7586224],"c":[0,0,0],"t1":{"c":[1,1,1],"a":0.05}}]}]}