{"v":4,"p":[{"b":5,"s":[{"p":[0,0,0],"r":[0,0,0],"s":[0.1250002,0.1250005,0.1250006],"c":[1,1,1]}]},{"s":[{"p":[0.1503744,-0.1010669,0.1325544],"r":[41.07432,96.29343,4.527548],"s":[0.1750003,0.1750007,0.1750005],"c":[1,1,1]}]},{"b":7,"s":[{"p":[0.4974273,-0.9280163,1.301074],"r":[1.34698,355.9003,22.60488],"s":[0.1250002,0.1250007,0.1250007],"c":[1,1,1]}]},{"b":7,"s":[{"p":[0.07772136,-0.9712778,1.304449],"r":[3.219492,356.4064,0.6953087],"s":[0.1249998,0.1250003,0.1250006],"c":[1,1,1]}]}]}