{"v":4,"p":[{"b":60,"s":[{"p":[0,0,0],"r":[0,0,0],"s":[0.2558047,0.005,0.1428952],"c":[0.111111,0.111111,0.111111]}]},{"b":134,"t":2,"e":"PDC: Admin","s":[{"p":[-0.1184483,0.00594689,-0.03399325],"r":[90,-1.001791E-05,0],"s":[0.002999999,0.003000052,0.002999997],"c":[1,1,1]}]},{"b":134,"t":2,"e":"THE KING ","s":[{"p":[-0.1066062,0.003211975,0.04045457],"r":[90,-9.659345E-06,0],"s":[0.00319626,0.003195815,0.003196289],"c":[1,1,1]}]}]}