{"n":"smoke3","v":4,"a":[2,14,16],"p":[{"b":73,"pr":15,"s":[{"p":[0,0,0],"r":[0,0,0],"s":[0.03467414,0.03467414,0.03467414],"c":[1,1,1],"pr":{"c":[1,1,1],"m":1,"a":1,"s":0.15,"z":1,"g":0.5,"h":1}}]}]}