{"v":4,"a":[7,21],"p":[{"s":[{"p":[0,0,0],"r":[0,0,0],"s":[1.744433,0.6684497,2.918526],"c":[0.3333332,0.2285713,0],"b":["when touches hand then become next in 0.2s"]},{"p":[0.8627664,1.088473,0.2240382],"r":[-8.964216E-08,-8.964215E-08,270],"s":[1.74489,0.6686466,2.919161],"c":[0.3333331,0.2285712,0],"b":["when starts then become previous in 2"]}]}]}