{"n":"wall","v":4,"a":[7,18],"p":[{"s":[{"p":[0,0,0],"r":[0,0,0],"s":[0.5545944,0.04657413,0.6918368],"c":[0.5555556,0.4197529,0.1234566]}]}]}