{"v":4,"p":[{"s":[{"p":[0,0,0],"r":[0,0,-2.134434E-07],"s":[0.1006867,0.06093138,0.09332404],"c":[0,0,0]}]},{"s":[{"p":[0.001166598,0.03005108,0.008738774],"r":[359.2827,1.974145,357.7393],"s":[0.04699746,0.06093141,0.05316601],"c":[1,0,0.3428572],"b":["when touches hand then send one nearby onto 5"]}]}]}