{"v":4,"p":[{"b":139,"e":"TO TALK TO THE BEHOLDER","s":[{"p":[0,0,0],"r":[0,0,0],"s":[0.002531896,0.002531894,0.002531897],"c":[1,0,0.3428572]}]}]}