{"n":"curve above curved window 1","v":4,"a":[7,18],"p":[{"b":38,"s":[{"p":[-0.1492729,-0.005024937,0.006556749],"r":[0,0,0],"s":[0.02308406,0.05451393,0.05451357],"c":[0.5555556,0.4197527,0.1234565]}]},{"b":38,"s":[{"p":[-0.1483993,-0.129508,0.1176825],"r":[0,0,0],"s":[0.02308366,0.05450866,0.05450768],"c":[0.5555556,0.4197527,0.1234565]}]},{"b":38,"s":[{"p":[-0.1492653,0.2010307,0.0208981],"r":[90,4.650387E-06,0],"s":[0.02310573,0.05457887,0.0545753],"c":[0.5555556,0.4197527,0.1234565]}]},{"b":38,"s":[{"p":[-0.1511632,0.3112535,0.1183058],"r":[3.415095E-06,0,180],"s":[0.0230884,0.05451268,0.05451919],"c":[0.5555556,0.4197527,0.1234565]}]}]}