{"n":"c","v":4,"p":[{"b":5,"t":12,"s":[{"p":[0,0,0],"r":[0,0,-4.268869E-07],"s":[0.005635258,0.005635251,0.03987266],"c":[0.6285715,1,0]}]}]}