{"v":4,"a":[6],"p":[{"b":18,"t":2,"e":"ONLY WORK ON BOOKS!","s":[{"p":[0,0,0],"r":[0,0,0],"s":[0.02958449,0.02958447,0.0295845],"c":[1,0,0]}]}]}