{"v":4,"a":[44],"p":[{"b":25,"a":[11,13,29],"t1":141,"t2":66,"s":[{"p":[0,0,0],"r":[0,0,0],"s":[2.000001,1.000001,2.000001],"c":[0,0,0],"b":["when starts then become next in 4"],"t1":{"c":[1,1,1],"x":0.4137998,"y":0.6232402,"a":0.8925,"m":0,"n":0,"r":0,"g":0,"o":0.5,"t":0.5,"e":0.5},"t2":{"c":[1,1,1],"x":0.65908,"y":0.4978466,"a":0.5826855,"m":0,"n":0,"r":0,"g":0,"o":0.5,"t":0.5,"e":0.5}},{"p":[0,0,0],"r":[0,0,0],"s":[2.000001,1.000001,2.000001],"c":[0,0,0],"b":["when starts then become untweened 1"],"t1":{"c":[1,1,1],"x":0.4137998,"y":0.6232402,"a":0.8925,"m":1,"n":0,"r":0,"g":0,"o":0.5,"t":0.5,"e":0.5},"t2":{"c":[1,1,1],"x":0.65908,"y":0.4978466,"a":0.5826855,"m":0,"n":0,"r":0,"g":0,"o":0.5,"t":0.5,"e":0.5}}]}]}