{"v":4,"a":[1,7,18],"p":[{"b":13,"s":[{"p":[0,0,0],"r":[0,0,0],"s":[0.005,0.02451355,0.06000349],"c":[0.5555556,0.5555556,0.5555556]}]},{"b":13,"s":[{"p":[-0.006143571,1.074177E-09,8.381903E-09],"r":[0,0,0],"s":[0.005000325,0.005000034,0.0597773],"c":[0.4444443,0.4444443,0.4444443]}]}]}