{"v":4,"p":[{"b":18,"t":2,"a":[19],"e":"THIS WAY!\n<<<<<<","s":[{"p":[0,0,0],"r":[0,0,-7.920752E-09],"s":[0.01597457,0.01597458,0.01597458],"c":[1,0,0]}]}]}