{"v":4,"p":[{"s":[{"p":[0,0,0],"r":[0,0,0],"s":[0.5695301,0.07616638,0.1900493],"c":[1,1,1],"b":["when touched then send one nearby onto sky"]}]},{"b":18,"e":"GO FLY","s":[{"p":[-0.2462257,0.07549,0.08250937],"r":[88.31182,320.3824,320.5324],"s":[0.01306395,0.01306394,0.01306396],"c":[1,1,1]}]}]}