{"v":4,"a":[1,7],"p":[{"b":18,"e":"PG 4","s":[{"p":[-0.06644329,0.07440674,0.002412021],"r":[-1.366038E-05,180,180],"s":[0.001000007,0.001000126,0.001000097],"c":[0,0,0]}]},{"a":[23],"s":[{"p":[0,0,0],"r":[1.366038E-05,0,0],"s":[0.1383671,0.1742964,0.002500005],"c":[1,1,1]}]},{"b":18,"e":"CHAP 1","s":[{"p":[0.0316822,0.07300097,0.007411967],"r":[-1.001791E-05,180,180],"s":[0.001000068,0.001000137,0.001000116],"c":[0,0,0]}]},{"b":23,"e":"My hands were melting. It won't\nstop. It hurts. Everything hurts.\nThe only way to stop the pain is to\nsleep or get knocked out. I thought \nrecently the pain would go away if \nI just stopped existing, right? Off to\nthe hardware store for some rope.","s":[{"p":[-0.0643217,-0.07420679,0.005948549],"r":[4.378969E-13,180,180],"s":[0.001216373,0.001216401,0.001216328],"c":[0,0,0]}]}]}