{"n":"frankenjinx","v":4,"a":[1,2,3,22,18],"p":[{"b":60,"s":[{"p":[-1.155606E-08,-0.06609298,5.215406E-08],"r":[0,0,-1.001791E-05],"s":[0.1493213,0.0156939,0.1843737],"c":[0,0,0]}]},{"t":8,"a":[12],"i":[{"t":"5ae7ac74df5b380f94e1ea11","p":[-0.003152855,0.07250876,0.006352545],"r":[0,0,90.00001]}],"s":[{"p":[-0.07127607,-0.002544403,-0.004943551],"r":[0,0,270],"s":[0.005001495,0.01031714,0.08580299],"c":[1,1,1]}]},{"b":60,"s":[{"p":[-0.06846834,-0.03437566,0.003501233],"r":[-8.964217E-08,-8.964215E-08,270],"s":[0.07886525,0.01569722,0.1774972],"c":[0,0,0]}]}]}