{"v":4,"a":[1,7],"p":[{"b":18,"e":"PG 2","s":[{"p":[-0.06644329,0.07440674,0.002412021],"r":[-1.366038E-05,180,180],"s":[0.001000007,0.001000126,0.001000097],"c":[0,0,0]}]},{"a":[23],"s":[{"p":[0,0,0],"r":[1.366038E-05,0,0],"s":[0.1383671,0.1742964,0.002500005],"c":[1,1,1]}]},{"b":18,"e":"CHAP 1","s":[{"p":[0.0316822,0.07300097,0.007411967],"r":[-1.001791E-05,180,180],"s":[0.001000068,0.001000137,0.001000116],"c":[0,0,0]}]},{"b":23,"e":"I had friends, but they dared \nme to jump off a bridge and \nchug hot sauce. I'm not sure why\nI labeled them as my friends but\nit doesn't matter anymore. Who\nI did care about is Stacy, my \ncrush. I decided to talk with her.\n\"Hi Stacy!\"\n\"Hi John.\"","s":[{"p":[-0.06310672,-0.08181285,0.01456927],"r":[-1.001791E-05,180,180],"s":[0.001346447,0.001346479,0.001346467],"c":[0,0,0]}]}]}