{"n":"kickboard","v":4,"a":[7,18],"p":[{"b":5,"t":1,"s":[{"p":[-0.003810883,0.04757595,-0.04738235],"r":[90,180,0],"s":[0.005000437,0.005000097,2.387158],"c":[0.5555556,0.4197526,0.1234563]}]},{"b":65,"t":1,"t1":43,"s":[{"p":[-0.002700806,0.01028156,-0.009397864],"r":[0,0,1.024528E-05],"s":[0.01007403,1.817039,0.0963963],"c":[0.444444,0.335802,0.09876495],"t1":{"c":[0.1111111,0.08395054,0.02469136],"x":0.5,"y":0.5,"a":0.8925,"m":0,"n":0,"r":0,"g":0,"o":0.5,"t":0.5,"e":0.5}}]}]}