{"n":"laser gun system","v":4,"p":[{"b":3,"t":8,"a":[12],"i":[{"t":"5ae9dc58e649f80f8a0aa03a","p":[-0.126062,-0.5124317,0.3960158],"r":[346.7076,349.4604,10.24713]},{"t":"5ae9db495dce911336dd07e5","p":[0.04816639,-0.534961,0.2256227],"r":[352.286,348.8862,21.49942]},{"t":"5aeabe59fb32b90f8bb7f268","p":[-0.4370327,0.4283499,-0.3737518],"r":[280.4449,333.093,12.31431]}],"s":[{"p":[0,0,0],"r":[0,0,0],"s":[0.03693231,0.04237147,0.03526329],"c":[1,1,1]}]}]}