{"v":4,"p":[{"b":14,"s":[{"p":[0,0,0],"r":[0,0,0],"s":[0.01210724,0.005000006,0.01679437],"c":[0.1728393,0.5555556,0.1234567]}]},{"b":14,"s":[{"p":[0.01264319,0.01380803,0.01688129],"r":[349.9414,27.49673,15.70228],"s":[0.01210724,0.005000009,0.01679438],"c":[0.1728393,0.5555556,0.1234567]}]}]}