{"v":4,"p":[{"b":91,"t":2,"e":"WRITTEN BY ANGELYZA","s":[{"p":[0,0,0],"r":[0,0,-1.067217E-07],"s":[0.01307707,0.01307707,0.01307707],"c":[1,0,0]}]}]}