{"v":4,"a":[7],"p":[{"t":3,"s":[{"p":[0,0,0],"r":[0,0,0],"s":[0.1750091,0.1750091,6.513101],"c":[1,1,1]}]},{"t":4,"s":[{"p":[-0.1136055,0.003000721,-0.0168276],"r":[1.001791E-05,0,0],"s":[0.1750303,0.4592649,7.162603],"c":[0.3333332,0.3333332,0.3333332]}]}]}