{"n":"egg","v":4,"a":[2,15,21],"inc":[["fried egg","5ae7028547d5590f8d332399"]],"p":[{"b":3,"t1":60,"s":[{"p":[0,0,0],"r":[0,0,0],"s":[0.02388101,0.02388058,0.02388045],"c":[0.9968254,1,0.8888889],"b":["when destroyed then play breaking stick","when destroyed then emit fried egg"],"t1":{"c":[0.3333333,0.7142856,1],"x":0.5,"y":0.5,"a":0.8925,"m":0,"n":0,"r":0,"g":0,"o":0.5,"t":0.5,"e":0.5}}]},{"b":16,"t1":60,"s":[{"p":[-0.0002236367,0.0005378723,0.001194358],"r":[-1.366038E-05,270,270],"s":[0.01450757,0.02388073,0.01525113],"c":[0.9968254,1,0.8888889],"t1":{"c":[0.3333333,0.7142856,1],"x":0.5,"y":0.6468376,"a":1,"m":0,"n":0,"r":0.02436841,"g":0,"o":0.5,"t":0.5,"e":0.5}}]}]}