{"v":4,"a":[7],"p":[{"b":9,"s":[{"p":[0,0,0],"r":[0,0,0],"s":[70.19373,0.2076698,17.01089],"c":[0.07407401,0.1079361,0.6666667]}]}]}