{"v":4,"a":[2],"p":[{"b":73,"s":[{"p":[0,0,0],"r":[0,0,1.707547E-06],"s":[0.01329405,0.01329405,0.01329405],"c":[1,1,1]}]}]}