{"v":4,"a":[2,14],"p":[{"b":61,"t":9,"s":[{"p":[0.008710908,-0.003825486,0.0187379],"r":[87.47129,269.4536,245.4435],"s":[0.02091875,0.01617578,0.0194992],"c":[1,0.1714285,0]},{"p":[0.008710908,-0.003825486,0.0187379],"r":[87.47137,269.4536,245.4435],"s":[0.02091875,0.01617578,0.0194992],"c":[1,0.1714285,0],"b":["when touches open then close"]}]},{"b":59,"t":9,"s":[{"p":[-0.0009689892,-0.001237307,0.0006502816],"r":[6.027895,3.569047,355.6512],"s":[0.01445275,0.132236,0.01383409],"c":[0.5555556,0.3809522,0]}]}]}