{"n":"temp roof","v":4,"a":[7,18],"p":[{"b":7,"t1":13,"s":[{"p":[0,0,0],"r":[0,0,0],"s":[2.994858,9.851852,1.164646],"c":[0.4444443,0.04938258,0.04938258],"t1":{"c":[0.2222221,0.02469136,0.02469136],"x":0.17,"y":0.17,"a":0.8925,"m":0.5,"n":0.5,"r":0,"g":0,"o":0.5,"t":0.5,"e":0.5}}]}]}