{"v":4,"p":[{"b":90,"e":"the quick brown fox jumpes over the lazy dog ","s":[{"p":[0.1866264,0.466236,-0.3866616],"r":[317.3116,16.01291,356.6744],"s":[0.003000004,0.003000002,0.003000003],"c":[0.1975307,0.8888889,0.8888889]}]},{"b":96,"e":"\nHEI PIA ","s":[{"p":[0.021598,0.7971454,-0.7821662],"r":[308.2354,144.7966,300.5341],"s":[0.05,0.05000001,0.05],"c":[1,0,0.3428572]}]},{"b":91,"e":"Hei hei paa dg","s":[{"p":[1.10311,-0.1200951,-0.7516005],"r":[9.558454,61.8351,256.8754],"s":[0.003697956,0.00369795,0.003697955],"c":[0.1975307,0.8888889,0.8888889]}]}]}