{"n":"roof","v":4,"a":[22,13,18,20],"p":[{"t1":44,"s":[{"p":[0,0,0],"r":[0,0,0],"s":[8.041342,3.525348,0.05196207],"c":[0.6666667,0.6666667,0.6666667],"t1":{"c":[0.5555556,0.5555556,0.5555556],"x":0.5,"y":0.5,"a":0.8925,"m":0,"n":0,"r":0,"g":0,"o":0.5,"t":0.5,"e":0.5}}]},{"t1":44,"s":[{"p":[1.430511E-06,-3.036719,-1.25785],"r":[45.00002,-1.531126E-06,1.415167E-05],"s":[8.046041,3.635435,0.0519949],"c":[0.6666667,0.6666667,0.6666667],"t1":{"c":[0.5555556,0.5555556,0.5555556],"x":0.5,"y":0.5,"a":0.8925,"m":0,"n":0,"r":0,"g":0,"o":0.5,"t":0.5,"e":0.5}}]}]}