{"n":"forearm","v":4,"a":[7,12],"p":[{"b":4,"t":8,"a":[12],"s":[{"p":[0,0,0],"r":[1.965706E-12,-1.628444E-12,1.366038E-05],"s":[0.005,0.005,0.005],"c":[1,1,1]}]},{"b":14,"s":[{"p":[0.0001195452,-0.0004499177,0.1244097],"r":[2.035555E-12,-1.001791E-05,90],"s":[0.02923946,0.0355914,0.0390706],"c":[1,1,1],"b":["when starts then all parts face nearest ry"]}]}]}