{"n":"forearm","v":4,"a":[12],"p":[{"b":4,"t":8,"a":[12],"s":[{"p":[0,0,0],"r":[1.965706E-12,-1.628444E-12,1.366038E-05],"s":[0.005,0.005,0.005],"c":[1,1,1]}]},{"b":14,"s":[{"p":[-0.0002715586,0.001443088,0.1395459],"r":[0,0,89.99999],"s":[0.03796191,0.03699452,0.04533906],"c":[1,1,1],"b":["when starts then all parts face nearest ry"]}]}]}