{"v":4,"a":[7,13],"p":[{"b":14,"s":[{"p":[-3.400874,0.0001807176,0.01882637],"r":[0,0,0],"s":[0.06003089,0.06004367,0.7224413],"c":[1,1,1]}]},{"b":14,"s":[{"p":[-0.06013716,-0.01804768,0.02327943],"r":[0,0,0],"s":[0.06004475,0.06007885,0.7481782],"c":[1,1,1]}]}]}