{"v":4,"a":[7],"p":[{"b":150,"s":[{"p":[0,0,0],"r":[0,0,0],"s":[0.4611198,0.06001495,0.260949],"c":[0.3333332,0.3333332,0.3333332]}]}]}