{"v":4,"a":[7],"p":[{"s":[{"p":[0,0,0],"r":[0,0,0],"s":[1.890275,0.5446754,1.109494],"c":[1,1,1]}]}]}