{"v":4,"a":[7],"p":[{"s":[{"p":[-1.26763E-08,-0.145,-2.53526E-08],"r":[0,0,6.157171E-14],"s":[21.96909,0.1863929,19.31941],"c":[1,1,1]}]}]}