{"v":4,"p":[{"b":172,"s":[{"p":[0.5314838,-0.826542,0.3812216],"r":[23.35702,355.7602,356.5742],"s":[0.05624874,0.0508686,0.07390923],"c":[0.07407401,0.6666667,0.4126984]}]},{"b":172,"s":[{"p":[0.9955446,-0.8257782,0.4051409],"r":[23.59576,355.3806,358.5345],"s":[0.05624893,0.05086863,0.07390946],"c":[0,0.7428569,1]}]}]}