{"n":"hand template202","v":4,"d":"Wear this on your hand slot. Add a custom hand as a sub-thing. Both the forearm and Y should also be sub-things of this object.","a":[1,22,12],"p":[{"b":73,"t":8,"a":[12],"i":[{"t":"5af076a91bfe9e43a2989d48","p":[0.0289891,0.001266206,0.09987594],"r":[356.823,8.185005,183.5165]},{"t":"5af077402c0edf224ce04a85","p":[-0.009180219,0.002798068,-0.3487673],"r":[-1.536793E-05,270,89.99999]}],"s":[{"p":[0,0,0],"r":[0,0,0],"s":[0.1019144,0.1019177,0.1019161],"c":[1,0,0.3428572]}]}]}