{"n":"arm template upper202","v":4,"d":"Feel free to add your own custom arm as a sub-thing, and you could make the white shape invisible. When you are done with the arm, this is what you add as a sub-thing to your body.","a":[1,22,12],"p":[{"b":4,"t":8,"a":[3,12],"s":[{"p":[0,0,0],"r":[0,0,0],"s":[0.02399674,0.02399501,0.02400018],"c":[1,1,1],"b":["when starts then all parts face nearest x202"]}]},{"b":69,"t":8,"a":[12],"i":[{"t":"5af077ccddcb6955ebee9a8d","p":[0.005967499,-0.01481962,0.006954373],"r":[275.0096,261.2525,96.74055]},{"t":"5af0786318e8f36b3665ca2e","p":[0.01336661,-0.1375985,0.001641199],"r":[-7.198637E-06,157.5,180]}],"s":[{"p":[0.0009635687,0.001272261,0.1237411],"r":[90,180,0],"s":[0.07501486,0.07501536,0.07499955],"c":[1,1,1]}]}]}