{"v":4,"p":[{"t1":85,"t2":162,"s":[{"p":[0,0,0],"r":[0,0,0],"s":[0.413219,0.02790298,0.1750007],"c":[0,0,0],"t1":{"c":[1,1,1],"x":0.05220103,"y":0.1455052,"a":1,"m":0.8213718,"n":0,"r":0,"g":0.7950504,"o":0.5,"t":0.5,"e":0.5},"t2":{"c":[0.4444444,0,0],"x":0.5,"y":0.5,"a":0.8925,"m":0,"n":0,"r":0,"g":0,"o":0.5,"t":0.5,"e":0.5}}]}]}