{"v":4,"inc":[["thing","5af0d83311a83c0f7cb2a22e"]],"p":[{"b":4,"t":8,"a":[12,14],"s":[{"p":[-0.2622613,-0.2145219,0.1554641],"r":[359.9081,357.0932,337.3225],"s":[0.038007,0.05839717,0.03129517],"c":[1,1,1],"b":["when starts then become next in 0s","when starts then emit gravity-free thing with 0"]},{"p":[-0.2532185,-0.2158388,0.03871685],"r":[358.0155,354.1115,340.0205],"s":[0.03800701,0.0583972,0.03129518],"c":[1,1,1],"b":["when starts then become previous in 30s"]}]}]}