{"v":4,"p":[{"b":12,"s":[{"p":[0,0,0],"r":[0,0,0],"s":[0.05832338,0.0638906,0.06000007],"c":[1,1,1]}]}]}