{"v":4,"a":[7,13],"p":[{"t1":125,"s":[{"p":[1.178967,-2.088609,-11.47698],"r":[0,90,0],"s":[16.88529,24.22462,0.1803231],"c":[0.984127,1,0.4444441],"t1":{"c":[0.3301587,0.3333333,0.2222221],"x":0.5,"y":0.5,"a":0.8925,"m":0,"n":0,"r":0,"g":0,"o":0.5,"t":0.5,"e":0.5}}]},{"t1":125,"s":[{"p":[0.5014043,-2.269789,-3.941593],"r":[0,262,180],"s":[8.316646,22.13113,0.1011197],"c":[0.984127,1,0.4444442],"t1":{"c":[0.3301587,0.3333333,0.2222221],"x":0.5,"y":0.5,"a":0.8925,"m":0,"n":0,"r":0,"g":0,"o":0.5,"t":0.5,"e":0.5}}]}]}