{"v":4,"a":[7,32],"p":[{"a":[22],"s":[{"p":[0,0,0],"r":[0,0,0],"s":[3.210685,0.009231504,2.815313],"c":[1,1,1]}]}]}