{"n":"shooter","v":4,"a":[2,3,12],"inc":[["bolt","5af11486ddcb6955ebee9b05"]],"p":[{"b":14,"s":[{"p":[0,0,0],"r":[0,0,0],"s":[0.06000023,0.01442363,0.06075521],"c":[0.7753087,0.7777778,0.691358],"b":["when triggered then emit bolt"]}]},{"b":47,"s":[{"p":[-0.006265495,-0.03203662,-0.2057433],"r":[345.3675,2.946948,277.7339],"s":[0.0575537,0.05105611,0.1250018],"c":[0.3333332,0.3174602,0.2222221]}]},{"b":83,"s":[{"p":[-0.0002346151,0.01504146,-0.1494568],"r":[89.68722,298.4014,111.4833],"s":[0.005000006,0.005318833,0.01199987],"c":[0,0,0]}]},{"b":83,"s":[{"p":[0.0007565841,0.009245963,0.1460855],"r":[88.81799,152.9845,335.0807],"s":[0.005000019,0.007908943,0.005000023],"c":[0,0,0]}]}]}