{"v":4,"p":[{"s":[{"p":[0,0,0],"r":[0,0,8.537735E-07],"s":[0.4071546,0.005000018,0.005000009],"c":[0,0,0]}]}]}