{"v":4,"a":[1,7],"p":[{"s":[{"p":[0,0,0],"r":[0,0,0],"s":[0.07249893,0.05047289,0.04919237],"c":[1,1,1],"b":["when touches hand then is money += 1","when is money == 10 then become 2"]},{"p":[0,0,0],"r":[0,0,0],"s":[0.07249893,0.05047289,0.04919237],"c":[0.9714286,1,0],"b":["when starts then is money == 0, become 1 in 1s"]}]},{"b":133,"t":2,"e":"[money value]","s":[{"p":[-0.005340696,0.01222061,0.05865432],"r":[90,-5.008956E-06,0],"s":[0.003000368,0.003000037,0.003000322],"c":[0,1,0.9142858]}]}]}