{"v":4,"a":[1,7,18],"p":[{"b":5,"s":[{"p":[0,0,0],"r":[0,0,0],"s":[0.0895944,0.08961754,0.1571939],"c":[1,1,1]}]},{"b":5,"s":[{"p":[-0.007451059,-0.001335381,-0.01347053],"r":[0,0,180],"s":[0.06446934,0.06460055,0.1250752],"c":[0,0,0]}]},{"b":173,"t":19,"s":[{"p":[-0.006308796,-0.0009226725,-0.04821492],"r":[0,270,90],"s":[0.03352592,0.04502886,0.03319917],"c":[0.9714286,1,0],"b":["when starts then become 2"]},{"p":[-0.006308796,-0.0009226725,-0.05062581],"r":[0,270,90.00001],"s":[0.03353668,0.06126976,0.03321061],"c":[1,0.5142855,0],"b":["when starts then become 1"]}]}]}