{"n":"gio-coin","v":4,"p":[{"b":99,"e":"S","s":[{"p":[-0.005661661,0.02443925,0.00964354],"r":[3.094005E-05,90.00005,9.463142E-05],"s":[0.004371441,0.004367366,0.004371834],"c":[0.5449735,0.5555556,0.185185]}]},{"b":105,"e":"II","s":[{"p":[-0.005749254,0.03119947,0.009557979],"r":[1.841306E-05,90.00008,0.0001047435],"s":[0.004354423,0.004348123,0.004354813],"c":[0.5449735,0.5555556,0.185185]}]},{"b":105,"e":"II","s":[{"p":[-0.006417152,0.01998152,0.009428107],"r":[1.841306E-05,90.00008,0.0001047435],"s":[0.004358568,0.004348871,0.004359212],"c":[0.5449735,0.5555556,0.185185]}]},{"b":144,"t":11,"s":[{"p":[0,0,0],"r":[2.390566E-05,1.366037E-05,-9.391507E-06],"s":[0.005296903,0.01917494,0.01917719],"c":[0.9746031,1,0.1111109]}]}]}