{"n":"ground","v":4,"a":[1,22,18],"p":[{"b":17,"t1":8,"t2":76,"s":[{"p":[0,0,0],"r":[0,0,0],"s":[11.64355,0.11062,28.65405],"c":[0.9019608,0.8509804,0.7215686],"t1":{"c":[0,0,0],"x":0.17,"y":0.17,"a":0.69625,"m":0.5,"n":0.5,"r":0,"g":0,"o":0.5,"t":0.5,"e":0.5},"t2":{"c":[0.6666667,0.4571427,0],"x":0.001752853,"y":0.003528118,"a":0.8925,"m":0,"n":0,"r":0,"g":0,"o":0.5,"t":0.5,"e":0.5}}]}]}