{"v":4,"a":[7,18],"p":[{"s":[{"p":[0,0,0],"r":[0,0,0],"s":[0.1750039,0.1750009,0.9309759],"c":[1,1,1]}]}]}