{"v":4,"a":[6,27],"p":[{"t":8,"a":[12],"i":[{"t":"5af3c033a9816b77a7531676","p":[0.1850612,-0.1569822,0.1690915],"r":[18.7858,2.053707,346.0543]}],"s":[{"p":[0,0,0],"r":[0,0,1.067217E-07],"s":[0.1750006,0.1750005,0.1750006],"c":[1,1,1]}]}]}