{"n":"tasty","v":4,"a":[7,18],"p":[{"s":[{"p":[-0.1382818,-0.04513168,-0.05390656],"r":[0,0,1.024528E-05],"s":[0.5443316,0.2209766,0.2201459],"c":[1,1,1]}]},{"b":141,"e":"TASTY TREATS","s":[{"p":[-0.3981886,0.07081802,0.05260614],"r":[90,-1.931869E-05,0],"s":[0.004220773,0.004217611,0.004220798],"c":[0,0,0]}]},{"s":[{"p":[0.0185461,-0.03715325,-5.960464E-08],"r":[0,0,0],"s":[0.229029,0.2385725,0.3126201],"c":[1,1,1]}]}]}