{"v":4,"p":[{"b":5,"s":[{"p":[0,0,0],"r":[0,0,0],"s":[0.03717445,0.04687882,0.5788314],"c":[0.3333332,0.2285713,0]}]},{"b":5,"s":[{"p":[-0.1429053,-0.05724031,0.2063923],"r":[17.21926,283.3395,3.15921],"s":[0.03717446,0.04687884,0.5788316],"c":[0.3333332,0.2285713,0],"b":["when starts then loop fire"]}]},{"b":5,"s":[{"p":[-0.1890807,0.01645577,0.07286187],"r":[1.561824,236.8693,10.68785],"s":[0.03717454,0.04687884,0.5788329],"c":[0.3333332,0.2285713,0]}]},{"b":5,"s":[{"p":[-0.05849464,-0.1833026,0.1966476],"r":[63.94429,258.5547,14.70848],"s":[0.03717452,0.04687883,0.5788329],"c":[0.3333332,0.2285713,0]}]}]}