{"n":"orb","v":4,"a":[2],"p":[{"b":17,"t":4,"s":[{"p":[0,0,0],"r":[0,0,-2.134434E-07],"s":[0.01648247,0.01579906,0.016017],"c":[0.7506173,0.1975307,0.8888889],"pr":{"c":[0.6222222,0.4444444,0.6666667],"m":0.25,"a":0.25,"s":0.15,"z":0.25,"g":0.5,"h":0.25}}]}]}