{"v":4,"a":[6],"p":[{"b":3,"t":19,"a":[3],"s":[{"p":[0.004998736,0.006502174,-0.009984115],"r":[324.8901,263.9972,344.6222],"s":[0.06784557,0.06784567,0.06784566],"c":[0.1111108,0.1111108,0.1111108]}]},{"b":4,"t":8,"a":[12],"s":[{"p":[0,0,0],"r":[-2.001032E-06,-3.335018E-09,-2.041053E-06],"s":[0.02372711,0.005000008,0.09423168],"c":[1,1,1],"b":["when starts then all parts face nearest erryl"]}]},{"b":147,"t":19,"i":[{"t":"5af3ba42b4e7bc77adfac580","p":[0.1707751,0.008741944,-0.003239542],"r":[67.25366,187.1309,277.5952]}],"s":[{"p":[0.01033973,0.02340401,0.1566808],"r":[60.39044,275.1102,5.579819],"s":[0.2722397,0.04215565,0.03446945],"c":[0.1111108,0.1111108,0.1111108]}]}]}