{"v":4,"a":[29,31],"p":[{"s":[{"p":[0,0,0],"r":[0,0,0],"s":[0.5376036,0.8212276,0.5302359],"c":[1,1,1]}]},{"s":[{"p":[0.01346999,-0.319119,0.3211921],"r":[359.2877,355.55,89.55896],"s":[0.2516481,0.6378797,0.2407117],"c":[1,1,1]}]},{"s":[{"p":[0.01863007,0.317858,0.3260767],"r":[359.6675,1.341329,90.04598],"s":[0.1960037,0.582234,0.1850676],"c":[1,1,1],"b":["when touched then give haptic feedback"]}]},{"s":[{"p":[0.3396884,0.04690239,0.4814186],"r":[357.2907,7.225446,359.6385],"s":[0.1503108,0.8875856,0.5229405],"c":[1,1,1]}]}]}