{"n":"marble brick","v":4,"a":[7,18],"p":[{"b":13,"t":9,"t1":43,"s":[{"p":[0,0,0],"r":[0,0,0],"s":[0.08727346,0.03931328,0.03767239],"c":[1,1,1],"t1":{"c":[0.7777778,0.7777778,0.7777778],"x":0.6510224,"y":0.6583613,"a":0.9300898,"m":0,"n":0,"r":0,"g":0,"o":0.5,"t":0.5,"e":0.5}}]}]}