{"v":4,"a":[7,18],"p":[{"b":60,"t":13,"s":[{"p":[0,0,0],"r":[0,0,0],"s":[0.1097217,0.03150417,0.6993891],"c":[1,1,1],"b":["when touched then become next in 0.5s"]},{"p":[-2.837175E-08,-0.324535,-0.3303972],"r":[90,-1.001791E-05,0],"s":[0.1097423,0.0315064,0.6995059],"c":[1,1,1],"b":["when starts then become untweened next in 2"]}]}]}