{"v":4,"p":[{"b":113,"e":"[PERSON.hoopshighscore value]","s":[{"p":[0,0,0],"r":[0,0,0],"s":[0.003000018,0.00300001,0.003000016],"c":[0,0,0],"b":["when is hoopsstop then is area.hoopshighscore = larger(area.hoopshighscore area.hoopsscorep1)","when is area.hoopsscorep1 >= area.hoopshighscore then is area.hoopshighscore = area.hoopsscorep1"]}]},{"b":113,"e":"Hoops High Score PERSONAL","s":[{"p":[-0.03886772,0.06337028,-0.004960183],"r":[357.6367,359.7558,359.8177],"s":[0.005330731,0.005330723,0.005330732],"c":[0,0,0]}]}]}