{"v":4,"p":[{"b":100,"e":"WIP","s":[{"p":[0,0,0],"r":[0,0,0],"s":[0.02727216,0.02727214,0.02727216],"c":[1,1,1]}]}]}