{"v":4,"a":[7,18],"p":[{"b":5,"t1":36,"t2":45,"s":[{"p":[0,0,0],"r":[0,0,0],"s":[2.235196,2.31286,0.5442511],"c":[0.4444443,0.4444443,0.4444443],"t1":{"c":[0.03809522,0.3333333,0],"x":0.5,"y":0.5,"a":0.8925,"m":0,"n":0,"r":0,"g":0,"o":0.5,"t":0.5,"e":0.5},"t2":{"c":[0,0,0],"x":0.5,"y":0.5,"a":0.8925,"m":0,"n":0,"r":0,"g":0,"o":0.5,"t":0.5,"e":0.5}}]}]}