{"n":"c-34","v":4,"a":[2,7,14,16,18],"p":[{"b":5,"s":[{"p":[0.001100545,0.001154066,-0.01245308],"r":[3.716864,4.113449,7.930819],"s":[0.005000002,0.005000001,0.005000002],"c":[1,1,1],"b":["when touched then tell any ws"]}]},{"b":5,"s":[{"p":[0.001100545,0.001154066,-0.01469612],"r":[0,0,-1.783844E-12],"s":[0.005000363,0.01242602,0.005000103],"c":[1,1,1]}]},{"b":4,"t":8,"a":[12],"s":[{"p":[0,0,0],"r":[0,0,-1.783844E-12],"s":[0.005000534,0.005000647,0.005000104],"c":[1,1,1],"b":["when touched then tell any ws"]}]}]}