{"n":"waterway","v":4,"a":[7,18,21],"p":[{"b":157,"t":9,"t1":29,"s":[{"p":[0,0,0],"r":[0,0,0],"s":[9.081615,9.081348,9.082161],"c":[0,1,1],"b":["when starts then become next in 20"],"t1":{"c":[1,1,1],"x":0.5,"y":0.5,"a":0.8925,"m":0,"n":0,"r":0,"g":0,"o":0.5,"t":0.5,"e":0.5}},{"p":[0,0,0],"r":[0,0,0],"s":[9.081615,9.081348,9.082161],"c":[0,1,1],"b":["when starts then become next in 20"],"t1":{"c":[1,1,1],"x":0.5,"y":0.5,"a":0.8925,"m":0,"n":0.7842016,"r":0,"g":0,"o":0.5,"t":0.5,"e":0.5}}]},{"b":157,"t":7,"t1":29,"s":[{"p":[-8.881092E-06,0.4457741,-7.794239E-08],"r":[0,0,0],"s":[9.08235,9.081429,9.082889],"c":[0,1,1],"b":["when starts then become next in 20"],"t1":{"c":[1,1,1],"x":0.5,"y":0.5,"a":0.8925,"m":0,"n":0,"r":0,"g":0,"o":0.5,"t":0.5,"e":0.5}},{"p":[-0.1211888,0.03328245,0.9622383],"r":[1.001791E-05,180,1.001791E-05],"s":[9.085412,9.08155,9.084466],"c":[0,1,1],"b":["when starts then become next in 20"],"t1":{"c":[1,1,1],"x":0.586132,"y":0.6825876,"a":0.8925,"m":0,"n":0.3282986,"r":0,"g":0,"o":0.5,"t":0.5,"e":0.5}}]}]}