{"v":4,"p":[{"b":129,"e":"HANDS","s":[{"p":[0,0,0],"r":[0,0,0],"s":[0.002999999,0.003000001,0.003],"c":[1,1,1]}]}]}