{"v":4,"p":[{"b":18,"e":"Cave Entrance (?)","s":[{"p":[0,0,0],"r":[0,0,-1.067217E-07],"s":[0.003000003,0.003000002,0.003000004],"c":[1,1,1]}]},{"b":18,"e":"Cave Exit (?)","s":[{"p":[3.635722,0.0006346742,-0.4752221],"r":[9.501313,28.77835,1.489265],"s":[0.003000015,0.002999996,0.003000014],"c":[1,1,1]}]}]}