{"v":4,"a":[22],"p":[{"t1":43,"s":[{"p":[-0.2071241,-0.248008,-0.2882562],"r":[4.300245,355.0613,4.167451],"s":[0.3467366,0.4983319,0.09609598],"c":[0.6666667,0.6666667,0.6666667],"t1":{"c":[0.3333333,0.3333333,0.3333333],"x":0.5,"y":0.5,"a":0.8925,"m":0,"n":0,"r":0,"g":0.9889857,"o":0.5,"t":0.5,"e":0.5}}]},{"b":5,"t1":43,"s":[{"p":[-0.2268341,0.0006290283,-0.2711935],"r":[4.300245,355.0613,4.167442],"s":[0.1250104,0.1250014,0.1250098],"c":[0.6666667,0.6666667,0.6666667],"t1":{"c":[0.3333333,0.3333333,0.3333333],"x":0.5,"y":0.5,"a":0.8925,"m":0,"n":0,"r":0,"g":0.9889857,"o":0.5,"t":0.5,"e":0.5}}]},{"b":91,"e":"RIP","s":[{"p":[-0.3319113,0.05973469,-0.3300371],"r":[4.300255,355.0613,4.167442],"s":[0.01235559,0.01235477,0.01235571],"c":[1,1,1]}]}]}