{"v":4,"a":[7,18],"p":[{"b":4,"t":8,"a":[12],"su":[{"i":"5afa19e82513074bb07034d9","t":"5afa1d792b6d665a4d9cbc8d","p":[-0.001400255,-0.08380604,-0.07954156],"r":[315,1.523434E-05,180]}],"s":[{"p":[0,0,0],"r":[0,0,0],"s":[0.02238476,0.0305947,0.02304717],"c":[1,1,1],"b":["when told by any calculatorup then become 2 in 5"]},{"p":[0,0,0.4647002],"r":[0,0,-1.707547E-06],"s":[0.02238575,0.03059579,0.02304849],"c":[1,1,1],"b":["when told by any calculatordown then become 1 in 5"]}]}]}