{"n":"viddy","v":4,"p":[{"s":[{"p":[0,0,0],"r":[0,0,0],"s":[1.389895,0.1803206,1.142532],"c":[0,0.4444443,0.4444443]}]},{"a":[1],"s":[{"p":[-0.01172293,0.04923609,0.1207036],"r":[1.452716,358.7982,0.6559576],"s":[1.026372,0.180321,0.8814735],"c":[0.02469136,0.2222221,0.2222221]}]}]}