{"v":4,"a":[6,7,18],"p":[{"b":5,"t":1,"a":[37],"s":[{"p":[0,0,0],"r":[0,0,0],"s":[0.01847152,0.01847359,0.1190972],"c":[0.6666667,0.6349207,0.4444443],"b":["when starts then play iron clang with 1.1 octaves"]}]},{"b":5,"t":1,"a":[14],"s":[{"p":[4.279486E-09,-8.558976E-09,-0.04895163],"r":[-1.001791E-05,1.628444E-12,-1.423631E-19],"s":[0.01943044,0.01943166,0.005000203],"c":[0.6666667,0.6349207,0.4444443]}]}]}