{"v":4,"p":[{"b":48,"s":[{"p":[0,0,0],"r":[0,0,0],"s":[0.1250005,0.1250006,0.5970975],"c":[0.1142856,1,0]}]}]}