{"v":4,"p":[{"s":[{"p":[0,0,0],"r":[-5.122642E-06,0,0],"s":[0.6605824,217.3819,0.005113938],"c":[1,1,1]}]}]}