{"n":"flagpole","v":4,"p":[{"b":51,"i":[{"t":"5afbf03b97588f0f743feb56","p":[0.02331335,0.006315611,0.3502757],"r":[80.65133,95.8476,92.39698]}],"s":[{"p":[0.01936536,-0.01460265,0.007589905],"r":[1.718971,3.344384,11.50868],"s":[0.07036109,0.1545833,0.72645],"c":[0.1111109,0.1111109,0.1111109],"b":["when starts then become next in 0.07s"]},{"p":[0.01699132,0.000230622,0.01165602],"r":[0.2252151,3.121924,12.877],"s":[0.07036115,0.1545835,0.7264511],"c":[0.1111106,0.1111106,0.1111106],"b":["when starts then become next in 0.07s"]}]}]}