{"n":"ground","v":4,"a":[1,22,18],"p":[{"b":17,"t1":21,"s":[{"p":[0,0,0],"r":[0,0,0],"s":[3.363414,0.110623,3.201178],"c":[0.5555556,0.3809522,0],"t1":{"c":[0,0,0],"x":0.03164904,"y":0.0463392,"a":0.8925,"m":0.5,"n":0.5,"r":0,"g":0,"o":0.5,"t":0.5,"e":0.5}}]}]}