{"v":4,"a":[7,18],"p":[{"b":60,"t":10,"s":[{"p":[0.03938037,-0.002118477,-0.008894444],"r":[0,0,7.656432E-20],"s":[0.125001,0.005000075,0.03749719],"c":[0,0,0]}]},{"b":116,"t":2,"e":"[AREA NAME]","s":[{"p":[-0.0205846,0.001534884,0.006701946],"r":[90,-1.001791E-05,0],"s":[0.001643755,0.001646043,0.001645771],"c":[0,1,0.3999998]}]}]}