{"v":4,"a":[2,7,12,16,18],"p":[{"b":3,"t":1,"a":[3,22],"s":[{"p":[0,0,0],"r":[2.594119E-06,-1.628444E-12,-3.686464E-20],"s":[0.00904703,0.008975199,0.009078941],"c":[0.8888889,0.8888889,0.8888889],"b":["when touched then send one nearby onto dead","when touched then play bullet impact with 10","when touched then tell imp"]}]},{"b":4,"t":2,"s":[{"p":[5.964845E-09,2.474506E-09,-0.02830506],"r":[-5.008956E-06,180,9.656761E-13],"s":[0.008256028,0.008222923,0.02783092],"c":[0.7777778,0.6666667,0]}]},{"b":173,"t":2,"a":[3],"s":[{"p":[7.71732E-11,3.201518E-11,-0.0003662111],"r":[90,180,0],"s":[0.004999999,0.005000453,0.004999833],"c":[0.7777778,0.6666667,0],"b":["when told imp then become next"]},{"p":[-6.350711E-09,-2.634582E-09,0.03013612],"r":[90,180,0],"s":[0.01685601,0.0169287,0.01688194],"c":[0.7777778,0.6666667,0],"b":["when starts then destroy all parts","when starts then add crumbles for all parts"]}]}]}