{"v":4,"a":[31],"p":[{"b":9,"s":[{"p":[0,0,0],"r":[0,0,0],"s":[0.03255606,0.03255579,0.03255594],"c":[1,1,1]}]}]}