{"v":4,"a":[2],"p":[{"b":3,"a":[3],"pr":11,"s":[{"p":[0,0,0],"r":[0,0,0],"s":[0.04934657,0.03955355,0.03632177],"c":[0,1,0.5714287],"pr":{"c":[0,1,0.2285715],"m":0.25,"a":0.25,"s":0.15,"z":0.25,"g":0.5,"h":0.25}}]}]}