{"v":4,"a":[2,7,16,31],"p":[{"b":3,"s":[{"p":[0,0,0],"r":[0,0,0],"s":[0.01769793,0.01769805,0.01769796],"c":[1,1,1]}]}]}