{"v":4,"a":[2,22],"p":[{"b":73,"t":21,"t1":168,"s":[{"p":[0,0,0],"r":[-2.049057E-05,4.781132E-05,1.707546E-05],"s":[0.1408406,0.1408416,0.1408498],"c":[0,0,0],"t1":{"c":[0.1142856,1,0],"a":0.05}}]},{"b":73,"s":[{"p":[0,0,0],"r":[-6.830189E-06,3.415095E-05,-2.035555E-12],"s":[0.1492206,0.1492093,0.1492104],"c":[0,0,0]}]}]}