{"v":4,"a":[31],"p":[{"b":3,"s":[{"p":[0,0,0],"r":[0,0,3.201651E-07],"s":[0.01259166,0.01259166,0.01259166],"c":[1,1,1]}]}]}