{"n":"walls a","v":4,"a":[7,18],"p":[{"s":[{"p":[0,0,0],"r":[0,0,0],"s":[1.027262,0.01502832,2.249868],"c":[0.8888889,0.8888889,0.8888889]}]}]}