{"v":4,"a":[6,7,18],"p":[{"t1":13,"s":[{"p":[0,0,0],"r":[0,0,0],"s":[2.340926,1.728694,0.01705229],"c":[0,0.2666662,0.6666667],"b":["when starts then become next in 29s"],"t1":{"c":[0,0,0],"x":0.17,"y":0.2324731,"a":0.8925,"m":0.5,"n":0.3129994,"r":0,"g":0,"o":0.5,"t":0.5,"e":0.5}},{"p":[0,0,0],"r":[0,0,0],"s":[2.340926,1.728694,0.01705229],"c":[0,0.2666662,0.6666667],"b":["when starts then become next in 0.01s"],"t1":{"c":[0,0,0],"x":0.17,"y":0.2324731,"a":0.8925,"m":0.5,"n":0.3629953,"r":0,"g":0,"o":0.5,"t":0.5,"e":0.5}}]},{"s":[{"p":[2.438344E-10,0.001394568,-0.01864028],"r":[0,0,-1.001791E-05],"s":[2.340977,1.728759,0.01705285],"c":[0,0.3333332,0.07619045]}]}]}