{"v":4,"a":[7,18],"p":[{"t1":157,"t2":39,"s":[{"p":[0.08028352,-1.435581E-08,0],"r":[0,0,-1.024528E-05],"s":[0.1750021,0.174999,0.1750267],"c":[0.111111,0.111111,0.111111],"t1":{"c":[0,0,0],"x":0.5,"y":0.5,"a":0.9706866,"m":0,"n":0,"r":0,"g":0,"o":0.5,"t":0.5,"e":0.5},"t2":{"c":[0.4444444,0.4444444,0.4444444],"x":0.5,"y":0.5,"a":0.8925,"m":0,"n":0,"r":0,"g":0,"o":0.5,"t":0.5,"e":0.5}}]}]}