{"v":4,"a":[7,18,20,21],"p":[{"b":141,"t":2,"e":"[people names]","s":[{"p":[0,0,0],"r":[0,0,0],"s":[0.3759498,0.3759485,0.3759498],"c":[0.6666667,0.2772485,0.07407398]}]}]}