{"v":4,"p":[{"b":5,"s":[{"p":[0.1641389,-0.1575653,-0.03387414],"r":[320.1592,11.0218,100.1958],"s":[0.01218764,0.01218563,0.01218349],"c":[1,0.5142855,0]}]}]}