{"v":4,"a":[7,18],"p":[{"s":[{"p":[0,0,0],"r":[0,0,0],"s":[7.616144,0.02640935,3.055013],"c":[0.3333332,0.3333332,0.3333332]}]}]}