{"v":4,"a":[7,18,36,37],"p":[{"s":[{"p":[0,0,0],"r":[0,0,0],"s":[8.07281,7.554142,0.06000594],"c":[0,0,0]}]}]}