{"v":4,"p":[{"b":10,"t":3,"s":[{"p":[0,0,0],"r":[0,0,0],"s":[0.1250004,0.1250001,0.1250003],"c":[0,1,0.9142858],"b":["when starts then become next in 2"]},{"p":[-0.2708433,-0.2040853,-0.2154966],"r":[356.9174,10.90109,8.585647],"s":[0.1250004,0.1250001,0.1250003],"c":[0,1,0.9142858],"b":["when starts then become next in 2"]}]}]}