{"n":"marball","v":4,"a":[2,17,31,45],"p":[{"b":73,"s":[{"p":[0,0,0],"r":[0,0,0],"s":[0.0263949,0.0263949,0.02639493],"c":[1,1,1]}]}]}