{"v":4,"a":[6,7,18,49],"p":[{"b":5,"t":1,"s":[{"p":[0,0,0],"r":[0,0,0],"s":[0.00500032,0.005000313,0.04380443],"c":[0.7777778,0.6938272,0.6049383],"b":["when starts then rotate forward with 5","when starts then play bullet shells"]}]}]}