{"v":4,"p":[{"b":10,"t":3,"s":[{"p":[0,0,0],"r":[0,0,1.707547E-06],"s":[0.1250003,0.1250002,0.1250002],"c":[0.4571425,1,0]}]}]}