{"v":4,"a":[7,18],"p":[{"s":[{"p":[0,0,0],"r":[0,0,0],"s":[77.68191,0.1835866,2376.043],"c":[0.1851851,0.5555556,0.2698412]}]}]}