{"v":4,"p":[{"s":[{"p":[-0.1608543,-0.8749372,0.6108788],"r":[355.4834,7.405926,13.48807],"s":[6.883377,0.1750128,7.463542],"c":[1,1,1],"b":["when starts then become next in 0.7"]},{"p":[-0.06376124,-1.246827,0.3775679],"r":[358.7833,6.503555,20.62413],"s":[6.885217,0.1750423,7.46426],"c":[1,1,1],"b":["when starts then become next in 0.7"]}]}]}