{"v":4,"a":[2,17,21,31,45],"p":[{"b":3,"t":4,"s":[{"p":[0,0,0],"r":[0,0,0],"s":[0.0138809,0.01388092,0.01388095],"c":[0.5555556,0.5555556,0.5555556]}]}]}