{"v":4,"p":[{"t1":76,"s":[{"p":[0,0,0],"r":[0,0,0],"s":[2.086111,1.621465,0.02512211],"c":[1,1,1],"t1":{"c":[0.7777778,0.3234567,0.08641972],"x":0.5,"y":0.5,"a":0.8925,"m":0,"n":0,"r":0,"g":0,"o":0.5,"t":0.5,"e":0.5}}]}]}