{"v":4,"a":[22],"p":[{"b":60,"t":13,"i":[{"t":"5b020f9796e5c64b9789ca43","p":[1.348004,-1.529623,5.455454],"r":[1.245536E-05,247.5,180]}],"s":[{"p":[0.001968385,0.006831407,0.004885793],"r":[0,0,-1.707547E-05],"s":[0.077007,0.01607786,0.1250137],"c":[0.3333332,0.3333332,0.3333332],"b":["when touched then become next in 0.2s","when touched then become next in 0.2s"]},{"p":[0.001968385,0.006831407,0.004885793],"r":[0,0,-1.707547E-05],"s":[0.077007,0.01607786,0.1250137],"c":[0.3333331,0.3333331,0.3333331],"b":["when touched then become 1 in 0.2s"]}]},{"b":60,"s":[{"p":[0.003584864,0.02263802,0.01597428],"r":[315,1.262054E-05,-1.262054E-05],"s":[0.009541715,0.007052592,0.03062388],"c":[1,1,1]}]}]}