{"n":"floor","v":4,"a":[7],"p":[{"s":[{"p":[0,0,0],"r":[0,0,0],"s":[58.13219,3.775255,0.1750026],"c":[0.3333332,0.3333332,0.3333332]}]}]}