{"v":4,"p":[{"b":18,"e":"HOLD THESE","s":[{"p":[0,0,0],"r":[0,0,0],"s":[0.002999997,0.002999997,0.002999999],"c":[1,1,1]}]}]}