{"v":4,"a":[7],"p":[{"b":38,"t":1,"s":[{"p":[0,0,0],"r":[0,0,0],"s":[0.2412025,0.9559307,0.3102874],"c":[0.4444443,0.4444443,0.4444443]}]}]}