{"v":4,"p":[{"b":23,"e":"DISTANCE\n[PERSON.VEC_DISTANCE VALUE] m","s":[{"p":[0,0,0],"r":[0,0,0],"s":[0.002999997,0.002999997,0.002999998],"c":[1,1,1]}]}]}