{"n":"ground","v":4,"a":[1],"p":[{"b":17,"s":[{"p":[-0.6212451,0.1915281,-0.2146461],"r":[3.748464,6.540585,351.8698],"s":[3.407236,2.045435,3.229369],"c":[0.9019608,0.8509804,0.7215686]}]}]}