{"v":4,"p":[{"b":4,"t":3,"s":[{"p":[0,0,0],"r":[0,0,0],"s":[0.1250009,0.1250018,0.1250022],"c":[1,1,1]}]}]}