{"v":4,"a":[1,21],"p":[{"im":"922553829340721808/51C1ADB8FBE49E9EBA59EC90C1F0555BBA4DA5AE/","s":[{"p":[0,0,0],"r":[0,0,0],"s":[0.2414103,0.002592261,0.3123607],"c":[1,1,1]}]}]}