{"n":"hinge","v":4,"a":[7],"p":[{"i":[{"t":"5b06b59bdb50e62d7b29e3fe","p":[0.455227,-0.002791345,-0.2480608],"r":[0,0,1.024528E-05]}],"s":[{"p":[0,0,0],"r":[0,0,0],"s":[0.06543661,0.06556647,0.160142],"c":[0.7777778,0.5333333,0],"b":["when told by any open then become next in 2"]},{"p":[0.05029428,0.03913566,0.04108262],"r":[0,0,90],"s":[0.06544027,0.06556781,0.1601463],"c":[0.7777778,0.5333333,0],"b":["when starts then become next in 2"]},{"p":[0.05029428,0.03913566,0.04108262],"r":[1.162598E-06,-1.162597E-06,90.00001],"s":[0.06544027,0.06556781,0.1601463],"c":[0.7777778,0.5333333,0],"b":["when starts then become next in 2"]}]}]}