{"n":"walls a","v":4,"a":[7,18],"p":[{"s":[{"p":[0,0,0],"r":[0,0,0],"s":[0.09720141,0.04725814,2.394514],"c":[0.8888889,0.8888889,0.8888889]}]}]}