{"v":4,"p":[{"b":16,"s":[{"p":[0,0,0],"r":[0,0,-2.134434E-07],"s":[0.1250001,0.1250001,0.1250001],"c":[0.6666667,0.5037037,0.148148]}]}]}