{"n":"master emerald","v":4,"a":[22,21,31],"p":[{"b":2,"t":21,"s":[{"p":[7.228542E-05,2.781258E-05,-9.202958E-05],"r":[0.3715433,0.1547949,315.1155],"s":[0.01635932,0.01635697,0.01635802],"c":[0.08888867,0.7777778,0]}]},{"b":61,"t":21,"s":[{"p":[0.001081126,-0.0005913358,-0.009581448],"r":[67.73885,91.00399,271.6152],"s":[0.04099743,0.007986167,0.04099506],"c":[0.08888867,0.7777778,0],"b":["when touched then tell mefire"]}]},{"b":2,"t":21,"s":[{"p":[0,0,0],"r":[0,0,0],"s":[0.01635457,0.01635426,0.01635447],"c":[0.08888867,0.7777778,0]}]}]}