{"n":"element of magic","v":4,"a":[22,21,31,41],"p":[{"b":2,"a":[32,34],"s":[{"p":[-7.158518E-05,0.004027024,-0.004642607],"r":[270,9.659345E-06,0],"s":[0.002410995,0.001175781,0.008894967],"c":[0.9904761,0.6666666,1],"b":["when touched then tell emagictrig"]}]},{"b":2,"a":[32,34],"s":[{"p":[0.003686965,0.003545962,-0.004535676],"r":[315,90,270],"s":[0.00241444,0.001177396,0.007186062],"c":[0.9904761,0.6666666,1],"b":["when "]},{"p":[0.003686965,0.003545962,-0.004535676],"r":[315,90,270],"s":[0.00241444,0.001177396,0.007186062],"c":[0.9904761,0.6666666,1]}]}]}