{"n":"page 7","v":4,"a":[7],"p":[{"s":[{"p":[0,0,0],"r":[0,0,0],"s":[0.1750006,0.1750016,0.1750017],"c":[0.2857141,0,1]}]},{"s":[{"p":[0.002405643,0.09697916,0.003173843],"r":[0,0,270],"s":[0.005000392,0.1413625,0.1309999],"c":[0,0.7428569,1],"b":["when touched then go to inventory page  7"]}]},{"b":96,"e":"WEAPONS","s":[{"p":[0.1339884,0.03763008,0.03748322],"r":[90,0,0],"s":[0.009476029,0.009475937,0.009476024],"c":[1,0.342857,0]}]},{"b":96,"e":"7","s":[{"p":[-0.04608154,0.1048737,0.09810355],"r":[90,1.001791E-05,0],"s":[0.0172426,0.01724198,0.0172426],"c":[0.6285716,0,1]}]}]}