{"n":"infinity stone","v":4,"p":[{"b":3,"t":21,"s":[{"p":[0,0,0],"r":[0,0,-1.707547E-06],"s":[0.00543191,0.00543191,0.006746965],"c":[0,0.9142855,1]}]}]}