{"v":4,"p":[{"b":5,"s":[{"p":[0,0,0],"r":[0,0,0],"s":[0.005000031,0.005000006,0.170264],"c":[0.2222221,0.2222221,0.2222221]}]}]}