{"v":4,"a":[7,18],"p":[{"s":[{"p":[0.0007746866,0.02902817,0.07851745],"r":[352.4441,359.9581,180.7595],"s":[0.06386063,0.01404168,0.06005728],"c":[0.111111,0.111111,0.111111],"b":["when touched then become 2 in 0s","when touched then play button click"]},{"p":[0.00083298,0.02936017,0.08146681],"r":[6.790666,359.3452,181.4016],"s":[0.06386095,0.01404174,0.0600574],"c":[0.1111109,0.1111109,0.1111109],"b":["when touched then become 1 in 0s","when touched then play button click"]}]},{"b":60,"s":[{"p":[0.001747847,2.30968E-07,0.0807165],"r":[0,0,0],"s":[0.07778962,0.06334919,0.08443842],"c":[0.3333332,0.3333332,0.3333332]}]},{"b":60,"s":[{"p":[0.00227797,8.340668E-07,1.136868E-13],"r":[0,0,0],"s":[0.07778732,0.06334285,0.08443263],"c":[0.3333332,0.3333332,0.3333332]}]}]}