{"v":4,"p":[{"b":14,"s":[{"p":[0,0,0],"r":[0,0,0],"s":[0.06000008,0.06000008,0.08419352],"c":[1,0.8571429,0]}]}]}