{"n":"joint2","v":4,"p":[{"b":3,"a":[12],"s":[{"p":[0,0,0],"r":[0,0,-1.707547E-06],"s":[0.02587683,0.02958414,0.02893379],"c":[1,1,1]}]}]}