{"v":4,"a":[7],"p":[{"s":[{"p":[0,0,0],"r":[0,0,0],"s":[3.211479,0.06649388,3.567686],"c":[1,1,1]}]}]}