{"v":4,"a":[7,18],"p":[{"t":3,"a":[36],"s":[{"p":[0,0,0],"r":[0,0,0],"s":[0.7435926,0.0614008,0.8558332],"c":[0.9968254,1,0.8888889],"b":["when told by any lilshowl then become next"]},{"p":[1.437212E-06,16.43979,-1.907349E-06],"r":[0,0,-5.008957E-06],"s":[0.744037,0.06141101,0.8557078],"c":[0.8832451,0.8888889,0.691358],"b":["when told by any lilshowl then become next"]}]}]}