{"n":"emetteur","v":4,"p":[{"b":4,"a":[11,12],"i":[{"t":"5b097ec2a3c20063cea8eedd","p":[-0.03192526,0.05743221,-0.01744156],"r":[24.13091,276.3802,263.6336]}],"s":[{"p":[-0.0008947055,-0.001866932,0.002665595],"r":[359.8547,359.7998,355.6158],"s":[0.1250004,0.1250007,0.1250005],"c":[1,1,1],"b":["when starts then become 2 in 0.3s"]},{"p":[0.00227645,-0.05313059,0.0112737],"r":[6.821385,0.2973976,356.0522],"s":[0.1250013,0.1250015,0.1250006],"c":[1,1,1],"b":["when starts then become 3 in 0.3s"]},{"p":[-0.01196073,-0.02758618,-0.01109506],"r":[349.2657,355.9984,356.972],"s":[0.1250014,0.1250017,0.1250006],"c":[1,1,1],"b":["when starts then become 1 in 0.3s"]}]}]}