{"v":4,"p":[{"b":73,"a":[12],"s":[{"p":[0,0,0],"r":[0,0,-7.47052E-07],"s":[0.2889163,0.2889163,0.2889161],"c":[1,1,1]}]}]}