{"v":4,"p":[{"s":[{"p":[-0.05195766,0.06578968,0.03914571],"r":[354.553,358.674,11.62345],"s":[0.1175777,0.005000373,0.1750277],"c":[0.6666667,0.6666667,0.6666667]}]},{"s":[{"p":[-0.03793371,0.08268963,0.03752652],"r":[354.6033,358.6625,11.60263],"s":[0.08339556,0.02771638,0.175074],"c":[0.2222221,0.2222221,0.2222221]}]},{"s":[{"p":[-0.09947214,0.07272173,0.03785185],"r":[354.2339,358.8812,11.94668],"s":[0.0260091,0.02771697,0.1750287],"c":[0.2222221,0.2222221,0.2222221],"b":["when touches roomkey then send nearby onto tp01"]}]},{"b":132,"e":"OPEN","s":[{"p":[-0.08082774,0.09898403,0.1009851],"r":[77.17948,63.90163,64.67279],"s":[0.001545439,0.001545341,0.00154547],"c":[0,1,0.2285713]}]}]}