{"v":4,"p":[{"im":"93849814309586621/707C7C655C5CB2DB020F4F8EDC25FA19EF9680A4/","t1":161,"s":[{"p":[0,0,0],"r":[0,0,0],"s":[0.248013,0.005,0.1750003],"c":[1,1,1],"t1":{"c":[0.4444444,0.3047618,0],"x":0.5,"y":0.5,"a":0.8925,"m":0,"n":0,"r":0,"g":0,"o":0.5,"t":0.5,"e":0.5}}]}]}