{"n":"1","v":4,"a":[2,7,12,14,15,18,38],"tp_lp": [1,1,0],"tp_lp": [1,1,0],"tp_lr": [1,1,1],"p":[{"b":62,"t":2,"s":[{"p":[0,0,0.03789246],"r":[90,180,0],"s":[0.009220265,0.03229919,0.009220305],"c":[0.4571431,0,1]}]},{"t":5,"a":[12,37],"s":[{"p":[1.549721E-05,0.0003764629,0.0379678],"r":[-9.659347E-06,180,270],"s":[0.005915577,0.006655316,0.01397691],"c":[0.4571431,0,1]}]},{"b":3,"t":3,"a":[3,12,37],"s":[{"p":[0.0005168915,-0.0001303554,0.03550768],"r":[-1.366038E-05,90,270],"s":[0.005445949,0.005432121,0.005446303],"c":[0.4571431,0,1]}]}]}