{"n":"gumball","v":4,"a":[2],"p":[{"b":73,"s":[{"p":[0,0,0],"r":[0,0,0],"s":[0.08389496,0.08384397,0.08385845],"c":[1,1,1],"b":["when touches face then play bite 2, destroy all parts"]},{"p":[0,0,0],"r":[0,0,0],"s":[0.08389496,0.08384397,0.08385845],"c":[1,1,1]}]}]}