{"v":4,"a":[7,21],"p":[{"b":82,"s":[{"p":[0,0,0],"r":[0,0,0],"s":[0.6383168,0.05365795,0.671706],"c":[1,1,1]}]}]}