{"n":"minecraft grass","v":4,"a":[22,18,21],"p":[{"im":"911295124773527459/12F2E4D0DF1C8E4F76441C1C86DF53A56AA4D5D6/","s":[{"p":[0,0,0],"r":[1.707547E-06,0,0],"s":[0.49129,0.0100011,0.4913157],"c":[1,1,1]}]}]}