{"n":"minecraft grass","v":4,"a":[22,18,21],"p":[{"im":"911295124773526591/2096484D72E0D77C11702DEA46078180F8E139FF/","s":[{"p":[0,0,0],"r":[0,0,0],"s":[0.4909579,0.01258574,0.4909543],"c":[1,1,1]}]}]}