{"n":"ground","v":4,"a":[1],"p":[{"b":17,"a":[12],"s":[{"p":[0,0,0],"r":[0,0,0],"s":[123.5473,0.106765,1155.341],"c":[0.9019608,0.8509804,0.7215686]}]}]}