{"v":4,"a":[7,18],"p":[{"s":[{"p":[0,0,0],"r":[0,0,0],"s":[0.5258977,0.04488289,1.320189],"c":[1,1,1]}]},{"s":[{"p":[0.2630386,-1.652004E-07,0.3204241],"r":[0,0,0],"s":[1.044269,0.04489163,0.187281],"c":[1,1,1]}]}]}