{"v":4,"a":[2],"p":[{"b":3,"s":[{"p":[0,0,0],"r":[0,0,0],"s":[0.1540859,0.125,0.1808561],"c":[1,1,1]}]}]}