{"v":4,"a":[7],"p":[{"s":[{"p":[0,0,0],"r":[0,0,0],"s":[353.7264,0.2107897,536.9061],"c":[0.02469136,0.2222221,0.1037036]}]}]}