{"v":4,"a":[7,12],"p":[{"b":16,"t":1,"s":[{"p":[0.0007228851,0.0004841085,-0.004175663],"r":[90,-1.001791E-05,0],"s":[0.005000182,0.04343805,0.005000126],"c":[1,0.8571429,0]}]}]}