{"n":"shield","v":4,"a":[2,7,16,31],"p":[{"b":86,"t":16,"a":[5],"s":[{"p":[-0.3731796,0.2056074,-0.2474883],"r":[-1.072956E-06,1.431522E-06,270],"s":[0.3161348,0.3161724,0.3161491],"c":[0,0.7428569,1]}]},{"b":86,"t":16,"a":[5],"s":[{"p":[0.2545646,0.1838044,-0.2172374],"r":[90,270,0],"s":[0.3162688,0.3160813,0.316224],"c":[0,0.7428569,1]}]},{"b":4,"a":[12],"s":[{"p":[0,0,0],"r":[1.526666E-13,-5.122642E-06,3.415095E-06],"s":[0.005,0.005,0.005],"c":[1,1,1]}]}]}