{"n":" greater lightstone","v":4,"a":[1,2,15],"p":[{"b":3,"t":3,"pr":58,"t1":42,"s":[{"p":[0,0,0],"r":[0,0,0],"s":[0.1536047,0.1536033,0.1536049],"c":[1,1,1],"t1":{"c":[0.7777778,0.9809523,1],"x":0.5,"y":0.5,"a":0.8925,"m":0,"n":0,"r":0,"g":0,"o":0.5,"t":0.5,"e":0.5},"pr":{"c":[1,1,1],"m":0.25,"a":0.25,"s":0.15,"z":0.25,"g":0.5,"h":0.25}}]}]}