{"n":"grass 1","v":4,"p":[{"b":175,"t2":44,"s":[{"p":[0,0,0],"r":[0,0,0],"s":[0.02997173,0.1095994,0.07668023],"c":[0.4938272,0.8888889,0.584127],"t2":{"c":[0.3950616,0.8888889,0.5079364],"x":0.6385617,"y":0.4494394,"a":0.8313987,"m":0,"n":0,"r":0.2581228,"g":0.3521328,"o":0.5,"t":0.5,"e":0.5}}]}]}