{"v":4,"a":[22,21],"p":[{"s":[{"p":[0.01043987,-0.06316519,0.0310111],"r":[0.2923365,179.8649,90.04235],"s":[0.07704585,0.08538884,0.08822391],"c":[1,1,1]}]},{"b":38,"s":[{"p":[0.01025534,-0.002447249,0.0003597736],"r":[0,0,359.8366],"s":[0.04260261,0.04260221,0.04260254],"c":[1,1,1]}]},{"b":38,"s":[{"p":[0.01053618,-0.1252314,0.0007688999],"r":[359.7893,0.01553245,180.2347],"s":[0.04260652,0.0426046,0.04260492],"c":[1,1,1]}]}]}