{"n":"moss","v":4,"p":[{"b":157,"t2":29,"s":[{"p":[0,0,0],"r":[0,0,0],"s":[0.2497169,0.08000025,0.2631982],"c":[0.1622573,0.4444443,0.04938262],"t2":{"c":[0.2680775,0.4444444,0.1975308],"x":0.2159537,"y":0.2899591,"a":0.8583544,"m":0,"n":0,"r":0,"g":0,"o":0.5,"t":0.5,"e":0.5}}]}]}