{"v":4,"a":[7,18,29],"p":[{"b":5,"t1":76,"s":[{"p":[0,0,0],"r":[0,0,0],"s":[2.092634,1.795305,0.01590768],"c":[0.2031744,0.4444443,0],"t1":{"c":[0.0507936,0.1111111,0],"x":0.5,"y":0.5,"a":0.8925,"m":0,"n":0,"r":0,"g":0,"o":0.5,"t":0.5,"e":0.5}}]}]}