{"n":"quadratmeter","v":4,"a":[22,29,32],"p":[{"t":7,"s":[{"p":[0,0,0],"r":[0,0,0],"s":[12.79415,0.3670589,7.873281],"c":[0,0.8126982,0.8888889]}]},{"s":[{"p":[0,-0.5,0],"r":[1.001791E-05,-1.001791E-05,0],"s":[12.7968,0.6366736,7.86695],"c":[0.4444443,0.2285712,0]}]}]}