{"v":4,"a":[7,18,29],"p":[{"b":156,"s":[{"p":[0,0,0],"r":[0,0,7.656432E-20],"s":[1.781595,0.04910438,2.399868],"c":[0,0.3333332,0.07619045]}]},{"b":154,"s":[{"p":[-1.469954,-0.01697804,2.52551],"r":[2.003583E-05,90,8.142219E-13],"s":[0.2639571,0.4167455,0.2538216],"c":[0.5555556,0.5555556,0.5555556]}]},{"b":154,"s":[{"p":[-1.050754,-0.01697811,2.52551],"r":[2.003583E-05,90,8.142219E-13],"s":[0.2639693,0.2288605,0.2538351],"c":[0.5555556,0.5555556,0.5555556]}]},{"b":154,"s":[{"p":[-1.196136,-0.01697828,2.824525],"r":[1.001791E-05,90,1.628444E-12],"s":[0.1977042,0.3013944,0.2538558],"c":[0.5555556,0.5555556,0.5555556]}]}]}