{"v":4,"a":[7,18],"p":[{"t":14,"s":[{"p":[0,0,0],"r":[0,0,0],"s":[1.224566,0.04318511,2.635243],"c":[0.9841269,0.4444443,1],"b":["when touched then become next in 2s"]},{"p":[-1.06929,0,0],"r":[0,0,8.537737E-06],"s":[1.21868,0.04343327,2.634024],"c":[0.9841269,0.4444441,1],"b":["when touched then become next in 2s"]}]}]}