{"n":"sur-lx","v":4,"p":[{"b":3,"a":[3,12],"s":[{"p":[0,0,0],"r":[0,0,0],"s":[0.03623861,0.03623933,0.03623971],"c":[1,1,1]}]}]}