{"v":4,"p":[{"b":4,"s":[{"p":[0,0,0],"r":[0,0,-1.707547E-06],"s":[0.0737076,0.005000007,0.08050467],"c":[1,1,1]}]},{"b":131,"e":"TUCH ","s":[{"p":[0.02986442,-0.0001219492,0.01126143],"r":[72.90523,251.3517,159.5786],"s":[0.003000024,0.003000013,0.003000019],"c":[1,0,0]}]}]}