{"v":4,"p":[{"b":9,"s":[{"p":[0,0,0],"r":[0,0,0],"s":[0.1250001,0.125,0.1250001],"c":[1,1,1]}]},{"b":14,"s":[{"p":[0.2626509,-0.002761692,-0.07599259],"r":[358.5338,285.2066,43.36654],"s":[0.06000002,0.06000002,0.06000001],"c":[1,1,1]}]}]}