{"v":4,"p":[{"b":92,"t":2,"a":[19],"e":"NON-SPECIFIC UNITS","s":[{"p":[0,0,0],"r":[0,0,0],"s":[0.00300001,0.003000005,0.00300001],"c":[1,1,1]}]}]}