{"v":4,"a":[22,31],"p":[{"b":60,"t":11,"s":[{"p":[0,0,0],"r":[0,0,0],"s":[0.06585725,0.05469036,0.1194931],"c":[0.6666667,0.6666667,0.6666667],"b":["when starts then become next in 1s"]},{"p":[0,0,0],"r":[0,0,0],"s":[0.06725063,0.05608374,0.1208864],"c":[0.6666667,0.6666667,0.6666667],"b":["when starts then become previous in 1s"]},{"p":[0,0,0],"r":[0,0,0],"s":[0.071404,0.06023711,0.1250398],"c":[0.6666667,0.6666667,0.6666667]}]}]}