{"n":"spawn","v":4,"a":[22],"p":[{"b":5,"s":[{"p":[0,0,0],"r":[0,0,2.035555E-13],"s":[0.1250422,0.1250139,0.12502],"c":[1,1,1]}]}]}