{"v":4,"p":[{"a":[12,37],"pr":31,"s":[{"p":[0,0,0],"r":[0,0,0],"s":[1.470981,0.2861281,1.5047],"c":[1,1,1],"pr":{"c":[0,1,0.7428571],"m":0.652364,"a":0.5606959,"s":0.08179274,"z":0.25,"g":0.5,"h":0.8205333}}]}]}