{"v":4,"a":[7,18],"p":[{"s":[{"p":[0,0,0],"r":[0,0,0],"s":[3.420363,0.07015242,1.703982],"c":[1,0.6857142,0]}]}]}