{"n":"body","v":4,"p":[{"b":3,"s":[{"p":[0,0,0],"r":[0,0,0],"s":[0.23726,0.208844,0.2636239],"c":[0.7777778,0.7037037,0.2592591]}]},{"b":3,"s":[{"p":[-0.1300493,0.0803593,-0.08225579],"r":[345.5316,342.5536,44.79493],"s":[0.1354898,0.07300723,0.1566229],"c":[0.7777778,0.7654321,0.691358]}]},{"b":174,"s":[{"p":[-0.157684,0.1213246,0.108393],"r":[33.34993,3.299557,47.79409],"s":[0.03860442,0.005000004,0.0327215],"c":[1,1,1]}]}]}