{"n":"1ft5inch spinner triangle","v":4,"a":[31],"p":[{"b":4,"t":1,"id":"5b187db7012b63400c8d7739","s":[{"p":[0.008600828,0.006894953,0.001065875],"r":[1.244058,0.8379995,355.4839],"s":[0.1136762,0.005000074,0.1136777],"c":[0.8888889,0.8888889,0.8888889]}]},{"b":4,"t":1,"ac":{"id":"5b187db7012b63400c8d7739","c":7},"s":[{"p":[0.005899733,0.01121822,0.0120098],"r":[0.2244914,0.5443792,15.27225],"s":[0.1254166,0.005013198,0.1253306],"c":[0.8888889,0.8888889,0.8888889]}]}]}