{"n":"lamp","v":4,"p":[{"b":86,"s":[{"p":[0,0,0],"r":[0,0,-5.336085E-08],"s":[0.07500018,0.07500025,0.07500004],"c":[1,0.952381,0.6666666]}]},{"b":37,"s":[{"p":[0.03645647,0.2316047,-0.2729254],"r":[75.60825,3.509958,114.6715],"s":[0.2442584,0.3973038,0.5095167],"c":[1,0.952381,0.6666666]}]},{"b":7,"s":[{"p":[0.06578621,0.5121158,-0.4374612],"r":[87.42823,99.33236,185.8198],"s":[0.1250004,0.1250003,0.1250004],"c":[1,0.952381,0.6666666]}]}]}