{"v":4,"p":[{"b":45,"t":18,"s":[{"p":[0,0,0],"r":[0,0,0],"s":[1.313751,0.1250001,1.304137],"c":[0,0,0]}]}]}