{"n":"red balloon","v":5,"a":[2,14,31],"p":[{"b":3,"s":[{"p":[0,0,0],"r":[0,0,0],"s":[0.2173512,0.1775403,0.1775403],"c":[1,0,0]}]},{"b":7,"s":[{"p":[0.2220739,-0.02432203,-0.01300178],"r":[353.4438,274.6986,32.916],"s":[0.01844697,0.01844694,0.05530162],"c":[1,0,0]}]}]}