{"n":"fried egg","v":5,"a":[7,18],"p":[{"b":16,"s":[{"p":[-0.07418089,-0.0250026,0.01667782],"r":[358.651,301.8079,357.0909],"s":[0.03578997,0.00837174,0.03870571],"c":[1,1,1]}]},{"b":16,"s":[{"p":[-0.07078344,-0.01676642,0.00827422],"r":[358.651,301.8079,357.0909],"s":[0.01586985,0.008371811,0.01547102],"c":[0.9809523,1,0.3333332]}]}]}