{"n":"spawn","v":5,"p":[{"b":5,"s":[{"p":[0,0,0],"r":[0,0,0],"s":[0.1250029,0.125002,0.1250018],"c":[1,1,1]}]}]}