{"v":5,"p":[{"s":[{"p":[0,0,0],"r":[0,0,0],"s":[0.08013146,0.175,0.08113973],"c":[1,0,0.3428572],"b":["when touched then become next in 0.2s","when touched then show video controls"]},{"p":[4.919595E-05,-0.05982255,0.007710295],"r":[359.6707,1.797975,2.154414],"s":[0.08013164,0.03922523,0.08113993],"c":[1,0,0.3428571],"b":["when starts then become previous in 0.5s"]}]}]}