{"v":5,"a":[7,18],"p":[{"b":76,"s":[{"p":[0,0,0],"r":[0,0,0],"s":[0.09326009,0.005000352,0.08966942],"c":[1,1,1]}]}]}