{"n":"shield semicircle","v":5,"a":[2,3,31],"p":[{"b":16,"s":[{"p":[0,0,0],"r":[0,0,-4.268868E-07],"s":[0.02976811,0.02976808,0.02976809],"c":[0,0.4952375,0.6666667],"b":["when triggered then become next","when let go then destroy all parts"]},{"p":[0,0,0],"r":[7.683963E-06,0,0],"s":[0.005,0.005,0.005],"c":[0,0.4952375,0.6666667],"b":["when triggered then become next","when let go then destroy all parts"]}]},{"b":16,"t":7,"a":[5],"s":[{"p":[0,0,0],"r":[1.792925E-05,-4.541833E-12,-2.902831E-05],"s":[0.005000004,0.005000001,0.005000004],"c":[0,0.4952375,0.6666667],"b":["when triggered then become next"]},{"p":[0,0,0],"r":[1.792925E-05,-4.541833E-12,-2.902831E-05],"s":[0.2791993,0.02018132,0.3118023],"c":[0,0.4952375,0.6666667],"b":["when triggered then become next"]}]}]}