{"v":5,"p":[{"b":14,"s":[{"p":[0,0,0],"r":[0,0,0],"s":[0.06000012,0.06000039,71.5247],"c":[1,1,1]}]},{"b":14,"s":[{"p":[0.01567936,7.047504E-05,-0.03155959],"r":[340.6984,356.0887,13.98707],"s":[0.06000014,0.06000036,71.52472],"c":[1,1,1]}]},{"b":89,"s":[{"p":[3.507487,-0.08292246,-2.340701],"r":[50.96505,74.68522,30.6884],"s":[0.005000015,0.005000008,0.3902218],"c":[1,1,1]}]}]}