{"n":"clean triangle","v":5,"a":[2,3],"p":[{"b":2,"a":[5],"s":[{"p":[-0.001197291,-0.004567925,-0.003772528],"r":[5.401035,1.62624,1.919035],"s":[0.03219966,0.03219961,0.03219962],"c":[0,0.4952375,0.6666667],"b":["when triggered then become next","when let go then destroy all parts"]},{"p":[0.09552668,-0.32163,3.099981],"r":[5.851272,1.763857,0.7411025],"s":[0.03220008,0.03219988,6.763098],"c":[0,0.4952375,0.6666667],"b":["when triggered then become next","when let go then destroy all parts"]}]}]}