{"v":5,"a":[30],"p":[{"b":58,"s":[{"p":[0.04108087,-0.0536286,-0.0438773],"r":[37.78327,171.4138,175.9585],"s":[0.02288856,0.1250386,0.04121909],"c":[0.3333331,0.1142855,0]}]},{"b":71,"s":[{"p":[0.0430118,-0.08537097,-0.01852038],"r":[37.78326,171.4138,175.9585],"s":[0.02131117,0.07075836,0.0382723],"c":[1,0.815873,0.7777778]}]},{"b":144,"s":[{"p":[0.01065853,-0.05361465,-0.05081804],"r":[322.2167,351.4138,4.041471],"s":[0.006303553,0.02057078,0.02033233],"c":[0.7777778,0.7654321,0.691358]}]}]}