{"v":5,"p":[{"b":4,"s":[{"p":[0.3385737,0.2829489,0.05679116],"r":[326.8618,348.369,39.07399],"s":[0.1250001,0.1250001,0.125],"c":[1,1,1]}]},{"b":17,"s":[{"p":[0.4286282,0.05203918,-0.2079833],"r":[3.035077,67.86797,353.7859],"s":[0.06000007,0.06000007,0.06000005],"c":[1,1,1]}]},{"b":17,"s":[{"p":[0.4001372,0.04703152,-0.1508361],"r":[17.30218,28.01097,83.4531],"s":[0.06000003,0.06000002,0.06000005],"c":[1,1,1]}]},{"b":14,"s":[{"p":[0.4560062,-0.07413776,-0.1927638],"r":[325.2038,83.27502,313.3064],"s":[0.0600002,0.06000011,0.06000016],"c":[1,1,1]}]}]}