{"n":"crescent moon","v":5,"p":[{"b":88,"pr":8,"t1":12,"s":[{"p":[0,0,0],"r":[0,0,0],"s":[0.2049598,0.2131343,0.2131341],"c":[0,0,0],"t1":{"c":[0.7777778,0.7777778,0.7777778],"x":0.17,"y":0.17,"a":0.8925,"m":0.5,"n":0.5,"r":0,"g":0,"o":0.5,"t":0.5,"e":0.5},"pr":{"c":[0.4320987,0.5703702,0.7777778],"a":0.02358913}}]},{"b":157,"s":[{"p":[0.1366017,0.08711655,-0.06195796],"r":[356.6605,15.04947,72.98811],"s":[0.06000029,0.01987355,0.04789168],"c":[0.3333332,0.3333332,0.3333332]}]},{"b":157,"s":[{"p":[-0.07290144,-0.1109446,0.1482498],"r":[332.2072,4.079215,17.68591],"s":[0.04610864,0.01805041,0.07207175],"c":[0.3333332,0.3333332,0.3333332]}]},{"b":157,"s":[{"p":[-0.06009453,0.006812602,-0.2707632],"r":[49.52155,12.65637,33.98835],"s":[0.08000026,0.02027862,0.08000024],"c":[0.3333332,0.3333332,0.3333332]}]}]}