{"n":"salt","v":5,"p":[{"b":5,"s":[{"p":[0.0002062058,-0.0005600729,0.001751473],"r":[359.4984,0.09349919,0.2829625],"s":[0.0313951,0.03139523,0.169126],"c":[0.1234567,0.222222,0.5555556]}]},{"b":63,"t":1,"s":[{"p":[-0.02827886,-0.01115111,0.07297307],"r":[3.339268,314.2633,358.3803],"s":[0.01112614,0.007334491,0.01935699],"c":[0.6666667,0.6666667,0.6666667]}]},{"t":1,"s":[{"p":[-0.03366538,-0.004755348,0.07930042],"r":[1.967067,1.864784,9.138795],"s":[0.005000001,0.00957681,0.02326649],"c":[0.6666667,0.6666667,0.6666667]}]},{"b":63,"t":1,"s":[{"p":[-0.03014202,-0.000850454,0.07375184],"r":[359.8745,313.5039,5.344427],"s":[0.01112618,0.007334519,0.01935707],"c":[0.6666667,0.6666667,0.6666667]}]}]}