{"v":5,"p":[{"b":3,"t1":13,"s":[{"p":[0,0,0],"r":[0,0,0],"s":[0.1108484,0.02636838,0.1852636],"c":[0.9936506,0.7777778,1],"t1":{"c":[0.7580246,0.08641972,0.7777778],"x":0.17,"y":0.17,"a":0.8925,"m":0.5,"n":0.5,"r":0,"g":0,"o":0.5,"t":0.5,"e":0.5}}]},{"b":5,"t":11,"a":[3],"s":[{"p":[0.002092707,0.0222296,-0.06938498],"r":[273.9867,177.047,156.3808],"s":[0.03292895,0.03292893,0.03292893],"c":[0.4444443,0.4444443,0.4444443]}]},{"b":5,"t":11,"a":[3],"s":[{"p":[0.0001855083,0.03440835,-0.07388393],"r":[274.7443,185.4093,134.8995],"s":[0.01859183,0.01859178,0.01859181],"c":[1,0,0],"b":["when touches hand then send one nearby to giodude's units"]}]},{"b":114,"a":[19],"e":"TO\nGIODUDE'S UNITS","s":[{"p":[0.0078054,0.02076703,-0.1209734],"r":[78.31768,0.4939094,5.964674],"s":[0.001393819,0.00139382,0.00139382],"c":[0,0,0]}]}]}