{"v":5,"p":[{"b":92,"t":2,"e":"HUMANS","s":[{"p":[0,0,0],"r":[0,0,-1.334021E-08],"s":[0.003000002,0.003000004,0.003000004],"c":[1,1,1]}]}]}