{"v":5,"a":[50],"p":[{"b":9,"s":[{"p":[0,0,0],"r":[0,0,0],"s":[0.1250009,0.1250004,0.1250006],"c":[1,0.8571429,0]}]},{"b":3,"s":[{"p":[0.02086835,0.06062964,-0.007151477],"r":[349.4863,5.173051,21.17896],"s":[0.02319209,0.1250006,0.03171546],"c":[0.111111,0.111111,0.111111]}]},{"b":3,"s":[{"p":[-0.04695835,0.009121742,0.007261052],"r":[357.3595,349.9305,29.25694],"s":[0.023192,0.1249999,0.03171539],"c":[0.111111,0.111111,0.111111]}]},{"s":[{"p":[-0.0459743,0.06307973,-0.08357457],"r":[328.5468,351.4467,35.73061],"s":[0.09390735,0.03428577,0.02584514],"c":[0,0,0]}]}]}