{"v":5,"a":[2,3,22],"p":[{"b":28,"a":[5],"s":[{"p":[0,0,0],"r":[0,0,0],"s":[0.06322171,0.001,0.7413408],"c":[0.3333332,0.3333332,0.3333332]}]},{"b":5,"s":[{"p":[-0.02209926,-0.0002348423,-0.417622],"r":[0,0,270],"s":[0.006422406,0.01234261,0.1250116],"c":[0.6666667,0.6666667,0.6666667]}]},{"b":59,"t":7,"s":[{"p":[-0.03104925,0.01519561,-0.3636017],"r":[90,-9.659345E-06,0],"s":[0.1250065,0.1250005,0.1250062],"c":[0.2857141,1,0]}]},{"b":59,"t":7,"s":[{"p":[-0.03549576,0.03855133,-0.2592215],"r":[45.00001,90.00002,90.00001],"s":[0.1249995,0.1250002,0.1250004],"c":[0.2857141,1,0]}]}]}