{"v":5,"a":[21],"p":[{"b":3,"s":[{"p":[0,0,0],"r":[-7.257076E-06,-4.268867E-06,-2.049057E-05],"s":[0.01673639,0.01641303,0.002968566],"c":[0.8,0,1]}]},{"b":3,"i":[{"t":"5b22cadec34bfc6f8f8343b1","p":[-0.0001918092,-0.005051327,0.0036477],"r":[84.51384,18.07171,15.45592]}],"s":[{"p":[0.0001133452,-0.0007604146,0.002667182],"r":[2.393568,357.5342,359.8803],"s":[0.009855187,0.01109576,0.00296858],"c":[0.8,0,1],"b":["when touches hand then tell teleport","when touches hand then play button click 4","when touches hand then become 2 in 0.1s"]},{"p":[-0.0001563767,-0.0002432452,-6.936348E-05],"r":[357.8072,2.388225,6.086156],"s":[0.009855201,0.01109576,0.002968588],"c":[0.8,0,1],"b":["when starts then become 1 in 0.1s"]}]}]}