{"v":5,"p":[{"b":9,"s":[{"p":[0,0,0],"r":[3.415094E-06,6.361108E-14,2.134434E-06],"s":[0.125,0.1250001,0.125],"c":[1,1,1]}]}]}