{"v":5,"a":[2,16],"p":[{"b":4,"t":3,"s":[{"p":[0,0,0],"r":[0,0,-1.707547E-06],"s":[0.02515785,0.02380241,0.04655358],"c":[0.6476188,0,0.6666667],"b":["when touched then send one nearby onto bolt server","when touched then become 2"]}]},{"b":14,"t":3,"pr":27,"s":[{"p":[0.0006562825,-0.003840787,-0.07264759],"r":[358.4216,359.7809,48.83195],"s":[0.01641017,0.008488492,0.02115844],"c":[0.6476188,0,0.6666667],"pr":{"c":[0.6476189,0,0.6666667],"a":1}}]}]}