{"n":"sponge","v":5,"a":[2,31],"p":[{"b":12,"t":11,"a":[5],"s":[{"p":[0,0,0],"r":[0,0,1.280661E-06],"s":[0.03608449,0.02553979,0.02056426],"c":[0.02539681,0.2222221,0]}]}]}