{"n":"arrow","v":5,"a":[2,22,16],"p":[{"b":14,"t":7,"pr":40,"s":[{"p":[0.0005346909,0.0004809872,-0.2133257],"r":[1.001791E-05,-4.378969E-13,180],"s":[0.01029553,0.007054423,0.07017591],"c":[0,0.9142855,1],"pr":{"c":[1,1,1],"m":0.3346058,"a":0.1477921,"s":0,"z":0.2569902,"g":0.5423056,"h":0.5}}]}]}