{"v":5,"a":[21,31],"p":[{"b":5,"t":1,"s":[{"p":[0,0,0],"r":[0,0,0],"s":[0.002937089,0.002937245,0.0335469],"c":[0.9714286,1,0]}]},{"b":16,"t":1,"s":[{"p":[-0.0001373291,0.0001487713,0.01388931],"r":[90,-1.001791E-05,0],"s":[0.002670608,0.005678709,0.002670556],"c":[0.9714286,1,0]}]},{"b":16,"t":1,"s":[{"p":[-0.0001373291,0.0001487713,0.0193367],"r":[90,-1.151484E-12,0],"s":[0.001625591,0.01075426,0.001625513],"c":[0.9714286,1,0]}]}]}