{"v":5,"a":[21],"p":[{"a":[1,4],"s":[{"p":[0,0,0],"r":[0,0,0],"s":[4.028869,0.003669822,2.663337],"c":[1,1,1]}]}]}