{"v":5,"a":[2,3],"p":[{"b":14,"s":[{"p":[0.02665301,-0.003862679,-0.3000652],"r":[2.57623,90.48966,358.4142],"s":[0.06000034,0.03910526,0.06000017],"c":[1,1,1]}]},{"b":14,"s":[{"p":[0.02032274,0.006054776,0.01343625],"r":[358.1126,0.805398,358.7003],"s":[0.06000005,0.02588115,0.1106123],"c":[1,1,1],"b":["when hit then play hitting metal"]}]},{"s":[{"p":[0.03052045,-0.008430243,-0.4019351],"r":[356.3245,357.6151,2.985766],"s":[0.04677906,0.01890374,0.1750004],"c":[1,1,1]}]}]}