{"v":5,"a":[12,50],"tp_lp": [1,0,1],"tp_lp": [1,0,1],"tp_lr": [1,1,0],"p":[{"b":5,"s":[{"p":[-0.04707909,-0.004498627,-0.001704213],"r":[359.7556,359.7421,1.500155],"s":[0.008207111,0.01112863,0.109612],"c":[1,1,1]}]},{"b":5,"s":[{"p":[0.01716041,-0.07810566,0.005411133],"r":[310.6907,269.9615,93.28007],"s":[0.01158072,0.01485238,0.2141894],"c":[1,1,1]}]},{"b":5,"s":[{"p":[0.07031439,-0.1385125,0.007299393],"r":[359.8559,2.443445,3.661228],"s":[0.008207072,0.01112926,0.1096142],"c":[1,1,1]}]}]}