{"v":5,"p":[{"b":139,"e":"POSSIBLE GUN SOUNDS","s":[{"p":[0,0,0],"r":[0,0,-5.336085E-08],"s":[0.004863271,0.004863271,0.004863271],"c":[0,0,0]}]}]}