{"v":5,"a":[22,32],"p":[{"b":2,"a":[8,10],"s":[{"p":[0,0,0],"r":[0,0,0],"s":[0.1250649,0.1251316,0.1250796],"c":[0.7777778,0.9047619,1],"b":["when starts then stream to nausea v2"]}]}]}