{"v":5,"a":[7,16,18],"p":[{"b":179,"t":2,"a":[38],"t1":58,"s":[{"p":[0,0,0],"r":[0,0,0],"s":[0.389366,0.01973945,0.2150018],"c":[1,0.6857142,0],"t1":{"c":[0,0,0],"x":0.2592688,"y":0.3430386,"a":0,"m":0,"n":0,"r":0,"g":0,"o":0.5,"t":0.5,"e":0.5}}]},{"b":179,"t":2,"a":[38],"t1":58,"s":[{"p":[6.012388E-08,-0.005939187,-9.313226E-10],"r":[0,180,-5.008957E-06],"s":[0.3893954,0.01973934,0.2150075],"c":[1,0.6857142,0],"t1":{"c":[0,0,0],"x":0.2592688,"y":0.3430386,"a":0,"m":0,"n":0,"r":0,"g":0,"o":0.5,"t":0.5,"e":0.5}}]}]}