{"v":5,"a":[31],"p":[{"b":3,"s":[{"p":[0,0,0],"r":[0,0,3.415095E-06],"s":[0.01236998,0.01236998,0.01236999],"c":[1,1,1]}]},{"b":5,"s":[{"p":[0.03365527,0.03624336,-0.1040868],"r":[17.13982,24.82895,90.13623],"s":[0.01501638,0.01501637,0.02357255],"c":[1,1,1]}]}]}