{"n":"rhvpr","v":5,"a":[12],"p":[{"b":4,"t":7,"i":[{"t":"5b28e332efddf90f8996049c","p":[0.002298044,-0.0009759469,0.03377093],"r":[34.27424,50.82983,49.35321]}],"s":[{"p":[0,0,0],"r":[0,0,0],"s":[0.01422246,0.01417459,0.006650573],"c":[0.222222,0.222222,0.222222],"b":["when starts then all parts face nearest rhpp"]}]}]}