{"v":5,"a":[7,18],"p":[{"t1":26,"s":[{"p":[0,0,0],"r":[0,0,0],"s":[10.70303,52.91046,10.70196],"c":[0.6666667,0.6666667,0.6666667],"t1":{"c":[0,0,0],"x":0.5,"y":0.18894,"a":0.8925,"m":0,"n":0,"r":0,"g":0,"o":0.5,"t":0.5,"e":0.5}}]}]}