{"n":"top","v":5,"a":[7,32,48],"p":[{"b":4,"s":[{"p":[0,0,0],"r":[0,0,0],"s":[0.1250082,0.1250033,0.1250062],"c":[1,1,1]}]}]}