{"v":5,"a":[7],"p":[{"t":9,"id":"5b29dfd96c247705ccd2138d","t1":41,"s":[{"p":[0,0,0],"r":[0,0,0],"s":[1.935768,1.347066,0.2061258],"c":[1,1,1],"t1":{"c":[1,0.9650794,0.8888889],"x":0.5925355,"y":0.3758686,"a":0.8925,"m":0,"n":0,"r":0,"g":0,"o":0.5,"t":0.5,"e":0.5}}]},{"t":9,"t1":41,"ac":{"id":"5b29dfd96c247705ccd2138d","c":1},"s":[{"p":[0.003338815,0.00792101,-0.2339622],"r":[0,0,1.001791E-05],"s":[3.900301,3.352006,0.2687442],"c":[1,1,1],"t1":{"c":[1,0.9650794,0.8888889],"x":0.5925355,"y":0.3758686,"a":0.8925,"m":0,"n":0,"r":0,"g":0,"o":0.5,"t":0.5,"e":0.5}}]}]}