{"n":"stool","v":5,"a":[7,18],"p":[{"b":4,"t":11,"s":[{"p":[0,0,0],"r":[0,0,0],"s":[0.2256134,0.2256101,0.05040262],"c":[0.7777778,0.6666667,0]}]},{"b":5,"t":11,"s":[{"p":[-0.009577632,-0.00126791,0.3237825],"r":[-1.707547E-06,180,8.537737E-06],"s":[0.01952099,0.01950802,0.8027958],"c":[0.7777778,0.6666667,0]}]},{"b":68,"t":12,"s":[{"p":[-0.02216715,-0.008040905,0.6105513],"r":[6.830189E-06,90.00002,90.00002],"s":[0.2035038,0.05149069,0.1740798],"c":[0.111111,0.111111,0.111111]}]}]}