{"n":"joint wing l","v":5,"a":[48],"p":[{"a":[31],"i":[{"t":"5b2aa61d7192e75572cf247f","p":[-0.1360146,0.01632,-0.05776361],"r":[357.3136,346.9256,359.1113]}],"s":[{"p":[0,0,0],"r":[0,0,-1.067217E-07],"s":[0.01205881,0.01177326,0.01205431],"c":[1,1,1],"b":["when told by nearby pressed then become 2 in 1s"]},{"p":[-0.004094514,-0.001839114,-0.00201092],"r":[1.112625,68.96446,358.5011],"s":[0.01205883,0.01177327,0.01205433],"c":[1,1,1]}]}]}