{"n":"slot-arm","v":5,"a":[7,18,31],"p":[{"b":50,"t":1,"s":[{"p":[0,0,0],"r":[3.756605E-05,-2.390565E-05,2.390565E-05],"s":[0.125,0.1250015,0.3253637],"c":[0.8888889,0.8888889,0.8888889]}]},{"b":3,"t":1,"s":[{"p":[0.02413607,0.001182795,0.2377784],"r":[-0.0001126981,90,90.00004],"s":[0.04135322,0.04133949,0.04135374],"c":[1,0.8571429,0],"b":["when touched then tell slotz"]}]}]}