{"v":5,"a":[7,18],"p":[{"a":[12],"i":[{"t":"5b2a922814d1e650f2219018","p":[-0.0002418758,-0.001972497,0.2211294],"r":[90,-1.121609E-06,0]}],"s":[{"p":[-1.421085E-14,-5.960464E-08,0.2163742],"r":[0,0,-8.537737E-06],"s":[0.06498616,0.06498773,0.4402441],"c":[1,1,1]}]},{"b":4,"a":[12],"s":[{"p":[0,0,0],"r":[0,0,0],"s":[0.1250121,0.125014,0.001000101],"c":[1,1,1],"b":["when starts then all parts face nearest e2"]}]}]}