{"n":"no","v":5,"a":[48],"p":[{"t":7,"a":[31],"i":[{"t":"5b2bd144f875b36ee8e1e6d7","p":[0.009480415,-0.02262647,0.1715219],"r":[359.9754,344.6497,325.0428]}],"s":[{"p":[0,0,0],"r":[0,0,0],"s":[0.01672279,0.03020972,0.01843376],"c":[1,1,1],"b":["when starts then become next in 0.5s"]},{"p":[0.02699134,-0.01378422,-0.000682164],"r":[356.9813,359.8861,323.0587],"s":[0.01672286,0.03020978,0.0184338],"c":[1,1,1],"b":["when starts then become 1 in 0.5s"]}]}]}