{"n":"cash-0001","v":5,"a":[2,3,40],"p":[{"b":106,"e":"1","s":[{"p":[-0.004877385,0.0112474,0.01040039],"r":[-1.448901E-05,89.99998,4.811745E-05],"s":[0.001950709,0.00195074,0.001950706],"c":[0.3333332,0.3333332,0.3333332]}]},{"b":147,"t":1,"s":[{"p":[0,0,0],"r":[-8.14222E-13,-8.14222E-13,4.378972E-13],"s":[0.006632787,0.01257205,0.01254775],"c":[0.7777778,0.7777778,0.7777778],"b":["when triggered then is person.cash += 1, then destroy all parts with 1s disappear","when touches coin-slot then destroy all parts with 0.1s disappear"]}]},{"b":106,"e":"1","s":[{"p":[0.00573343,-0.01164269,0.008104532],"r":[-4.829674E-06,270,180],"s":[0.001951703,0.00195117,0.001951991],"c":[0.3333332,0.3333332,0.3333332]}]}]}