{"v":5,"p":[{"b":139,"e":"NO","s":[{"p":[0,0,0],"r":[0,0,0],"s":[0.003000068,0.003000083,0.003000077],"c":[1,1,1]}]}]}