{"v":5,"p":[{"b":69,"s":[{"p":[0,0,0],"r":[0,0,0],"s":[0.03106946,0.09635118,0.02232552],"c":[1,1,1]}]}]}