{"n":"magazine-9mm","v":5,"a":[1,2,3],"inc":[["bullet","5a63cd1c91f33bb51358a9d7"],["thing","5a63ced5c5e51b5114b483ba"],["thing 2","5a63cf718e75475c14b41e18"]],"p":[{"b":13,"i":[{"t":"5b2c0b83f875b36ee8e1e6f0","p":[0.005993232,0.0003530905,0.06395895],"r":[-1.93187E-05,270,0]}],"t1":53,"s":[{"p":[0,0,0],"r":[1.628444E-12,1.366038E-05,-1.366038E-05],"s":[0.01445677,0.007489192,0.04191517],"c":[0.1111109,0.1111109,0.1111109],"b":["when starts then is ammo = 8","when is ammo <= 0 then turn sub-thing invisible","when touches cartridge-9mm and is ammo < 8 then is ammo += 1"],"t1":{"c":[0,0,0],"x":0.5,"y":0.5,"a":0.8925,"m":0,"n":0,"r":0,"g":0,"o":0.5,"t":0.5,"e":0.5}},{"p":[0,0,0],"r":[3.053333E-13,2.049057E-05,-1.707547E-06],"s":[0.01445677,0.007489192,0.04191517],"c":[0.4444442,0.4444442,0.4444442],"t1":{"c":[0,0,0],"x":0.5,"y":0.5,"a":0.8925,"m":0,"n":0,"r":0,"g":0,"o":0.5,"t":0.5,"e":0.5}}]},{"b":13,"t1":53,"s":[{"p":[4.768372E-07,7.450581E-09,-0.06555534],"r":[1.628444E-12,1.366038E-05,-1.366038E-05],"s":[0.0179813,0.007489355,0.001865297],"c":[0.1111109,0.1111109,0.1111109],"t1":{"c":[0,0,0],"x":0.5,"y":0.5,"a":0.8925,"m":0,"n":0,"r":0,"g":0,"o":0.5,"t":0.5,"e":0.5}}]},{"b":21,"e":"[AMMO VALUE]","s":[{"p":[-0.006661888,0.01042581,-0.0693059],"r":[1.194228E-12,1.001791E-05,-1.366038E-05],"s":[0.001805211,0.001805226,0.001805243],"c":[1,1,1]}]}]}