{"v":5,"a":[30],"p":[{"b":3,"s":[{"p":[0.2317246,-0.08020167,0.108037],"r":[348.9893,352.3366,34.36638],"s":[0.01220865,0.001000138,0.01668426],"c":[0,0,0]}]},{"b":3,"s":[{"p":[0.3361727,-0.06753235,0.1271148],"r":[347.1088,357.6822,350.9324],"s":[0.01221036,0.001000374,0.01668738],"c":[0,0,0]}]},{"b":3,"s":[{"p":[0.2305942,-0.0855065,0.1316326],"r":[354.1639,350.7727,35.51961],"s":[0.02340288,0.009257857,0.05866553],"c":[1,1,1]}]},{"b":3,"s":[{"p":[0.3271376,-0.07189891,0.1556914],"r":[354.6297,350.9965,351.0222],"s":[0.02340595,0.00925529,0.05864024],"c":[1,1,1]}]}]}