{"v":5,"p":[{"b":4,"a":[12],"pr":3,"s":[{"p":[0,0,0],"r":[0,0,0],"s":[0.1250009,0.1250011,0.1250013],"c":[1,1,1],"pr":{"c":[0,0.9142855,1],"m":1,"a":1,"s":0,"z":1,"g":0.3572195,"h":0.25}}]}]}