{"v":5,"p":[{"s":[{"p":[0,0,0],"r":[0,0,0],"s":[0.230337,0.1856204,0.175001],"c":[1,1,1]}]}]}