{"v":5,"a":[7],"p":[{"t":9,"s":[{"p":[0,0,0],"r":[0,0,0],"s":[0.1750002,0.001,0.09761228],"c":[0.9714286,1,0]}]},{"b":130,"e":"CHECK BACK\nFOR PASSIVE","s":[{"p":[-0.06438723,0.001003608,0.03082335],"r":[90,-1.931869E-05,0],"s":[0.003000705,0.003000046,0.003000725],"c":[0,0,0]}]},{"b":134,"e":"LOVE:CHARLES","s":[{"p":[0.01017251,0.0007824302,-0.03754878],"r":[90,-9.659346E-06,0],"s":[0.001000189,0.001000055,0.001000162],"c":[1,0,0]}]}]}