{"n":"cave ","v":5,"a":[22],"p":[{"s":[{"p":[0,0,0],"r":[-3.415095E-06,-3.415094E-06,-5.122642E-06],"s":[23.23584,0.9530488,39.18546],"c":[0.3333325,0.2984121,0.2222212]}]}]}