{"v":5,"a":[2,9,50],"tp_m": 0.1,"p":[{"b":9,"t":1,"s":[{"p":[0,0,0],"r":[0,0,0],"s":[0.1250001,0.1250002,0.1250002],"c":[1,0,0]}]}]}