{"v":5,"a":[2,3],"p":[{"t1":13,"t2":4,"s":[{"p":[0,0,0],"r":[0,0,0],"s":[0.175,0.175,0.1750001],"c":[0.2469135,0.4444443,0.4444443],"t1":{"c":[0,1,1],"x":0.17,"y":0.17,"a":0.8925,"m":0.5,"n":0.5,"r":0,"g":0,"o":0.5,"t":0.5,"e":0.5},"t2":{"c":[0.02469136,0.2222221,0.2222221],"x":0.17,"y":0.17,"a":0.69625,"m":0.5,"n":0.5,"r":0,"g":0,"o":0.5,"t":0.5,"e":0.5}}]}]}