{"v":5,"p":[{"b":60,"t":10,"s":[{"p":[0.0001638427,-0.004231156,-0.01206816],"r":[1.210919,0.1859102,355.1057],"s":[0.02364772,0.01054682,1.047263],"c":[0.9714286,1,0]}]},{"b":21,"e":"|||||||||||||||||||||||||||||||||||||||||||||||||||||||||||||||||||||||||||||","s":[{"p":[0.02381672,-0.0274232,0.4932264],"r":[85.17782,243.0614,152.6877],"s":[0.003000018,0.003000011,0.003000014],"c":[1,1,1],"b":["when touched then play air pump short","when touched then play arrow impact","when touched then play chopping wood"]}]}]}