{"v":5,"p":[{"b":5,"s":[{"p":[0,0,0],"r":[0,0,0],"s":[0.02126895,0.01993327,0.5938329],"c":[0.190476,0.6666667,0]}]}]}