{"v":5,"p":[{"b":167,"s":[{"p":[0,0,0],"r":[0,0,0],"s":[1.922489,4.772859,7.988313],"c":[0.4444443,0.4444443,0.4444443]}]},{"b":167,"s":[{"p":[19.92527,-4.939041,9.03437],"r":[0.1116792,112.4181,9.70341],"s":[1.922489,4.772861,7.988307],"c":[0.4444443,0.4444443,0.4444443]}]}]}