{"v":5,"p":[{"a":[1,4],"s":[{"p":[0,0,0],"r":[0,0,0],"s":[1.211828,0.003512932,0.8758483],"c":[1,1,1]}]}]}