{"v":5,"p":[{"b":50,"s":[{"p":[0,0,0],"r":[0,0,0],"s":[0.1338493,0.1509301,0.2152747],"c":[1,1,1]}]}]}