{"v":5,"p":[{"b":5,"s":[{"p":[-0.1880827,0.1255967,-0.1250821],"r":[344.244,293.7581,70.0983],"s":[0.01324079,0.01723012,0.3875986],"c":[1,1,1]}]},{"b":5,"s":[{"p":[-0.085733,-0.006293849,-0.2140532],"r":[285.2522,2.466872,19.0503],"s":[0.02057046,0.0065541,0.2525664],"c":[1,1,1]}]},{"b":14,"s":[{"p":[-0.1217163,0.07580754,-0.1659555],"r":[315.8578,96.82677,283.8978],"s":[0.008232031,0.01512607,0.01697351],"c":[1,1,1]}]}]}