{"v":5,"p":[{"b":5,"s":[{"p":[-0.1750282,-0.003174081,-0.00146619],"r":[354.4663,88.05125,15.97701],"s":[0.01769034,0.02527591,0.5102001],"c":[1,0.952381,0.6666666]}]},{"b":5,"s":[{"p":[0.0009669067,0.006581185,-0.008739513],"r":[3.501039,0.7302067,7.356286],"s":[0.04926652,0.0468318,0.3357786],"c":[1,0.952381,0.6666666]}]},{"b":59,"s":[{"p":[0.006729926,-0.01128711,0.09631874],"r":[348.9948,86.45066,89.83081],"s":[0.05133724,0.1250022,0.07060193],"c":[1,0,0.3428572]}]}]}