{"v":5,"a":[7,18],"p":[{"t1":43,"s":[{"p":[0,0,0],"r":[0,0,0],"s":[14.57011,11.32848,0.6624401],"c":[0.7777778,0.7777778,0.7777778],"t1":{"c":[1,1,1],"x":0.5,"y":0.5,"a":0.6122895,"m":0,"n":0,"r":0,"g":0,"o":0.5,"t":0.5,"e":0.5}}]}]}