{"v":5,"p":[{"s":[{"p":[0,0,0],"r":[0,0,0],"s":[0.2563321,0.1307056,0.1750002],"c":[0.4444443,0.4444443,0.4444443]}]},{"s":[{"p":[0.03848464,0.0223563,0.156265],"r":[356.2369,355.9346,96.4269],"s":[0.0717845,0.06856624,0.1750004],"c":[0.2222221,0.2222221,0.2222221]}]},{"s":[{"p":[0.03081149,0.07730307,-0.02467263],"r":[358.4178,0.2434853,358.4113],"s":[0.09796581,0.01909184,0.1191425],"c":[0.7777778,0.7777778,0.7777778]}]}]}