{"n":"cloud","v":5,"p":[{"b":167,"s":[{"p":[0,0,0],"r":[0,0,3.415095E-06],"s":[0.1207568,0.2578191,0.1630507],"c":[1,1,1]}]},{"b":167,"s":[{"p":[-1.856864,0.6277804,1.753888],"r":[2.414719,256.6736,328.5536],"s":[0.9934212,0.7247941,0.2741888],"c":[1,1,1]}]}]}