{"n":"bridge1","v":5,"a":[20],"p":[{"b":45,"t1":44,"t2":38,"s":[{"p":[0,0,0],"r":[0,0,-4.378969E-13],"s":[0.3904894,2.956952,14.47551],"c":[0.222222,0.1904761,0],"t1":{"c":[0.4331569,0.4444444,0.04938267],"x":0.5,"y":0.03903151,"a":0.8925,"m":0,"n":0,"r":0.2499986,"g":0,"o":0.5,"t":0.5,"e":0.5},"t2":{"c":[1,1,1],"x":0.5215068,"y":0.05584478,"a":0.8925,"m":0,"n":0,"r":0.2498808,"g":0,"o":0.5,"t":0.5,"e":0.5}}]}]}