{"v":5,"a":[2,21],"p":[{"b":5,"t":10,"im":"942824804880440390/554F7B4B4C581FDF6F0ED481E8A335148E6EAFA7/","s":[{"p":[0,0,0],"r":[6.403302E-06,-1.173939E-06,2.134433E-07],"s":[0.01939934,0.01935514,0.004680017],"c":[1,1,1],"b":["when consumed then play bite 2","when consumed then play add crumbles for all parts","when consumed then destroy all parts"]}]},{"b":5,"t":10,"s":[{"p":[-5.611219E-08,-2.594898E-07,-0.005290579],"r":[4.268868E-07,-2.134434E-07,7.683962E-06],"s":[0.01843105,0.01822631,0.002889032],"c":[1,1,1]}]},{"b":5,"t":10,"im":"942824804880440390/554F7B4B4C581FDF6F0ED481E8A335148E6EAFA7/","s":[{"p":[5.122274E-08,-3.967434E-07,-0.007133559],"r":[4.268868E-07,-2.134434E-07,7.683962E-06],"s":[0.01940295,0.01935891,0.004680407],"c":[1,1,1],"b":["when consumed than add crumbles for all parts"]}]}]}