{"v":5,"p":[{"b":132,"a":[19],"e":"PRESS\nME","s":[{"p":[0,0,0],"r":[0,0,1.334021E-08],"s":[0.001309955,0.001309952,0.001309955],"c":[0,0,0]}]}]}