{"v":5,"p":[{"b":4,"s":[{"p":[0,0,0],"r":[0,0,0],"s":[0.004857641,3.886104E-05,0.00485763],"c":[0,0,0]}]}]}