{"n":"cheet","v":5,"a":[2,21],"p":[{"b":47,"t1":43,"s":[{"p":[0,0,0],"r":[0,0,-8.537737E-07],"s":[0.01940862,0.01407136,0.01410035],"c":[1,0.8571429,0],"b":["when consumed then destroy all parts","when consumed then add crumbles for all parts","when consumed then play snack bite"],"t1":{"c":[0,0,0],"x":0.5,"y":0.5,"a":0.8925,"m":0,"n":0,"r":0,"g":0,"o":0.5,"t":0.5,"e":0.5}}]},{"b":73,"t1":43,"s":[{"p":[0.004889071,-0.000261554,-0.01002367],"r":[359.1723,87.35254,325.7651],"s":[0.01373185,0.01373187,0.01373187],"c":[1,0.8571429,0],"t1":{"c":[0,0,0],"x":0.5,"y":0.5,"a":0.8925,"m":0,"n":0,"r":0,"g":0,"o":0.5,"t":0.5,"e":0.5}}]},{"b":73,"t1":43,"s":[{"p":[0.00608863,0.0003118664,0.01014184],"r":[3.63321,84.81289,329.8721],"s":[0.01373184,0.01373183,0.01373184],"c":[1,0.8571429,0],"t1":{"c":[0,0,0],"x":0.5,"y":0.5,"a":0.8925,"m":0,"n":0,"r":0,"g":0,"o":0.5,"t":0.5,"e":0.5}}]}]}