{"v":5,"p":[{"b":15,"t1":43,"s":[{"p":[0.016211,-0.1401989,-0.123744],"r":[345.3035,4.631938,218.3176],"s":[0.04413912,0.0441392,0.7470292],"c":[0.6666666,0.9714285,1],"t1":{"c":[0.07407402,0.2095237,0.2222221],"x":0.5,"y":0.5,"a":0.8925,"m":0,"n":0,"r":0,"g":0,"o":0.5,"t":0.5,"e":0.5}}]},{"b":16,"t1":43,"s":[{"p":[-0.01280069,-0.2379758,-0.4757459],"r":[358.7627,91.98514,76.32376],"s":[0.08843186,0.08843188,0.08843181],"c":[0.691358,0.7703704,0.7777778],"t1":{"c":[0.07407402,0.2095237,0.2222221],"x":0.5,"y":0.5,"a":0.8925,"m":0,"n":0,"r":0,"g":0,"o":0.5,"t":0.5,"e":0.5}}]},{"b":16,"t1":43,"s":[{"p":[0.02471706,-0.04707295,0.1891512],"r":[295.1693,130.4749,232.2124],"s":[0.1250016,0.04124334,0.1250007],"c":[0.5925926,0.6603175,0.6666667],"t1":{"c":[0.07407402,0.2095237,0.2222221],"x":0.5,"y":0.5,"a":0.8925,"m":0,"n":0,"r":0,"g":0,"o":0.5,"t":0.5,"e":0.5}}]}]}