{"n":"zleu","v":5,"a":[48],"p":[{"b":3,"s":[{"p":[0,0,0],"r":[0,0,-1.707547E-06],"s":[0.03092692,0.03552153,0.0351126],"c":[1,1,1]}]}]}