{"n":"ned","v":5,"a":[2,12,15,24,31,33,40,51],"bod":{"al": {"i":"5b3ee22944b0e17d5cdab5f1","p":[-0.06001163,0.002750054,-0.1918868],"r":[1.146391,12.0998,34.31916]},"ar": {"i":"5b3ee22944b0e17d5cdab5f1","p":[0.07188442,0.003501944,-0.1854589],"r":[2.623463,345.162,288.2433]}},"p":[{"b":3,"t":2,"s":[{"p":[0.07885065,0.1392908,0.06569739],"r":[355.3132,350.4218,351.1557],"s":[0.02458926,0.02458913,0.02458926],"c":[1,0,0],"b":["when talked from then become 2"]},{"p":[0.07382184,0.1272727,0.05761642],"r":[354.8045,352.1581,356.455],"s":[0.03394182,0.03394169,0.03394181],"c":[0,0.05714229,1]}]},{"b":9,"t":15,"pr":49,"t1":168,"s":[{"p":[0.1352452,0.1865963,0.08674592],"r":[347.4233,157.8546,194.07],"s":[0.1318096,0.1318088,0.1318091],"c":[0,0,0],"t1":{"c":[0,1,0.2285715],"a":0.05},"pr":{"c":[0.9714286,1,0],"m":0.25,"a":0.25,"s":0.15,"z":0.25,"g":0.5,"h":0.25}}]}]}