{"n":"new home","v":5,"p":[{"b":60,"s":[{"p":[0,0,0],"r":[0,0,7.656432E-20],"s":[0.7054229,0.03706174,0.4044947],"c":[0.7777778,0.5333333,0]}]},{"b":23,"e":"HOME\n NEW \nHOME","s":[{"p":[-0.141983,0.02790838,0.1949463],"r":[90,-1.001791E-05,0],"s":[0.01144385,0.01144505,0.01144521],"c":[0.111111,0.111111,0.111111]}]}]}