{"v":5,"a":[20,25,31],"p":[{"b":3,"t1":43,"s":[{"p":[0.3187734,1.221954,-0.1668971],"r":[285.1493,286.4677,114.2436],"s":[0.1250001,0.1250001,0.125],"c":[1,1,1],"b":["when touched then play bell hi"],"t1":{"c":[0.4656083,0.2962962,0.8888889],"x":0.5,"y":0.5,"a":0.8925,"m":0,"n":0,"r":0,"g":0,"o":0.5,"t":0.5,"e":0.5}}]},{"b":9,"t":4,"t1":43,"s":[{"p":[-0.08225072,-0.04974939,-0.09186377],"r":[5.922843,357.5374,2.567906],"s":[0.3512099,0.372441,0.3474754],"c":[0.3333332,0.4857142,1],"b":["when touched then play tada trumpet"],"t1":{"c":[0.5555556,0.4761905,0],"x":0.5,"y":0.5,"a":0.8925,"m":0,"n":0,"r":0,"g":0,"o":0.5,"t":0.5,"e":0.5}}]}]}