{"n":"emt","v":5,"a":[2,3,22,12,13,31],"p":[{"b":16,"t":1,"s":[{"p":[0.001027377,-1.689792E-05,0.03024471],"r":[270,180,0],"s":[0.01994135,0.02712501,0.01994186],"c":[0.7777778,0.7777778,0.7777778],"b":["when "]}]},{"b":5,"t":1,"s":[{"p":[0,0,0],"r":[0,0,0],"s":[0.02153518,0.02153528,0.07175872],"c":[0.7777778,0.7777778,0.7777778]}]}]}