{"v":5,"a":[20,25],"p":[{"b":63,"t":3,"s":[{"p":[0,0,0],"r":[0,0,5.336085E-08],"s":[0.125,0.1250001,0.125],"c":[1,1,1],"b":["when touched then play doorbell, become next in 1s"]},{"p":[0,0,0],"r":[0,0,5.336085E-08],"s":[0.125,0.1250001,0.125],"c":[1,0.6857142,0],"b":["when starts then become next"]}]},{"b":63,"t":3,"s":[{"p":[0.005504338,0.006638236,0.02288554],"r":[358.7092,51.24771,352.0534],"s":[0.125,0.1250001,0.1250001],"c":[1,1,1],"b":["when touched then play bell, become next in 2s"]},{"p":[0.005504338,0.006638236,0.02288554],"r":[358.7092,51.24771,352.0534],"s":[0.125,0.1250001,0.1250001],"c":[1,0.1714285,0],"b":["when starts then become next in 2, play win buzz"]}]}]}