{"v":5,"p":[{"b":10,"t":2,"a":[3,12,36],"s":[{"p":[0,0,0],"r":[0,0,0],"s":[0.02973633,0.0297363,0.02973658],"c":[0,0.5714284,1],"b":["when starts then trail start","when touched then destroy all parts"]}]},{"a":[3,12,37,36],"s":[{"p":[-0.004203755,0.01735682,-0.05365796],"r":[356.6691,6.938827,342.9632],"s":[0.02666546,0.02666546,0.02666545],"c":[1,1,1],"b":["when starts then become next in 1s"]},{"p":[-0.004203755,0.01735682,-0.05365796],"r":[356.6691,6.938828,342.9632],"s":[0.02666546,0.02666546,0.02666545],"c":[1,1,1],"b":["when starts then destroy all parts"]}]}]}