{"n":"xtuxl","v":5,"a":[31,48],"p":[{"b":16,"s":[{"p":[0,0,0],"r":[0,0,0],"s":[0.02458319,0.02458321,0.02458318],"c":[1,1,1]}]}]}