{"v":5,"a":[2,3],"p":[{"b":3,"s":[{"p":[0,0,0],"r":[0,0,1.120578E-06],"s":[0.01443531,0.01536297,0.01286345],"c":[1,1,1],"b":["when triggered then trail start","when trigger let go then trail end"]}]},{"b":5,"s":[{"p":[0.09439972,0.0158436,-0.1580948],"r":[5.106402,327.1627,6.949188],"s":[0.001000001,0.001000001,0.4632242],"c":[1,1,1]}]},{"b":5,"s":[{"p":[0.1893743,0.03238493,-0.3074254],"r":[7.927602,331.2516,14.17922],"s":[0.009359028,0.01001297,0.2263014],"c":[1,1,1]}]}]}