{"v":5,"a":[2,14,15],"tp_m": 0.2,"p":[{"b":144,"s":[{"p":[0,0,0],"r":[0,0,0],"s":[0.004470134,0.09000027,0.09000041],"c":[1,0.5142855,0]}]}]}