{"n":"tophat","v":5,"a":[2],"p":[{"b":5,"s":[{"p":[-0.002259945,0.02725674,0.07866858],"r":[356.524,0.7499337,340.0435],"s":[0.06498523,0.06498545,0.1671042],"c":[0.4444443,0.4444443,0.4444443]}]},{"b":5,"s":[{"p":[-0.009988317,0.004358857,-0.004887385],"r":[1.104459,358.7668,0.2901649],"s":[0.1250001,0.1250003,0.03162334],"c":[0.4444443,0.4444443,0.4444443]}]}]}