{"n":"robo bod","v":5,"p":[{"b":60,"s":[{"p":[0,0,0],"r":[0,0,0],"s":[0.5337635,0.2366659,0.3140635],"c":[0,0,0]}]},{"b":60,"s":[{"p":[-0.008581162,-0.007550716,-0.2904546],"r":[0,0,0],"s":[0.3614725,0.2366892,0.3140807],"c":[0,0,0]}]},{"b":60,"s":[{"p":[-0.1388893,0.066103,0.0007047653],"r":[0,0,0],"s":[0.1441178,0.1250302,0.1585902],"c":[1,1,1]}]},{"b":60,"s":[{"p":[0.1463594,0.0642471,0.006592035],"r":[-3.415095E-06,0,180],"s":[0.1441545,0.1250451,0.1586146],"c":[1,1,1]}]}]}