{"n":"skele reload button","v":5,"a":[7,18],"p":[{"b":71,"s":[{"p":[0,0,0],"r":[0,0,0],"s":[0.1250051,0.01776738,0.1250009],"c":[0.8888889,0.8888889,0.8888889]}]},{"b":71,"s":[{"p":[-3.72529E-09,0.02906609,5.082077E-09],"r":[1.001791E-05,0,0],"s":[0.08256103,0.01329923,0.0825501],"c":[1,0,0],"b":["when touches hand then send one nearby to current"]}]},{"s":[{"p":[-0.1748048,-1.490116E-08,-1.566269E-08],"r":[0,270,0],"s":[0.1631931,0.00439756,0.04932693],"c":[0.8888889,0.8888889,0.8888889]}]},{"b":93,"t":2,"e":"RELOAD","s":[{"p":[-0.2045188,0.003161415,-0.07038323],"r":[90,270,0],"s":[0.00617173,0.006169626,0.006171769],"c":[1,1,1]}]}]}