{"n":"sm","v":5,"a":[2,14],"p":[{"b":73,"t":3,"s":[{"p":[0,0,0],"r":[0,0,0],"s":[0.2856657,0.2856654,0.2856655],"c":[1,0,0],"b":["when starts then become next in 1"]},{"p":[0,0,0],"r":[0,0,0],"s":[0.2856657,0.2856654,0.2856655],"c":[0,0.05714232,1],"b":["when starts then become next in 1"]},{"p":[0,0,0],"r":[0,0,0],"s":[0.2856657,0.2856654,0.2856655],"c":[0.1142854,1,0],"b":["when starts then become next in 1"]}]}]}