{"v":5,"p":[{"s":[{"p":[0,0,0],"r":[0,0,-1.707547E-06],"s":[0.08615841,0.05647165,0.06254677],"c":[1,0,0],"b":["when touches hand then show chat keyboard","when typed then say [typed]"]}]}]}