{"v":5,"p":[{"b":60,"s":[{"p":[0.1746277,-0.09570228,0.1450438],"r":[1.011965,271.1163,358.5567],"s":[0.01068062,0.02979727,0.2672362],"c":[0,0,0]}]},{"b":60,"s":[{"p":[0.3013656,-0.09045125,0.01083688],"r":[0.006180704,3.103801,1.715367],"s":[0.01068056,0.02979721,0.2672352],"c":[0,0,0]}]},{"b":60,"s":[{"p":[0.168229,-0.09674681,-0.1142939],"r":[357.8212,91.51736,2.125198],"s":[0.01068064,0.02979733,0.2672373],"c":[0,0,0]}]},{"b":60,"s":[{"p":[0.04896203,-0.09692006,0.01969784],"r":[359.4969,2.014006,3.62325],"s":[0.01068063,0.02979727,0.267236],"c":[0,0,0]}]}]}