{"v":5,"a":[2,16],"p":[{"a":[3,12],"s":[{"p":[0,0,0],"r":[0,0,0],"s":[0.8432654,0.8432655,0.8432657],"c":[1,1,1]}]}]}