{"v":5,"p":[{"b":5,"t1":43,"s":[{"p":[0,0,0],"r":[0,0,0],"s":[0.02467643,0.02467648,6.429958],"c":[0.8888889,0.9714285,1],"t1":{"c":[0.4444444,0.4444444,0.4444444],"x":0.5,"y":0.5,"a":0.8925,"m":0,"n":0,"r":0,"g":0,"o":0.5,"t":0.5,"e":0.5}}]},{"b":73,"t":9,"pr":2,"t1":43,"s":[{"p":[-0.00137423,0.001846075,2.730948],"r":[42.33228,18.91037,337.1792],"s":[0.2250007,0.2250007,0.2250012],"c":[1,0.8571429,0],"t1":{"c":[0.7777778,0.6913581,0.1728395],"x":0.5,"y":0.5,"a":0.8925,"m":0,"n":0,"r":0,"g":0,"o":0.5,"t":0.5,"e":0.5},"pr":{"c":[1,1,1],"m":0.25,"a":0.25,"s":0.15,"z":0.25,"g":0.5,"h":0.25}}]}]}