{"v":5,"p":[{"b":96,"e":"->","s":[{"p":[0,0,0],"r":[0,0,0],"s":[0.02029362,0.02029362,0.02029363],"c":[0.0617283,0.174603,0.5555556]}]}]}