{"v":5,"a":[25,31],"p":[{"b":5,"t":3,"t1":43,"s":[{"p":[18.2551,61.87674,-3.083946],"r":[70.29465,331.4652,349.7083],"s":[0.314118,0.2833796,0.09302478],"c":[1,0.1714284,0],"b":["when touched then play metal gong, become next"],"t1":{"c":[0.4656083,0.2962962,0.8888889],"x":0.5,"y":0.5,"a":0.8925,"m":0,"n":0,"r":0,"g":0,"o":0.5,"t":0.5,"e":0.5}},{"p":[20.10687,68.20001,-6.820267],"r":[290.0533,185.8912,199.9857],"s":[0.3141182,0.2833798,0.09302491],"c":[0.9746031,1,0.111111],"b":["when starts then become 1"],"t1":{"c":[0.4656083,0.2962962,0.8888889],"x":0.5,"y":0.5,"a":0.8925,"m":0,"n":0,"r":0,"g":0,"o":0.5,"t":0.5,"e":0.5}}]}]}