{"v":5,"p":[{"b":7,"t":4,"s":[{"p":[0,0,0],"r":[0,0,0],"s":[1.555537,8.772981,0.1250035],"c":[1,1,1]}]}]}