{"v":5,"a":[2,3],"p":[{"s":[{"p":[0,0,0],"r":[0,0,0],"s":[0.01190282,0.008953897,0.1750027],"c":[0,0,0]}]}]}