{"v":5,"a":[31],"p":[{"s":[{"p":[0,0,0],"r":[0,0,0],"s":[0.1750004,0.1750001,0.1750002],"c":[1,1,1]}]},{"b":10,"s":[{"p":[-0.053366,0.0883719,-0.001811735],"r":[19.96018,21.97722,333.8434],"s":[0.02288931,0.0228893,0.02288931],"c":[0,1,0.2285714],"b":["when touched then is area.zishome = 1"]}]},{"b":10,"s":[{"p":[0.05052224,0.08512314,-0.00522094],"r":[22.64817,26.88976,338.7469],"s":[0.02288934,0.02288932,0.02288936],"c":[1,0.1714285,0],"b":["when touched then is area.zishome = 0"]}]}]}