{"n":"skele forearm right","v":5,"a":[22,12,13,18],"p":[{"s":[{"p":[0.01522066,-0.000341177,0.1388416],"r":[3.355669E-12,180,-1.448902E-05],"s":[0.0203235,0.01935947,0.2696694],"c":[0.8888889,0.8888889,0.8888889]}]},{"s":[{"p":[-0.01574896,-0.000341177,0.1388416],"r":[3.355669E-12,180,-1.448902E-05],"s":[0.02032358,0.01935952,0.2696716],"c":[0.8888889,0.8888889,0.8888889]}]},{"b":71,"s":[{"p":[2.980232E-08,0,0.2886601],"r":[1.878302E-05,270,270],"s":[0.02109541,0.007028283,0.03568258],"c":[0.8888889,0.8888889,0.8888889]}]},{"b":4,"a":[12],"s":[{"p":[0,0,0],"r":[1.001791E-05,8.757938E-13,1.001791E-05],"s":[0.03296003,0.03294114,0.03295733],"c":[1,1,1],"b":["when starts then all parts face nearest skele-bow-upper-right"]}]}]}