{"n":"skele-bow-upper-left","v":5,"a":[7,12,18,31],"p":[{"b":16,"a":[12],"s":[{"p":[0,0,0],"r":[0,0,0],"s":[0.01835974,0.0183598,0.01835965],"c":[1,1,1]}]}]}