{"v":5,"a":[1,22,18,20],"p":[{"a":[1],"s":[{"p":[0,0,0],"r":[0,0,0],"s":[4.397685,0.006915895,2.371305],"c":[1,1,1]}]}]}