{"v":5,"a":[1,2,9,14],"p":[{"t":1,"t1":4,"s":[{"p":[0,0,0],"r":[0,0,0],"s":[0.1750001,0.1750001,0.175],"c":[0.1142857,0,1],"t1":{"c":[1,0.6857142,0],"x":0.17,"y":0.17,"a":0.69625,"m":0.5,"n":0.5,"r":0,"g":0,"o":0.5,"t":0.5,"e":0.5}}]}]}