{"v":5,"a":[2,7,18],"p":[{"t":9,"s":[{"p":[0,0,0],"r":[0,0,0],"s":[3.649176,3.765314,0.1392096],"c":[0,0,0]}]},{"t":9,"s":[{"p":[-0.08402289,9.536744E-07,-5.960476E-08],"r":[0,0,0],"s":[3.650043,3.765874,0.1392262],"c":[0,0,0]}]}]}