{"v":5,"a":[7],"p":[{"s":[{"p":[0,0,0],"r":[0,0,0],"s":[5.605677,0.7831336,0.5607174],"c":[1,1,1]}]}]}