{"v":5,"a":[7,13],"p":[{"b":60,"s":[{"p":[0,0,0],"r":[0,0,0],"s":[0.8344305,1.718166,0.04006615],"c":[0.4444443,0.320282,0.04938262]}]},{"b":60,"s":[{"p":[0.04504097,0.8760691,0.3124931],"r":[270,1.46683E-05,0],"s":[0.8348755,1.022579,0.04008424],"c":[0.4444443,0.320282,0.04938262]}]},{"b":60,"s":[{"p":[0.01277399,-0.8609725,0.2155074],"r":[270,0,0],"s":[0.8346159,0.6637191,0.0400739],"c":[0.4444443,0.320282,0.0493826]}]}]}