{"v":5,"a":[7,18],"p":[{"t":7,"s":[{"p":[0,0,0],"r":[0,0,7.656432E-20],"s":[1.758851,0.8399222,0.0163879],"c":[0.4444439,0.8571426,1]}]}]}