{"n":"copper ingot","v":5,"a":[1,2,3],"p":[{"b":172,"t":11,"s":[{"p":[0,0,0],"r":[0,0,0],"s":[0.0198548,0.01891494,0.0201894],"c":[0.7777778,0.5259259,0.2592589]}]}]}