{"v":5,"a":[22,18],"p":[{"s":[{"p":[0,0,0],"r":[0,0,4.07111E-13],"s":[0.3595245,0.01553308,0.1750027],"c":[1,1,1]}]}]}