{"v":5,"a":[7,18],"p":[{"t":7,"s":[{"p":[0,0,0],"r":[0,0,0],"s":[2.917543,0.8398947,0.01638347],"c":[0.4444438,0.8571426,1]}]}]}