{"n":"spawnplat","v":5,"a":[7,18],"p":[{"t":1,"s":[{"p":[0,0,0],"r":[0,0,4.378969E-13],"s":[0.2093229,1.289626,1.323284],"c":[1,1,1]}]}]}