{"v":5,"a":[7,18],"p":[{"s":[{"p":[0,0,0],"r":[0,0,-6.157171E-14],"s":[0.1750027,0.001000002,0.1750034],"c":[0.5555556,0.5555556,0.5555556]}]},{"s":[{"p":[7.893325E-11,0.0004514456,-7.893325E-11],"r":[-1.690016E-12,-1.001791E-05,-1.001791E-05],"s":[0.1667182,0.001,0.1651256],"c":[0.3333331,0.3333331,0.3333331]}]}]}