{"v":5,"a":[7],"p":[{"im":"940574482400501769/6667604DE5C6BF36522613DC4379F08A095D1D00/","s":[{"p":[0,0,0],"r":[0,0,0],"s":[0.6157202,0.001,0.7036803],"c":[1,1,1]}]}]}