{"n":"pbul","v":5,"a":[31,48],"p":[{"b":10,"t":7,"s":[{"p":[0,0,0],"r":[0,0,0],"s":[0.08212227,0.08212221,0.08212234],"c":[0,1,0.3999999]}]}]}