{"n":"bubble gum","v":5,"a":[2,12],"p":[{"b":3,"s":[{"p":[0.000801098,-0.002168362,-0.002200164],"r":[346.8797,13.86883,6.725421],"s":[0.01381209,0.01487978,0.01573689],"c":[1,0,0.6857142],"b":["when let go then become next in 1s","when let go then play big woomph"]},{"p":[0,0,0],"r":[0,0,-4.802476E-07],"s":[1.076775,1.095962,1.1472],"c":[1,0,0.6857142],"b":["when starts then become next in 10s"]},{"p":[0,0,0],"r":[0,0,-4.802476E-07],"s":[1.055316,1.111503,1.154105],"c":[1,0,0.6857142],"b":["when starts then destroy all parts"]}]}]}