{"n":"wasabi","v":5,"a":[21],"p":[{"b":5,"t":7,"s":[{"p":[-0.007432864,-0.0006869384,-0.01191434],"r":[350.1779,359.4707,21.60539],"s":[0.01718948,0.01718947,0.006654777],"c":[0.7777778,0.9047619,1]}]},{"b":59,"t":7,"s":[{"p":[-0.008418463,0.004367423,0.009870561],"r":[21.27315,273.3357,280.5482],"s":[0.02199663,0.4085765,0.02199649],"c":[0.7777778,0.9047619,1]}]},{"b":5,"s":[{"p":[-0.009198753,0.005805697,0.009169633],"r":[350.1779,359.4707,21.60539],"s":[0.0150222,0.0142397,0.04214422],"c":[1,0.6857142,0]}]}]}