{"v":5,"a":[4],"p":[{"b":167,"t":7,"s":[{"p":[0,0,0],"r":[0,0,0],"s":[0.2572396,0.137841,0.3868237],"c":[1,1,1]}]}]}