{"v":5,"a":[7],"p":[{"t1":134,"s":[{"p":[0.033772,-0.003410343,-0.0005189143],"r":[0,0,0],"s":[0.07010026,0.8465962,8.868503],"c":[1,1,1],"t1":{"c":[0.3333333,0.2592592,0.2592592],"x":0.5,"y":0.5,"a":0.8925,"m":0,"n":0,"r":0,"g":0,"o":0.5,"t":0.5,"e":0.5}}]}]}