{"v":5,"a":[7],"p":[{"t1":77,"s":[{"p":[-0.07943065,-0.4058172,1.346176],"r":[0,0,-1.001791E-05],"s":[0.1867042,0.1719161,6.187952],"c":[0.3333332,0.148148,0.148148],"t1":{"c":[0.2222221,0.02469136,0.02469136],"x":0.03890032,"y":0.6877195,"a":0.8925,"m":0,"n":0.04786539,"r":0,"g":0,"o":0.5,"t":0.5,"e":0.5}}]}]}