{"v":5,"a":[7],"p":[{"t1":56,"s":[{"p":[0,0,0],"r":[0,0,0],"s":[0.1081807,11.59447,3.182621],"c":[0.4444443,0.148148,0.148148],"t1":{"c":[0.3333333,0.2592592,0.2592592],"x":0.5,"y":0.5,"a":0,"m":0,"n":0,"r":0,"g":0,"o":0.5,"t":0.5,"e":0.5}}]}]}