{"n":"indicator","v":5,"p":[{"b":6,"s":[{"p":[0,0,0],"r":[0,0,4.268868E-07],"s":[0.008440003,0.008439928,0.022163],"c":[1,0,0]}]}]}