{"v":5,"a":[21],"p":[{"im":"923686272221120406/98EBE3A365AE698D91770E8282CE59C7AB06C6D0/","s":[{"p":[0,0,0],"r":[0,0,0],"s":[0.7458414,0.002348179,0.7453098],"c":[1,1,1]}]}]}