{"v":5,"p":[{"su":[{"i":"5b54e8e4f2f84f6adc86073b","t":"5b54e8f1634efa6e5c199ef6","p":[-0.1482073,0.05407962,-0.2866725],"r":[336.9761,339.5028,206.8962]}],"s":[{"p":[0,0,0],"r":[0,0,0],"s":[0.1750002,0.1750001,0.1750001],"c":[1,1,1]}]}]}