{"v":5,"inc":[["skull","5aa9aea8c5ba600fead1ec72"]],"p":[{"b":90,"e":"KEYBOARD","i":[{"t":"5b52b1cc3fea0a67a4b54859","p":[0.08335841,-0.2236264,-0.001911767],"r":[273.4791,74.98154,285.1989]}],"s":[{"p":[0,0,0],"r":[0,0,0],"s":[0.003000001,0.003000002,0.003000002],"c":[0,1,0.3999998],"b":["when hears chat then change head to skull"]}]}]}