{"v":5,"p":[{"s":[{"p":[0,0,0],"r":[0,0,0],"s":[2.65186,0.08751974,3.482183],"c":[0.2222221,0.2222221,0.2222221]}]}]}