{"v":5,"a":[12],"p":[{"i":[{"t":"5b3c38e3ce13ea5b99cfec15","p":[-0.02053558,7.222779E-05,-0.01358689],"r":[353.4672,270.0067,1.779223]}],"s":[{"p":[0,0,0],"r":[0,0,0],"s":[0.02912638,0.03186231,0.02944423],"c":[1,0.9301587,0.7777778]}]}]}