{"v":5,"a":[7,18,21],"p":[{"b":179,"im":"865118133949832716/FEEFCA749621C456B7DFF7EE539EE71A2E79038B/","s":[{"p":[-0.01116729,-0.01777315,0.01764965],"r":[-1.366038E-05,90,270],"s":[1.577543,0.9785699,1.051696],"c":[1,1,1]}]},{"s":[{"p":[0.007432223,-0.01230264,0.0138104],"r":[0,0,1.366038E-05],"s":[0.03228965,1.650329,1.054593],"c":[0.2222221,0.1142856,0]}]}]}