{"n":"wave","v":5,"a":[2],"p":[{"s":[{"p":[0.1395112,-0.4149311,-0.2871718],"r":[305.3913,344.9427,352.4416],"s":[0.2682092,0.001000001,0.1750001],"c":[0.8888889,1,0.4444443]}]},{"b":107,"e":"WAVE","s":[{"p":[0.0452108,-0.3470443,-0.2892146],"r":[33.86982,335.7891,352.1785],"s":[0.009924971,0.009924958,0.009924964],"c":[1,0,0]}]}]}