{"n":"fire ball","v":5,"a":[2,14],"p":[{"b":73,"t":2,"pr":36,"s":[{"p":[0,0,0],"r":[0,0,0],"s":[0.112978,0.1129775,0.1129781],"c":[1,0.5142855,0],"pr":{"c":[1,0.5142855,0],"a":0.1}}]}]}