{"n":"workbench","v":5,"a":[1,7,18,23],"p":[{"t":12,"s":[{"p":[0,0,0],"r":[-8.51432E-13,8.142218E-13,1.366038E-05],"s":[0.1184629,0.00661469,0.007533139],"c":[1,1,1],"b":["when touched then tell door"]}]},{"t":12,"s":[{"p":[-0.0563146,-0.02238525,-7.675239E-06],"r":[-2.140762E-12,1.167704E-11,270],"s":[0.05198752,0.006618337,0.00753613],"c":[1,1,1]}]},{"t":12,"s":[{"p":[0.05599548,-0.02442288,-3.761605E-05],"r":[-2.140762E-12,1.167704E-11,270],"s":[0.05195793,0.006616259,0.007534343],"c":[1,1,1]}]}]}