{"n":"ggb","v":6,"a":[2,15,31,36,37,38,39],"p":[{"b":10,"t":2,"a":[14,17,18,24],"s":[{"p":[0,0,0],"r":[0,0,0],"s":[0.008490816,0.008490816,0.008490875],"c":[1,0.3428571,0],"b":["when starts then trail start with 0.09","when starts then multiply speed 2","when starts then propel forward with 100"]}]}]}