{"v":6,"p":[{"b":157,"t1":118,"t2":109,"s":[{"p":[0,0,0],"r":[0,0,0],"s":[1.270274,0.1748628,0.9513384],"c":[0.09876525,0.4444442,0.2370368],"t1":{"c":[0.1481481,0.6666667,0.4444444],"x":0.5,"y":0.5,"a":0.8925,"m":0,"n":0,"r":0,"g":0.3600513,"o":0.5,"t":0.5,"e":0.5},"t2":{"c":[0.09876538,0.4444444,0.237037],"x":0.5,"y":0.5,"a":1,"m":0,"n":0,"r":0,"g":0.6502632,"o":0.5,"t":0.5,"e":0.5}}]}]}