{"n":"keycard","v":6,"a":[2,7,18,45,50],"p":[{"b":60,"t":1,"s":[{"p":[0,0,0],"r":[0,0,0],"s":[0.101814,0.008001879,0.160641],"c":[1,0,0]}]},{"s":[{"p":[-0.02591896,-0.002913475,-4.74453E-05],"r":[0,0,180],"s":[0.02649824,0.005702704,0.1573079],"c":[0,0,0]}]}]}