{"v":6,"p":[{"su":[{"i":"5b5b4f1bf2f84f642440e1c7","t":"5b5b4e0d379aaa07250c2f36","p":[0.2167658,0.07962079,0.004400238],"r":[290.4172,320.6516,116.5724]}],"s":[{"p":[0,0,0],"r":[0,0,0],"s":[0.175,0.175,0.175],"c":[1,1,1]}]}]}