{"v":6,"p":[{"s":[{"p":[0,0,0],"r":[0,0,0],"s":[0.09123154,0.175,0.1750001],"c":[0.9714286,1,0],"b":["when touches hand then send one nearby onto ben"]}]}]}