{"v":6,"p":[{"b":151,"t":12,"t1":41,"s":[{"p":[0,0,0],"r":[0,0,0],"s":[0.203041,0.3641971,0.4267697],"c":[0.6666667,0.6666667,0.6666667],"t1":{"c":[0.8888889,0.8888889,0.8888889],"x":0.5,"y":0.5,"a":0.8925,"m":0,"n":0,"r":0,"g":0,"o":0.5,"t":0.5,"e":0.5}}]},{"b":151,"t":12,"t1":41,"s":[{"p":[-0.3908277,0.001430482,-0.08355536],"r":[8.992588,348.157,3.010018],"s":[0.2030411,0.2791195,0.2838565],"c":[0.6666667,0.6666667,0.6666667],"t1":{"c":[0.8888889,0.8888889,0.8888889],"x":0.5,"y":0.5,"a":0.8925,"m":0,"n":0,"r":0,"g":0,"o":0.5,"t":0.5,"e":0.5}}]}]}