{"n":"button","v":6,"a":[2,7,16,18],"p":[{"s":[{"p":[0.4714699,-0.1073868,0.2093279],"r":[0,0,0],"s":[0.05182985,0.06530356,0.06531453],"c":[0,1,1]},{"p":[0.02743952,-0.08048861,0.1503772],"r":[337.8318,359.9912,181.8271],"s":[0.0517635,0.06522457,0.06518967],"c":[0,1,1]}]}]}