{"n":"grow","v":6,"a":[2,21],"p":[{"b":3,"s":[{"p":[0,0,0],"r":[0,0,0],"s":[0.02243753,0.02243754,0.02243753],"c":[0.4571431,0,1],"b":["when touched then destroy nearby with 5 grow 5s restore"]}]}]}