{"n":"plank","v":6,"a":[7,18,34],"p":[{"b":60,"s":[{"p":[0,0,0],"r":[0,0,0],"s":[0.1250326,1.053212,0.04928229],"c":[0.3333331,0.2634918,0.1111108]}]}]}