{"v":6,"p":[{"b":9,"s":[{"p":[0,0,0],"r":[0,0,0],"s":[0.125,0.125,0.125],"c":[1,1,1]}]},{"b":9,"s":[{"p":[-0.1975621,0.05807761,-0.09824459],"r":[357.063,356.131,348.8424],"s":[0.1250002,0.1250001,0.1250001],"c":[1,1,1]}]},{"b":9,"s":[{"p":[0.1245681,0.1212108,-0.07595018],"r":[357.2935,352.9545,32.6685],"s":[0.1250001,0.1250001,0.1250001],"c":[1,1,1]}]}]}