{"n":"ballhead","v":6,"a":[7],"p":[{"t":2,"im":"973226846964114541/DEED53B6DCEE14BE40504DD8F6590444CE14A25B/","s":[{"p":[0,0,0],"r":[0,0,0],"s":[1.250475,0.001,0.7033923],"c":[1,1,1]}]}]}