{"v":6,"a":[7,18],"p":[{"im":"975478639046235565/569EB2E7DACFEDAE8334770E665BF3F5A4A8F3BE/","s":[{"p":[0.02956724,-0.0149026,0.05493617],"r":[0,0,0],"s":[1.152497,0.02392564,1.819474],"c":[1,1,1]}]}]}