{"v":6,"a":[7,18],"p":[{"t":2,"a":[23],"s":[{"p":[-8.123436E-10,-0.009292126,-0.003662884],"r":[0,0,-5.008957E-06],"s":[0.3178151,0.01503607,0.1845159],"c":[0.2469134,0.5555556,0.3174601]}]},{"b":18,"t":2,"e":"-50%","s":[{"p":[-0.1391089,0.0003168657,0.07325519],"r":[90,-1.001791E-05,0],"s":[0.01192505,0.01192412,0.01192424],"c":[0.8888889,1,0.9142857]}]},{"b":18,"t":2,"e":"-50%","s":[{"p":[0.1337879,-0.01697876,0.07325519],"r":[270,180,0],"s":[0.01193819,0.0119196,0.01191824],"c":[0.8888889,1,0.9142857]}]},{"b":4,"t":2,"a":[12],"s":[{"p":[-0.009142162,-0.00417684,-0.1267505],"r":[0,180,5.008957E-06],"s":[0.04609403,0.03793297,0.03319812],"c":[0.5555556,1,0.6571429],"b":["when starts then trail start"]}]}]}