{"v":6,"a":[24],"bod":{"al": {"i":"5b6350dc92a6f84ac0a7c454","p":[-0.02025953,-0.04497103,-0.06954251],"r":[321.8059,278.5867,171.9032]},"ar": {"i":"5b6350bb4cf0ff4accef5924","p":[0.1225197,-0.02972518,-0.4505789],"r":[275.8098,40.03845,121.595]},"lt": {"i":"5b6343a1e462d34b9b1b9cbf","p":[0.0008076383,-0.03176224,0.08797185],"r":[275.499,178.7683,0.4440566]}},"p":[{"b":57,"s":[{"p":[0,0,0],"r":[0,0,0],"s":[0.07887369,0.8955851,0.07891495],"c":[0.5333333,0,0.6666667]}]},{"b":180,"s":[{"p":[-5.960464E-08,-0.1720019,-1.043081E-07],"r":[0,0,0],"s":[0.07887369,0.001,0.07891495],"c":[0.5333333,0,0.6666667]}]},{"b":180,"s":[{"p":[-6.705523E-08,0.1279981,0],"r":[0,0,0],"s":[0.07887369,0.001,0.07891495],"c":[0,0,0]}]},{"b":5,"s":[{"p":[1.467764E-06,0.1697726,1.490116E-08],"r":[270,90,0],"s":[0.02470085,0.02471137,0.2482804],"c":[1,0.8253968,0.4444443]}]}]}