{"v":6,"a":[7,18],"p":[{"im":"948457214377759210/039816EDF18076AF9673CE50D861022353E4B308/","s":[{"p":[0,0,0],"r":[0,0,0],"s":[0.4396881,0.004693619,0.5798188],"c":[1,1,1]}]}]}