{"n":"wall 1x1","v":6,"a":[7,32],"p":[{"s":[{"p":[0,0,0],"r":[0,0,0],"s":[0.001,1.000193,1.000664],"c":[1,1,1]}]}]}