{"v":6,"p":[{"b":5,"s":[{"p":[0,0,0],"r":[0,0,0],"s":[0.09258206,0.08742765,0.2488642],"c":[0,0,0]}]},{"b":3,"s":[{"p":[-0.001082739,0.03684661,-0.1026686],"r":[1.00416,2.607306,270.0636],"s":[0.1991194,0.216518,0.001000003],"c":[0,0,0]}]}]}