{"n":"pelit","v":6,"a":[31],"p":[{"b":9,"t":1,"s":[{"p":[0,0,0],"r":[0,0,0],"s":[0.008259922,0.008259818,0.008259848],"c":[0.4444443,0.4444443,0.4444443]}]}]}