{"v":6,"a":[7],"p":[{"s":[{"p":[0,0,0],"r":[0,0,0],"s":[3.334237,16.79874,0.2616246],"c":[1,1,1]}]},{"b":10,"t":3,"s":[{"p":[-0.7952924,5.609581,2.028793],"r":[270,2.683762E-06,0],"s":[0.1250134,0.1250071,0.1250157],"c":[1,1,1]}]}]}