{"v":6,"p":[{"b":99,"e":"WC","s":[{"p":[0,0,0],"r":[0,0,0],"s":[0.04807727,0.04807704,0.04807726],"c":[1,1,1]}]}]}