{"v":6,"a":[1,7,18],"p":[{"t1":22,"s":[{"p":[0,0,0],"r":[0,0,0],"s":[36.70499,3.048823,0.175422],"c":[0,0,0],"t1":{"c":[0.9968254,0.8888889,1],"x":0.01884739,"y":0.17,"a":0.69625,"m":0.5,"n":0.5,"r":0,"g":0,"o":0.5,"t":0.5,"e":0.5}}]}]}