{"v":6,"a":[7],"p":[{"b":23,"e":"WAITING ROOM","s":[{"p":[0,0,0],"r":[0,0,0],"s":[0.02540513,0.02539015,0.02540222],"c":[1,1,1]}]}]}