{"n":"marknine","v":6,"a":[48],"p":[{"s":[{"p":[0,0,0],"r":[0,0,0],"s":[0.1750009,0.175,0.175001],"c":[1,1,1]}]}]}