{"v":6,"a":[1,7,18],"p":[{"t1":77,"s":[{"p":[0,0,0],"r":[0,0,0],"s":[25.30332,2.616686,0.1750554],"c":[0.7777778,0.3999997,0],"t1":{"c":[0,0,0],"x":0.6335945,"y":0.06546402,"a":0.8925,"m":0,"n":0.0707469,"r":0,"g":0,"o":0.5,"t":0.5,"e":0.5}}]}]}