{"v":6,"a":[1,7,13,45],"p":[{"b":74,"s":[{"p":[0,0,0],"r":[0,0,0],"s":[0.1263981,0.07501092,0.1002789],"c":[1,1,1]}]}]}