{"v":6,"a":[22],"p":[{"b":17,"s":[{"p":[0,0,0],"r":[0,0,0],"s":[2.900346,0.1206809,2.717708],"c":[0.9873015,1,0.5555556]}]}]}