{"n":"markfour","v":6,"a":[1,7,18,48,49],"p":[{"s":[{"p":[0,0,0],"r":[0,0,0],"s":[0.1750011,0.1750024,0.1750016],"c":[1,1,1]}]}]}