{"v":6,"a":[7],"p":[{"b":5,"t":10,"t1":140,"s":[{"p":[0,0,0],"r":[0,0,0],"s":[0.1886453,0.2338235,0.03253748],"c":[0.7777778,0.7777778,0.7777778],"t1":{"c":[0.4444444,0.4444444,0.4444444],"x":0.5,"y":0.5,"a":0.7686306,"m":0,"n":0,"r":0,"g":0,"o":0.5,"t":0.5,"e":0.5}}]}]}