{"v":6,"p":[{"b":131,"e":"PREPARE SOME\nTRICKY QUESTIONS.\nDON'T WASTE TIME!","s":[{"p":[0,0,0],"r":[0,0,0],"s":[0.003000026,0.003000034,0.00300004],"c":[1,1,1]}]}]}