{"v":6,"a":[7],"p":[{"b":18,"e":"OFFICE","s":[{"p":[0,0,0],"r":[0,0,0],"s":[0.02276386,0.02276303,0.02275847],"c":[0.7777778,1,0.9809523]}]}]}