{"v":6,"a":[21],"p":[{"b":73,"s":[{"p":[0,0,0],"r":[-6.830188E-06,1.707548E-06,-5.976415E-06],"s":[0.2841316,0.2841315,0.2841319],"c":[1,0.895238,0.6666666]}]},{"b":66,"s":[{"p":[0.03886909,0.04208376,-0.10888],"r":[46.74429,352.1342,292.7247],"s":[0.06066283,0.07323052,0.04915309],"c":[1,1,1]}]},{"b":3,"s":[{"p":[0.04139832,0.1409482,-0.02191932],"r":[335.1742,336.8339,348.91],"s":[0.03442737,0.004114921,0.06254078],"c":[1,1,1]}]},{"b":3,"s":[{"p":[-0.049962,0.1187294,-0.06622283],"r":[335.7766,329.9727,25.1451],"s":[0.03442736,0.004114917,0.06254075],"c":[1,1,1]}]}]}