{"v":6,"p":[{"b":16,"s":[{"p":[0,0,0],"r":[1.600833E-07,-3.622702E-06,2.283845E-05],"s":[0.02967632,0.097068,0.02967636],"c":[0.2222218,0.2222218,0.2222218]}]},{"b":50,"t":1,"s":[{"p":[-0.01737417,0.06222573,-0.02821974],"r":[280.5612,28.4119,267.8276],"s":[0.03926105,0.038093,0.08032501],"c":[0.7777778,0.7777778,0.7777778]}]},{"b":14,"t":1,"s":[{"p":[-0.0230252,0.009081454,-0.03799391],"r":[6.400703,214.1518,359.2508],"s":[0.01328573,0.01566498,0.001000002],"c":[0.7777778,0.7777778,0.7777778]}]},{"b":2,"t":1,"s":[{"p":[-0.02953106,0.02259406,-0.04452265],"r":[41.38843,43.50527,177.5194],"s":[0.005915807,0.00283127,0.01319619],"c":[0.7777778,0.7777778,0.7777778]}]}]}