{"v":6,"p":[{"b":13,"t1":43,"s":[{"p":[0.002425151,-0.002226168,0.002818482],"r":[359.5497,359.5703,0.1783147],"s":[0.3310227,0.06000031,0.07731306],"c":[0.7777778,0.7530864,0.6049383],"t1":{"c":[0.6666667,0.6666667,0.6666667],"x":0.5,"y":0.5,"a":0.8925,"m":0,"n":0,"r":0,"g":0,"o":0.5,"t":0.5,"e":0.5}}]},{"b":119,"e":"TURBO TIME\n GUN RANGE","t1":43,"s":[{"p":[-0.2151574,0.09722163,0.140198],"r":[88.80908,216.9602,216.6311],"s":[0.00575168,0.005751661,0.005751682],"c":[0,0,0],"t1":{"c":[0.7629629,0.7777778,0.2592592],"x":0.5,"y":0.5,"a":0.8925,"m":0,"n":0,"r":0,"g":0,"o":0.5,"t":0.5,"e":0.5}}]}]}