{"v":6,"a":[31,32],"p":[{"b":73,"t":19,"s":[{"p":[0,0,0],"r":[0,0,4.268868E-07],"s":[0.04592833,0.04592822,0.04592822],"c":[1,0,0],"b":["when starts then trail start with 10s"]}]}]}