{"n":"gun","v":6,"a":[1,2,3,14],"inc":[["right hand","5979550b2687792f105defe5"]],"tp_d": 0.1,"p":[{"a":[23],"s":[{"p":[0.1312247,0.01567733,0.09121508],"r":[359.4796,355.7907,3.663209],"s":[0.2981976,0.06538631,0.0653863],"c":[0.111111,0.9238093,1],"b":["when triggered then emit gravity-free right hand"]},{"p":[0.1312247,0.01567733,0.09121508],"r":[359.4796,355.7907,3.66321],"s":[0.2981976,0.06538631,0.0653863],"c":[0.111111,0.9238093,1]}]},{"a":[23],"s":[{"p":[0.1905365,0.03037477,0.100735],"r":[2.201726,354.8576,6.361546],"s":[0.1750003,0.1035255,0.09077598],"c":[0.5174606,0.111111,1],"b":["when triggered then emit gravity-free right hand with 1%"]}]},{"s":[{"p":[0.01772735,-0.004061156,0.01519777],"r":[356.4888,358.8983,18.32821],"s":[0.04347537,0.04529459,0.1136246],"c":[0.6666666,0.9142855,1]}]}]}