{"n":"videomain","v":6,"a":[1,7,18],"p":[{"b":13,"t":1,"a":[23],"s":[{"p":[-1.013291,-1.865479,-0.5094807],"r":[0,0,180],"s":[0.659673,0.08270038,0.6592404],"c":[0.0888887,0.7777778,0],"b":["ZETAPHOR"]}]},{"t":1,"s":[{"p":[-1.010688,-1.730439,-0.488353],"r":[0,0,2.049056E-05],"s":[1.837878,0.04719681,1.097153],"c":[0.111111,0.111111,0.111111]}]}]}