{"v":6,"p":[{"b":3,"s":[{"p":[0,0,0],"r":[0,0,1.707547E-06],"s":[0.1250001,0.125,0.125],"c":[1,1,1]}]},{"b":3,"s":[{"p":[-0.006041488,0.008801874,-0.009181264],"r":[5.797952,25.74422,349.9342],"s":[0.1250002,0.1250001,0.1250001],"c":[1,1,1]}]}]}