{"v":6,"a":[7,18],"p":[{"t":9,"a":[1],"s":[{"p":[0,0,0],"r":[0,0,0],"s":[1.361986,0.005734867,0.8552481],"c":[0.2222221,0.2222221,0.2222221]}]},{"s":[{"p":[0.002105236,-0.000446797,0.000895381],"r":[-8.964187E-08,-8.964184E-08,270],"s":[0.006323864,1.378045,0.8746368],"c":[0.111111,0.111111,0.111111]}]}]}