{"v":6,"a":[48],"p":[{"b":73,"t":3,"s":[{"p":[0,0,0],"r":[0,0,1.033867E-07],"s":[0.2250001,0.2250001,0.2250002],"c":[0.1142857,0,1]}]}]}