{"v":6,"a":[7,18],"p":[{"t":2,"s":[{"p":[0,0.9712672,-1.698218E-07],"r":[-1.001791E-05,-8.75794E-13,1.001791E-05],"s":[0.1750536,0.1750124,0.1750533],"c":[1,1,1],"b":["when touches hand then tell any k"]},{"p":[0,0,0],"r":[0,0,0],"s":[0.1750196,0.1750059,0.1750186],"c":[1,1,1]}]}]}