{"v":6,"p":[{"b":10,"s":[{"p":[0,0,0],"r":[0,0,0],"s":[0.04446687,0.03864048,0.08506005],"c":[0.5555556,0.5555556,0.5555556]}]},{"b":10,"s":[{"p":[0.005938736,0.01162896,-0.06043674],"r":[66.3824,310.1371,32.65412],"s":[0.02458027,0.02313237,0.05920792],"c":[0.5555556,0.5555556,0.5555556]}]},{"b":10,"t":1,"s":[{"p":[0.01820543,0.06009179,-0.06442267],"r":[1.063331,2.904432,347.0449],"s":[0.01004784,0.02641652,0.01775129],"c":[0,0,0]}]}]}