{"v":6,"a":[27,31],"p":[{"b":17,"s":[{"p":[0,0,0],"r":[0,0,0],"s":[0.00168444,0.00168444,0.00168444],"c":[1,1,1]}]},{"b":9,"a":[12],"s":[{"p":[0.01548324,0.004224448,-0.005944975],"r":[349.8386,2.338267,20.07587],"s":[0.04934147,0.04934137,0.04934147],"c":[1,1,1]}]}]}