{"n":"button","v":6,"p":[{"b":86,"s":[{"p":[0,0,0],"r":[0,0,0],"s":[0.0135746,0.007464201,0.009153072],"c":[1,0,0],"b":["when touches hand then tell any button"]}]}]}