{"n":"front desk","v":6,"a":[7,13,18,23],"p":[{"b":31,"s":[{"p":[0,0,0],"r":[0,0,0],"s":[0.9757205,1.991311,0.9757615],"c":[0.3333332,0.2518517,0.07407395]}]},{"b":31,"s":[{"p":[-1.192093E-07,-1.703267E-07,-0.9741551],"r":[0,270,1.001791E-05],"s":[0.9757221,2.00874,0.975764],"c":[0.3333332,0.2518517,0.07407392]}]}]}