{"v":6,"p":[{"s":[{"p":[0,0,0],"r":[-4.268868E-06,6.361108E-14,-1.707547E-06],"s":[0.1750002,0.1750001,0.1750001],"c":[1,1,1]}]}]}