{"v":6,"a":[7],"p":[{"s":[{"p":[0,0,0],"r":[0,0,0],"s":[0.1211569,0.1162958,0.07168141],"c":[1,1,1]}]},{"s":[{"p":[-0.02427042,-0.01598977,0.06767049],"r":[-3.415095E-06,0,180],"s":[0.01002169,0.002418632,0.01226368],"c":[1,1,1]}]}]}