{"n":"door frame","v":6,"a":[7,13,18],"p":[{"s":[{"p":[-0.6618034,-4.553236E-06,0.003644467],"r":[9.7528E-13,5.008957E-06,-3.642466E-06],"s":[0.02077889,0.08005723,2.26932],"c":[0.2222219,0.2222219,0.2222219]}]},{"s":[{"p":[-0.3172894,-0.001283169,1.129791],"r":[9.7528E-13,5.008957E-06,-3.642466E-06],"s":[0.7079799,0.08506271,0.02257955],"c":[0.2222219,0.2222219,0.2222219]}]},{"s":[{"p":[0.0005300049,0.001638889,0.004351974],"r":[0,0,-8.537737E-06],"s":[0.07224755,0.07763234,2.269596],"c":[0.2222219,0.2222219,0.2222219]}]}]}