{"n":"basketball","v":6,"a":[2,9],"p":[{"b":10,"s":[{"p":[0,0,0],"r":[0,0,8.537737E-07],"s":[0.1250003,0.1250002,0.1250003],"c":[1,0.6857142,0]}]}]}