{"n":"light wand","v":6,"a":[2,3,7,14,31],"inc":[["light orb","5b6df42fc3f7be2dfaff72e5"],["light orb 2","5b6df560adf7c062ba6ba23e"]],"p":[{"b":9,"s":[{"p":[0.004268156,-0.07766593,1.066619],"r":[0,0,0],"s":[0.1250131,0.1250061,0.125007],"c":[0.4444443,0.4444443,0.4444443],"b":["when triggered then emit light orb 2 with 0"]}]},{"b":5,"s":[{"p":[0.0099573,-0.07446533,0.507016],"r":[0,0,0],"s":[0.01791696,0.0179303,1.14745],"c":[0,0,0]}]}]}