{"n":"magic spell","v":6,"a":[2,7,15],"p":[{"b":17,"t":3,"s":[{"p":[0,0,0],"r":[-3.415095E-06,1.017778E-13,-3.415095E-06],"s":[0.01398709,0.01398708,0.01398711],"c":[0.5555556,1,0.6571429]}]}]}