{"n":"wand a","v":6,"a":[2,3,7,14,18,31],"inc":[["magic spell","5b6de99f9d359a52453736ca"]],"p":[{"b":15,"s":[{"p":[-0.0005587344,-0.001772881,-0.2380171],"r":[0,0,89.99999],"s":[0.008706556,0.008703624,0.008706134],"c":[0.3333332,0.2285713,0]}]},{"b":5,"s":[{"p":[1.1886E-07,-0.001317501,0],"r":[0,0,0],"s":[0.003681657,0.003681864,0.6162324],"c":[0.222222,0.1523808,0],"b":["when triggered then emit gravity-free magic spell"]}]}]}