{"v":6,"inc":[["thing","5b6e7221f400b204a0f6c913"]],"p":[{"b":15,"a":[31],"i":[{"t":"5b6e73fe1a2ee262b419a7e9","p":[-0.1675379,-0.08476403,-0.2474231],"r":[2.085118,178.3224,247.0925]},{"t":"5b6e79f7f475972dfb150895","p":[-0.3232764,-0.1482099,-0.03018343],"r":[358.0666,356.6072,201.4934]}],"s":[{"p":[0,0,0],"r":[0,0,0],"s":[0.008029228,0.008037883,0.02259822],"c":[1,0,0],"b":["when starts then emit gravity-free thing with 1, become 2 in .1s"]},{"p":[0,0,0],"r":[0,0,0],"s":[0.008029228,0.008037883,0.02259822],"c":[1,0.6857142,0],"b":["when starts then become 1 in .1s"]}]}]}