{"v":6,"a":[7,12,31],"p":[{"s":[{"p":[0,0,0],"r":[0,0,0],"s":[0.08241139,0.06858473,0.1713204],"c":[0.4444443,0.4444443,0.4444443]}]},{"b":5,"s":[{"p":[-0.0009462759,0.03834581,0.01845598],"r":[90,180,0],"s":[0.01297535,0.0129851,0.01298104],"c":[1,0,0]}]}]}