{"v":6,"p":[{"t":7,"a":[1],"s":[{"p":[0,0,0],"r":[0,0,0],"s":[0.5069493,0.001,0.3129738],"c":[0,0.3333332,0.3333332],"b":["when touches hand then show web www.google.com"]}]}]}