{"v":6,"a":[31],"p":[{"b":4,"s":[{"p":[0,0,0],"r":[0,0,8.537737E-07],"s":[0.009122033,0.009121884,0.009121994],"c":[0,0,0]}]}]}