{"v":6,"a":[2,3],"p":[{"b":172,"t":1,"s":[{"p":[0,0,0],"r":[0,0,2.668042E-08],"s":[0.02009342,0.01878216,0.02598469],"c":[0.8691358,0.8888889,0.1975307]}]},{"b":18,"e":"200","s":[{"p":[-0.02026393,0.03162524,0.01136712],"r":[87.28964,320.5611,323.5328],"s":[0.003000013,0.003000014,0.003000021],"c":[1,1,1]}]}]}