{"v":6,"a":[2,3],"p":[{"b":11,"s":[{"p":[-0.008322404,-0.006532982,-0.2306939],"r":[46.06697,1.470991,0.9000403],"s":[0.04389024,0.03020463,0.02724553],"c":[0.3333332,0.2857142,0]}]},{"b":14,"s":[{"p":[-0.0004066294,-0.02252092,-0.01138909],"r":[5.531387,2.587825,1.624356],"s":[0.06000018,0.01630735,0.08322085],"c":[0.3333332,0.2857142,0]}]},{"b":5,"s":[{"p":[-0.0119676,0.001538664,-0.2739498],"r":[0.4986414,2.008991,316.4466],"s":[0.01996617,0.01912616,0.1250007],"c":[0.3333332,0.2857142,0]}]}]}