{"v":6,"a":[2,3],"p":[{"b":62,"t":18,"pr":1,"s":[{"p":[0,0,0],"r":[0,0,0],"s":[0.06585262,0.06393892,0.1250003],"c":[0,1,0.2285714],"pr":{"c":[0,1,0.2285715],"m":0.25,"a":0.25,"s":0.15,"z":0.25,"g":0.5,"h":0.25}}]},{"b":18,"e":"20","pr":1,"s":[{"p":[0.000274444,0.01788525,0.02068491],"r":[1.864149,261.7055,269.0394],"s":[0.00300001,0.003000003,0.003000013],"c":[1,1,1],"pr":{"c":[0,0,0],"m":0.25,"a":0.25,"s":0.15,"z":0.25,"g":0.5,"h":0.25}}]}]}