{"v":6,"p":[{"b":18,"e":"WHEN ANY STATE STARTS THEN BECOME NEXT IN .2S","s":[{"p":[0,0,0],"r":[0,0,0],"s":[0.007724127,0.007724069,0.007724119],"c":[0,0,0]}]},{"s":[{"p":[0.8978814,-0.06105419,0.1339602],"r":[272.7328,176.0893,184.0029],"s":[2.47658,0.1750011,0.1750009],"c":[1,1,1]}]},{"b":18,"e":"PUT IN STATE 1","s":[{"p":[-0.1185391,0.01917007,0.02604164],"r":[0.596365,359.4531,359.3919],"s":[0.003645096,0.003645037,0.003645095],"c":[0,0,0]}]}]}