{"v":6,"p":[{"b":147,"t":10,"t1":13,"s":[{"p":[0.001956455,0.001488499,-0.0009959515],"r":[359.8659,0.1460425,0.5845837],"s":[0.2821878,0.009021464,0.008878892],"c":[0,0,0],"t1":{"c":[0,0,0],"x":0.17,"y":0.17,"a":0.8925,"m":0.5,"n":0.5,"r":0,"g":0,"o":0.5,"t":0.5,"e":0.5}}]},{"b":147,"t":10,"t1":13,"s":[{"p":[-0.06430507,-0.04153533,-0.02660051],"r":[21.49986,44.41376,292.6313],"s":[0.1029429,0.009021445,0.008878905],"c":[0,0,0],"t1":{"c":[0,0,0],"x":0.17,"y":0.17,"a":0.8925,"m":0.5,"n":0.5,"r":0,"g":0,"o":0.5,"t":0.5,"e":0.5}}]}]}