{"v":6,"p":[{"b":6,"s":[{"p":[0,0,0],"r":[0,0,0],"s":[0.1250001,0.1250003,0.1250003],"c":[1,1,1],"b":["when told 0 then become 2 in 1s"]},{"p":[0,0,0],"r":[0,0,0],"s":[0.1250001,0.1250003,0.1250003],"c":[1,1,1],"b":["when told 0 then become 2 in 1s"]}]},{"b":14,"s":[{"p":[0.02878098,-0.004065052,-0.1888612],"r":[4.70272,350.0785,349.1548],"s":[0.05999998,0.06000001,0.06000004],"c":[1,1,1],"b":["when triggered then tell nearby 0"]}]}]}