{"v":6,"p":[{"s":[{"p":[0,0,0],"r":[0,0,0],"s":[0.225431,0.06489279,0.08936941],"c":[0,0,0]}]},{"b":3,"s":[{"p":[-0.009644521,0.09076956,-0.004242085],"r":[351.7196,358.874,278.3995],"s":[0.1250013,0.1735956,0.1602063],"c":[0.7777778,0.7234568,0.6049383]}]}]}