{"v":6,"a":[22,18],"p":[{"s":[{"p":[0,0,0],"r":[0,0,0],"s":[35.1562,28.50462,0.005],"c":[0.7629629,0.2592591,0.7777778]}]}]}