{"n":"shield","v":6,"a":[2],"p":[{"b":45,"t":15,"s":[{"p":[0,0,0],"r":[0,0,0],"s":[0.4364342,1.530379,0.4751617],"c":[0,1,0.3999999]}]},{"b":42,"t":15,"s":[{"p":[-0.06611253,0.3602054,-0.004995987],"r":[272.0558,321.2538,221.7102],"s":[0.1714784,0.08888812,0.2478248],"c":[0,1,0.3999998]}]}]}