{"v":6,"a":[2,15],"p":[{"b":17,"t":3,"s":[{"p":[0,0,0],"r":[0,0,0],"s":[0.007503701,0.01105015,0.01433097],"c":[1,0,0]}]}]}