{"v":6,"a":[7,18],"p":[{"t1":156,"s":[{"p":[0,0,0],"r":[0,0,0],"s":[45.71515,43.51666,0.2456391],"c":[1,1,1],"t1":{"c":[1,1,1],"x":0.009969711,"y":0.01010299,"a":1,"m":0,"n":0.4795719,"r":0,"g":0.5447168,"o":0.5,"t":0.5,"e":0.5}}]}]}