{"v":6,"p":[{"b":18,"e":"BIRD","s":[{"p":[0,0,0],"r":[0,0,0],"s":[0.03916318,0.03916313,0.03916317],"c":[0,0,0]}]}]}