{"v":6,"p":[{"b":62,"s":[{"p":[0,0,0],"r":[0,0,0],"s":[0.125,0.1250001,0.1250001],"c":[0,0,0],"b":["when starts then become 2 in 1s"]},{"p":[0,0,0],"r":[0,0,0],"s":[0.001,0.1250001,0.1250001],"c":[0,1,1],"b":["when starts then become 1 in 0.2s"]}]}]}