{"n":"r-fit2","v":6,"a":[7,18],"p":[{"s":[{"p":[0,0,0],"r":[0,0,0],"s":[0.232815,0.001000025,0.2328105],"c":[1,0,0]}]}]}