{"v":6,"a":[31],"p":[{"s":[{"p":[0,0,0],"r":[0,0,0],"s":[0.3689419,0.09088073,0.08441257],"c":[0.111111,0.01904762,0]}]},{"b":3,"s":[{"p":[-0.1273426,0.03696189,0.000122197],"r":[18.21577,347.4344,339.1338],"s":[0.01946327,0.01946395,0.01946376],"c":[1,0.1714284,0],"b":["when touched then show video controls"]}]}]}