{"v":6,"p":[{"b":14,"s":[{"p":[-0.5323874,-0.5768732,0.03797038],"r":[9.965632,6.789703,332.9942],"s":[0.03425021,0.001000001,0.06000011],"c":[1,1,1]}]},{"b":14,"s":[{"p":[-0.5711644,-0.5440769,-0.07718959],"r":[351.2403,331.1686,315.4512],"s":[0.0342502,0.001000001,0.02388438],"c":[1,1,1]}]},{"b":14,"s":[{"p":[-0.5230848,-0.5818001,-0.09839679],"r":[35.98063,43.23957,345.69],"s":[0.0342502,0.001000001,0.02388438],"c":[1,1,1]}]},{"b":136,"e":"PRESS FOR SWORD SPAWNING","s":[{"p":[-0.5660747,-0.5804176,0.2632701],"r":[47.53934,257.4297,274.3663],"s":[0.003,0.003,0.003000001],"c":[1,1,1]}]}]}