{"n":"cafe 80s card","v":6,"a":[1,2,7,14],"p":[{"im":"88220420649610711/1A5D06F3041940D90FFD13AD8D26B083353C0DE8/","s":[{"p":[0,0,0],"r":[0,0,0],"s":[1.059394,0.01000292,0.7368177],"c":[1,1,1]}]}]}