{"v":6,"a":[22],"p":[{"b":11,"s":[{"p":[0,0,0],"r":[0,0,0],"s":[0.2212004,0.04885469,0.04504876],"c":[0.4444441,0.3358021,0.09876516]}]}]}