{"v":6,"a":[2,3],"p":[{"b":5,"s":[{"p":[0,0,0],"r":[0,0,0],"s":[0.007829325,0.007812151,0.1250002],"c":[1,1,1]}]},{"b":73,"s":[{"p":[-0.005173863,0.007972509,-0.04245509],"r":[18.94715,0.4446007,348.3051],"s":[0.02570647,0.02570624,0.02570635],"c":[1,1,1]}]},{"b":73,"s":[{"p":[0.006700103,-0.002789285,-0.0451754],"r":[24.40847,5.150918,11.8929],"s":[0.02570644,0.02570622,0.02570634],"c":[1,1,1]}]},{"b":3,"t1":13,"s":[{"p":[-0.004698919,-0.006723493,0.07666647],"r":[0.1346254,358.5558,1.167269],"s":[0.03651965,0.03948284,0.06814583],"c":[0.4444443,0.3047618,0],"b":["when consumed then destroy all parts","when consumed then play splat crunch hit"],"t1":{"c":[0,0,0],"x":0.17,"y":0.17,"a":0.8925,"m":0.5,"n":0.5,"r":0,"g":0,"o":0.5,"t":0.5,"e":0.5}}]}]}