{"v":6,"a":[7],"p":[{"b":5,"t1":43,"s":[{"p":[-0.06233406,-0.1356641,0.04974841],"r":[90,0,0],"s":[0.009169559,0.008119676,0.1440027],"c":[0,0,0],"t1":{"c":[1,0.8730159,0.1111111],"x":0.5,"y":0.5,"a":0.8925,"m":0,"n":0,"r":0,"g":0,"o":0.5,"t":0.5,"e":0.5}}]},{"b":10,"t1":43,"s":[{"p":[-0.02362728,-0.07143959,0.0560236],"r":[0,0,0],"s":[0.0921988,0.02090486,0.01800014],"c":[0,0,0],"t1":{"c":[1,0.8730159,0.1111111],"x":0.5,"y":0.5,"a":0.8925,"m":0,"n":0,"r":0,"g":0,"o":0.5,"t":0.5,"e":0.5}}]},{"b":10,"t1":43,"s":[{"p":[-0.02093506,-0.211163,0.05428503],"r":[0,0,0],"s":[0.0922088,0.02090883,0.01800177],"c":[0,0,0],"t1":{"c":[1,0.8730159,0.1111111],"x":0.5,"y":0.5,"a":0.8925,"m":0,"n":0,"r":0,"g":0,"o":0.5,"t":0.5,"e":0.5}}]}]}