{"n":"button","v":6,"a":[7,18],"p":[{"s":[{"p":[0.003001213,-0.01299953,-0.01199996],"r":[0,0,0],"s":[0.03396527,0.001000033,0.0139618],"c":[0.3333332,0.3333332,0.3333332]}]},{"b":123,"e":"COOKIE","s":[{"p":[-0.009481432,-0.01242161,-0.007277727],"r":[90,-9.659345E-06,0],"s":[0.001000088,0.001000029,0.001000082],"c":[0,0.7428566,1]}]}]}