{"v":6,"a":[7],"p":[{"b":142,"e":"EQUIPT HEAD FOR WARRIOR CLASS LVL1-10","s":[{"p":[0,0,0],"r":[0,0,0],"s":[0.009928512,0.009928051,0.009928701],"c":[1,1,1]}]}]}