{"n":"building marker","v":6,"a":[7],"p":[{"b":14,"t1":15,"s":[{"p":[0,0,0],"r":[0,0,0],"s":[0.008836089,0.01320383,0.06003422],"c":[0,0,0],"t1":{"c":[0,0,0],"x":0.17,"y":0.17,"a":0.8925,"m":0.5,"n":0.5,"r":0,"g":0,"o":0.5,"t":0.5,"e":0.5}}]},{"b":14,"s":[{"p":[-0.0004082024,-0.1932507,0.1881943],"r":[90,270,0],"s":[0.01103999,0.01092933,0.06227394],"c":[0,0,0]}]},{"b":14,"s":[{"p":[-0.00212267,-0.1920891,0.1910217],"r":[90,270,0],"s":[0.01104015,0.01092953,0.06227518],"c":[0,0,0]}]},{"b":14,"s":[{"p":[0.191946,-0.0003853142,0.186841],"r":[9.748988E-06,90.00001,180],"s":[0.01104417,0.01093245,0.06228679],"c":[0,0,0]}]}]}