{"n":"r2build","v":6,"p":[{"s":[{"p":[0,0,0],"r":[0,0,-6.670107E-09],"s":[0.1750001,0.001,0.175],"c":[1,0,0.3428572]}]}]}