{"v":6,"a":[1],"p":[{"t":2,"im":"914668002617041239/9364820E570E337B276C75F88BA1D76951D564A2/","s":[{"p":[0,0,0],"r":[0,0,0],"s":[0.6902565,0.01000001,0.6902565],"c":[1,1,1]}]}]}