{"v":6,"p":[{"s":[{"p":[0,0,0],"r":[0,0,0],"s":[0.7517602,3.311651,0.175002],"c":[0.5555556,0.5255731,0.4938272]}]}]}