{"n":"shoe","v":6,"a":[7,18],"inc":[["bot o light 2","58b8f87d6c89af9309ff88c4"],["spotlight bot","58b8f859e6019b9213167ef7"],["microphone bot","58b8f83abdc26c8d090468c3"],["scrubber bot","58b8f82c0271578613a7f571"],["party light bot","58aa7cf66cf9b083722ab87a"],["bot boomerang 1","58c4ed068a1744da11972405"],["cybersword lemonl1me","593621bb649542fe1368a821"]],"p":[{"b":5,"s":[{"p":[0,0,0],"r":[-4.268881E-07,-1.878302E-05,-7.683963E-06],"s":[0.08834521,0.03863387,0.0351894],"c":[0.6285715,1,0]}]},{"b":3,"s":[{"p":[0.003540039,0.0002441406,0.01477051],"r":[-5.99227E-06,90.00002,180],"s":[0.03386782,0.05147824,0.119094],"c":[0.222222,0.222222,0.222222]}]},{"t1":75,"s":[{"p":[-0.0111084,-0.001464844,0.04321289],"r":[-6.830189E-06,90,90],"s":[0.04285231,0.009422892,0.09278382],"c":[0.111111,0.111111,0.111111],"t1":{"c":[0.6285715,1,0],"x":0.5,"y":0.2550893,"a":1,"m":0,"n":0.06517076,"r":0,"g":0,"o":0.5,"t":0.5,"e":0.5}}]},{"b":5,"s":[{"p":[0.001708984,0.0001220703,-0.007080078],"r":[0,0,0],"s":[0.08482363,0.0354999,0.03519158],"c":[1,1,1]}]}]}