{"n":"pen","v":6,"a":[2,3,12],"inc":[["thing","5b792cfce5ea592d6f0aa067"]],"p":[{"b":5,"s":[{"p":[0,0,0],"r":[5.976416E-06,-8.905553E-14,-1.707547E-06],"s":[0.01333893,0.01165381,0.1890243],"c":[0.07407398,0.3333332,0.311111]}]},{"b":4,"s":[{"p":[0.0119184,0.01794297,0.07507463],"r":[313.2093,113.3109,108.5918],"s":[0.01700664,0.01764222,0.02432881],"c":[0,1,1],"b":["when triggered then trail start with 60s, project","when trigger let go then trail end, project with 0% reach","when touched then emit thing with 10%"]}]}]}