{"n":"y","v":6,"a":[31],"p":[{"b":3,"s":[{"p":[0,0,0],"r":[0,0,8.537735E-07],"s":[0.06903352,0.06903353,0.06903356],"c":[1,1,1]}]}]}