{"v":6,"a":[5,20,21],"p":[{"b":17,"t":9,"s":[{"p":[0,0,0],"r":[0,0,0],"s":[0.6514735,0.6514788,0.6514797],"c":[0.2469135,0.4444443,0.4444443]}]}]}