{"n":"ground","v":6,"a":[1],"p":[{"b":17,"s":[{"p":[0,0,0],"r":[0,0,0],"s":[359.7321,0.001,1407.826],"c":[0.9019608,0.8509804,0.7215686]}]}]}