{"v":6,"a":[1,48,49],"p":[{"b":2,"i":[{"t":"5b7a5df93623147824fe9a70","p":[1.031073,0.7801386,0.07377005],"r":[274.8969,345.7288,176.2815]}],"s":[{"p":[0,0,0],"r":[0,0,0],"s":[0.1250008,0.1250003,0.1250004],"c":[1,1,1],"b":["when any state starts then become unsoftened next in 10s"]},{"p":[0,0,0],"r":[270,0,0],"s":[0.1250111,0.1250684,0.1250594],"c":[1,1,1]},{"p":[0,0,0],"r":[0,180,180],"s":[0.1250127,0.1250754,0.1250685],"c":[1,1,1]},{"p":[0,0,0],"r":[90,1.001791E-05,0],"s":[0.1250131,0.1250772,0.1250705],"c":[1,1,1]}]}]}