{"v":6,"p":[{"b":14,"s":[{"p":[0,0,0],"r":[0,0,0],"s":[0.04168532,0.3413099,0.08183296],"c":[0.7777778,0.2666665,0]}]},{"b":14,"s":[{"p":[-0.7476111,-0.05165011,-0.1629419],"r":[1.338141,90.94122,5.08816],"s":[0.0486345,0.05253653,0.2880516],"c":[0.7777778,0.2666665,0]}]},{"s":[{"p":[-0.4440975,-0.04480115,0.02443341],"r":[4.397107,73.4827,266.0851],"s":[0.02922477,0.3726515,0.02894911],"c":[0.7777778,0.2666665,0]}]},{"s":[{"p":[0.1428925,-0.08238994,-0.00329008],"r":[0.442203,80.33956,358.3982],"s":[0.4063268,0.1750011,0.01791246],"c":[0.7777778,0.2666665,0]}]}]}