{"v":6,"p":[{"im":"950710452465797343/4A6918A314696CE061D08F39D831BE89C390E32A/","s":[{"p":[0,0,0],"r":[0,0,0],"s":[0.8157359,0.0009999998,0.5942447],"c":[1,1,1]}]}]}