{"n":"bgp1","v":6,"a":[2,14,16,31,36,37],"p":[{"b":17,"t":3,"a":[18],"pr":34,"s":[{"p":[0,0,0],"r":[0,0,0],"s":[0.006551113,0.006551072,0.006551122],"c":[1,0,0],"b":["when touched then become next in 0.05s, then play laser fire, then add crumbles","when starts then trail start with 0.1s"],"pr":{"c":[1,0,0],"m":1,"a":1,"s":0,"z":0.2619451,"g":0.5,"h":0.5642838}},{"p":[0,0,0],"r":[0,0,0],"s":[0.02894663,0.02894659,0.02894664],"c":[1,0.5142855,0],"b":["when starts then add crumbles, then become next in 0.05s"],"pr":{"c":[1,0.3428571,0],"m":0.4315492,"a":1,"s":1,"z":0.6013476,"g":0.5,"h":0.5649858}},{"p":[0,0,0],"r":[0,0,0],"s":[0.09191131,0.09191127,0.09191132],"c":[1,0.9682539,0.7777778],"b":["when starts then add crumbles, then become next in 0.01s"],"pr":{"c":[1,0.3428571,0],"m":0.4315492,"a":1,"s":1,"z":0.6013476,"g":0.5,"h":0.5649858}},{"p":[0,0,0],"r":[0,0,0],"s":[0.001,0.001,0.001],"c":[1,0.9682539,0.7777778],"b":["when starts then destroy all parts"],"pr":{"c":[1,0.3428571,0],"m":0.4315492,"a":0,"s":1,"z":0.6013476,"g":0.5,"h":0.5649858}}]}]}