{"v":6,"p":[{"b":60,"t":1,"s":[{"p":[0,0,0],"r":[0,0,0],"s":[2.343626,0.001000001,0.4728794],"c":[0.148148,0.222222,0.3333332]}]}]}