{"v":6,"a":[31],"p":[{"b":56,"t":1,"s":[{"p":[-10.52956,-0.173008,-1.348592],"r":[0,0,1.067217E-06],"s":[15.79782,16.13423,15.80939],"c":[0.5555556,0.5555556,0.5555556]}]}]}