{"v":6,"a":[5,22,20,21,51],"p":[{"b":155,"t":19,"s":[{"p":[-0.772944,-0.5943512,-0.3351291],"r":[2.934184E-06,315,2.934179E-06],"s":[0.7486068,0.8551605,0.6756932],"c":[0.2592592,0.3333332,0.326984]}]},{"b":157,"t":19,"s":[{"p":[0.1831688,-0.2341732,-0.07369226],"r":[6.18423E-06,337.5,7.62568E-07],"s":[1.897089,0.9315237,0.6024825],"c":[0.2592591,0.3333332,0.326984]}]},{"b":154,"t":19,"s":[{"p":[1.100419,-0.6062869,-0.009399831],"r":[1.001791E-05,90.00001,1.628444E-12],"s":[0.4508848,0.6595563,0.4244395],"c":[0.2592592,0.3333332,0.326984]}]},{"b":157,"t":19,"s":[{"p":[-0.05204841,-0.4309732,-0.2461693],"r":[6.18423E-06,337.5,7.62568E-07],"s":[0.8220548,0.4466927,1.168703],"c":[0.2592592,0.3333332,0.326984]}]}]}