{"v":6,"a":[7,18],"p":[{"s":[{"p":[1.136868E-13,4.768372E-07,0.003467321],"r":[0,0,-8.537737E-06],"s":[0.7712707,0.005776746,1.138422],"c":[1,1,1]}]},{"s":[{"p":[-0.0001182561,-0.005034449,0.007153274],"r":[0,0,-5.008957E-06],"s":[0.7209092,0.005080133,1.079525],"c":[0,0,0]}]}]}