{"v":6,"p":[{"b":14,"s":[{"p":[0,0,0],"r":[0,0,0],"s":[0.06000014,0.06000013,0.06000014],"c":[1,1,1]}]},{"b":5,"s":[{"p":[-0.003946166,-0.005123809,-0.07264],"r":[0.04144965,176.0241,89.73644],"s":[0.1666168,0.0818187,0.1250008],"c":[1,1,1]}]},{"b":5,"s":[{"p":[0.01036596,0.01254717,0.1473723],"r":[0.8407157,180.906,93.21016],"s":[0.1019742,0.04584786,0.1250009],"c":[1,1,1]}]}]}