{"v":6,"a":[7],"p":[{"t":2,"a":[1,4],"s":[{"p":[0,0,0],"r":[0,0,0],"s":[9.86449,0.1750005,5.579689],"c":[0,0,0]}]}]}