{"v":6,"p":[{"b":73,"t":3,"s":[{"p":[0,0,0],"r":[0,0,0],"s":[0.1009114,0.1009116,0.1009113],"c":[0.9873015,1,0.5555556]}]}]}