{"n":"gio-wristl","v":6,"p":[{"b":4,"t":2,"a":[12],"s":[{"p":[0.007387269,0.008205328,-0.00555655],"r":[359.6874,356.3926,359.4238],"s":[0.007514975,0.006491466,0.004300664],"c":[1,0,0],"b":["when starts then all parts face nearest gio-shoulderl","when starts then project with 100% reach","when starts then show line with 0.05 width"]}]},{"b":86,"t":1,"a":[3],"s":[{"p":[0.007387304,0.008205304,-0.005556486],"r":[83.24492,277.8351,280.2189],"s":[0.01942234,0.01942235,0.01942231],"c":[0.5555556,0.5555556,0.5555556]}]},{"b":4,"t":2,"a":[37],"s":[{"p":[0.008091392,0.01054971,0.02003467],"r":[0.736576,351.3821,255.631],"s":[0.02682796,0.02682818,0.0268281],"c":[1,0,0]}]}]}