{"n":"small-pill","v":6,"a":[2,7,31],"p":[{"b":69,"pr":2,"s":[{"p":[0,0,0],"r":[0,0,0],"s":[0.01378093,0.01378093,0.01378093],"c":[0.1142857,0,1],"b":["when consumed then resize nearby to 1%, play swallow"],"pr":{"c":[1,1,1],"m":0.25,"a":0.25,"s":0.15,"z":0.25,"g":0.5,"h":0.25}}]}]}