{"v":6,"a":[22],"p":[{"s":[{"p":[0,0,0],"r":[0,0,0],"s":[0.05653297,0.02739537,0.05648924],"c":[1,1,1]}]},{"b":5,"s":[{"p":[0.0004456684,0.030671,-0.009293319],"r":[292.5,180,180],"s":[0.00372751,0.004396867,0.04791575],"c":[1,1,1],"b":["when touches hand then tell nearby plat, become next in .5s"]},{"p":[0.00163651,0.02463317,0.00351739],"r":[292.5,2.689922E-05,-1.566949E-05],"s":[0.003727683,0.004397039,0.04791832],"c":[1,1,1],"b":["when touches hand then become next in .5s"]}]}]}