{"v":6,"a":[7,18],"p":[{"s":[{"p":[0,0,0],"r":[0,0,0],"s":[0.8962494,0.02229838,0.02963674],"c":[0.6285716,0,1]}]}]}