{"n":"grass","v":6,"p":[{"b":172,"s":[{"p":[-16.24401,0.2579332,-0.01049423],"r":[0.4303692,90.35458,92.5331],"s":[0.3543101,0.04500028,0.2918911],"c":[0.1128745,0.2222219,0.09876516]}]}]}