{"v":6,"a":[7,13,18],"p":[{"b":149,"t":11,"a":[18],"pr":5,"t1":10,"s":[{"p":[-3.72529E-09,0,0.04333496],"r":[-5.008957E-06,90,180],"s":[0.06371354,0.01764425,0.01577916],"c":[0.6666667,0.6666667,0.6666667],"b":["when starts then become next in 5s","when starts then play gun sizzle cooldown with high-pitch 200"],"t1":{"c":[1,0.8888889,0.2222221],"a":0.7189941},"pr":{"c":[1,1,1],"m":1,"a":0.324707,"s":0,"z":0.5605469,"g":0.5183105,"h":0.25}},{"p":[-3.72529E-09,0,0.04333496],"r":[-5.008958E-06,90,180],"s":[0.06371354,0.01764425,0.01577916],"c":[0.6666667,0.6666667,0.6666667],"b":["when starts then destroy all parts"],"t1":{"c":[1,0.8888889,0.2222221],"a":0.7189941},"pr":{"c":[1,1,1],"m":1,"a":0.324707,"s":0,"z":0.5605469,"g":0.5183105,"h":0.25}}]},{"b":4,"a":[12],"s":[{"p":[0,0,0],"r":[0,0,0],"s":[0.01115506,0.01775863,0.006135167],"c":[1,1,1]}]}]}