{"v":6,"p":[{"b":5,"s":[{"p":[0,0,0],"r":[0,0,0],"s":[0.01339791,0.01253409,1.040194],"c":[0,0,0]}]},{"b":8,"s":[{"p":[0.004256666,5.507469E-05,0.458379],"r":[1.961977,4.780314,266.2051],"s":[0.05339909,0.05089863,0.03968585],"c":[0,0.111111,0.02539684]}]},{"b":87,"s":[{"p":[0.09091438,0.04536194,0.5374889],"r":[24.45441,252.0777,351.1421],"s":[0.2778649,0.001000005,0.2182339],"c":[0,0,0]}]},{"b":87,"s":[{"p":[-0.05344045,-0.01950967,0.4590008],"r":[340.6833,79.50867,184.3505],"s":[0.1007211,0.001000008,0.1107543],"c":[0.1975307,0.222222,0.2031745]}]}]}