{"v":6,"a":[22,31],"p":[{"s":[{"p":[0,0,0],"r":[0,0,0],"s":[1.973739,1.127893,0.03058264],"c":[0.3333332,0.3333332,0.3333332]}]},{"b":9,"t":3,"s":[{"p":[-0.01688838,-0.1169982,0.7084248],"r":[0,0,0],"s":[0.04842202,0.04842184,0.04842353],"c":[1,1,1]}]}]}