{"v":6,"p":[{"b":9,"s":[{"p":[-0.6884615,-0.7405228,-0.3823059],"r":[43.88773,317.1897,277.7484],"s":[0.810298,0.7709841,0.8616589],"c":[0.9714286,1,0]}]}]}