{"v":6,"p":[{"b":4,"t":4,"a":[12],"s":[{"p":[0,0,0],"r":[0,0,0],"s":[0.7859243,0.1919624,0.1250005],"c":[1,1,1]},{"p":[0,0,0],"r":[0,0,0],"s":[0.7859243,0.1919624,0.1250005],"c":[1,1,1],"b":["when starts then set light intensity 0","when starts then become untweened 1 in .5"]}]}]}