{"n":"cave ","v":6,"a":[22],"p":[{"s":[{"p":[0,0,0],"r":[0,0,0],"s":[17.54675,0.7945638,22.18912],"c":[0.3333327,0.3333327,0.3333327]}]}]}