{"v":6,"a":[22,13],"p":[{"b":152,"s":[{"p":[1.778154,0.3562603,-0.9661885],"r":[270,45.00003,0],"s":[0.02082957,0.008494671,0.01637715],"c":[1,1,1],"b":["when touches hand then tell opz"]}]},{"b":57,"t":7,"a":[36],"s":[{"p":[0,0,0],"r":[0,0,-2.035555E-13],"s":[0.4368601,11.42543,0.4368582],"c":[0.8888889,0.8888889,0.8888889],"b":["when told opz then become next in 0.2s"]},{"p":[-0.01801466,-0.506875,0.00800462],"r":[-1.001791E-05,8.757937E-13,-1.001791E-05],"s":[0.4368594,1.109472,0.4368573],"c":[0.8888889,0.8888889,0.8888889],"b":["when told opz then become next in 0.2s"]}]},{"b":161,"t":9,"s":[{"p":[0.01109648,2.271592,-0.01970725],"r":[90,157.5,0],"s":[0.412567,0.4125851,0.01116989],"c":[1,0.6857142,0]}]}]}