{"v":6,"p":[{"b":5,"s":[{"p":[0,0,0],"r":[0,0,0],"s":[0.001000003,0.03275626,0.5529693],"c":[1,0.3428571,0]}]},{"b":5,"s":[{"p":[-0.003176428,0.1851277,0.1399691],"r":[72.88246,358.1419,2.118495],"s":[0.001000004,0.03275627,0.5529696],"c":[1,0.3428571,0]}]},{"b":11,"s":[{"p":[-0.02909714,0.001921088,-0.4060812],"r":[358.5191,10.66075,101.2947],"s":[0.02321755,0.004834789,0.1862594],"c":[1,0.6857142,0]}]},{"b":11,"s":[{"p":[-0.03706329,0.5593656,0.04229417],"r":[72.38287,44.83677,133.2691],"s":[0.02321754,0.004834788,0.1862594],"c":[1,0.6857142,0]}]}]}