{"n":"boolet","v":6,"a":[2,22,12,15,31],"p":[{"b":4,"s":[{"p":[0,0,0],"r":[0,0,1.707547E-06],"s":[0.01389326,0.01389669,0.01388925],"c":[0.5555556,0.5555556,0.5555556],"b":["when starts then call me boolet","when touches spiky roomba then destroy all parts"]}]}]}