{"v":6,"a":[22],"p":[{"b":52,"s":[{"p":[0,0,0],"r":[0,0,0],"s":[0.3976558,0.7686641,0.371262],"c":[0.333333,0.333333,0.333333]}]}]}