{"n":"doo","v":6,"a":[1,31,50],"p":[{"b":9,"i":[{"t":"5b7a06e2455bea2d75dde098","p":[0.05997068,-0.02968694,0.1798919],"r":[351.7521,200.0081,46.26553]}],"s":[{"p":[0,0,0],"r":[0,0,0],"s":[0.04329041,0.04329029,0.04329046],"c":[1,1,1]}]}]}