{"n":"voidelbowl","v":6,"a":[31],"p":[{"b":9,"s":[{"p":[0,0,0],"r":[0,0,0],"s":[0.04721705,0.04721697,0.04721707],"c":[1,1,1]}]}]}