{"v":6,"a":[22,20,51],"p":[{"t":13,"s":[{"p":[0,0,0],"r":[0,0,0],"s":[2.665063,0.6970853,0.5932433],"c":[0.5925926,0.8888889,0.8126984]}]}]}