{"v":6,"p":[{"b":4,"t":2,"a":[36],"s":[{"p":[0,0,0],"r":[0,-4.268868E-07,0],"s":[0.008920686,0.0009999998,0.008920679],"c":[0.9714285,0,1],"b":["when told lock then become 2"]},{"p":[0,0,0],"r":[0,-4.268868E-07,0],"s":[0.008920686,0.0009999998,0.008920679],"c":[0.2666665,0,0.3333332],"b":["when told unlock then become 1"]}]}]}