{"v":6,"a":[7,18],"p":[{"a":[36],"t1":43,"s":[{"p":[-7.094534E-08,-0.4057598,-2.980233E-07],"r":[0,0,0],"s":[0.1751399,0.8664024,5.801783],"c":[0.2592589,0.3333332,0.2634917],"b":["when told by any bloodrises then become next in 10s"],"t1":{"c":[0,0,0],"x":0.7039199,"y":0.5689609,"a":0.8925,"m":0,"n":0,"r":0,"g":0,"o":0.5,"t":0.5,"e":0.5}},{"p":[0,0,0],"r":[0,0,0],"s":[0.1750976,0.8663487,5.800586],"c":[0.2592589,0.3333332,0.2634917],"b":["when told by any blooddrain then become next in 15s"],"t1":{"c":[0,0,0],"x":0.7235225,"y":0.5826938,"a":0.8925,"m":0,"n":0,"r":0,"g":0,"o":0.5,"t":0.5,"e":0.5}}]}]}