{"v":6,"a":[5,20,51],"p":[{"b":17,"t":9,"s":[{"p":[0,0,0],"r":[0,0,-1.707547E-06],"s":[0.01665525,0.06784482,0.07031512],"c":[0.5185186,0.6666667,0.6539683]}]}]}