{"v":6,"a":[7,18],"p":[{"t1":156,"s":[{"p":[0,0,0],"r":[0,0,-7.656432E-20],"s":[0.4723201,0.006191216,0.4723108],"c":[0,0,0],"t1":{"c":[0.08888879,0.7777778,0],"x":0.1244159,"y":0.124706,"a":0.8925,"m":0.1011412,"n":0.09749317,"r":0,"g":0,"o":0.5,"t":0.5,"e":0.5}}]}]}