{"n":"artti flat","v":6,"a":[5,22,20,31,51],"p":[{"b":60,"s":[{"p":[0,0,0],"r":[0,0,0],"s":[0.4165757,0.4165936,0.4165768],"c":[0.2469134,0.4444442,0.4444442]}]}]}