{"n":"pie","v":6,"p":[{"b":16,"s":[{"p":[3.028655,0.326131,1.861081],"r":[6.065945,168.2025,353.9267],"s":[0.2217926,0.03885804,0.2413585],"c":[1,0.984127,0.8888889]}]}]}