{"n":"grass","v":6,"p":[{"b":174,"s":[{"p":[0,0,0],"r":[0,0,-1.334021E-08],"s":[0.1276506,0.1486229,0.04500009],"c":[0.190476,0.6666667,0]}]},{"b":174,"s":[{"p":[-0.09592129,0.02523553,-0.05363336],"r":[352.3482,330.3843,24.02083],"s":[0.06957346,0.07531035,0.04500011],"c":[0.222222,0.7777778,0]}]},{"b":174,"s":[{"p":[0.1535091,0.119902,0.00805296],"r":[351.5914,350.9384,327.0742],"s":[0.06957348,0.07531035,0.04500012],"c":[0.222222,0.7777778,0]}]},{"b":174,"s":[{"p":[-0.07700107,0.1539185,0.03926706],"r":[17.17854,352.2235,24.49547],"s":[0.0695735,0.07531033,0.04500011],"c":[0.222222,0.7777778,0]}]}]}