{"n":"maze hedge","v":6,"a":[1,5,22,18],"p":[{"b":153,"t":10,"a":[16],"t1":151,"s":[{"p":[2.473062,-9.699259E-08,4.768372E-07],"r":[-1.628444E-12,-1.024528E-05,2.239111E-12],"s":[0.634003,0.6801049,0.1896299],"c":[0.1975304,0.4444441,0.2539679],"t1":{"c":[0,0,0],"x":0.6455517,"y":0.6455517,"a":0,"m":0,"n":0,"r":0.7756586,"g":0,"o":0.5,"t":0.5,"e":0.5}}]},{"b":153,"t":10,"a":[16],"t1":151,"s":[{"p":[-2.715242,3.565833E-07,-2.384186E-07],"r":[0,0,0],"s":[0.6342166,0.6804072,0.1896559],"c":[0.1975304,0.4444441,0.2539679],"t1":{"c":[0,0,0],"x":0.6455517,"y":0.6455517,"a":0,"m":0,"n":0,"r":0.7756586,"g":0,"o":0.5,"t":0.5,"e":0.5}}]},{"b":153,"t":10,"a":[16],"t1":151,"s":[{"p":[-0.08396149,7.340148E-09,0.01491546],"r":[-1.001791E-05,4.378969E-13,-3.828217E-20],"s":[0.6863133,0.6861485,0.1897381],"c":[0.1975303,0.444444,0.2539679],"t1":{"c":[0,0,0],"x":0.6455517,"y":0.6455517,"a":0,"m":0,"n":0,"r":0.7756586,"g":0,"o":0.5,"t":0.5,"e":0.5}}]}]}