{"v":6,"p":[{"a":[12],"s":[{"p":[0,0,0],"r":[0,0,0],"s":[0.913525,1.322783,1.428425],"c":[1,1,1]}]}]}