{"v":6,"p":[{"b":3,"t":7,"a":[12],"pr":13,"s":[{"p":[0,0,0],"r":[0,0,0],"s":[0.2692248,0.2608445,0.3022235],"c":[0.9904761,1,0.6666666],"b":["when starts then destroy all parts with 25 shrink burst gravity-free"],"pr":{"c":[0.9714286,1,0],"a":1}}]}]}