{"v":6,"a":[20,30,51],"p":[{"t":13,"s":[{"p":[0,0,0],"r":[0,0,0],"s":[0.06918798,0.06862637,0.3155832],"c":[0.5925926,0.8888889,0.8126984]}]}]}