{"n":"fence","v":6,"a":[7],"p":[{"b":14,"id":"5b85746514b6c143e8bf13fb","s":[{"p":[0,0,0],"r":[0,0,0],"s":[0.0600111,0.07571956,0.2430036],"c":[0.5555556,0.4656082,0.3703702]}]},{"b":14,"ac":{"id":"5b85746514b6c143e8bf13fb","c":52,"rp":[0,0,2],"rs":[1,1,1]},"s":[{"p":[0.3740216,0.01620858,0.004262567],"r":[0,0,0],"s":[0.06015465,0.07593292,0.2434303],"c":[0.5555556,0.4656082,0.3703702]}]}]}