{"v":6,"p":[{"b":14,"t":1,"s":[{"p":[-0.9136679,-0.867076,-0.6936274],"r":[279.0652,90.61323,210.5734],"s":[0.06000002,0.06000014,0.2433162],"c":[0.3333332,0.1142856,0]}]},{"b":3,"t":3,"pr":25,"t1":10,"s":[{"p":[-0.8087297,-0.1985139,-0.7011598],"r":[6.716552,111.8349,15.4966],"s":[0.08486751,0.09092282,0.09485333],"c":[1,0.3428571,0],"t1":{"c":[1,1,1],"a":0},"pr":{"c":[1,1,1],"m":0.25,"a":0.25,"s":0.15,"z":0.25,"g":0.5,"h":0.25}}]}]}