{"v":6,"a":[5,20,51],"p":[{"b":17,"t":9,"s":[{"p":[0,0,0],"r":[0,0,-1.067217E-06],"s":[1.937304,2.740201,0.2389654],"c":[0.2469135,0.4444443,0.4444443]}]}]}