{"v":6,"a":[5,20,51],"p":[{"b":17,"t":9,"s":[{"p":[0,0,0],"r":[0,0,2.134434E-07],"s":[0.5604351,1.715836,0.2355992],"c":[0.2469135,0.4444443,0.4444443]}]}]}