{"v":6,"a":[22,20,51],"p":[{"t":13,"s":[{"p":[0,0,0],"r":[0,0,0],"s":[0.4636731,0.06913795,0.1965929],"c":[0.5925926,0.8888889,0.8126984]}]}]}