{"v":6,"a":[20,30,51],"p":[{"t":13,"s":[{"p":[0,0,0],"r":[0,0,0],"s":[0.4992304,0.06915456,0.1965928],"c":[0.5925926,0.8888889,0.8126984]}]}]}