{"v":6,"p":[{"b":98,"e":"Some other creations by\n The Graphics Monkey.","s":[{"p":[0,0,0],"r":[0,0,0],"s":[0.00300002,0.003000006,0.003000014],"c":[0.4444443,0.3358023,0.09876531]}]},{"b":97,"e":"PICK UP A CARD","s":[{"p":[0.03875063,-0.06804106,0.005633093],"r":[6.385269,359.4681,358.9834],"s":[0.003000019,0.003000007,0.003000012],"c":[0.4444443,0.3358023,0.09876531]}]}]}