{"v":6,"a":[7,18],"p":[{"b":12,"t":1,"t1":18,"s":[{"p":[0,0,0],"r":[0,0,0],"s":[5.364956,0.06000318,11.05363],"c":[0.2469135,0.3174602,0.5555556],"b":["when starts then become next in 10"],"t1":{"c":[0.2469135,0.3174602,0.5555556],"x":0.01509905,"y":0.17,"a":0.8925,"m":0.5,"n":0.5,"r":0,"g":0,"o":0.5,"t":0.5,"e":0.5},"pr":{"c":[0,0.2285713,1],"m":0.25,"a":0.25,"s":0.15,"z":0.25,"g":0.5,"h":0.25}},{"p":[0,0,0],"r":[0,0,0],"s":[5.364956,0.06000318,11.37189],"c":[0.2469133,0.3174601,0.5555556],"b":["when starts then become next in 8s"],"t1":{"c":[0.2469135,0.3174602,0.5555556],"x":0.02176952,"y":0.17,"a":0.8925,"m":0.5,"n":0.5,"r":0.06486583,"g":0,"o":0.5,"t":0.5,"e":0.5},"pr":{"c":[0,0.2285713,1],"m":0.25,"a":0.25,"s":0.15,"z":0.25,"g":0.5,"h":0.25}}]}]}