{"v":6,"a":[7,18],"p":[{"s":[{"p":[0,0,0],"r":[0,0,0],"s":[4.768868,0.1669104,3.020953],"c":[1,0,0.3428572]}]}]}