{"v":6,"a":[7,18],"p":[{"b":60,"t1":123,"s":[{"p":[0,0,0],"r":[0,0,0],"s":[1.042538,0.6089268,0.01482735],"c":[0.6666667,0.1142854,0],"t1":{"c":[1,0.631746,0.5555556],"x":0.5,"y":0.5,"a":0.8925,"m":0,"n":0,"r":0,"g":0,"o":0.5,"t":0.5,"e":0.5}}]},{"b":60,"t":11,"s":[{"p":[0.548689,-7.152557E-07,-0.1209918],"r":[8.49675E-06,270,1.162597E-06],"s":[0.3095851,0.6092136,0.06872582],"c":[0.8888889,0.8888889,0.8888889]}]}]}