{"n":"zero-grav field","v":6,"a":[6,7,18,36,37],"p":[{"b":12,"t":7,"s":[{"p":[0,0,0],"r":[0,0,0],"s":[2.086233,1.526478,0.3980572],"c":[0.8,0,1]},{"p":[0,0,0],"r":[0,0,0],"s":[2.086233,1.526478,0.3980572],"c":[0.8,0,1]}]},{"t":7,"s":[{"p":[4.30841,-0.004688263,-0.005306244],"r":[0,90,180],"s":[1.600212,1.714054,0.08450787],"c":[0.8,0,1]}]}]}