{"v":6,"a":[48],"p":[{"b":4,"a":[31],"i":[{"t":"5a5eb9fda5d6205413a27beb","p":[0.006760069,0.01871295,-0.37238],"r":[62.89779,218.8438,114.4802]}],"s":[{"p":[0.009985333,0.1522321,-0.3283826],"r":[1.980821,359.1951,359.7828],"s":[0.1250004,0.1250006,0.1250004],"c":[1,1,1],"b":["when told by any water then become next in 2"]},{"p":[-0.2730568,0.08843517,1.274471],"r":[338.4635,209.8089,71.89555],"s":[0.1250013,0.1250013,0.1250009],"c":[1,1,1],"b":["when starts then become next in 1s"]},{"p":[0.1109337,0.1802189,-1.130356],"r":[348.8483,176.649,112.6921],"s":[0.1250022,0.1250019,0.1250017],"c":[1,1,1],"b":["when starts then become next in 2"]}]}]}