{"v":6,"a":[7,18],"p":[{"t1":43,"t2":75,"s":[{"p":[0,0,0],"r":[0,0,0],"s":[9.948429,2.012102,0.1466327],"c":[0.222222,0.1382715,0.04938258],"t1":{"c":[0.1111111,0.07619045,0],"x":0.5,"y":0.5,"a":1,"m":0,"n":0,"r":0,"g":0,"o":0.5,"t":0.5,"e":0.5},"t2":{"c":[0.1111111,0.08007047,0.01234568],"x":0.2515788,"y":0.03849769,"a":0.8925,"m":0,"n":0,"r":0.1265347,"g":0,"o":0.5,"t":0.5,"e":0.5}}]},{"t1":43,"t2":75,"s":[{"p":[0,-1.192093E-07,1.441193],"r":[0,0,-1.001791E-05],"s":[9.948606,2.012194,0.1466396],"c":[0.222222,0.1382715,0.04938255],"t1":{"c":[0.1111111,0.07619045,0],"x":0.5,"y":0.5,"a":1,"m":0,"n":0,"r":0,"g":0,"o":0.5,"t":0.5,"e":0.5},"t2":{"c":[0.1111111,0.08007047,0.01234568],"x":0.2515788,"y":0.03849769,"a":0.8925,"m":0,"n":0,"r":0.1265347,"g":0,"o":0.5,"t":0.5,"e":0.5}}]}]}