{"n":"stage","v":6,"a":[7],"p":[{"id":"5b867f6114b6c03fa0c800a1","t1":24,"s":[{"p":[0,0,0],"r":[0,0,0],"s":[3.129716,1.600453,0.2705737],"c":[1,1,1],"t1":{"c":[0.5555556,0.5555556,0.5555556],"x":0.5,"y":0.5,"a":0.8925,"m":0,"n":0,"r":0,"g":0,"o":0.5,"t":0.5,"e":0.5}}]},{"t1":24,"ac":{"id":"5b867f6114b6c03fa0c800a1","c":8},"s":[{"p":[0.003020291,0.01539804,-0.1155343],"r":[0,0,-1.001791E-05],"s":[4.336218,2.031537,0.2705862],"c":[1,1,1],"t1":{"c":[0.5555556,0.5555556,0.5555556],"x":0.5,"y":0.5,"a":0.8925,"m":0,"n":0,"r":0,"g":0,"o":0.5,"t":0.5,"e":0.5}}]}]}