{"v":6,"a":[7,18],"p":[{"s":[{"p":[0,0,0],"r":[0,0,0],"s":[1.709403,3.267579,0.1774462],"c":[1,0,0.3428572]}]}]}