{"v":6,"a":[7,13,18],"p":[{"t":1,"t1":76,"s":[{"p":[0,0,0],"r":[0,0,0],"s":[17.10755,14.06792,0.01333],"c":[0.8888889,0.8888889,0.8888889],"t1":{"c":[0.5555556,0.5555556,0.5555556],"x":0.02374494,"y":0.02454233,"a":0.8925,"m":0,"n":0,"r":0,"g":0,"o":0.5,"t":0.5,"e":0.5}}]}]}