{"v":6,"p":[{"a":[36],"s":[{"p":[0,0,0],"r":[0,0,0],"s":[0.07874694,0.07653419,0.07432687],"c":[1,1,1],"b":["when hears play yellowbrick then show video [youtube: MgECojT4Uu0]","when hears play yellowbrick then become 2"]},{"p":[0,0,0],"r":[0,0,0],"s":[0.07874694,0.07653419,0.07432687],"c":[1,1,1]}]}]}