{"v":6,"a":[22,12],"p":[{"a":[1],"s":[{"p":[0,0,0],"r":[0,0,0],"s":[1.030436,0.01242363,0.8775625],"c":[1,1,1]}]}]}