{"v":6,"a":[7,13,18],"p":[{"t":1,"t1":43,"t2":75,"s":[{"p":[-0.1553568,0,0],"r":[0,0,1.024528E-05],"s":[7.441447,0.1131983,0.09229594],"c":[0.222222,0.1523808,0],"t1":{"c":[0.1111111,0.07619045,0],"x":0.5,"y":0.5,"a":1,"m":0,"n":0,"r":0,"g":0,"o":0.5,"t":0.5,"e":0.5},"t2":{"c":[0.1111111,0.08007047,0.01234568],"x":0.2515788,"y":0.03849769,"a":0.8925,"m":0,"n":0,"r":0.1265347,"g":0,"o":0.5,"t":0.5,"e":0.5}}]},{"t":1,"t1":43,"t2":75,"s":[{"p":[-5.865061,9.536743E-07,0],"r":[0,0,0],"s":[5.158791,0.1132184,0.09230871],"c":[0.222222,0.1523808,0],"t1":{"c":[0.1111111,0.07619045,0],"x":0.5,"y":0.5,"a":1,"m":0,"n":0,"r":0,"g":0,"o":0.5,"t":0.5,"e":0.5},"t2":{"c":[0.1111111,0.08007047,0.01234568],"x":0.2515788,"y":0.03849769,"a":0.8925,"m":0,"n":0,"r":0.1265347,"g":0,"o":0.5,"t":0.5,"e":0.5}}]},{"t":1,"t1":43,"t2":75,"s":[{"p":[-6.550716,9.536743E-07,0],"r":[9.748988E-06,270,8.964218E-08],"s":[4.222616,0.1132385,0.09231086],"c":[0.222222,0.1523808,0],"t1":{"c":[0.1111111,0.07619045,0],"x":0.5,"y":0.5,"a":1,"m":0,"n":0,"r":0,"g":0,"o":0.5,"t":0.5,"e":0.5},"t2":{"c":[0.1111111,0.08007047,0.01234568],"x":0.2515788,"y":0.03849769,"a":0.8925,"m":0,"n":0,"r":0.1265347,"g":0,"o":0.5,"t":0.5,"e":0.5}}]}]}