{"n":"box","v":6,"a":[7,18],"p":[{"s":[{"p":[0,0,0],"r":[0,0,0],"s":[1.287313,0.1750126,0.1570629],"c":[0.2222221,0.2222221,0.2222221]}]},{"a":[12],"s":[{"p":[-0.6039043,0.1716098,0.007117271],"r":[-1.001791E-05,1.001791E-05,90],"s":[0.03236202,0.1062986,0.07212838],"c":[1,1,1],"b":["when touched then play button click 5"]}]}]}