{"v":6,"p":[{"b":73,"t":2,"s":[{"p":[0,0,0],"r":[0,0,0],"s":[0.008316144,0.008315906,0.00831601],"c":[0.02539681,0.222222,0],"b":["when told projector then become 2"]},{"p":[0,0,0],"r":[0,0,0],"s":[0.008316144,0.008315906,0.00831601],"c":[0.1142855,1,0],"b":["when told by body change then become 1"]}]}]}