{"n":"mountin evergreen","v":6,"a":[22],"p":[{"b":4,"t1":43,"s":[{"p":[0,0,0],"r":[0,0,0],"s":[0.02078558,0.02154142,0.7298635],"c":[0.2222221,0.148148,0.1735449],"t1":{"c":[0,0,0],"x":0.1587191,"y":0.2291403,"a":0.8925,"m":0,"n":0,"r":0,"g":0,"o":0.5,"t":0.5,"e":0.5}}]}]}