{"v":6,"p":[{"b":152,"s":[{"p":[0,0,0],"r":[0,0,0],"s":[0.04000005,0.04000002,0.04000002],"c":[1,1,1]}]}]}