{"n":"toycenter","v":6,"a":[2,3,31],"p":[{"b":10,"t":2,"s":[{"p":[0,0,0],"r":[0,0,0],"s":[0.042415,0.042415,0.042415],"c":[1,0,0],"b":["when triggered then become next in 0.01s"]},{"p":[0,0,0],"r":[0,0,0],"s":[0.3649905,0.3649905,0.3649905],"c":[1,0,0],"b":["when starts then become next in 0.2s"]}]}]}