{"v":6,"p":[{"b":3,"t":1,"t2":6,"s":[{"p":[0,0,0],"r":[0,0,0],"s":[0.4416693,0.157929,0.1724301],"c":[0.1622573,0.4444443,0.04938262],"t2":{"c":[0,0,0],"x":0.17,"y":0.17,"a":0.69625,"m":0.5,"n":0.5,"r":0,"g":0,"o":0.5,"t":0.25,"e":0.5}}]}]}