{"n":"ground","v":6,"a":[1],"p":[{"b":17,"s":[{"p":[0,0,0],"r":[0,0,0],"s":[24.53689,0.4987838,30.53985],"c":[0.9019608,0.8509804,0.7215686]}]}]}