{"v":6,"a":[20,30,51],"p":[{"t":13,"s":[{"p":[0,0,0],"r":[0,0,7.437168E-07],"s":[0.09776039,0.0691696,0.1200667],"c":[0.5925926,0.8888889,0.8126984]}]}]}