{"n":"under path","v":6,"a":[7,20],"p":[{"b":53,"t":9,"t1":43,"t2":43,"s":[{"p":[0,0,0],"r":[0,0,0],"s":[0.7146795,0.3747687,0.7146793],"c":[0.1975307,0.2222221,0.2222221],"b":["when touched then send one nearby to archopal's home onto s-o-t-l 1"],"t1":{"c":[0,0,0],"x":0.5,"y":0.5,"a":0.8925,"m":0,"n":0,"r":0,"g":0,"o":0.5,"t":0.5,"e":0.5},"t2":{"c":[0,0,0],"x":0.5012302,"y":0.5008621,"a":0.9931241,"m":0,"n":0,"r":0,"g":0,"o":0.5,"t":0.5,"e":0.5}}]}]}