{"n":"hii","v":6,"a":[2,7,12,14,18,31],"p":[{"b":17,"t":2,"s":[{"p":[0,0,0],"r":[0,0,0],"s":[0.01290362,0.01290367,0.01290352],"c":[1,0.5142855,0],"b":["when starts then all parts face nearest hii","when starts then propel forward with 10","when starts then trail start with 5s"]}]},{"b":17,"t":21,"s":[{"p":[0,3.958121E-09,-0.001477421],"r":[0,0,1.001791E-05],"s":[0.02673223,0.02673232,0.02673216],"c":[1,0.5142855,0]}]}]}