{"v":6,"a":[2,15],"p":[{"b":3,"t":3,"t2":167,"s":[{"p":[0,0,0],"r":[0,0,0],"s":[0.0569286,0.05371407,0.05845277],"c":[1,0,0],"t2":{"c":[0,0,0],"a":0.75}}]}]}