{"v":6,"p":[{"b":9,"pr":30,"s":[{"p":[0,0,0],"r":[0,0,0],"s":[0.2364338,0.1250003,0.2587671],"c":[1,1,1],"pr":{"c":[0.06172835,0.09841261,0.1111111],"a":0.25}}]}]}