{"n":"hi","v":6,"p":[{"s":[{"p":[0,0,0],"r":[0,0,-1.707547E-06],"s":[0.02320012,0.02695335,0.04215647],"c":[1,1,1]}]}]}