{"n":"stasis","v":6,"a":[2,14,21],"p":[{"b":6,"a":[3,11,12,37,36],"s":[{"p":[0,0,0],"r":[0,0,0],"s":[0.02703972,0.02703968,0.02703954],"c":[1,1,1],"b":["when told by any stopend then destroy all parts"]}]}]}