{"n":"heelbaal","v":6,"a":[7,16,31,48],"p":[{"b":3,"s":[{"p":[0,0,0],"r":[0,0,0],"s":[0.1618141,0.1618139,0.1618128],"c":[1,1,1]}]}]}