{"v":6,"a":[2,7,16,18],"p":[{"i":[{"t":"5b8cac537dc6457e6a590002","p":[0.002512216,-0.0005415082,-0.009617985],"r":[-1.931869E-05,270,1.628444E-12]}],"s":[{"p":[0,0,0],"r":[0,0,0],"s":[0.02132258,0.02254874,0.02238266],"c":[1,1,1],"b":["when told by any 7 then destroy all parts"]}]}]}