{"n":"heali","v":6,"a":[2,12,14,31],"p":[{"t":2,"pr":6,"s":[{"p":[0.0002286436,0.0009284019,-0.001253605],"r":[270,90,0],"s":[0.01755942,0.05399773,0.175004],"c":[1,0,0],"pr":{"c":[1,0,0],"m":0.25,"a":1,"s":0,"z":0.3144341,"g":0.5221524,"h":0.25}}]},{"t":2,"pr":6,"s":[{"p":[0.0005631449,0.0009284616,-0.001253605],"r":[-2.035555E-12,270,180],"s":[0.01756315,0.05401185,0.1750158],"c":[1,0,0],"pr":{"c":[1,0,0],"m":0.25,"a":1,"s":0,"z":0.3144341,"g":0.5221524,"h":0.25}}]},{"b":4,"a":[12],"s":[{"p":[0,0,0],"r":[0,0,6.066426E-21],"s":[0.0411767,0.04116604,0.0411748],"c":[1,1,1],"b":["when starts then all parts face nearest heelbaal, propel forward with 4","when touches body then destroy all parts","when touches hand then destroy all parts","when touches head  then destroy all parts"]}]}]}