{"v":6,"a":[7],"p":[{"b":10,"s":[{"p":[0,0,0],"r":[0,0,0],"s":[0.04885768,0.05177777,0.08646388],"c":[1,1,1]}]},{"b":16,"s":[{"p":[-0.01022709,-0.01201154,0.06379921],"r":[90,-1.001791E-05,0],"s":[0.05949584,0.1250061,0.05769535],"c":[1,1,1],"b":["when "]}]}]}