{"n":"blast","v":6,"p":[{"b":17,"t":3,"s":[{"p":[-0.0114335,-0.03901746,0.01371175],"r":[2.435501,47.77973,3.810072],"s":[0.01419001,0.02578274,0.009169554],"c":[0.9746031,1,0.111111]}]},{"b":17,"t":3,"s":[{"p":[-0.005136932,0.003234633,0.009694381],"r":[5.898144,327.1182,0.03947016],"s":[0.03218734,0.01903036,0.04000466],"c":[1,0.6857142,0]}]}]}