{"v":6,"a":[2,7,16,21],"p":[{"t":9,"s":[{"p":[0,0,0],"r":[0,0,0],"s":[0.1544372,0.003478877,0.03084286],"c":[0,0,0]}]},{"t":9,"s":[{"p":[0,0.00288868,0],"r":[0,0,8.537737E-06],"s":[0.1469692,0.001208915,0.02484171],"c":[1,1,1]}]},{"b":129,"e":"YOU ARE GAY","s":[{"p":[-0.06752396,0.003848076,0.01485276],"r":[90,0,0],"s":[0.003086956,0.003086545,0.003086934],"c":[0,0,0]}]}]}