{"v":6,"p":[{"s":[{"p":[0,0,0],"r":[0,0,0],"s":[0.1750003,0.175,0.1750004],"c":[1,1,1]}]},{"s":[{"p":[-0.1856453,0.008995697,-0.006767422],"r":[0.9749879,353.6891,357.1329],"s":[0.1750008,0.1567971,0.1750014],"c":[1,1,1]}]}]}