{"n":"gunshot","v":6,"a":[7,12,18],"p":[{"b":3,"t":3,"s":[{"p":[0,0,0],"r":[0,0,0],"s":[0.01003554,0.006243736,0.07110883],"c":[0.9809523,1,0.3333332]}]}]}