{"v":6,"p":[{"b":5,"s":[{"p":[0,0,0],"r":[0,0,2.134434E-07],"s":[0.1250001,0.1250003,0.1250004],"c":[1,1,1]}]}]}