{"n":"meteor mover","v":6,"p":[{"b":4,"a":[12],"i":[{"t":"5b2a34a5e6736250f88ad86f","p":[-2.792989,-5.628239,24.28455],"r":[352.773,163.9084,305.1006],"a":[48,49]}],"s":[{"p":[1.036947,0.7134349,-0.4827549],"r":[328.7262,30.90077,357.6079],"s":[0.125001,0.1250009,0.1250007],"c":[1,1,1],"b":["when told by any meteor then become unsoftened  next in 2.9, play ghost whoosh, turn sub-thing on"]},{"p":[0.06750937,0.1367985,-0.2263947],"r":[59.20015,295.148,334.3178],"s":[0.1250007,0.1250002,0.1250005],"c":[1,1,1],"b":["when starts then become next in 3, play explosion"]},{"p":[0.07724728,0.1634633,-0.3754267],"r":[58.32746,242.3991,287.9144],"s":[0.1250008,0.1250002,0.1250007],"c":[1,1,1],"b":["when starts then become next in 3"]},{"p":[0.07724728,0.1634633,-0.3754267],"r":[58.32746,242.3991,287.9144],"s":[0.1250008,0.1250002,0.1250007],"c":[1,1,1],"b":["when starts then become untweened next, turn sub-thing off"]}]}]}