{"v":6,"a":[6,5],"p":[{"t":9,"s":[{"p":[-5.272387E-07,-0.5765247,-0.00925076],"r":[0,0,-5.008957E-06],"s":[0.03338383,0.1645025,0.048409],"c":[0.7777778,0.7777778,0.7777778]}]},{"t":9,"s":[{"p":[-5.047785E-08,-0.5773993,2.980232E-07],"r":[0,0,-5.008957E-06],"s":[0.01982276,0.1637243,0.04842104],"c":[0.7777778,0.7777778,0.7777778]}]}]}