{"v":6,"a":[48],"p":[{"b":4,"t":4,"s":[{"p":[0,0,0],"r":[0,0,0],"s":[0.3401869,0.5653333,0.1250005],"c":[0.9936506,1,0.7777778],"b":["when starts then set light intensity 20"]}]}]}