{"n":"mike mover","v":6,"p":[{"b":4,"a":[12,31],"i":[{"t":"5b85188bc78e316ca5c42f6c","p":[0.03989971,0.003191561,0.2095663],"r":[339.4482,265.2254,82.86117]}],"s":[{"p":[0,0,0],"r":[0,0,0],"s":[0.1250001,0.1250001,0.1250001],"c":[1,1,1],"b":["when starts then become next in 3"]},{"p":[-0.005995678,0.02282232,-0.03617804],"r":[5.45538,354.8864,35.81739],"s":[0.1250002,0.1250001,0.1250002],"c":[1,1,1],"b":["when starts then become next in 3"]},{"p":[-0.05025205,0.01478508,-0.02755062],"r":[6.637909,349.3828,20.24341],"s":[0.1250001,0.1250001,0.1250002],"c":[1,1,1],"b":["when starts then become next in 3"]},{"p":[0,0,0],"r":[0,0,0],"s":[0.1250001,0.1250001,0.1250001],"c":[1,1,1],"b":["when starts then become next in 3"]}]}]}