{"n":"floor","v":6,"a":[7],"p":[{"b":13,"t":3,"s":[{"p":[0,0,0],"r":[0,0,0],"s":[14.22815,0.1926212,34.63232],"c":[0.4938272,0.4973545,0.5555556]}]}]}