{"n":"story time","v":6,"a":[22,31,51],"p":[{"s":[{"p":[0,0,0],"r":[0,0,0],"s":[0.1750017,0.1750008,0.1750012],"c":[1,1,1]}]},{"b":5,"s":[{"p":[0.006946564,-0.002167717,0.09641267],"r":[0,0,90.00001],"s":[0.04025539,0.04025691,0.04025708],"c":[1,0,0.3428572],"b":["when hears tell me a story then become next in 0.5s","when hears tell me a story then play percussive tom click"]},{"p":[0.005126953,-0.002322204,0.08232976],"r":[0,0,90.00001],"s":[0.04025796,0.04025891,0.04025959],"c":[1,0,0.3428571],"b":["when starts then say there are many things i wish to do, say and learn about in this lifetime. i only wish i had someone who shared the same goals as i do along with the same mental handycaps, it gets lonely trying to find a path that doesn't drive me to loose my sanity. you'll suprise yourself with how much you can acheeve in a week instead of imersing yourself in your own fruitless pleasures. everybody started somewere and you still have time to make history.","when starts then become next in 24s"]},{"p":[0.005126953,-0.002322204,0.08232976],"r":[0,0,90.00001],"s":[0.04025796,0.04025891,0.04025959],"c":[1,0,0.3428571],"b":["when starts then become next in 0.5s"]}]}]}