{"n":"base floor","v":6,"a":[7,18],"p":[{"b":5,"t":1,"t2":34,"s":[{"p":[0,0,0],"r":[0,0,0],"s":[19.71085,36.09608,0.3210739],"c":[0,0.412698,0.5555556],"t2":{"c":[0.1481481,0.222222,0.3333333],"x":0.260651,"y":0.2282633,"a":0.6426062,"m":0,"n":0,"r":0,"g":0,"o":0.5,"t":0.5,"e":0.5}}]}]}