{"v":6,"p":[{"b":83,"t1":161,"s":[{"p":[0,0,0],"r":[0,0,0],"s":[0.1250003,0.1250003,0.1250005],"c":[0,0.2285712,1],"t1":{"c":[1,0.4444444,0.9206348],"x":0.3659164,"y":0.6453085,"a":1,"m":0,"n":0,"r":0.5018451,"g":0,"o":0.5,"t":0.5,"e":0.5}}]}]}