{"n":"card1","v":6,"a":[21,50],"p":[{"s":[{"p":[0,0,0],"r":[0,0,0],"s":[0.9185184,0.01873181,0.5689726],"c":[0.8888889,0.8888889,0.8888889]}]},{"b":20,"e":"SOMEONE STOLE THE\nAUTOCUE MACHINE!!!\n\nSO JUST SMILE A LOT","s":[{"p":[-0.389653,0.01327751,0.217286],"r":[90,-1.448902E-05,0],"s":[0.01030736,0.01030769,0.01030727],"c":[0,0,0]}]}]}