{"n":"red carpet","v":6,"a":[7,18],"p":[{"t1":13,"t2":58,"s":[{"p":[0,0,0],"r":[0,0,0],"s":[0.9680355,0.6550034,9.042092],"c":[0.3333332,0,0],"t1":{"c":[1,0,0],"x":0.0705611,"y":0.17,"a":0.6117755,"m":0.5,"n":0.5,"r":0,"g":0,"o":0.5,"t":0.5,"e":0.5},"t2":{"c":[0.1111111,0,0],"x":0.202842,"y":0.1262745,"a":0.6542002,"m":0,"n":0,"r":0,"g":0,"o":0.5,"t":0.5,"e":0.5}}]}]}