{"v":6,"a":[22],"p":[{"b":2,"s":[{"p":[0,0,0],"r":[0,0,0],"s":[0.007713272,0.004706942,0.01740631],"c":[1,1,1],"b":["when starts then all parts face nearest pluck"]}]},{"b":2,"t":1,"s":[{"p":[0.001625594,-0.002685548,0.02037049],"r":[0,-1.001791E-05,0],"s":[0.003165531,0.002692981,0.00978649],"c":[0.5185186,0.5777777,0.6666667],"b":["when starts then project with 100% reach","when starts then show line with 0.005 width"]}]}]}