{"v":6,"p":[{"im":"945082621694916440/209CCFC1E8BDD3E14FE6508560B10E696F2348D1/","s":[{"p":[0,0,0],"r":[0,0,0],"s":[0.3130758,0.00604552,0.4268239],"c":[1,1,1]}]}]}