{"n":"spawn marker","v":6,"a":[22],"p":[{"s":[{"p":[0,0,0],"r":[0,0,0],"s":[0.4496971,0.1750011,0.4273303],"c":[1,1,1]}]}]}