{"n":"grass","v":6,"a":[22,21],"p":[{"b":17,"s":[{"p":[0,0,0],"r":[0,0,4.07111E-13],"s":[4.702361,0.1923079,4.038918],"c":[0,0.3333332,0.07619045]}]}]}