{"n":"phillip irl","v":6,"a":[1,2,21],"p":[{"t":3,"im":"904528168693451824/D0859929F2CD31AFFFC5F337B1E8CB2FDA4B3015/","s":[{"p":[0,0,0],"r":[0,0,0],"s":[0.978357,0.006389183,1.310796],"c":[1,1,1]}]}]}