{"v":6,"a":[2,4,14],"p":[{"s":[{"p":[0,0,0],"r":[0,0,0],"s":[1.15118,0.1750002,1.854785],"c":[1,1,1]}]}]}