{"v":6,"a":[22],"p":[{"b":90,"t":2,"a":[19],"e":"[typed]","s":[{"p":[0,0,0],"r":[0,0,0],"s":[0.003000165,0.003000032,0.003000124],"c":[1,0,0.342857],"b":["when starts then all parts face someone else"]}]}]}