{"v":6,"a":[7,31],"p":[{"b":68,"t":9,"s":[{"p":[0,0,0],"r":[0,0,0],"s":[0.04298311,0.04298303,0.04298303],"c":[1,0,0],"b":["when touches hand then tell nearby here"]}]},{"b":18,"e":"HERE","s":[{"p":[-0.02924656,0.0448351,0.0205676],"r":[90,-9.659345E-06,0],"s":[0.002217075,0.002216835,0.002217082],"c":[1,1,1]}]}]}