{"v":6,"a":[2,16],"p":[{"b":3,"t":7,"a":[5],"t1":10,"s":[{"p":[0,0,0],"r":[0,0,0],"s":[1.794873,1.395531,1.419921],"c":[1,0.6857142,0],"b":["when starts then become next in .5","when starts then play heavy explosion"],"t1":{"c":[1,0.6857142,0],"a":1}},{"p":[0,0,0],"r":[0,0,0],"s":[1.794873,1.395531,1.419921],"c":[1,0.6857142,0],"b":["when starts then destroy all parts"],"t1":{"c":[1,0.6857142,0],"a":1}}]}]}