{"n":"ground","v":6,"a":[1,7,18],"p":[{"b":17,"t1":57,"s":[{"p":[0,0,0],"r":[0,0,0],"s":[68.91133,0.11062,77.9044],"c":[0.1181656,0.5555556,0.06172825],"t1":{"c":[0,0.3333333,0.07619048],"x":0.0123021,"y":0.03629327,"a":0.8925,"m":0,"n":0,"r":0.02597523,"g":0.2617086,"o":0.5,"t":0.5,"e":0.5}}]}]}