{"n":"board","v":6,"a":[7,18,49],"p":[{"i":[{"t":"5b9580f583ae3d525154c289","p":[0.09143543,-0.001929776,-0.006616533],"r":[90,180,0]},{"t":"5b9580cf7473da380c7e97d4","p":[-0.0881691,-0.002532943,-0.0109033],"r":[357.7219,83.27879,270.2684]},{"t":"5b958083724ee8057faade4a","p":[0.002252579,0.001089096,-0.0002472401],"r":[90,-1.931869E-05,0]}],"s":[{"p":[0,0,0],"r":[0,0,0],"s":[0.1750275,0.001000077,0.1750195],"c":[0,0,0]}]}]}