{"v":6,"a":[1,7,50],"p":[{"im":"88220420649451961/33D8B2B94D03208CFFD0EA50B783F9B96FE26B3C/","s":[{"p":[0,0,0],"r":[0,0,0],"s":[1.937807,0.03129344,1.684311],"c":[1,1,1]}]}]}