{"n":"spot","v":6,"a":[7,18],"p":[{"s":[{"p":[0,0,0],"r":[0,0,0],"s":[0.01412117,0.5419746,0.009873569],"c":[0,0,0]}]}]}