{"n":"bowler hat","v":6,"a":[2],"p":[{"b":16,"a":[3],"s":[{"p":[0,0,0],"r":[0,0,-7.656432E-20],"s":[0.0656109,0.06561147,0.06561084],"c":[0,0,0]}]},{"b":3,"s":[{"p":[0.0003890987,-0.002313495,-2.264936E-05],"r":[-1.001791E-05,1.001791E-05,-1.751587E-12],"s":[0.1420692,0.001,0.1420709],"c":[0,0,0]}]},{"b":58,"s":[{"p":[0.002814591,0.002715707,0.001375794],"r":[1.628444E-12,1.001791E-05,-1.690015E-12],"s":[0.1047824,0.001000041,0.104475],"c":[1,1,1]}]}]}