{"v":6,"p":[{"b":4,"t":4,"a":[12,37,36],"s":[{"p":[-0.07584056,0.03945566,-0.07801158],"r":[354.4532,346.6697,343.5345],"s":[0.01345309,0.01345345,0.001],"c":[0.8888889,1,0.952381],"b":["when starts then set light intensity 0","when starts then set light cone size 0","when told by body white then become 2","when starts then set light range 0"]},{"p":[-0.096756,-0.001245566,0.01144516],"r":[357.1169,1.118933,346.9269],"s":[0.01345308,0.01345345,0.01345332],"c":[0.8888889,1,0.952381],"b":["when starts then set light intensity 20","when told by body change then become 1","when starts then play button click 5","when starts then set light cone size 20","when starts then set light range 50"]}]},{"b":4,"t":4,"a":[12,37,36],"s":[{"p":[-0.02542406,0.009409407,-0.07418756],"r":[358.9063,6.688598,27.43093],"s":[0.01345308,0.01345347,0.01345334],"c":[0.8888889,1,0.952381],"b":["when starts then set light intensity 0","when starts then set light cone size 20","when told by body white then become 2","when starts then set light range 50"]},{"p":[-0.00723449,-0.03384425,0.008163827],"r":[355.7111,3.705598,25.19926],"s":[0.01345308,0.01345345,0.01345332],"c":[0.8888889,1,0.952381],"b":["when starts then set light intensity 20","when told by body change then become 1"]}]}]}