{"v":6,"a":[31],"p":[{"b":3,"s":[{"p":[-3.098643,-3.777865,-1.310929],"r":[22.47009,298.4444,263.6978],"s":[4.125624,4.125623,4.125623],"c":[1,1,1]}]},{"b":3,"s":[{"p":[-2.426866,-3.918973,-0.2055531],"r":[30.30043,315.9978,301.0525],"s":[4.125638,4.12563,4.125629],"c":[1,1,1]}]},{"b":3,"s":[{"p":[-2.935722,-2.856489,-0.6058807],"r":[21.2992,310.7127,299.6548],"s":[4.125635,4.125633,4.125636],"c":[1,1,1]}]}]}