{"v":6,"p":[{"b":139,"e":"CURRENTLY AT EDGEVILLE","s":[{"p":[-0.1533837,0.03241146,0.1720698],"r":[84.87822,347.8195,347.8276],"s":[0.002350275,0.00235028,0.00235028],"c":[1,0,0.3428572]}]},{"s":[{"p":[0.00141858,0.01111077,0.1405345],"r":[359.8807,0.1754131,359.627],"s":[0.3549742,0.02433391,0.2210789],"c":[0,0,0],"pr":{"c":[0.3333333,0.3100529,0.2592592],"m":0.25,"a":0.25,"s":0.15,"z":0.25,"g":0.5,"h":0.25}}]}]}