{"v":6,"a":[7,12,13,18],"p":[{"b":31,"t":21,"s":[{"p":[-2.520303E-08,0.2891311,0.2882891],"r":[270,90.00001,0],"s":[0.5784248,0.02180919,0.5782205],"c":[0.2222221,0.2222221,0.2222221]}]},{"b":205,"t":21,"a":[37],"s":[{"p":[0,0,0],"r":[0,0,1.001791E-05],"s":[0.01261802,0.01261662,0.01261786],"c":[0.222222,0.222222,0.222222]}]}]}