{"v":6,"p":[{"s":[{"p":[0,0,0],"r":[0,0,0],"s":[0.1750003,0.1750003,0.1750002],"c":[1,1,1]}]},{"s":[{"p":[-0.3894539,0.03914225,-0.695489],"r":[298.5329,46.00338,190.917],"s":[0.1750004,0.1750005,0.1750002],"c":[1,1,1]}]},{"s":[{"p":[0.372377,-0.1125664,-0.7106765],"r":[27.243,31.78818,119.3954],"s":[0.1750003,0.1750004,0.1750002],"c":[1,1,1]}]}]}