{"n":"calm pill","v":6,"a":[2,22],"p":[{"b":5,"s":[{"p":[1.490117E-08,-1.676381E-08,-0.01246035],"r":[0,0,1.024528E-05],"s":[0.004886102,0.00488572,0.01224959],"c":[1,1,1],"pr":{"c":[1,1,1],"m":0.25,"a":0.25,"s":0.15,"z":0.25,"g":0.5,"h":0.25}}]},{"b":5,"s":[{"p":[-1.490116E-08,-1.676381E-08,-0.02205283],"r":[0,0,-8.537737E-06],"s":[0.00488618,0.00488575,0.01224961],"c":[0.6666666,0.8571427,1],"pr":{"c":[1,0,0],"m":0.25,"a":0.25,"s":0.15,"z":0.25,"g":0.5,"h":0.25}}]},{"b":16,"s":[{"p":[9.852652E-05,-0.0002053566,-0.0265323],"r":[-2.390566E-05,270,90],"s":[0.004226947,0.004297025,0.004579142],"c":[0.6666666,0.8571427,1],"pr":{"c":[1,0,0],"m":0.25,"a":0.25,"s":0.15,"z":0.25,"g":0.5,"h":0.25}}]},{"b":16,"s":[{"p":[3.887712E-05,0.0001497706,-0.007727266],"r":[0,270,270],"s":[0.004224426,0.004295784,0.004577738],"c":[1,1,1],"pr":{"c":[1,1,1],"m":0.25,"a":0.25,"s":0.15,"z":0.25,"g":0.5,"h":0.25}}]}]}