{"n":"sheild potion","v":6,"a":[2,3,15],"inc":[["thing","59eba4dc1cd4c42d108ebb62"]],"p":[{"t":2,"s":[{"p":[0.05881564,0.1315946,-0.0006254017],"r":[4.979229,3.041665,13.11313],"s":[0.05025504,0.05391909,0.2396487],"c":[0.9714285,0,1]}]},{"b":5,"t":7,"a":[5,36],"s":[{"p":[0.06927242,0.122201,0.1290252],"r":[5.088897,3.428147,15.23092],"s":[0.01382486,0.01305367,0.03549058],"c":[0.6666667,0.6666667,0.6666667],"b":["when touches face then play drink sip and swallow","when touches face then become 2 in 0.2s"]},{"p":[0.26264,-0.347241,0.1671143],"r":[80.07039,73.71384,64.73344],"s":[0.7201141,0.4983171,0.03549065],"c":[0.6666667,0.6666667,0.6666667]}]},{"t":7,"s":[{"p":[0.05928992,0.1332525,-0.004992366],"r":[5.152908,2.566666,12.18668],"s":[0.05803813,0.06698941,0.2536941],"c":[0.6666667,0.6666667,0.6666667]}]}]}