{"v":6,"p":[{"b":199,"s":[{"p":[0.08870119,0.06077645,0.08372004],"r":[18.72572,15.13974,327.9733],"s":[0.07563746,0.07104427,0.07503996],"c":[1,1,1],"b":["when starts then become next in .3"]},{"p":[0.08870119,0.06077645,0.08372004],"r":[18.72572,15.13974,327.9733],"s":[0.07563746,0.07104427,0.007716902],"c":[1,1,1],"b":["when starts then become next in .4"]}]}]}