{"n":"upperarml","v":6,"a":[12],"p":[{"b":192,"t":1,"i":[{"t":"5b9c5fa8f531960569d257bb","p":[-0.0005599216,-0.2082389,-0.003624737],"r":[350.0764,323.6624,239.136]}],"s":[{"p":[-0.0001422465,-0.002386093,0.1912127],"r":[0,90,270],"s":[0.01293034,0.3748997,0.01087977],"c":[0.5555556,0.5555556,0.5555556]}]},{"b":4,"t":7,"a":[12,37],"s":[{"p":[0,0,0],"r":[0,0,0],"s":[0.02267155,0.02587743,0.06020191],"c":[1,1,1],"b":["when starts then all parts face nearest yl"]}]}]}