{"n":"x","v":6,"d":"This should be a sub-thing of the Hand. This is what the upper arm points to. It is to be placed where the elbow join will be.","a":[1,22,12],"p":[{"b":16,"a":[3,12,37],"s":[{"p":[0,0,0],"r":[0,0,-3.73526E-07],"s":[0.02702523,0.02702525,0.027025],"c":[0.7777778,0.6148147,0.2592589]}]},{"b":140,"t":2,"a":[12,37],"e":"3/5","s":[{"p":[-0.02530268,0.03621396,-0.02830445],"r":[71.23092,10.11271,88.93253],"s":[0.003000005,0.003000007,0.003000003],"c":[1,1,1]}]},{"a":[12],"s":[{"p":[0.003858552,0.01037544,0.0002286527],"r":[-1.707547E-06,292.5,22.50001],"s":[0.03025163,0.07306651,0.08570402],"c":[1,1,1]}]}]}