{"v":6,"p":[{"im":"861740565648771037/736E29A5971D770427A0DBD40A7C2B65C42B891C/","s":[{"p":[0,0,0],"r":[0,0,0],"s":[1.013622,0.02810799,1.013622],"c":[0.02539684,0,0.2222221]}]}]}