{"n":"lleg","v":6,"a":[7,12,13,18,31],"p":[{"b":3,"i":[{"t":"5b9973376ffd3d04845c1694","p":[0,1.455192E-11,0.000110507],"r":[20.78319,-0.0001136313,-0.0003202391],"a":[49]}],"s":[{"p":[0,0,0],"r":[0,0,0],"s":[0.05938835,0.05938901,0.05938914],"c":[0,0.05714235,1],"b":["when starts then all parts face nearest lfoottar"]}]},{"b":3,"a":[37],"i":[{"t":"5b9950f4ce43a30582fcd898","p":[4.845904E-11,0.000325203,0.0002075434],"r":[90,180,0],"a":[49]}],"s":[{"p":[0,0,0],"r":[0,0,8.537738E-06],"s":[0.01197414,0.011974,0.01197337],"c":[0.1142855,1,0],"b":["when starts then project with 50% reach 1.1 max .55 default"]}]},{"b":3,"a":[37],"i":[{"t":"5b99722aed5a70047eac8c78","p":[-2.675194E-10,-0.001795292,0.001977802],"r":[90,180,0]},{"t":"5b997327b11dfe05714550f0","p":[1.387779E-16,9.313226E-10,0.0103854],"r":[0,180,90.00002],"a":[49]}],"s":[{"p":[0,0,0],"r":[0,0,8.537738E-06],"s":[0.01197408,0.01197375,0.01197315],"c":[0.9714286,1,0],"b":["when starts then project with 100% reach 1.1 max 1.1 default"]}]}]}