{"v":6,"p":[{"s":[{"p":[0,0,0],"r":[0,0,0],"s":[0.07106865,0.08310893,0.09447888],"c":[1,0,0.3428572],"b":["when any state starts then become next in 0.05s"]},{"p":[0.1767185,0.0319444,-0.005052716],"r":[354.7739,358.9596,12.88085],"s":[0.07106879,0.08310898,0.09447898],"c":[0.1142857,0,1]},{"p":[0.04956488,0.03932704,-0.1535782],"r":[2.596532,357.1369,2.151579],"s":[0.07106888,0.08310901,0.09447906],"c":[0,1,0.3999999]}]}]}