{"v":6,"a":[1],"p":[{"s":[{"p":[0.1797592,-0.03544686,0.08781205],"r":[285.5175,336.8147,167.4674],"s":[0.1800016,0.1750003,0.2029351],"c":[0.200622,0,0.9025234],"b":["when touched then become next in 1s"]},{"p":[0.1797535,-0.03544603,0.08781703],"r":[285.5175,336.8147,167.4674],"s":[0.5890253,0.1750003,0.1750002],"c":[0.2006179,0,0.9025279],"b":["when starts then become next in 1s"]}]}]}