{"v":6,"a":[2,3],"p":[{"b":3,"t":9,"t1":13,"s":[{"p":[0,0,0],"r":[0,0,0],"s":[0.01820955,0.0188035,0.01924878],"c":[0.6666666,0.9142855,1],"b":["when consumed then play slurping drink gulp with very-high-pitch "],"t1":{"c":[0.2222221,0.6666667,0.3999999],"x":0.17,"y":0.17,"a":0.8925,"m":0.5,"n":0.5,"r":0,"g":0,"o":0.5,"t":0.5,"e":0.5}}]},{"b":5,"s":[{"p":[0.001414061,-0.001606457,-0.05709339],"r":[0,0,1.001791E-05],"s":[0.002655471,0.003337196,0.1011734],"c":[1,1,1]}]}]}