{"v":6,"a":[2],"p":[{"b":3,"t":9,"t1":4,"s":[{"p":[0,0,0],"r":[0,0,0],"s":[0.01965471,0.0135932,0.01665196],"c":[0,0.2285712,1],"b":["when consumed then play splat crunch hit with 50 high-pitch","when consumed then destroy all parts"],"t1":{"c":[0,0.2285713,1],"x":0.17,"y":0.17,"a":0.69625,"m":0.5,"n":0.5,"r":0,"g":0,"o":0.5,"t":0.5,"e":0.5}}]},{"b":3,"t":9,"t1":4,"s":[{"p":[0.02155745,0.0003893322,-0.0004421901],"r":[358.7903,358.5729,358.9175],"s":[0.006775983,0.00969518,0.01665197],"c":[0,0.2285712,1],"t1":{"c":[0,0.2285713,1],"x":0.17,"y":0.17,"a":0.69625,"m":0.5,"n":0.5,"r":0,"g":0,"o":0.5,"t":0.5,"e":0.5}}]},{"b":3,"t":9,"t1":4,"s":[{"p":[-0.0203816,-0.002090351,-0.000192333],"r":[358.7992,359.6006,357.363],"s":[0.006775985,0.009695179,0.01665197],"c":[0,0.2285712,1],"t1":{"c":[0,0.2285713,1],"x":0.17,"y":0.17,"a":0.69625,"m":0.5,"n":0.5,"r":0,"g":0,"o":0.5,"t":0.5,"e":0.5}}]}]}