{"n":"bubble","v":6,"a":[1,6,22],"p":[{"t":7,"t1":43,"s":[{"p":[0,0,0],"r":[0,0,0],"s":[3.797001,0.08227855,1.34749],"c":[0,1,1],"b":["when starts then become unsoftened 2 in 7s"],"t1":{"c":[1,1,1],"x":0.5,"y":0.5,"a":0.8925,"m":0,"n":0,"r":0,"g":1,"o":0.5,"t":0.5,"e":0.5}},{"p":[0,0,0],"r":[0,0,0],"s":[3.797001,0.08227855,1.34749],"c":[0,1,1],"b":["when starts then become unsoftened 3 in 9s"],"t1":{"c":[1,1,1],"x":0.5,"y":0.5,"a":0.8925,"m":0.3645945,"n":0,"r":0,"g":1,"o":0.5,"t":0.5,"e":0.5}},{"p":[0,0,0],"r":[0,0,0],"s":[3.797001,0.08227855,1.34749],"c":[0,1,1],"b":["when starts then become untweened 1"],"t1":{"c":[1,1,1],"x":0.5,"y":0.5,"a":0.8925,"m":1,"n":0,"r":0,"g":1,"o":0.5,"t":0.5,"e":0.5}}]}]}