{"n":"2","v":6,"a":[7,18],"p":[{"a":[12],"s":[{"p":[0,0,0],"r":[0,0,0],"s":[0.1750077,0.1750012,0.1750074],"c":[1,1,1]}]}]}