{"n":"truc","v":6,"a":[2,7,18],"p":[{"s":[{"p":[0,0,0],"r":[0,0,0],"s":[1.189605,0.5225884,0.01076165],"c":[1,1,1]}]}]}