{"v":6,"p":[{"s":[{"p":[0.01177061,-0.02896267,-0.1254048],"r":[353.657,177.6001,354.6515],"s":[0.3739131,0.01487982,0.2012876],"c":[1,1,1]}]},{"b":18,"e":"THOUGHT  YOU MIGHT  \nLIKE THIS.\n\nCHRISPY","s":[{"p":[-0.1301818,-0.04066021,-0.07595714],"r":[79.46692,146.3443,149.2548],"s":[0.002667597,0.002667591,0.002667601],"c":[0,0,0]}]}]}