{"n":"obolisk","v":6,"a":[7,31],"p":[{"b":14,"t1":168,"t2":168,"s":[{"p":[0,0,0],"r":[0,0,0],"s":[0.06002309,0.06002355,0.06002278],"c":[0.2123455,0.1728394,0.2222221],"t1":{"c":[0,0,0],"a":0.05},"t2":{"c":[0,0,0],"a":0.05}}]},{"b":7,"t1":168,"t2":168,"s":[{"p":[-0.0004407169,0.0004411191,0.1284148],"r":[0,0,0],"s":[0.048095,0.04806082,0.04805442],"c":[0.2123455,0.1728394,0.2222221],"t1":{"c":[0,0,0],"a":0.05},"t2":{"c":[0,0,0],"a":0.05}}]},{"b":7,"t1":168,"t2":168,"s":[{"p":[-0.0005943776,0.0003335029,-0.1674645],"r":[1.028197E-05,0.03955985,89.98421],"s":[0.07494192,0.07493114,0.6423502],"c":[0.2123455,0.1728394,0.2222221],"t1":{"c":[0,0,0],"a":0.05},"t2":{"c":[0,0,0],"a":0.05}}]},{"b":2,"t1":168,"s":[{"p":[0.003121078,0.001613617,-0.4378633],"r":[0.03956387,180,0.01778411],"s":[0.07438091,0.07437832,0.07437038],"c":[0.2123453,0.1728393,0.2222219],"t1":{"c":[0,0,0],"a":0.05}}]}]}