{"v":6,"a":[31,50],"p":[{"b":14,"s":[{"p":[0.1512038,-0.511669,0.3823873],"r":[30.59525,13.09676,40.31028],"s":[0.2863577,0.2863576,0.2863578],"c":[1,1,1]}]},{"b":3,"s":[{"p":[-0.1230612,-0.1764411,-0.2726967],"r":[276.4872,10.84943,74.35023],"s":[0.2728403,0.2728403,0.2728403],"c":[1,1,1]}]},{"b":3,"s":[{"p":[0.1270765,0.01062661,-0.2412828],"r":[308.1086,214.2187,268.0486],"s":[0.2728404,0.2728401,0.2728404],"c":[1,1,1]}]},{"b":9,"s":[{"p":[-0.2926071,-0.2026831,1.484269],"r":[298.5339,115.1522,279.4183],"s":[0.1250004,0.1250004,0.1250003],"c":[1,1,1]}]}]}