{"n":"smiley","v":6,"a":[2,14,16,21],"p":[{"b":5,"t":2,"s":[{"p":[-0.005828018,-0.05775722,0.00133232],"r":[17.62787,353.0586,355.2606],"s":[0.06622534,0.06622536,0.000662246],"c":[0.8634921,0.8888889,0]}]},{"b":44,"t":1,"s":[{"p":[0.02766588,-0.06142907,0.005778551],"r":[71.76582,188.3695,14.57564],"s":[0.145354,0.007230412,0.0827829],"c":[0,0,0]}]},{"b":55,"t":1,"s":[{"p":[-0.03381018,-0.08860096,-0.01140518],"r":[71.76579,188.3695,194.5757],"s":[0.01713927,0.01144446,0.01710144],"c":[0,0,0]}]},{"b":55,"t":1,"s":[{"p":[-0.03696565,-0.02691871,0.006514154],"r":[71.76579,188.3695,194.5757],"s":[0.01714117,0.01144572,0.01710207],"c":[0,0,0]}]}]}