{"n":"no tp","v":7,"a":[4,22,48],"p":[{"s":[{"p":[0,0,0],"r":[0,0,0],"s":[2.487884,0.05912913,2.722472],"c":[1,1,1]}]},{"s":[{"p":[2.289764,-0.4662175,0.1825557],"r":[0,0,337.5],"s":[2.488883,0.05916922,2.72402],"c":[1,1,1]}]},{"s":[{"p":[-2.367427,-0.4445339,-0.03981447],"r":[0,0,22.49998],"s":[2.491044,0.05921631,2.726012],"c":[1,1,1]}]}]}