{"v":6,"p":[{"b":107,"e":"HELLO","s":[{"p":[0,0,0],"r":[0,0,-1.067217E-07],"s":[0.003000001,0.002999999,0.003],"c":[1,1,1]}]}]}