{"v":7,"a":[2,15],"tp_lp": [0,1,0],"p":[{"s":[{"p":[-0.4571143,-0.02922218,-0.1000756],"r":[2.625312,312.0396,8.546098],"s":[0.2367432,0.175,0.2282883],"c":[0,1,1]}]},{"s":[{"p":[-0.4604881,0.1419908,-0.1219045],"r":[1.738377,311.5337,6.076772],"s":[0.175,0.175,0.175],"c":[0,1,1]}]}]}