{"v":6,"a":[2,3],"p":[{"b":5,"s":[{"p":[0,0,0],"r":[0,0,1.280661E-06],"s":[0.01227422,0.0169627,0.2140822],"c":[0.6666667,0.4571426,0],"b":["when touches face then become previous in 0.2s"]}]}]}