{"n":"hand template","v":6,"d":"Wear this on your hand slot. Add a custom hand as a sub-thing. Both the forearm and Y should also be sub-things of this object.","a":[1,22,12,18,27,31],"p":[{"b":73,"a":[12],"s":[{"p":[0,0,0],"r":[0,0,0],"s":[0.1019144,0.1019177,0.1019161],"c":[1,0,0.3428572]}]},{"b":140,"t":2,"e":"5/5","s":[{"p":[0.05003488,0.0222453,0.02599752],"r":[-6.830189E-06,270,270],"s":[0.002999967,0.003000146,0.002999977],"c":[1,1,1]}]},{"i":[{"t":"5b8dc57462c06c60010c387e","p":[-0.04377413,-0.008477274,-0.01000547],"r":[0,270,90]},{"t":"5b9c227255b4d50fa3268a06","p":[-0.3608564,-0.01350912,0.003173113],"r":[20.70481,245.8513,350.9928]}],"s":[{"p":[0.008381326,0.002277844,-0.001395822],"r":[0,0,270],"s":[0.08500478,0.08500213,0.08499782],"c":[1,1,1]}]}]}