{"v":7,"a":[1,7,18],"p":[{"t":7,"a":[1],"s":[{"p":[0,0,0],"r":[0,0,0],"s":[2.408931,0.03458242,1.996251],"c":[0.08641968,0.7777778,0.7777778]}]}]}