{"v":7,"a":[2,15],"p":[{"t":3,"s":[{"p":[0,0,0],"r":[0,0,0],"s":[0.3929444,0.07938224,0.07279968],"c":[0,0.9142855,1]}]}]}