{"n":"1x1","v":7,"a":[7,18,32],"p":[{"t":7,"t1":167,"s":[{"p":[0,0,0],"r":[-3.415095E-06,0,180],"s":[1.001383,0.02850854,1.002234],"c":[1,1,1],"t1":{"c":[0.9714285,0,1],"a":0.75}}]}]}