{"n":"arm2","v":7,"a":[12],"p":[{"b":14,"i":[{"t":"5ba40c9904d2d10578b37e1c","p":[-0.001969145,-0.001519948,-0.2539684],"r":[359.6571,0.4442381,359.9382]}],"s":[{"p":[0,0,0],"r":[0,0,-1.707547E-06],"s":[0.06000011,0.06000009,0.06000008],"c":[1,1,1],"b":["when starts then all parts face nearest arm1"]}]}]}