{"n":"bolter bullet casing4","v":7,"a":[2,22,18],"p":[{"b":58,"t":1,"a":[18],"s":[{"p":[0,0,0],"r":[0,0,0],"s":[0.02051511,0.4848577,0.0197534],"c":[1,0.8571429,0],"b":["when touched then play bullet shells with low-pitch ","when touched then become 2 in 2s"],"pr":{"c":[1,1,1],"m":0.25,"a":0.25,"s":0.15,"z":0.25,"g":0.5,"h":0.25}},{"p":[0,0,0],"r":[0,0,0],"s":[0.02051511,0.4848577,0.0197534],"c":[1,0.8571429,0],"b":["when starts then destroy all parts"],"pr":{"c":[1,1,1],"m":0.25,"a":0.25,"s":0.15,"z":0.25,"g":0.5,"h":0.25}}]},{"b":5,"a":[12],"s":[{"p":[-0.000649913,0.002443314,-8.804281E-05],"r":[90,247.5,0],"s":[0.01501893,0.01507627,0.1364184],"c":[1,1,1],"pr":{"c":[1,1,1],"m":0.25,"a":0.25,"s":0.15,"z":0.25,"g":0.5,"h":0.25}}]}]}