{"n":"lenzics ride-a-bike","v":7,"a":[1],"p":[{"t":7,"su":[{"i":"5ba697dfceaaad4c64ca538f","t":"5ba6694c286bfa66d1bc914f","p":[0.06191769,0.2202205,-0.939232],"r":[344.5065,2.085604,83.05769]}],"s":[{"p":[0,0,0],"r":[0,0,0],"s":[0.1750008,0.1750004,0.1750007],"c":[1,0.5142855,0]}]}]}