{"v":7,"p":[{"b":3,"im":"954091151197047877/76DA8BE5F3A113F264C4BEC79C2338ACAF805260/","s":[{"p":[0,0,0],"r":[0,0,0],"s":[0.1250001,0.1250001,0.1250001],"c":[1,1,1]}]}]}