{"v":7,"a":[2,3],"p":[{"a":[12],"i":[{"t":"5815494b6b44bade0fc2fd01","p":[-0.04057872,0.09229777,-0.06754032],"r":[15.47249,272.0166,269.3682]}],"s":[{"p":[0,0,0],"r":[0,0,0],"s":[0.1214482,0.1151601,0.04967866],"c":[1,1,1],"b":["when consumed then send one nearby to the apple"]}]}]}