{"n":"le epic zicc","v":7,"p":[{"b":126,"e":"LE EPIC ZICC","s":[{"p":[0,0,0],"r":[-4.669075E-08,1.739366E-16,-4.268869E-07],"s":[0.003000009,0.003000006,0.003000007],"c":[1,1,1]}]}]}