{"v":7,"a":[7,18],"p":[{"b":4,"a":[12],"s":[{"p":[0,0,0],"r":[0,0,0],"s":[0.003082847,0.003281146,0.007021323],"c":[1,1,1]}]},{"b":16,"t":1,"s":[{"p":[-0.0001220722,-0.0002194612,-0.01813317],"r":[90,-1.46683E-05,0],"s":[0.00352285,0.009550145,0.003686002],"c":[0.5555556,0.5291005,0.3703702],"b":["when touched then destroy all parts","when touched then play bullet impact with 10"]}]}]}