{"v":7,"p":[{"t":7,"su":[{"i":"5ba668b5c6eae25308ba730a","t":"5ba6661e730e7664a6816f23","p":[-0.3330944,-0.2351851,-0.2352601],"r":[0.4662962,323.642,128.399]}],"s":[{"p":[0,0,0],"r":[0,0,4.268868E-07],"s":[0.1750005,0.1069365,0.1750005],"c":[0.4444443,0.4444443,0.4444443]}]}]}