{"v":7,"p":[{"s":[{"p":[0,0,0],"r":[0,0,5.069281E-07],"s":[0.5137584,0.5856629,0.5552133],"c":[1,0,0]}]},{"b":5,"s":[{"p":[0.2836517,-0.001324207,0.004684553],"r":[0.6372442,86.36723,316.4576],"s":[0.1742927,0.1840985,0.1119681],"c":[0,0.05714257,1]}]},{"b":5,"s":[{"p":[0.3488404,0.02375576,-0.01756029],"r":[4.10454,83.64146,292.99],"s":[0.1000001,0.1,0.1000002],"c":[0.2857141,1,0]}]},{"b":5,"s":[{"p":[0.4197411,-0.004716784,-0.006972127],"r":[0.01990659,84.16006,306.9302],"s":[0.0544934,0.06947423,0.06970402],"c":[0.111111,0.111111,0.111111]}]}]}