{"v":7,"p":[{"b":198,"s":[{"p":[0,0,0],"r":[0,0,0],"s":[0.0600003,0.06000022,0.06000027],"c":[1,1,1]}]},{"b":10,"s":[{"p":[0.01052856,0.2192912,-0.05152749],"r":[10.9725,258.7766,258.1734],"s":[0.1250002,0.1250002,0.1250003],"c":[1,1,1]}]}]}