{"v":7,"a":[7,20,49],"p":[{"t":7,"a":[1,12],"s":[{"p":[0,0,0],"r":[0,0,0],"s":[13.17773,0.1750187,7.248035],"c":[0.07089933,0.3333332,0.03703704]}]}]}