{"v":7,"p":[{"b":5,"i":[{"t":"58819ea190d1539e13366c5a","p":[-0.06562342,0.02321265,-0.02785149],"r":[338.3819,89.52905,280.7929]}],"s":[{"p":[0,0,0],"r":[0,0,-1.600825E-06],"s":[0.03508456,0.03552692,0.1000001],"c":[0.1142854,1,0]}]}]}