{"v":7,"p":[{"b":132,"e":"L","s":[{"p":[0,0,0],"r":[0,0,0],"s":[0.003000005,0.003000002,0.003000009],"c":[0,1,0.2285714]}]},{"s":[{"p":[0.01855668,-0.02578844,0.003896449],"r":[271.3334,301.385,59.47545],"s":[0.0694958,0.005448118,0.07562868],"c":[1,1,1]}]}]}