{"v":7,"p":[{"b":5,"i":[{"t":"58819ea190d1539e13366c5a","p":[0.05470109,0.05505634,-0.01009806],"r":[278.238,135.1696,226.2298]}],"s":[{"p":[0,0,0],"r":[0,0,0],"s":[0.03420547,0.03278963,0.1000001],"c":[0,1,0.2285714]}]}]}