{"v":7,"p":[{"b":144,"s":[{"p":[0.2594838,0.1420053,-0.137371],"r":[52.42525,92.97418,174.2482],"s":[0.09000013,0.09000005,0.09000015],"c":[1,1,1]}]},{"b":144,"s":[{"p":[0.2961857,-0.155719,-0.1416901],"r":[62.04621,93.40405,183.8864],"s":[0.09000007,0.09000003,0.09000003],"c":[1,1,1]}]},{"s":[{"p":[0.01223649,0.02101981,-0.01248927],"r":[359.3254,359.2921,358.6095],"s":[0.5912588,0.5240358,0.1686725],"c":[1,1,1]}]}]}