{"v":7,"p":[{"b":5,"i":[{"t":"58819ea190d1539e13366c5a","p":[0.03565004,0.05771141,-0.01918367],"r":[88.60072,314.8504,126.2909]}],"s":[{"p":[0,0,0],"r":[0,0,-1.173939E-06],"s":[0.0267816,0.0335438,0.1000002],"c":[0.1142856,1,0]}]}]}