{"v":7,"p":[{"s":[{"p":[0,0,0],"r":[0,0,0],"s":[0.1038112,0.0995172,0.4276974],"c":[0.1142855,1,0]}]}]}