{"v":7,"p":[{"b":3,"s":[{"p":[0,0,0],"r":[0,0,0],"s":[0.125,0.1250001,0.125],"c":[0.8888889,0.8747795,0.7901235]}]},{"b":69,"s":[{"p":[0.01538441,0.1279467,0.004087858],"r":[63.94278,279.0058,92.46193],"s":[0.02614004,0.03905131,0.03409147],"c":[0.3333332,0.3333332,0.3333332]}]},{"b":69,"s":[{"p":[0.1049724,0.07759588,-0.002434999],"r":[63.77938,263.1223,79.80103],"s":[0.02614004,0.03905129,0.03409145],"c":[0.3333332,0.3333332,0.3333332]}]}]}