{"n":"stage","v":7,"a":[22,18],"p":[{"b":64,"s":[{"p":[-6.306568,0.6396202,-0.0005829334],"r":[90,180,0],"s":[7.993076,0.674162,7.973402],"c":[0.4444433,0.3724857,0.2962953]}]},{"b":64,"s":[{"p":[6.306567,0.6396272,-0.0005829334],"r":[90,180,0],"s":[7.993076,0.673306,7.973402],"c":[0.4444433,0.3724857,0.2962953]}]},{"s":[{"p":[0,0,0],"r":[2.189484E-13,-5.008957E-06,5.008957E-06],"s":[11.15617,11.15692,0.6729968],"c":[0.4444433,0.3724857,0.2962953]}]}]}