{"v":7,"a":[2,7],"p":[{"b":5,"t":4,"s":[{"p":[-0.01987696,-0.003270265,-0.02933627],"r":[0,0,-8.537737E-06],"s":[0.01740256,0.0169598,0.2258053],"c":[0.2222221,0.2222221,0.2222221],"b":["when triggered then tell magic","when triggered then become next in 1s"]},{"p":[-0.01801133,-0.001602169,-0.03871524],"r":[0,0,-8.537737E-06],"s":[0.01740353,0.01696057,0.2258375],"c":[0.222222,0.222222,0.222222],"b":["when triggered then tell good"]}]},{"b":5,"t":4,"s":[{"p":[-0.01806831,-0.003706694,0.06623429],"r":[0,0,-8.537737E-06],"s":[0.0121177,0.01114267,0.001655013],"c":[1,0,0],"b":["when told magic then become next in 1s"]},{"p":[-0.01539326,-0.002929807,0.4707709],"r":[0,0,-8.537737E-06],"s":[0.0121178,0.01114269,1.157072],"c":[1,0,0],"b":["when told good then become next in 1s"]}]}]}