{"v":7,"p":[{"s":[{"p":[0,0,0],"r":[0,0,0],"s":[0.1750001,0.175,0.1750001],"c":[1,1,1]}]},{"s":[{"p":[-0.1443015,-0.1463903,0.09163591],"r":[7.011875,23.74283,5.910122],"s":[0.1750003,0.1750001,0.1750002],"c":[1,1,1]}]},{"s":[{"p":[-0.390968,-0.1663631,0.04062787],"r":[350.3304,334.582,318.1643],"s":[0.1750001,0.1750001,0.1750002],"c":[1,1,1]}]},{"b":12,"s":[{"p":[0.2563632,0.3415733,0.1108744],"r":[69.64924,341.207,272.0005],"s":[0.06000007,0.06000005,0.06000008],"c":[1,1,1]}]}]}