{"v":7,"p":[{"a":[1],"s":[{"p":[0,0,0],"r":[0,0,0],"s":[3.368875,0.3620439,2.578573],"c":[0.222222,0.222222,0.222222]}]}]}