{"v":7,"p":[{"b":3,"s":[{"p":[-0.01867438,0.01225936,0.3990135],"r":[342.444,347.3394,354.4535],"s":[0.1250004,0.1250005,0.1250004],"c":[0.8888889,0.8268077,0.691358]}]},{"s":[{"p":[-0.03653662,-0.03787589,0.5181087],"r":[357.7889,357.4317,1.814602],"s":[0.3247605,0.3157407,0.02241009],"c":[0.8888889,0.6405643,0.09876534]}]},{"b":2,"s":[{"p":[-0.02998458,-0.03407365,0.5771113],"r":[358.372,358.1069,176.2957],"s":[0.1250013,0.1250018,0.1250017],"c":[0.8888889,0.6405643,0.09876534]}]},{"s":[{"p":[-0.02431365,-0.001290366,0.0149739],"r":[357.4179,355.6155,357.8891],"s":[0.2141716,0.09380979,0.5315405],"c":[0,0,0]}]}]}