{"v":7,"a":[6,7,18,48],"p":[{"pr":9,"s":[{"p":[0,0,0],"r":[0,0,0],"s":[0.3865871,0.00100004,0.2989058],"c":[1,1,1],"pr":{"c":[0.3950617,0.4232804,0.4444444],"m":1,"a":0.117589,"s":0,"z":0.2215621,"g":0.5,"h":0.7780352}}]}]}