{"v":7,"a":[7,18],"p":[{"t":2,"s":[{"p":[0,0,0],"r":[0,0,0],"s":[0.1750191,3.297667,0.004837706],"c":[1,1,1]}]}]}