{"v":7,"a":[7],"p":[{"s":[{"p":[0,0,0],"r":[0,0,0],"s":[0.2881169,17.28712,12.15874],"c":[0.4444443,0.4444443,0.4444443]}]}]}