{"v":7,"a":[7,18],"p":[{"t":3,"im":"940580693004459486/1B5F01E920F24DE82B30DCD54CF28DCEED076E87/","s":[{"p":[0,0,0],"r":[0,0,0],"s":[0.6444611,0.001,0.9445892],"c":[0.7777778,0.7777778,0.7777778]}]}]}