{"v":7,"p":[{"b":4,"s":[{"p":[0,0,0],"r":[0,0,0],"s":[0.1250002,0.1250003,0.1250001],"c":[1,1,1]}]},{"b":4,"s":[{"p":[0.004477002,-0.04607688,-0.3647683],"r":[6.990362,180.4295,280.6198],"s":[0.1250003,0.1250005,0.1250004],"c":[1,1,1]}]}]}