{"v":7,"a":[21],"p":[{"b":195,"s":[{"p":[0,0,0],"r":[0,0,0],"s":[7.33942,3.877878,3.877928],"c":[0.4444443,0.4373896,0.3950616]}]}]}