{"v":7,"p":[{"b":51,"s":[{"p":[0,0,0],"r":[0,0,2.668042E-08],"s":[0.7069161,13.17519,1.31263],"c":[0.5555556,0.4973545,0.3703702]}]}]}