{"v":7,"p":[{"b":17,"s":[{"p":[0,0,0],"r":[0,0,4.268868E-07],"s":[0.06000012,0.06000006,0.06000005],"c":[1,1,1]}]},{"b":175,"s":[{"p":[0.3947141,0.07796639,-0.2485888],"r":[70.56041,88.92985,142.3937],"s":[0.04500012,0.04500003,0.04500015],"c":[1,1,1]}]}]}