{"v":7,"p":[{"s":[{"p":[0,0,0],"r":[0,0,0],"s":[0.4859791,5.408632,0.1191854],"c":[0.3333332,0.2402115,0.03703704]}]}]}