{"v":7,"a":[7,18,20],"p":[{"t":21,"a":[12],"pr":3,"s":[{"p":[0,0,0],"r":[0,0,0],"s":[17.36156,18.76941,0.001],"c":[0.148148,0.4190474,0.4444443],"pr":{"c":[1,1,1],"m":0.1618109,"a":0.6121547,"s":0.04122353,"z":1,"g":0.5045643,"h":0.3079142}}]}]}