{"v":7,"a":[22,18],"p":[{"b":5,"t1":151,"s":[{"p":[-0.07287664,-0.08678055,0.2422614],"r":[351.5789,339.059,114.059],"s":[0.2354254,0.2354927,0.2354446],"c":[0,0,0],"t1":{"c":[0.5555556,0.5555556,0.5555556],"x":0.5,"y":0.5,"a":0.8925,"m":0,"n":0,"r":0,"g":0,"o":0.5,"t":0.5,"e":0.5}}]},{"b":16,"t1":151,"s":[{"p":[-0.03711106,-0.08839816,0.1657446],"r":[358.4578,69.28734,261.5759],"s":[0.1221254,0.1221355,0.1221328],"c":[0,0,0],"t1":{"c":[0.5555556,0.5555556,0.5555556],"x":0.5,"y":0.5,"a":0.8925,"m":0,"n":0,"r":0,"g":0,"o":0.5,"t":0.5,"e":0.5}}]}]}