{"v":7,"p":[{"b":197,"t1":74,"s":[{"p":[0,0,0],"r":[0,0,0],"s":[3.080358,6.763722,2.637128],"c":[0,1,0.5714287],"t1":{"c":[0,0,0],"x":0.5827868,"y":0.66809,"a":0.8293555,"m":0,"n":0,"r":0.2548491,"g":0,"o":0.5,"t":0.5,"e":0.5}}]}]}