{"n":"icebridge","v":7,"p":[{"b":205,"t":3,"t1":43,"s":[{"p":[0,0,0],"r":[0,0,0],"s":[1.468657,1.926933,7.898378],"c":[0.2733321,0.7154334,0.9705794],"t1":{"c":[0,0.3999997,1],"x":0.5,"y":0.5,"a":0.8925,"m":0,"n":0,"r":0,"g":0,"o":0.5,"t":0.5,"e":0.5}}]}]}