{"v":7,"p":[{"b":9,"s":[{"p":[0,0,0],"r":[0,0,0],"s":[0.125,0.1250001,0.125],"c":[1,1,1]}]},{"b":150,"s":[{"p":[-0.007180924,0.03706569,0.0360471],"r":[81.14111,193.2386,185.2428],"s":[0.06000001,0.06000002,0.06000001],"c":[1,1,1]}]}]}