{"n":"mountain","v":7,"a":[21],"p":[{"b":157,"t":10,"a":[23],"s":[{"p":[0,0,0],"r":[1.067217E-07,-9.939233E-17,-1.067217E-07],"s":[33.22518,32.86454,34.58339],"c":[0.3132272,0.4444441,0.2962961]}]},{"b":157,"s":[{"p":[2.991408E-06,-0.1646734,-1.329929E-06],"r":[-3.201651E-07,2.773046E-14,-9.925118E-06],"s":[33.5237,32.5664,34.89804],"c":[0.4444442,0.4134036,0.3456788]}]}]}