{"v":7,"a":[2,22,14,18],"p":[{"b":5,"t":19,"a":[21,22],"s":[{"p":[0,0,0],"r":[0,0,0],"s":[0.005614435,0.005860158,0.2725881],"c":[0.4571425,1,0]}]},{"b":73,"t":19,"s":[{"p":[1.490116E-08,0,-0.1044588],"r":[0,0,0],"s":[0.01618524,0.0161776,0.01618756],"c":[0.4571425,1,0]}]},{"b":73,"t":19,"s":[{"p":[-1.490116E-08,0,0.1148791],"r":[0,0,0],"s":[0.01618486,0.0161775,0.01618704],"c":[0.4571425,1,0],"b":["when emitted then become 2"]},{"p":[-1.490116E-08,0,0.1148791],"r":[0,0,0],"s":[0.01618486,0.0161775,0.01618704],"c":[0.4571425,1,0],"b":["when touched then destroy all parts"]}]}]}