{"v":7,"a":[1,2,16,31],"p":[{"b":3,"s":[{"p":[0,0,0],"r":[5.122642E-06,3.415094E-06,-1.707547E-06],"s":[0.003580454,0.001877409,0.001602175],"c":[1,1,1]}]},{"b":5,"s":[{"p":[-0.0004732099,-0.006353283,-0.01289129],"r":[9.880414,315.2635,51.27972],"s":[0.0279983,0.02799793,0.02799778],"c":[0.4444443,0.4444443,0.4444443]}]},{"b":16,"s":[{"p":[-0.009020968,0.02606632,-0.01204838],"r":[13.96998,42.49572,3.256903],"s":[0.008403717,0.008403627,0.008403691],"c":[1,0,0]}]},{"b":3,"s":[{"p":[-0.002062017,-0.006721972,-0.01078696],"r":[354.7875,47.22608,355.357],"s":[0.03987758,0.03987757,0.03987759],"c":[0.111111,0.111111,0.111111]}]}]}