{"v":7,"p":[{"a":[11,12,37],"s":[{"p":[0,0,0],"r":[0,0,0],"s":[0.1750011,0.1750013,0.1750021],"c":[1,1,1],"b":["when starts then become next in 2"]},{"p":[-14.71033,1.490569,1.213329],"r":[4.268142,3.679893,5.698701],"s":[0.1750011,0.1750014,0.1750023],"c":[1,1,1],"b":["when starts then become 4 in 1s via 3"]},{"p":[-15.96049,1.5528,2.279952],"r":[310.1805,345.7507,24.01599],"s":[0.1750011,0.1750016,0.1750025],"c":[1,1,1]},{"p":[-17.47219,1.964664,0.5780268],"r":[285.6844,283.8152,78.96522],"s":[0.1750011,0.1750016,0.1750024],"c":[1,1,1]}]}]}