{"n":"mk1 staff","v":7,"a":[2,15,19,27],"p":[{"b":60,"t":7,"a":[5],"pr":2,"s":[{"p":[0.04403685,0.3036343,0.1332357],"r":[271.9703,163.1554,233.8538],"s":[0.001000001,0.001000001,0.001000001],"c":[0,0.0571425,1],"b":["when told sheild then become 2 in 0.2s"],"pr":{"c":[0.1142858,0,1],"m":0.25,"a":0.25,"s":0.15,"z":0.25,"g":0.5,"h":0.25}},{"p":[0.2410534,0.4492704,0.4687263],"r":[277.4397,162.1611,223.2762],"s":[1.345006,0.01586881,1.372686],"c":[0,0,0],"b":["when told sheildoff then become 1 in 0.2s"],"pr":{"c":[0.1142858,0,1],"m":0.25,"a":0.25,"s":0.15,"z":0.25,"g":0.5,"h":0.25}}]}]}