{"v":7,"p":[{"b":8,"s":[{"p":[0,0,0],"r":[0,0,0],"s":[0.1250002,0.1250002,0.1250002],"c":[0.2222221,0.7999996,1]}]},{"b":15,"s":[{"p":[0.003211234,-0.03987791,0.2022238],"r":[52.43234,120.1909,139.8783],"s":[0.1250009,0.1250006,0.1250008],"c":[0.2857141,1,0]}]}]}