{"v":7,"a":[22],"p":[{"s":[{"p":[0,0,0],"r":[0,0,0],"s":[0.03437519,0.04906947,0.7835663],"c":[0,0,0]}]},{"s":[{"p":[-0.004053087,-0.007556453,0.1198545],"r":[0,0,0],"s":[0.6162165,0.07774051,0.4766389],"c":[0,0.05714229,1]}]},{"b":123,"e":"IF I AM NOT DOWN HERE CHECK\nIF THE BLACK PLATFORM \nWHICH IS USUALY FOUND BEHIND \nYOU IS THERE... IF ITS NOT THERE\nTAP THE GLOWING CUBE","s":[{"p":[-0.223593,0.05542755,0.2693262],"r":[90,-1.151484E-12,0],"s":[0.004736676,0.004736704,0.004736708],"c":[1,1,1]}]}]}