{"v":7,"p":[{"b":14,"s":[{"p":[0,0,0],"r":[0,0,0],"s":[0.06000001,0.06000004,0.06000007],"c":[0.326984,0.3333332,0.111111]}]},{"b":12,"s":[{"p":[0.01444922,0.004137218,0.1259411],"r":[359.8941,272.6011,177.73],"s":[0.06000001,0.06000003,0.06],"c":[0,1,0.2285714]}]}]}