{"n":"traffic cone hat","v":7,"a":[1,2,7],"p":[{"b":204,"s":[{"p":[0.003031731,0.00323391,0.1842443],"r":[90,0,0],"s":[0.08890843,0.09187484,0.08477292],"c":[1,0.6857142,0]}]},{"b":5,"s":[{"p":[0.001190424,-0.0003376007,-0.0008214712],"r":[0,0,1.024528E-05],"s":[0.1392909,0.1251263,0.100008],"c":[1,0.6857142,0]}]},{"b":5,"s":[{"p":[0.009738207,0.003310204,0.1275537],"r":[0,0,1.024528E-05],"s":[0.07766908,0.08355192,0.05937344],"c":[1,1,1]}]}]}