{"v":7,"p":[{"b":10,"s":[{"p":[0,0,0],"r":[-6.830188E-06,3.415094E-06,-3.415094E-06],"s":[0.125,0.1250001,0.1250001],"c":[0,0,0]}]},{"b":10,"s":[{"p":[0.2705613,0.1036089,-0.01276273],"r":[5.198637,8.29051,30.32979],"s":[0.1250001,0.1250001,0.1250001],"c":[0,0,0]}]},{"b":14,"s":[{"p":[0.01808676,0.01485379,-0.2789854],"r":[12.06778,302.5714,5.131129],"s":[0.05999999,0.05999999,0.06],"c":[0,0,0]}]},{"b":14,"s":[{"p":[0.2466845,0.08619912,-0.2795077],"r":[345.4433,52.03722,1.599138],"s":[0.06000003,0.06000002,0.06000006],"c":[0,0,0]}]}]}