{"n":"javelin","v":7,"a":[1,2],"p":[{"b":5,"s":[{"p":[0,0,0],"r":[0,0,1.432405E-06],"s":[0.01839818,0.01662223,0.1510671],"c":[0.5555556,0.4973545,0.3703702]}]},{"b":14,"s":[{"p":[0.0001643966,0.004439524,-0.007288369],"r":[0.2897079,359.8751,9.264153],"s":[0.02583198,0.02645752,0.2851678],"c":[0.6666667,0.5502645,0.2962962]}]}]}