{"n":"brock","v":7,"p":[{"t1":43,"t2":59,"s":[{"p":[0,0,0],"r":[0,0,0],"s":[0.09876586,0.1089745,0.1750029],"c":[1,0.6666666,0.6666666],"t1":{"c":[0,0,0],"x":0.5,"y":0.5,"a":0.8925,"m":0,"n":0,"r":0,"g":0,"o":0.5,"t":0.5,"e":0.5},"t2":{"c":[0,0,0],"x":0.42556,"y":0.07301044,"a":0.8925,"m":0,"n":0,"r":0,"g":0,"o":0.5,"t":0.5,"e":0.5}}]},{"t1":59,"s":[{"p":[0,0,0],"r":[0,0,0],"s":[0.09086703,0.1215806,0.1909043],"c":[0.6666667,0.6666667,0.6666667],"t1":{"c":[0.6666667,0.6666667,0.6666667],"x":0.5,"y":0.5,"a":0.8925,"m":0,"n":0,"r":0,"g":0,"o":0.5,"t":0.5,"e":0.5}}]}]}