{"v":7,"a":[7,13,18],"p":[{"b":5,"s":[{"p":[0.00152725,-9.539071E-07,4.768374E-07],"r":[0,-1.001791E-05,0],"s":[0.01598429,0.01548056,24.01622],"c":[1,1,1]}]},{"b":5,"s":[{"p":[0,0,0],"r":[0,0,0],"s":[0.01044907,0.01950255,24.01151],"c":[1,1,1]}]},{"b":5,"s":[{"p":[-0.6835123,-4.172325E-07,4.768373E-07],"r":[0,-1.001791E-05,0],"s":[0.01045389,0.01950905,24.03291],"c":[1,1,1]}]}]}