{"n":"bb8 body","v":7,"a":[1],"p":[{"b":73,"s":[{"p":[0,0,0],"r":[0,0,-4.268868E-07],"s":[0.4502239,0.4502239,0.4502239],"c":[0.5555556,0.5555556,0.5555556]}]}]}