{"v":7,"p":[{"b":5,"s":[{"p":[0,0,0],"r":[0,0,0],"s":[0.006798644,0.007131986,0.03984938],"c":[0.7777778,0.6790124,0.08641968]}]},{"b":16,"s":[{"p":[-0.0002636388,-0.0005750088,0.01543133],"r":[8.192196,266.0123,268.061],"s":[0.006831833,0.02165205,0.007180858],"c":[0.7777778,0.6666667,0]}]}]}