{"n":"torso","v":7,"p":[{"b":10,"s":[{"p":[0,0,0],"r":[0,0,0],"s":[0.1250001,0.1250001,0.1250001],"c":[1,1,1]}]},{"b":10,"s":[{"p":[0.3635417,0.03181374,-0.07178625],"r":[5.596694,6.161018,38.65744],"s":[0.125,0.1250001,0.1250001],"c":[1,1,1]}]},{"s":[{"p":[0.1759407,-0.06322905,-0.1449854],"r":[345.007,9.029331,7.828661],"s":[0.1750002,0.1750002,0.3841789],"c":[1,1,1]}]}]}