{"n":"8","v":7,"a":[48],"p":[{"s":[{"p":[0,0,0],"r":[0,0,0],"s":[0.1750035,0.1750013,0.1750035],"c":[1,1,1]}]}]}