{"n":"ground","v":7,"a":[1],"p":[{"b":12,"s":[{"p":[0,0,0],"r":[0,0,0],"s":[4.33023,0.05999997,6.427877],"c":[0.2857141,1,0]}]}]}