{"v":7,"a":[16,31],"p":[{"b":3,"t":21,"a":[18],"pr":40,"s":[{"p":[0,0,0],"r":[0,0,0],"s":[0.006191451,0.006191369,0.006191559],"c":[1,0,0],"pr":{"c":[1,1,1],"m":0.6160289,"a":1,"s":0,"z":0.09243518,"g":0.5,"h":0.5}}]}]}