{"v":7,"a":[7,18],"p":[{"t":20,"t1":168,"s":[{"p":[0,0,0],"r":[0,0,0],"s":[7.788055,5.731819,0.06882222],"c":[1,1,1],"t1":{"c":[1,1,1],"a":0}}]}]}