{"n":"nexus","v":7,"a":[7,48],"p":[{"b":5,"s":[{"p":[0,0,0],"r":[0,0,0],"s":[0.1041636,0.1000142,0.001],"c":[1,1,1]}]}]}