{"v":7,"a":[22],"p":[{"b":5,"s":[{"p":[0,0,0],"r":[0,0,0],"s":[3.968772,3.969468,0.2255231],"c":[0.07407398,0.111111,0.09523798]}]}]}