{"v":7,"a":[6,7,18,49],"p":[{"b":179,"t":20,"s":[{"p":[0,0,0],"r":[0,0,0],"s":[1.049026,2.855065,0.2185284],"c":[1,1,1]}]}]}