{"v":7,"a":[7,18],"p":[{"s":[{"p":[0,0,0],"r":[0,0,0],"s":[17.65154,3.643229,0.1751777],"c":[0,0,0]}]}]}