{"v":7,"a":[7,18],"p":[{"t":20,"t1":168,"s":[{"p":[0,0,0],"r":[0,0,0],"s":[11.01458,5.731819,0.07725938],"c":[1,1,1],"t1":{"c":[1,1,1],"a":0}}]}]}