{"v":7,"p":[{"t1":43,"s":[{"p":[0,0,0],"r":[0,0,2.668042E-08],"s":[15.46184,44.46763,0.1257819],"c":[0.111111,0.111111,0.111111],"t1":{"c":[0,0,0],"x":0.5,"y":0.5,"a":0.8925,"m":0,"n":0,"r":0,"g":0,"o":0.5,"t":0.5,"e":0.5}}]}]}