{"v":7,"a":[7,18],"p":[{"a":[12,31],"i":[{"t":"5bb0ad41305ef709a7b9e717","p":[0.005510318,-0.07262087,-0.003063678],"r":[1.710165E-05,44.99998,180]}],"s":[{"p":[0,0,0],"r":[0,0,0],"s":[0.02497389,0.01586768,0.1750047],"c":[1,1,1],"b":["when any part touched then set constant rotation to 0 20 0"]}]}]}