{"v":7,"a":[48],"p":[{"b":179,"a":[1],"s":[{"p":[0,0,0],"r":[0,0,0],"s":[0.07947037,0.05540636,0.2150001],"c":[1,1,1],"b":["when told by any baby then show video [youtube: 834bXQ5XgDk]"]}]}]}