{"n":"pop","v":7,"a":[7,18,48],"p":[{"s":[{"p":[0,0,0],"r":[0,0,0],"s":[0.05306862,0.001,0.06490619],"c":[1,0,0.3428572]}]}]}