{"n":"-","v":7,"a":[7,31],"p":[{"b":4,"t":17,"a":[23],"s":[{"p":[0,0,0],"r":[0,0,0],"s":[0.1250161,0.1250226,0.1250165],"c":[0.4444443,0.9523808,1],"b":["when starts then become next in 1s"]},{"p":[-0.0007400513,0.002775192,0.06159973],"r":[0,0,1.024528E-05],"s":[0.1257935,0.1258046,0.1257945],"c":[0.4444439,0.9523807,1],"b":["when starts then become next in 1s"]}]},{"b":4,"t":21,"a":[12],"i":[{"t":"5bb408efe445b2756f2d62ab","p":[-0.0337677,-0.002426141,-0.2663383],"r":[0,180,90.00003]}],"s":[{"p":[0.006959915,0.002685547,-0.03380203],"r":[0,0,1.024528E-05],"s":[0.08149606,0.08149336,0.08148688],"c":[0,0,0],"b":["when starts then become next in 1s"]},{"p":[0.006284714,0.003799438,-0.02246857],"r":[0,0,-8.537737E-06],"s":[0.08150324,0.08150234,0.08149376],"c":[0,0,0],"b":["when starts then become next in 1s"]}]}]}