{"v":7,"p":[{"t":2,"im":"954090989357948949/4F5DB359F4138ABD2A99EB855BB334D0F3B594DC/","s":[{"p":[0,0,0],"r":[0,0,0],"s":[0.7941588,0.03479828,0.7770619],"c":[0.8888889,0.8888889,0.8888889]}]}]}