{"v":7,"a":[48],"p":[{"t":4,"s":[{"p":[-0.04601188,0.009714009,0.01499125],"r":[16.94481,321.3859,3.284958],"s":[1.102681,0.2774109,0.5080613],"c":[1,0,0],"b":["when starts then become next in 8s"]},{"p":[-0.03122856,-0.005318997,0.04968814],"r":[20.18661,332.1182,356.9138],"s":[0.9391013,0.1846095,0.1750004],"c":[0.713933,0.8888889,0.691358],"b":["when starts then become previous in 12"]}]},{"t":4,"a":[12],"s":[{"p":[1.089213,-0.03537801,-0.06163032],"r":[3.864265,89.20192,309.3753],"s":[0.2711508,0.3245128,0.1750008],"c":[0.6666666,0.7999998,1]}]}]}