{"v":7,"p":[{"a":[1],"s":[{"p":[0,0,0],"r":[0,0,0],"s":[4.17826,0.02427004,3.039116],"c":[1,1,1]}]}]}