{"v":7,"a":[7],"p":[{"t":3,"a":[12],"s":[{"p":[0,0,0],"r":[0,0,0],"s":[3.879555,0.649345,0.8720137],"c":[1,1,1]}]}]}