{"v":7,"p":[{"a":[1],"s":[{"p":[0,0,0],"r":[0,0,0],"s":[2.69731,0.1750005,1.812453],"c":[1,1,1]}]}]}