{"v":7,"p":[{"a":[1],"s":[{"p":[0,0,0],"r":[0,0,0],"s":[0.104368,0.04775588,0.1278043],"c":[1,1,1]}]}]}