{"v":7,"a":[13,48],"p":[{"t":7,"a":[5,12],"s":[{"p":[0,0,0],"r":[0,0,0],"s":[2.420538,2.420559,4.196794],"c":[0.6666667,0.6666667,0.6666667]}]}]}