{"n":"carmine eye","v":7,"a":[30],"p":[{"b":26,"s":[{"p":[0,0,0],"r":[0,0,0],"s":[0.1250148,0.1250102,0.1250087],"c":[1,1,1]}]},{"b":26,"s":[{"p":[0.02682841,0.0001568198,-0.02751732],"r":[0.07401501,-0.0002635565,359.7982],"s":[0.07126508,0.1232859,0.07086255],"c":[1,1,1]}]},{"s":[{"p":[0.03618991,0.0002202988,-0.03764391],"r":[0.03288737,45.08407,270.0431],"s":[0.06023122,0.02360981,0.05111622],"c":[1,1,1]}]}]}