{"v":7,"p":[{"b":3,"s":[{"p":[0,0,0],"r":[0,0,0],"s":[0.2543309,0.248532,0.290796],"c":[0.111111,0.9238093,1]}]},{"b":6,"s":[{"p":[0.2615439,0.1398945,0.1934434],"r":[29.96536,317.8179,47.22495],"s":[0.125,0.1250001,0.125],"c":[0.5555556,0.09523798,0]}]},{"b":6,"s":[{"p":[-0.05613033,0.4260752,0.08993895],"r":[11.9033,297.8089,30.52837],"s":[0.1250001,0.1250002,0.125],"c":[0.5555556,0.09523798,0]}]}]}