{"n":"ground","v":7,"a":[1,7],"p":[{"b":9,"s":[{"p":[-1.247853,0.1865625,-0.6098055],"r":[2.255194,179.2706,352.0717],"s":[0.1250167,0.1250066,0.1250111],"c":[1,1,1]}]},{"b":17,"s":[{"p":[-0.01573001,-1.250351,0.05603696],"r":[0,0,0],"s":[2500.569,0.001000353,581.2209],"c":[0,0.6666667,0.1523809]}]}]}