{"v":7,"p":[{"b":90,"t":2,"e":"ULTIMATE","s":[{"p":[0,0,0],"r":[0,0,-1.75403E-07],"s":[0.01106128,0.01106127,0.01106127],"c":[0,0.7428569,1]}]}]}