{"v":7,"p":[{"a":[1,27],"s":[{"p":[0,0,0],"r":[0,0,0],"s":[0.0944394,0.01922809,0.06172403],"c":[1,1,1]}]}]}