{"v":7,"a":[24,27],"bod":{},"p":[{"s":[{"p":[0,0,0],"r":[0,0,8.537737E-07],"s":[0.04372555,0.0478263,0.04619734],"c":[1,1,1]}]}]}