{"v":7,"a":[12,31],"p":[{"b":3,"i":[{"t":"5bba51442132255859094a09","p":[-0.002378852,0.002918594,0.1492839],"r":[344.4411,6.632563,109.6027]}],"s":[{"p":[-1.490116E-08,0,0.1478729],"r":[7.171699E-05,1.707587E-06,6.317925E-05],"s":[0.06595874,0.07916383,0.1588268],"c":[1,1,1],"b":["when starts then all parts face nearest xr"]}]},{"b":4,"a":[12,37],"s":[{"p":[0,0,0],"r":[0,0,0],"s":[0.008405177,0.008405177,0.008405177],"c":[1,1,1]}]}]}