{"n":"moon","v":7,"a":[13,45],"tp_lp": [1,1,1],"tp_lp": [1,1,1],"tp_lr": [1,1,1],"p":[{"b":73,"im":"955218590045489131/456EF7331C9230955DE3B7C22346AF6C613F7D3A/","imt":1,"t1":14,"s":[{"p":[0,0,0],"r":[0,0,0],"s":[71.43016,71.43013,71.43013],"c":[1,1,1],"t1":{"c":[0,0,0],"x":0.17,"y":0.17,"a":0.8925,"m":0.5,"n":0.5,"r":0,"g":0,"o":0.5,"t":0.5,"e":0.5}}]}]}