{"n":"xl","v":7,"a":[31,48],"p":[{"b":3,"s":[{"p":[0,0,0],"r":[0,0,4.268868E-07],"s":[0.02456263,0.02456252,0.02456255],"c":[1,1,1]}]}]}