{"v":7,"a":[7,18,31],"p":[{"t":19,"t1":168,"s":[{"p":[0,-5.960464E-08,0.6003782],"r":[0,0,-2.003583E-05],"s":[0.03528142,0.03530543,0.9993401],"c":[1,1,1],"t1":{"c":[1,0,0.3428573],"a":0.04758941}}]},{"t":1,"s":[{"p":[-9.313226E-10,0,-0.004419327],"r":[1.526666E-13,1.024528E-05,-1.707547E-06],"s":[0.04616581,0.0461689,0.2040303],"c":[0.2222221,0,0.07619045]}]}]}