{"v":7,"a":[22],"p":[{"s":[{"p":[0,0,0],"r":[0,0,0],"s":[732.9977,2500,0.1750129],"c":[0.2031744,0.4444443,0]}]}]}