{"n":"le mon","v":7,"a":[2,7,12,15,18,31,38],"p":[{"b":69,"t":2,"t1":168,"s":[{"p":[-0.001435398,-0.001443386,-0.005813123],"r":[90,180,0],"s":[0.07519731,0.06455522,0.07519849],"c":[1,0.8571429,0],"t1":{"c":[0,0,0],"a":0.05}}]},{"b":4,"a":[12,37],"s":[{"p":[0,0,0],"r":[5.008955E-06,-1.207418E-05,-1.366038E-05],"s":[0.05220284,0.05220401,0.05224032],"c":[1,1,1]}]}]}