{"n":"rattles","v":7,"a":[2,7,12,14,15,31],"p":[{"b":10,"pr":47,"c":[[-0.028,0.022,0.495,12],[-0.728,-0.14,0.201,15,7],[0.132,0.758,0.16,9],[0.037,0.67,0.474,10],[-0.628,-0.053,0.508,16,7],[-0.515,0.514,0.505,11],[0.285,-0.309,0.161,13],[0.376,-0.416,-0.133,27,1,3,1,1,1],[-0.174,-0.493,-0.028,17,8],[0.541,0.11,-0.059,14],[-0.562,-0.639,0.008,21],[0.622,0.582,-0.06,5],[0.491,-0.526,0.83,2],[0.708,-0.699,0.357,3],[0.522,-0.574,-0.475,8],[0.83,0.005,-0.498,7],[0.104,-0.717,-0.551,26],[0.576,0.538,-0.505,6]],"s":[{"p":[0.01997632,-0.007121444,-0.1252928],"r":[2.023288,96.0602,37.1073],"s":[0.1250039,0.1249993,0.1250015],"c":[1,1,1],"pr":{"c":[1,1,1],"m":0.25,"a":0.9023161,"s":0,"z":0.5,"g":0.5,"h":0.5}}]},{"b":10,"c":[[-0.271,0.131,0.85,16,7],[-0.454,-0.002,0.319,15,7],[-0.339,-0.291,0.367,21],[-0.339,-0.424,0.229,24],[-0.832,-0.166,0.176,17,8],[-0.259,-0.19,0.588,20],[0.129,-0.254,0.843,19],[0.052,-0.334,0.311,18],[-0.112,-0.643,0.221,26],[-0.241,0.001,0.41,10],[-0.431,0.071,0.277,11],[-0.125,-0.093,0.449,5],[-0.011,-0.31,-0.13,6],[0.029,-1.072,-0.039,27,1,3,1,1,1],[-0.28,-0.035,0.081,9],[-0.813,0.165,0.388,12],[-0.049,-0.22,0.129,0],[0.032,-0.338,0.288,3],[-0.024,-0.204,0.365,2],[-0.196,-0.326,0.35,1],[0.156,-0.818,0.369,8],[-1.057,0.056,-0.071,13],[-0.331,-0.2,0.367,4],[-0.395,0.068,-0.127,14],[0.183,-0.689,0.137,7],[0.019,0.023,1.015,29,1,5,1,1,1]],"s":[{"p":[-0.03038454,0.007889152,-0.03352618],"r":[2.023283,96.0602,127.1072],"s":[0.1250089,0.1250188,0.1250168],"c":[1,1,1],"pr":{"c":[1,1,1],"m":0.25,"a":0.25,"s":0.15,"z":0.25,"g":0.5,"h":0.25}}]},{"b":5,"c":[[-2.58,-0.505,0.188,28,14,9],[-2.501,-0.263,0.691,27,33],[-2.315,0.02,0.637,26,15],[-2.044,0.332,0.595,25,36],[-1.896,-0.039,0.083,24,15],[-1.587,0.211,0.047,22,16],[-1.16,1.198,0.499,20,17],[-0.809,0.945,-0.12,18,17],[-0.233,1.089,-0.122,16,20],[0.585,1.252,0.501,14,32],[1.241,0.811,0.015,6,41],[1.038,1.081,0.522,7,61],[-0.022,1.331,0.525,17,49],[-0.543,1.297,0.496,19,46],[-1.161,1.239,0.482,21,43],[-1.511,0.761,0.552,23,40,14],[1.591,0.695,0.57,3,66,5],[2.048,0.222,0.649,0,72],[2.456,-0.187,0.765,4,67],[2.81,-0.474,0.802,8,62],[-1.211,0.076,0.335,31,27],[-2.75,-0.546,0.73,29,30],[-2.677,-0.72,0.262,30,20],[2.778,-0.721,0.474,9,36,7],[2.463,-0.396,0.404,5,39],[2.039,0.18,0.65,1,42],[1.72,0.319,0.171,2,46],[0.161,0.704,0.423,34],[0.127,0.697,0.402,13,19,8,9,5],[0.102,0.671,0.382,12,21,23],[1.562,-0.192,0.521,11,42],[1.744,-0.292,0.622,10,47],[-0.13,0.649,0.576,62,16],[0.598,1.273,0.514,15,52],[0.017,0.631,0.416,73,3],[0.027,0.72,0.401,55,20]],"s":[{"p":[-0.07029241,-0.003585339,-0.1009023],"r":[2.023283,96.0602,82.1072],"s":[0.03406858,0.03407957,0.03408431],"c":[1,1,1],"pr":{"c":[1,1,1],"m":0.25,"a":0.25,"s":0.15,"z":0.25,"g":0.5,"h":0.25}}]},{"b":251,"t":3,"s":[{"p":[0.0262242,-0.05621564,-0.07340455],"r":[284.7437,13.77505,82.02581],"s":[0.01474883,0.01479784,0.01479173],"c":[1,1,1]}]},{"b":251,"t":3,"s":[{"p":[0.02901381,0.05359066,-0.08307242],"r":[300.4536,182.6155,273.9943],"s":[0.01474937,0.01479815,0.01479262],"c":[1,1,1]}]},{"b":10,"t":18,"t1":10,"c":[[-0.03,-0.649,0.061,18],[0.627,-0.571,-0.002,3],[-0.512,-0.527,-0.035,21],[0.072,-0.833,-0.28,26],[0.909,-0.502,-0.151,8],[0.629,-0.01,-0.442,7],[-0.093,0.051,-0.776,27,1,3,1,1,1]],"s":[{"p":[0.002854109,-0.01135969,-0.1557498],"r":[348.5733,114.2017,80.5974],"s":[0.08866635,0.08867833,0.0886547],"c":[0,0,0],"t1":{"c":[0,0,0],"a":0},"pr":{"c":[1,1,1],"m":0.25,"a":0.25,"s":0.15,"z":0.25,"g":0.5,"h":0.25}}]},{"b":10,"t":18,"t1":10,"c":[[-0.078,-0.683,-0.506,26],[-0.004,-0.888,-0.041,18],[0.655,-0.719,-0.001,3],[0.497,-0.527,-0.409,8],[-0.169,-0.087,-0.831,27,1,3,1,1,1],[1.117,-0.001,-0.405,7]],"s":[{"p":[0.01383775,-0.01068413,-0.1471305],"r":[348.5733,114.2017,80.5974],"s":[0.08867696,0.08868966,0.08866447],"c":[0,0,0],"t1":{"c":[0,0,0],"a":0},"pr":{"c":[1,1,1],"m":0.25,"a":0.25,"s":0.15,"z":0.25,"g":0.5,"h":0.25}}]},{"b":10,"t":18,"t1":10,"c":[[-0.01,-0.905,-0.018,18],[-0.035,-0.589,-0.521,26],[0.492,-0.51,-0.443,8],[-0.551,-0.123,-0.845,27,1,3,1,1,1],[1.215,0.024,-0.435,7]],"s":[{"p":[0.01832408,-0.01491606,-0.1488273],"r":[348.5733,114.2017,80.5974],"s":[0.08868642,0.08869518,0.08867146],"c":[0,0,0],"t1":{"c":[0,0,0],"a":0},"pr":{"c":[1,1,1],"m":0.25,"a":0.25,"s":0.15,"z":0.25,"g":0.5,"h":0.25}}]},{"b":51,"c":[[0.43,0.698,0.64,293,3,43],[0.333,0.843,0.683,285,3,48],[0.391,0.842,0.651,289,3,46],[0.274,0.814,0.709,282,2,50],[0.251,0.821,0.722,281,37,12],[0.246,0.792,0.756,314,3,14],[0.269,0.766,0.761,310,3,19],[0.309,0.714,0.742,306,3,24],[0.33,0.706,0.709,301,4,30],[0.359,0.659,0.705,297,3,37],[0.425,0.701,-0.796,14,5,309],[0.388,0.784,-0.794,10,5,314],[0.337,0.798,-0.83,6,5,316],[0.28,0.731,-0.823,3,4,318],[0.26,0.731,-0.839,0,39,284],[0.398,0.661,-0.828,18,5,303],[0.339,0.655,-0.869,22,2,300],[0.268,0.648,-0.861,27,1,292],[0.218,0.724,-0.86,35,1,286],[0.188,0.657,-0.87,31,1,289],[-0.256,0.058,-0.208,81,37,2,39],[-0.264,0.05,0.158,161,37,2,39],[-0.127,0.311,0.315,165,3,38,5],[-0.106,0.338,-0.375,85,3,38,5],[-0.183,0.084,-0.405,42,2,39,4],[-0.099,0.064,0.53,242,2,39,4],[-0.1,0.071,-0.554,2,2,39,4],[-0.094,0.221,0.086,173,3,38,5],[-0.084,0.256,-0.105,93,3,38,5],[-0.212,0.033,-0.036,133,3,38,5],[-0.222,0.071,-0.031,129,3,38,5],[-0.177,-0.094,0.038,137,3,38,5],[-0.189,-0.124,0.19,177,3,38,5],[-0.122,-0.155,0.31,213,3,38,5],[-0.047,-0.119,0.491,253,3,38,5],[-0.116,-0.096,-0.339,57,3,38,5],[-0.197,-0.049,-0.153,97,3,38,5],[-0.188,0.281,0.424,201,37,2,39],[-0.143,0.306,-0.482,41,37,2,39],[-0.247,0.299,-0.038,121,37,2,39]],"s":[{"p":[-0.1022587,-0.01471889,-0.1340282],"r":[81.85373,351.7725,278.0726],"s":[0.2460724,0.1250146,0.1250267],"c":[1,1,1],"b":["when starts then become next"]},{"p":[-0.1101905,-0.03426802,-0.2152839],"r":[69.81049,347.6514,320.8146],"s":[0.2460932,0.1250147,0.1250342],"c":[1,1,1],"b":["when starts then become next"]},{"p":[-0.09283572,-0.02050304,-0.1135132],"r":[80.56335,22.2706,296.41],"s":[0.246095,0.1250149,0.1250352],"c":[1,1,1],"b":["when starts then become next"]},{"p":[-0.1221941,-0.0204128,-0.1591001],"r":[70.13887,359.0585,311.2761],"s":[0.2460956,0.125015,0.1250355],"c":[1,1,1],"b":["when starts then become next"]}]},{"b":4,"t":21,"a":[12,37],"s":[{"p":[0,0,0],"r":[-1.707547E-06,-1.707547E-06,1.707547E-06],"s":[0.01125196,0.0112505,0.01125297],"c":[0.111111,0.111111,0.111111]}]}]}