{"n":"dot","v":7,"a":[7,18,49],"p":[{"a":[12],"s":[{"p":[0,0,0],"r":[0,0,0],"s":[0.1750002,0.005143091,0.175],"c":[1,0.1714285,0]}]}]}