{"n":"bonyski","v":7,"p":[{"b":202,"c":[[-0.043,0.642,-2.036,8,33],[-0.019,0.518,-1.833,42,78],[0.901,0.83,-1.678,13,39],[0.705,0.658,-1.704,53,71],[0.237,-1.044,-1.829,11,39],[0.285,-0.957,-1.625,51,71],[0.816,0.949,-1.778,12,72],[0.715,-1.015,-1.205,55,71],[0.834,-1.048,-1.393,15,39],[1.338,0.962,-1.268,14,72],[1.522,0.807,-1.007,17,3,36,20],[1.383,0.71,-0.999,57,21,50,3],[1.459,0.931,-1.069,16,5,67],[0.975,1.498,-1.202,87,40],[1.093,1.724,-0.631,89,40,1],[1.539,-1.007,-0.555,19,5,49,6],[1.221,-1.04,-0.429,74,3,55,3],[1.216,2.167,-0.413,91,42,1],[1.619,1.888,-0.106,18,7,65],[1.38,-0.189,0.986,23,48],[1.139,-0.426,0.889,72,64],[-1.491,-0.015,-1.264,4,40],[-1.438,-0.002,-1.133,45,71],[-1.034,2.452,-1.454,3,98],[-0.841,2.459,-1.323,102,13],[-1.301,2.847,-0.926,2,37,64],[-0.954,2.87,-0.711,104,8,39],[-1.449,3.217,-0.39,35,3,68],[-1.12,3.194,-0.256,105,42,1],[0.269,3.482,0.736,109,34],[0.456,3.357,1.004,31,79],[-0.879,3.277,0.733,33,75],[-1.025,1.119,0.821,107,38],[1.101,3.208,0.514,94,45],[0.698,3.351,0.709,96,45],[1.364,2.745,0.193,92,45],[1.39,0.971,1.193,22,71],[-0.39,1.462,-1.665,98,21],[-1.21,1.829,-1.61,5,94],[-0.794,1.895,-1.454,100,17],[0.597,-1.618,1.159,70,68],[-0.851,-1.917,1.484,66,76],[-0.187,-1.991,1.555,68,72],[-1.291,-0.972,1.338,32,33],[-1.483,-1.839,0.931,63,81]],"s":[{"p":[0,0,0],"r":[0,0,-6.157171E-14],"s":[0.05999435,0.06000305,0.06001449],"c":[1,1,1]}]},{"b":202,"c":[[-0.043,0.642,-2.036,8,33],[-0.019,0.518,-1.833,42,78],[0.901,0.83,-1.678,13,39],[0.794,-0.436,-1.57,53,71],[0.534,0.101,-1.76,11,39],[0.507,0.097,-1.7,51,71],[0.816,0.949,-1.778,12,72],[1.003,0.043,-1.393,55,71],[1.23,0.075,-1.389,15,39],[1.338,0.962,-1.268,14,72],[1.522,0.807,-1.007,17,3,36,20],[1.383,0.71,-0.999,57,21,50,3],[1.459,0.931,-1.069,16,5,67],[1.082,2.427,-1.103,87,40],[1.34,1.298,-0.461,89,40,1],[1.702,0.262,-0.581,19,5,49,6],[1.221,-1.04,-0.429,74,3,55,3],[1.499,1.433,-0.061,91,42,1],[1.851,1.005,0.342,18,7,65],[1.38,-0.189,0.986,23,48],[1.448,-0.412,0.526,72,64],[-1.352,-0.066,-1.262,4,40],[-1.264,-0.074,-1.199,45,71],[-1.034,2.452,-1.454,3,98],[-0.841,2.459,-1.323,102,13],[-1.301,2.847,-0.926,2,37,64],[-0.954,2.87,-0.711,104,8,39],[-1.449,3.217,-0.39,35,3,68],[-1.12,3.194,-0.256,105,42,1],[0.269,3.482,0.736,109,34],[0.456,3.357,1.004,31,79],[-0.879,3.277,0.733,33,75],[-1.025,1.119,0.821,107,38],[1.101,3.208,0.514,94,45],[0.698,3.351,0.709,96,45],[1.364,2.745,0.193,92,45],[1.39,0.971,1.193,22,71],[-0.39,1.462,-1.665,98,21],[-1.21,1.829,-1.61,5,94],[-0.794,1.895,-1.454,100,17],[-0.515,0.113,-1.915,6,34],[-0.321,0.086,-1.804,43,75],[0.335,2.384,-1.702,10,70],[0.502,-0.782,1.959,27,42],[0.403,-3.382,1.667,70,68],[-0.162,-3.398,1.691,68,72],[-0.784,-3.348,1.722,66,76],[-1.902,-1.079,0.812,34,3,22,5],[-1.367,-2.252,0.96,63,81]],"s":[{"p":[-0.02342743,-0.02806508,-0.009346365],"r":[346.0909,297.8472,184.7407],"s":[0.0600113,0.06002107,0.06002015],"c":[1,1,1]}]},{"b":10,"t":18,"c":[[0.685,0.692,0.003,5],[0.049,0.119,1.481,29,1,5,1,1,1],[0.146,0.994,0.008,9],[-0.621,0.639,0.037,12],[0.837,0.08,-0.008,0],[0.609,-0.502,-0.028,3],[0.502,-0.414,-0.374,8],[-0.039,-0.549,0.588,19],[-0.325,-0.41,0.471,20],[-0.034,-0.756,0.041,18],[-0.344,-0.468,-0.058,21],[0.009,-0.566,-0.695,26],[-0.393,-0.426,-0.503,24],[-0.92,-0.02,-0.043,15,7]],"s":[{"p":[-0.02314581,-0.046983,0.01610029],"r":[270.0198,0,0],"s":[0.125038,0.1249685,0.1249983],"c":[0,0,0]}]},{"b":10,"t":18,"a":[23],"c":[[-0.593,-0.571,-0.031,21],[-0.934,0.053,1.005,16,7],[-0.147,0.086,1.555,29,1,5,1,1,1],[-0.931,0.605,0.799,11],[-0.652,0.873,0.806,10],[0.171,0.832,0.808,4],[-0.669,0.749,-0.03,12],[-0.95,-0.045,-0.035,15,7],[-0.074,0.9,-0.028,9],[0.626,0.62,-0.035,5],[0.457,0.53,-0.419,6],[0.766,0.094,-0.023,0],[0.606,-0.013,-0.651,7],[0.41,-0.413,-0.076,3],[0.331,-0.445,-0.534,8],[0.346,-0.389,0.488,2],[0.608,0.075,0.686,1],[0.011,-0.901,-0.032,18]],"s":[{"p":[-0.02863259,-0.04216772,0.01526833],"r":[270,270,0],"s":[0.1250113,0.1250038,0.1250045],"c":[0,0,0]}]},{"b":10,"t":2,"s":[{"p":[-0.006739723,-0.03356566,-0.10851],"r":[270.0198,0,0],"s":[0.001000417,0.00100004,0.03873491],"c":[1,1,1]}]},{"b":10,"t":2,"s":[{"p":[0.07059252,-0.03624537,-0.05747984],"r":[270,270,0],"s":[0.001000511,0.001000098,0.0387398],"c":[1,1,1]}]}]}