{"v":7,"a":[7,18,36,37],"p":[{"b":59,"t":12,"t1":43,"t2":19,"s":[{"p":[0,0,0],"r":[0,0,0],"s":[1.940199,2114.509,1.26364],"c":[0,0,0],"b":["when starts then become next in 29s"],"t1":{"c":[1,1,1],"x":0.6179476,"y":0.5,"a":0.8925,"m":0,"n":0,"r":0,"g":0,"o":0.5,"t":0.5,"e":0.5},"t2":{"c":[0.4444444,0,0.152381],"x":0.17,"y":0.17,"a":0.8925,"m":0.5,"n":0.5,"r":0,"g":0,"o":0.5,"t":0.5,"e":0.5}},{"p":[0,0,0],"r":[0,0,0],"s":[1.940199,2116.21,1.26364],"c":[0,0,0],"b":["when starts then become 1 in 29s"],"t1":{"c":[1,1,1],"x":0.5,"y":0.5,"a":0.8925,"m":0,"n":0.6875062,"r":0,"g":0,"o":0.5,"t":0.5,"e":0.5},"t2":{"c":[0.4444444,0,0.152381],"x":0.17,"y":0.17,"a":0.8925,"m":0.5,"n":0.5,"r":0,"g":1,"o":0.5,"t":0.5,"e":0.5}}]}]}