{"v":7,"a":[7],"p":[{"b":91,"e":"RCA","s":[{"p":[0,0,0],"r":[0,0,0],"s":[0.04106743,0.04105246,0.04106817],"c":[1,0,0]}]}]}