{"v":7,"a":[2,3],"p":[{"b":5,"s":[{"p":[0,0,0],"r":[0,0,-8.537735E-07],"s":[0.01109086,0.01675544,0.3322803],"c":[1,1,1]}]},{"b":4,"t":2,"t1":4,"s":[{"p":[0.00290909,0.009470344,0.1692903],"r":[3.170533,0.2242568,2.375168],"s":[0.03622252,0.0279689,0.04446562],"c":[0.5530864,0.7777778,0.1728394],"b":["when triggered then trail start","when trigger let go then trail end"],"t1":{"c":[0.5555556,0.5809522,1],"x":0.17,"y":0.17,"a":0.69625,"m":0.5,"n":0.5,"r":0,"g":0,"o":0.5,"t":0.5,"e":0.5}},{"p":[0.00290909,0.009470344,0.1692903],"r":[3.170533,0.2242568,2.375168],"s":[0.03622252,0.0279689,0.04446562],"c":[1,1,1],"t1":{"c":[0,0.05714262,1],"x":0.17,"y":0.17,"a":0.69625,"m":0.5,"n":0.5,"r":0,"g":0,"o":0.5,"t":0.5,"e":0.5}}]}]}