{"v":7,"p":[{"b":4,"a":[29],"im":"952966356926443937/7FA66BA8B90AE1B5147631F3CB046EF8BC44A5CB/","s":[{"p":[0,0,0],"r":[0,0,0],"s":[0.1250001,0.1250004,0.1250003],"c":[1,1,1]}]}]}