{"v":7,"p":[{"b":5,"s":[{"p":[-8.993968E-05,0.001795029,0.0916824],"r":[357.4457,4.779603,351.5163],"s":[0.03803023,0.04263033,0.09401473],"c":[0.7777778,0.3456789,0.3456789]}]},{"b":5,"s":[{"p":[-0.003831505,-0.001080902,0.04307816],"r":[357.4897,1.230603,348.2055],"s":[0.01441641,0.02403524,0.09401485],"c":[1,0.9301587,0.7777778]}]}]}