{"v":7,"p":[{"b":69,"a":[23],"c":[[0.614,-0.403,-0.858,112],[0.733,-2.307,-0.904,140],[0.881,1.42,-0.509,111],[0.898,-0.096,-0.461,142],[0.83,-0.611,-0.463,143],[1.086,1.111,-0.016,144],[1.022,1.324,-0.12,277],[1.057,1.14,0.348,278],[0.791,1.717,0.716,279],[0.403,2.126,1.062,280],[-0.123,2.453,1.071,121,160],[-0.505,1.095,1.002,120],[-0.671,-1.061,-0.945,115],[-0.538,-0.223,-0.824,135],[-0.74,-1.249,-0.903,136],[-0.721,-1.256,-0.928,155],[0,-4.558,-0.678,171],[-0.203,-3.245,-0.748,170],[0.044,-3.413,-0.572,187],[0.182,-4.984,-0.34,205],[0.054,-4.186,-0.392,204],[0.299,-5.314,-0.202,212],[0.244,-5.167,0.096,214],[0.302,-5.253,-0.072,213],[0.16,-5.499,0.455,210],[0.237,-6.554,0.252,215],[-0.032,-4.639,0.764,163,22],[-0.031,-4.987,0.781,124,29],[0.452,-1.649,0.687,184],[0.107,-3.51,0.598,177],[-0.49,-1.168,1.03,123]],"s":[{"p":[0.0585448,0.05939208,-0.008205041],"r":[-1.024528E-05,-1.013856E-06,1.707547E-06],"s":[0.1381192,0.006578725,0.1298549],"c":[0,0,0]}]},{"b":69,"c":[[-0.702,1.1,-0.459,84],[-0.751,1.068,-0.422,95],[-0.503,1.261,-0.636,83],[-0.447,1.461,-0.598,64],[-0.669,1.394,-0.391,63],[-0.839,1.413,-0.106,85],[-0.885,1.404,-0.165,94],[-0.011,-1.449,-0.022,229,1,1,1,1,1,2,2,2,2,2,1,2,1,2,1,2,1,2,6,1,1,1,1,1,1,2,2,2,2],[-0.052,-1.379,-0.195,221,28],[0.055,-1.744,-0.228,220,32],[0.117,-1.558,-0.45,204],[-0.059,-1.513,-0.484,203],[-0.185,-1.418,-0.596,188],[0.173,-1.672,-0.15,219,36],[0.144,-1.749,0.169,259,14],[-0.008,-1.866,0.218,228,33],[0.113,-1.638,-0.086,218,51],[-0.171,-1.736,0.014,225,14],[-0.273,-1.915,-0.118,223,20],[-0.135,-1.706,-0.217,222,24],[0.141,-1.676,-0.556,187],[0.278,-1.637,-0.315,205],[0.401,-1.768,-0.189,212],[0.246,-1.643,-0.055,257],[0.186,-1.815,0.099,258,13],[-0.19,-1.712,-0.004,224,17],[-0.156,-1.72,0.165,226,11],[-0.409,-1.663,-0.238,201],[-0.277,-1.755,-0.374,202],[0.086,-1.576,0.157,260,15],[0.448,1.079,-0.965,113],[-0.761,0.66,-0.833,115],[-0.933,0.109,-0.52,132],[-1.17,0.044,0.274,128],[-0.895,0.283,0.612,126],[-0.628,0.399,0.832,123],[-1.239,-0.026,-0.149,130]],"s":[{"p":[0,0,0],"r":[8.537735E-07,1.272222E-14,1.707547E-06],"s":[0.104493,0.04492554,0.1272024],"c":[0,0,0]}]},{"b":69,"a":[23],"c":[[-0.542,-5.777,-0.792,134],[-0.572,-2.312,-0.82,115],[-0.563,-0.169,-0.799,96],[-0.55,1.393,-0.729,83],[-0.78,-8.706,-0.421,132],[-0.859,-0.306,-0.49,116],[-0.825,0.388,-0.477,95],[-0.895,-9.639,-0.048,130],[-0.968,0.039,-0.116,117],[-0.948,-0.016,0.321,118],[-0.938,1.113,-0.091,94],[-0.956,-3.938,0.324,128],[-0.746,-0.213,0.639,119],[-0.707,-3.114,0.65,126],[-0.398,0.726,0.886,120],[-0.368,-2.801,0.931,123],[-0.397,-0.081,0.902,91],[-0.005,-2.575,1.018,122,30],[-0.004,-0.565,1.001,121,160],[0.398,1.35,0.999,280],[0.599,-0.7,1.019,150],[-0.923,-0.962,0.321,129],[-0.937,-1.137,-0.089,131]],"s":[{"p":[-0.06434695,0.03614613,-0.008205242],"r":[-9.591027E-06,7.805376E-08,22.50001],"s":[0.1381214,0.006578968,0.1298584],"c":[0,0,0]}]},{"b":69,"v":2,"s":[{"p":[-0.06325142,0.03508241,-0.007993877],"r":[0.1317869,0.1339479,22.53418],"s":[0.1376157,0.007192894,0.128036],"c":[0.3333332,0.222222,0.222222]}]},{"b":69,"v":0,"s":[{"p":[0.05901031,0.05713546,-0.007642411],"r":[359.3324,0.2493169,359.7],"s":[0.142915,0.007403415,0.1242739],"c":[0.3333332,0.2222221,0.2222221]}]},{"b":17,"c":[[-2.38,0.264,2.226,400,3,66,5],[-1.21,0.21,0.296,404,3,66,5],[-1.213,0.197,1.132,472,3,66,5],[-1.011,0.489,2.039,468,3,66,5],[-2.68,0.906,1.883,411,69,2,67],[-1.367,0.563,1.14,476,3,66,5],[-1.523,-0.316,1.355,256,3,66,5],[0.053,-0.342,0.229,332,3,66,5],[0.008,0.083,-0.146,267,69,2,67],[-1.568,1.182,1.017,548,3,66,5],[-1.622,1.34,0.586,620,3,66,5],[0.27,0.916,-1.499,484,3,66,5],[-0.551,0.994,-1.044,488,3,66,5],[-0.478,0.229,-1.645,348,3,66,5],[0.019,0.065,-1.373,344,3,66,5],[-0.509,0.313,-0.626,340,3,66,5],[-0.574,0.358,-0.242,339,69,2,67],[-0.136,-0.002,-0.022,268,3,66,5],[-0.954,0.429,-0.282,412,3,66,5],[0.017,-0.581,0.656,252,3,66,5],[-2.014,0.021,1.684,324,3,66,5],[-1.669,-0.787,1.593,260,3,66,5],[-1.348,-0.332,1.577,328,3,66,5],[0.227,0.887,-1.564,492,3,66,5],[-0.48,0.99,-0.999,568,4,65,6],[-0.637,1.018,-0.805,564,3,66,5],[-0.279,0.922,-0.842,641,7,61,5],[-0.466,0.711,-0.931,425,7,66,5],[0.027,0.319,-1.53,420,3,66,5],[-0.193,-0.167,-1.603,280,4,65,6],[-0.511,-0.118,-1.307,276,3,66,5],[-0.82,0.609,-0.668,416,3,66,5],[-0.471,0.787,-0.054,483,69,2,67],[-0.208,0.998,-0.33,513,7,66,5],[0.321,1.149,0.62,593,7,66,5],[0.553,0.942,0.341,517,7,66,5],[0.325,0.869,0.532,521,7,66,5],[0.207,0.307,0.421,449,7,66,5],[-0.092,0.441,1.334,453,7,66,5],[0.208,0.395,2.227,381,7,66,5],[0.559,0.397,0.279,445,7,66,5],[0.992,0.177,0.502,373,7,66,5],[0.955,0.654,-0.054,441,7,66,5]],"s":[{"p":[-0.1011712,-0.07090001,0.0376453],"r":[49.71424,109.806,130.1345],"s":[0.01373167,0.06103731,0.02328323],"c":[0.8888889,0.8324515,0.4938272]}]},{"b":17,"v":5,"s":[{"p":[-0.1211952,-0.0799404,0.1136426],"r":[56.10752,64.13792,79.31291],"s":[0.01373171,0.04512829,0.0181652],"c":[0.8888889,0.8324515,0.4938272]}]},{"b":17,"v":5,"s":[{"p":[-0.1068982,-0.07230736,0.02450825],"r":[51.39951,103.8399,124.9344],"s":[0.005403199,0.03410577,0.004156707],"c":[0.8888889,0.8324515,0.4938272]}]},{"b":17,"v":5,"s":[{"p":[-0.1294477,-0.0840736,0.1035019],"r":[58.1473,62.1715,73.83501],"s":[0.005403173,0.03410546,0.004156685],"c":[0.8888889,0.8324515,0.4938272]}]},{"b":17,"v":5,"s":[{"p":[-0.09558707,-0.02651092,-0.03517687],"r":[17.91302,103.9198,152.8119],"s":[0.005403173,0.03410545,0.004156684],"c":[0.8888889,0.8324515,0.4938272]}]}]}