{"v":7,"a":[2,15],"p":[{"b":250,"t":7,"s":[{"p":[-0.09258239,0.02601157,-0.06564577],"r":[4.705332,347.7369,359.5253],"s":[0.2400004,0.2400002,0.2400004],"c":[0.6666667,0.6666667,0.6666667]}]},{"b":248,"t":7,"s":[{"p":[-0.2399997,0.1255474,-0.09139887],"r":[328.218,262.454,66.40916],"s":[0.04746664,0.05092039,0.1900009],"c":[0.6666667,0.6666667,0.6666667]}]}]}