{"v":7,"a":[7],"p":[{"b":3,"s":[{"p":[0,0,0],"r":[0,0,0],"s":[0.1637215,0.1777482,0.177826],"c":[1,1,1]}]},{"b":5,"s":[{"p":[0.007030454,-0.1848269,0.003090891],"r":[270.0198,5.008957E-06,0],"s":[0.04377098,0.0462341,0.1000141],"c":[1,1,1]}]}]}