{"v":7,"p":[{"im":"956344776536812412/EAB078F37AF43339D60E4B0E9F24E80B4C4E585C/","s":[{"p":[0,0,0],"r":[0,0,0],"s":[0.1750004,0.1750008,0.1593612],"c":[1,1,1]}]}]}