{"n":"spike spook","v":7,"a":[2,3,7],"p":[{"b":45,"c":[[0.16,-0.051,0.773,0,20,53],[0.426,0.133,0.126,5,18],[-0.209,0.505,0.176,7,18],[-0.241,0.487,-0.133,9,18],[-0.166,0.463,-0.417,13,18],[0.821,-0.514,-0.803,17,18,42],[0.838,-0.642,0.835,1,53,18],[0.326,-0.265,0.92,37,18,20],[0.07,0.043,-0.669,15,18],[0.45,0.148,-0.132,11,18],[-0.126,0.008,-0.65,52,18,9],[0.484,-0.274,-0.892,16,55,7],[0.005,0.168,-0.715,34,19,23],[-0.001,0.324,0.69,19,19,36],[-0.181,0.37,-0.519,32,19],[-0.15,0.37,0.427,4,55],[0.16,0.011,-0.006,8,55],[-0.205,0.361,0.195,6,55],[-0.204,0.374,-0.18,10,55],[-0.147,0.377,-0.381,12,55],[-0.246,0.335,-0.011,44,18],[-0.229,0.234,0.3,42,18],[-0.185,0.083,0.425,40,18],[-0.259,0.255,-0.204,46,18],[-0.24,0.178,-0.41,48,18]],"s":[{"p":[0,0,0],"r":[0,0,0],"s":[0.1250243,0.1250404,0.125037],"c":[1,1,1]}]},{"b":86,"c":[[-1.842,1.234,-0.097,1,214],[-1.483,1.93,-0.234,0,216],[-1.552,1.959,0.112,46,175],[-1.674,1.145,-0.024,2,241],[-1.426,1.056,-0.626,3,241],[-1.492,1.201,0.265,47,202],[-1.227,0.768,-1.402,6,212,53],[-1.06,0.98,-1.176,7,239,53],[-1.213,1.736,-1.193,8,264],[-0.538,1.049,-1.404,9,291],[-0.119,1.685,-1.373,10,263],[-0.111,1.06,-1.498,11,290],[0.259,1.043,-1.677,13,289],[-0.004,1.721,-1.533,12,262],[-1.368,1.822,0.831,42,177,170],[-1.514,0.825,1.055,44,176],[-1.189,1.092,0.986,43,204,170],[-1.269,0.558,1.36,212,170],[-0.915,0.414,1.661,381],[-0.756,1.779,1.258,40,348],[-0.814,1.07,1.339,41,375],[-0.353,1.657,1.301,38,349],[-0.545,0.943,1.496,39,376],[-1.789,0.483,-0.756,209],[-1.807,1.207,0.073,208],[-1.415,1.33,0.557,45,203],[-1.669,1.409,-0.809,4,213],[-1.059,1.223,-0.891,5,240],[-1.384,0.583,-0.403,237],[-1.46,0.583,0.027,236],[-1.827,0.47,-0.605,197],[-1.884,0.457,-0.148,196],[-1.875,0.482,0.47,214],[-1.386,0.588,1.241,213],[-0.028,0.929,1.897,37,349],[-0.191,0.828,1.653,36,378],[0.286,1.716,1.23,35,350],[0.496,1.367,-1.434,17,259],[0.454,1.559,-1.052,19,258,51],[0.647,1.47,-0.756,20,335],[0.635,1.62,-0.81,21,306],[0.886,1.685,-0.499,23,306],[0.917,1.701,-0.113,25,305],[0.882,1.728,0.294,26,333],[0.847,1.78,0.541,28,332],[0.679,1.673,0.818,30,331,51],[0.494,1.698,1.058,32,379],[0.258,1.659,1.17,34,379],[0.781,1.542,-0.362,22,335],[0.844,1.547,-0.064,24,334],[0.296,1.426,-1.12,16,288],[0.475,1.42,-0.853,18,287,51],[0.954,1.773,0.191,27,304],[0.881,1.85,0.448,29,303],[0.736,1.84,0.828,31,302,51],[0.532,1.824,1.243,33,350],[0.57,1.005,-1.926,15,260],[0.528,1.137,-1.211,297],[0.856,1.098,-0.928,298,51],[1.043,1.162,-0.613,348],[1.257,1.069,-0.216,350],[1.285,1.069,0.142,351],[1.189,1.112,0.508,352],[1.038,1.089,0.822,353],[0.773,1.032,1.159,354,51],[0.551,1.062,1.35,404],[0.305,0.995,1.534,406],[0.761,0.557,-1.234,288],[1.028,0.519,-0.932,290,47],[1.226,0.473,-0.64,336],[1.358,0.589,-0.308,338],[1.452,0.601,0.035,340],[1.342,0.514,0.394,342],[1.238,0.422,0.841,344],[0.985,0.476,1.156,346,47],[0.645,0.468,1.386,392],[0.387,0.387,1.556,394],[0.459,1.093,1.734,378],[0.83,1.074,1.604,376],[1.184,1.057,1.265,326,51],[1.485,1.049,0.929,325],[1.61,1.082,0.568,324],[1.647,1.08,0,323],[1.594,1.039,-0.539,322],[1.498,1.01,-0.865,320],[1.206,1.005,-1.286,270,51],[0.894,0.925,-1.65,269],[0.749,0.921,-1.826,268],[0.482,0.296,1.816,366],[0.891,0.334,1.629,362],[1.266,0.304,1.295,318,47],[1.556,0.318,0.916,316],[1.764,0.344,0.483,314],[1.801,0.279,-0.008,312],[1.756,0.245,-0.513,310],[1.56,0.338,-0.94,306],[1.206,0.306,-1.349,262,47],[0.893,0.202,-1.554,260]],"s":[{"p":[0.223212,-0.0917654,-0.003689326],"r":[-1.162598E-06,180,270],"s":[0.0750524,0.07507092,0.07504408],"c":[1,1,1]}]},{"b":45,"c":[[0.069,0.784,0.697,0,20,53],[0.022,0.784,0.74,19,19,36],[-0.199,0.783,0.346,5,18],[-0.217,0.799,0.378,22,19],[-0.122,0.444,0.174,7,18],[-0.156,0.49,0.2,24,19],[-0.199,0.539,0.025,9,18],[-0.256,0.477,0.038,26,19],[-0.006,0.543,-0.54,17,18,42],[0.009,0.513,-0.581,34,19,23],[-0.068,0.487,-0.539,32,19],[-0.147,0.36,-0.263,30,19],[-0.098,0.339,-0.246,13,18],[-0.165,0.494,-0.159,11,18],[-0.167,0.482,-0.175,28,19],[0.037,0.313,0.662,37,18,20],[0.098,0.392,0.65,1,53,18],[-0.118,0.311,0.522,36,20],[-0.063,0.311,0.487,2,55],[-0.231,0.356,0.192,42,18],[-0.151,0.29,0.162,6,55],[0.005,0.229,-0.641,52,18,9],[0.05,0.235,-0.627,16,55,7],[-0.126,0.225,-0.349,50,18],[-0.092,0.247,-0.348,14,55],[-0.172,0.383,-0.208,48,18],[-0.171,-0.252,-0.348,12,55],[-0.262,-0.071,0.034,44,18],[-0.236,0.309,-0.033,46,18],[-0.172,0.292,-0.056,10,55],[-0.166,0.226,0.311,4,55],[-0.196,0.174,-0.017,8,55]],"s":[{"p":[0.04618961,0.00193119,-0.001269826],"r":[0,9.659346E-06,270],"s":[0.1250487,0.08326531,0.1250482],"c":[1,1,1]}]},{"b":10,"t":7,"c":[[-0.118,-0.614,-0.398,26],[-0.605,-0.478,-0.299,24],[0.508,-0.6,-0.448,8],[0.583,0.699,-0.526,6],[-0.911,0.027,-0.401,17,8],[-0.722,0.606,-0.437,13],[-0.052,0.804,-0.666,14],[-0.107,0.076,-0.701,27,1,3,1,1,1]],"s":[{"p":[0.1493906,-0.08092499,-0.002043277],"r":[-8.96434E-08,90.00001,9.748988E-06],"s":[0.1105845,0.1250618,0.125051],"c":[0,0,0]}]},{"b":10,"t":7,"v":3,"s":[{"p":[0.1495284,-0.08056927,-0.001345664],"r":[0,90.00001,0],"s":[0.1105866,0.1250699,0.1250574],"c":[0,0,0]}]},{"b":10,"t":7,"v":3,"s":[{"p":[0.1492918,-0.08702755,-0.003492385],"r":[-8.964258E-08,90.00001,9.748988E-06],"s":[0.1105976,0.1251018,0.1250813],"c":[0,0,0]}]},{"b":10,"t":7,"v":3,"s":[{"p":[0.1464783,-0.0915966,-0.002654582],"r":[-8.964258E-08,90.00001,9.748988E-06],"s":[0.1105991,0.125105,0.1250834],"c":[0,0,0]}]},{"b":10,"t":7,"v":3,"s":[{"p":[0.1453096,-0.08993626,-0.002829097],"r":[-8.964258E-08,90.00001,9.748988E-06],"s":[0.1105995,0.1251062,0.1250842],"c":[0,0,0]}]},{"b":10,"t":7,"v":3,"s":[{"p":[0.1502793,-0.09204102,-0.005182773],"r":[-8.964258E-08,90.00001,9.748988E-06],"s":[0.1105999,0.1251088,0.1250865],"c":[0,0,0]}]},{"b":10,"t":7,"v":3,"s":[{"p":[0.1491575,-0.09079552,-0.002944022],"r":[0,90.00001,0],"s":[0.1106001,0.1251093,0.1250867],"c":[0,0,0]}]}]}