{"v":7,"a":[7,18,36],"p":[{"s":[{"p":[0,0,0],"r":[0,0,0],"s":[32.70043,0.07804444,28.52519],"c":[0,0,0]}]}]}