{"v":7,"a":[31],"p":[{"b":55,"c":[[1.066,-1.18,1.253,123],[1.463,-1.126,1.301,129,131],[1.842,-0.194,1.106,138,120],[2.057,-1.16,1.659,134,125],[1.951,-0.206,0.534,266],[2.873,-0.203,0.851,139,126],[1.848,0.045,0.764,261],[2.007,-0.684,0.581,144],[3.045,-0.535,1.235,137],[1.487,-1.062,-0.258,140],[1.205,-0.934,-0.488,148],[1.055,-0.877,-0.837,149,146],[1.984,-0.475,0.564,145,124,19],[3.248,-1.046,1.556,135],[0.695,-1.271,1.35,124,102],[0.177,-1.275,1.428,219],[-0.348,-1.305,1.366,112,101],[-0.866,-1.291,1.065,106,76,30],[-1.197,-1.234,0.518,107,66],[-1.428,-1.102,0.133,170,4],[-1.278,-1.141,-0.295,169,15],[-0.907,-1.15,-0.867,163,23,120],[-0.519,-1.103,-1.124,164,136],[0.087,-1.061,-1.159,293],[0.678,-0.933,-1.071,150,139],[1.398,-0.197,1.055,130,124],[1.394,0.11,0.762,255],[1.012,-0.328,1.086,125,105,23],[0.9,0.347,-0.413,43,202],[0.782,0.172,-0.396,48,195],[0.701,-0.014,-0.388,242],[0.477,0.01,-0.444,249,24],[0.986,0.397,-0.475,42],[0.598,-0.204,-0.459,143,108,26],[1.547,0.08,0.095,50,217],[1.747,0.116,0.627,262]],"s":[{"p":[0,0,0],"r":[0,0,0],"s":[0.03606475,0.03605564,0.03606425],"c":[1,1,1]}]}]}