{"v":7,"a":[7,18],"p":[{"b":205,"a":[12,37,31],"s":[{"p":[0,0,0],"r":[0,0,-7.656432E-20],"s":[0.02744719,0.02092422,0.04500008],"c":[1,0,0.3428572],"b":["when starts then become next in 0.001s"]},{"p":[0,0,0],"r":[0,0,-7.656432E-20],"s":[0.02744719,0.02092422,0.04500008],"c":[1,0,0.3428572],"b":["when starts then become next in 8s"]},{"p":[0.06282332,-0.1504336,0.7338476],"r":[-1.751587E-12,-1.001791E-05,1.531286E-19],"s":[0.02744823,0.02092591,0.04500311],"c":[1,0,0.3428572],"b":["when starts then become previous in 8s"]}]}]}