{"v":7,"p":[{"b":239,"c":[[1.4,-0.1,0,15,-14],[-0.518,0.489,0.288,19],[-0.508,-0.478,0.258,8],[0.029,0.202,0.372,12],[0.037,-0.158,0.208,5],[-0.261,-0.154,0.168,7],[-0.246,0.14,0.268,13]],"s":[{"p":[0,0,0],"r":[0,0,-1.334021E-07],"s":[0.2150003,0.2150002,0.2150002],"c":[0.2222221,0.09241613,0.02469136]}]}]}