{"n":"simple skull","v":7,"a":[7,12,18],"p":[{"b":3,"c":[[-0.066,0.039,0.303,29],[0.216,0.108,0.761,49],[0.22,-0.06,0.759,30],[-0.047,0.172,0.814,51],[-0.071,0.453,0.625,21],[0.093,0.237,0.049,26,24,2,1],[0.599,0.291,0.581,46],[0.614,0.04,0.633,48],[0.585,-0.189,0.622,32],[-0.037,-0.138,0.807,24],[-0.149,0.016,0.802,28],[-0.417,0.146,0.758,27],[-0.445,-0.092,0.749,22],[-0.763,0.021,0.755,20],[-0.104,0.668,0.255,16],[0.283,0.669,0.251,15,30],[-0.761,0.283,0.7,18],[-0.47,0.137,0.348,19],[-0.062,-0.344,0.647,23],[0.041,-0.188,0.018,31],[0.321,-0.548,0.257,33],[-0.758,-0.22,0.686,10],[-0.14,-0.515,0.385,25,16,2,4,7,2],[0.816,0.246,0.166,37],[0.809,-0.179,0.204,34],[0.143,0.719,-0.344,14],[-0.24,0.62,-0.252,17],[0.236,-0.635,0.018,40],[-0.29,-0.536,-0.319,6,5,31,13],[-0.522,0.36,-0.239,12],[-0.617,-0.053,-0.48,7],[-0.631,-0.282,-0.266,8],[-0.43,-0.01,0.494,9],[-0.465,-0.283,-0.831,2],[0.142,-0.486,-0.813,1,38],[0.705,-0.4,-0.445,35]],"sa":0,"s":[{"p":[0,0,0],"r":[0,0,0],"s":[0.09869272,0.1059692,0.08275113],"c":[1,1,1]}]}]}