{"v":7,"a":[2,3,7],"p":[{"b":26,"t":1,"s":[{"p":[-0.0007090569,-0.00234556,0.6953815],"r":[-1.001791E-05,0,1.001791E-05],"s":[0.03120008,0.005407095,0.4798642],"c":[0.5555556,0.5555556,0.5555556],"b":["when triggered then send one nearby to previous"]}]},{"b":5,"s":[{"p":[-0.002338767,-0.00410998,-0.006689488],"r":[-6.157161E-14,1.001791E-05,1.001791E-05],"s":[0.01101668,0.006064308,1.649543],"c":[0.3333332,0.2910052,0.03703704]}]}]}