{"v":7,"p":[{"b":56,"t":3,"a":[3],"s":[{"p":[0,0,0],"r":[0,0,0],"s":[0.01631232,0.01631242,0.01631242],"c":[1,0.8571429,0],"b":["when touches hand then send nearby to "]}]}]}