{"v":7,"a":[7,18],"p":[{"t":1,"s":[{"p":[0,0,0],"r":[0,0,0],"s":[0.8197683,0.001000045,2.039753],"c":[0.7777778,0.7777778,0.7777778],"b":["when touched then play whoosh","when touched then become next in 1s"]},{"p":[-0.4020181,0,0],"r":[0,0,1.024528E-05],"s":[0.003957627,0.001000185,1.932028],"c":[1,1,1],"b":["when starts then become next in 10s"]},{"p":[-0.4020162,0,0],"r":[0,0,1.024528E-05],"s":[0.008544099,0.001000175,1.983233],"c":[1,1,1],"b":["when starts then play whoosh","when starts then become next in 1s"]}]}]}