{"v":7,"p":[{"t":2,"im":"943959879364429529/D9A2D9281110677FFBFF368A0C2E0F13F5C30808/","s":[{"p":[0,0,0],"r":[0,0,0],"s":[0.3678605,0.01578224,0.4650567],"c":[1,1,1]}]}]}