{"v":7,"p":[{"b":129,"e":"FIRST SCRIPTED OBJECT BY SOCIAL\nINJUSTICE WARIOR","s":[{"p":[0,0,0],"r":[0,0,0],"s":[0.008529704,0.008529708,0.0085297],"c":[0.2469135,0.5555556,0.5555556]}]}]}