{"v":7,"p":[{"t":2,"s":[{"p":[0,0,0],"r":[0,0,0],"s":[0.05885713,0.00154607,0.04190201],"c":[1,0,0]}]},{"b":131,"t":2,"a":[19],"e":"SEND\nHOME","s":[{"p":[-0.000188644,0.004131231,0.0179767],"r":[85.04196,53.2225,53.31094],"s":[0.00160725,0.001607245,0.001607249],"c":[0,0,0],"b":["when told by any request access then become 2"]},{"p":[-0.000188644,0.004131231,0.0179767],"r":[85.042,53.2225,53.31094],"s":[0.00160725,0.001607245,0.001607249],"c":[0,0,0],"b":["when touches hand then tell any sendhome, then tell any access denied, then tell away, then become 1","when told away then become 1"]}]}]}