{"v":7,"a":[2,22,13,21],"p":[{"b":146,"t":1,"s":[{"p":[0.0004137746,0.05370998,-0.00813371],"r":[1.366038E-05,90,90],"s":[0.01075109,0.05229557,0.05229072],"c":[1,1,1]}]}]}