{"v":7,"p":[{"i":[{"t":"5ba29f6ca0e99862bff571c2","p":[-0.3146557,0.02547561,-0.02982858],"r":[2.774882,178.7192,191.6069]},{"t":"5bb91fbd415200452c899b63","p":[-0.1958337,0.03538257,-0.06108628],"r":[358.6623,175.7514,101.7851]}],"s":[{"p":[0,0,0],"r":[0,0,0],"s":[0.8375148,0.03123715,0.1750005],"c":[0,0,0]}]}]}