{"v":7,"a":[21],"p":[{"b":3,"s":[{"p":[0,0,0],"r":[-1.707547E-06,7.156248E-15,-4.802477E-07],"s":[0.4477285,0.4477288,0.4477286],"c":[0.1890651,0.8888889,0.09876534],"b":["when starts then set voice female 500% 10 pitch -5 speed","when starts then say who lives in a pineapple under the sea"]}]}]}