{"n":"soulsip","v":7,"a":[2,3,7,12,18],"inc":[["thing","5bc4469da4cc2554a4cf3630"],["thing 2","5bc447898acc13610d8364ac"],["thing 3","5bc44870fca90d549df8c52d"],["thing 4","5bc448fc9faa443253411ae3"],["thing 5","5bc449597d758305730e8aca"],["thing 6","5bc449fe2d12b360fb603526"]],"p":[{"s":[{"p":[5.509695E-09,-9.633457E-16,-0.06302357],"r":[1.001791E-05,-1.690016E-12,-1.001791E-05],"s":[0.04491666,0.04318532,0.09080721],"c":[1,1,1]}]},{"b":4,"s":[{"p":[0.003718735,0.002410828,-0.004919052],"r":[-8.757936E-13,180,180],"s":[0.02335673,0.03757264,0.02501483],"c":[1,1,1],"b":["when triggered then project with 100% reach","when trigger let go then project with 0% reach","when told 8 then emit gravity-free thing 6 with 1","when touched then tell 8"]}]}]}