{"n":"player detector","v":7,"a":[30],"p":[{"b":3,"a":[12,37],"s":[{"p":[0.1265625,1.773517,0.8838502],"r":[328.9485,342.9089,77.10089],"s":[0.04923134,0.05013288,0.05493809],"c":[0.4571425,1,0]}]},{"b":131,"t":2,"a":[20],"e":"[CLOSEST PERSON] IS\nREQUESTING TO JOIN","s":[{"p":[-7.797054,8.227098,-6.623969],"r":[15.84967,221.6771,1.868629],"s":[0.001197971,0.001197949,0.001197972],"c":[1,0,0],"b":["when told by any request access then become 2"]},{"p":[-7.796411,8.230276,-6.616313],"r":[17.01707,221.9035,2.562607],"s":[0.001197987,0.00119795,0.001197987],"c":[1,0,0],"b":["when told by any access granted then become 1","when told by any access denied then become 1"]}]}]}