{"v":7,"p":[{"b":142,"e":"GOTTA GO","s":[{"p":[0,0,0],"r":[0,0,0],"s":[0.01330086,0.01330086,0.01330087],"c":[1,1,1]}]}]}