{"v":7,"a":[2],"p":[{"b":14,"s":[{"p":[-0.2166479,0.1134914,-0.06866362],"r":[338.9943,265.5912,82.88797],"s":[0.03780033,0.02936312,0.06059971],"c":[0,0.2031744,0.2222221],"b":["when touches face then send one nearby to deaddead12"]}]},{"b":12,"s":[{"p":[-0.04711145,0.04607918,-0.05603638],"r":[7.426364,353.3311,341.659],"s":[0.02986339,0.06000056,0.01583114],"c":[0,0.9142855,1]}]}]}