{"v":7,"a":[21],"p":[{"b":56,"c":[[1.2,0.5,0,39],[0.8,0.5,-0.5,44],[1.1,0.5,-1.1,43],[0.9,0.4,-1.5,49],[1.1,0.4,0.7,34],[1.1,0.1,1.1,38,208],[0.9,-0.2,1.5,33,188,24],[1.4,0,1.3,244],[1.7,0.2,0.6,248],[1.4,0.3,0.2,42,207],[-0.2,-0.5,2.2,213],[-0.9,-0.1,1.4,183,27],[-1.2,-1,1.8,111,73,23],[-0.6,-0.7,2.1,209],[-1.8,-0.8,0.9,104,74],[-1.8,-0.7,0,105,72],[-1.6,-0.7,-1.1,175,11],[-1.1,-0.5,-1.6,170,18,102],[-0.5,0.3,-1.5,286],[0.6,0.4,-1.4,58,224],[0,0.4,-1.4,62,223],[0,0.4,-1.9,284],[-0.7,-0.2,-1.8,164,123],[0,-0.1,-2,160,123],[1.2,0.4,0,251],[1.2,0.4,-0.7,48,204]],"s":[{"p":[0,0,0],"r":[0,0,0],"s":[-0.035612,-0.03730738,-0.02665625],"c":[0.8888889,0.8747795,0.7901235]}]}]}