{"v":7,"a":[31],"p":[{"s":[{"p":[-0.0640439,0.09503732,0.06294385],"r":[7.979014,356.6494,6.065593],"s":[0.02052041,0.01045007,0.02145845],"c":[0,0,0]}]},{"s":[{"p":[-0.06204797,0.1004754,0.01380333],"r":[7.56039,357.6421,13.69186],"s":[0.02052032,0.01045009,0.08816975],"c":[0,0,0]}]},{"b":140,"e":"JUUL","s":[{"p":[-0.04795599,0.1042987,0.04638878],"r":[77.68832,145.7238,60.00076],"s":[0.003000023,0.00300002,0.003000024],"c":[1,1,1]}]},{"b":6,"s":[{"p":[-0.06345918,0.1016269,0.06823955],"r":[3.258442,295.0359,350.7032],"s":[0.01390346,0.001000011,0.01390333],"c":[1,1,1]}]}]}