{"n":"welcome board","v":7,"p":[{"s":[{"p":[0,0,0],"r":[0,0,0],"s":[5.12836,0.04177954,1.88946],"c":[0.222222,0.222222,0.222222]}]},{"b":115,"e":"WELCOME TO GIELINOR!!!\nI NEED YOUR HELP TO CONSTRUCT A RUNESCAPE ALIKE IN ANYLAND!\nTHIS MEANS BUILDING SOME OF THE WORLD/LANDSCAPE FIRST.\n\nPLEASE PING OR GOTO CLUTCH'S HOME TO GET BUILDING PRIV!","s":[{"p":[-2.085671,0.03411555,0.9518378],"r":[88.90675,182.933,182.6534],"s":[0.01866017,0.01866009,0.01865882],"c":[1,1,1]}]}]}