{"v":7,"a":[7,18,21],"p":[{"t1":5,"s":[{"p":[0,0,0],"r":[0,0,0],"s":[236.3092,89.62629,343.4008],"c":[0.2095237,0,0.3333332],"t1":{"c":[0.6285716,0,1],"x":0.17,"y":0.17,"a":0.69625,"m":0.7981706,"n":0.5,"r":0,"g":0,"o":0,"t":0.5,"e":0.5}}]},{"t1":5,"s":[{"p":[0,189.3191,193.1483],"r":[270,0,0],"s":[236.349,89.64194,343.415],"c":[0.2095237,0,0.3333332],"t1":{"c":[0.6285716,0,1],"x":0.17,"y":0.17,"a":0.69625,"m":0.7981706,"n":0.5,"r":0,"g":0,"o":0,"t":0.5,"e":0.5}}]},{"t1":5,"s":[{"p":[0,189.3191,-205.2362],"r":[270,0,0],"s":[236.3666,89.64884,343.4208],"c":[0.2095237,0,0.3333332],"t1":{"c":[0.6285716,0,1],"x":0.17,"y":0.17,"a":0.69625,"m":0.7981706,"n":0.5,"r":0,"g":0,"o":0,"t":0.5,"e":0.5}}]},{"t1":5,"s":[{"p":[0,385.1404,0],"r":[0,0,0],"s":[236.3106,89.62737,343.4016],"c":[0.2095237,0,0.3333332],"t1":{"c":[0.6285716,0,1],"x":0.17,"y":0.17,"a":0.69625,"m":0.7981706,"n":0.5,"r":0,"g":0,"o":0,"t":0.5,"e":0.5}}]}]}