{"v":7,"p":[{"b":132,"e":"BE MARIO","s":[{"p":[0,0,0],"r":[0,0,0],"s":[0.006123551,0.006123552,0.006123549],"c":[1,0,0]}]}]}