{"v":7,"a":[48],"p":[{"t":3,"s":[{"p":[0,0,0],"r":[0,0,-9.938458E-07],"s":[0.02598475,0.02738276,0.04562072],"c":[0.6666666,1,1]}]}]}