{"v":7,"a":[7,18],"p":[{"s":[{"p":[0,0,0],"r":[0,0,0],"s":[0.1652867,2.9163,14.58689],"c":[0.8888889,0.895238,1]}]}]}