{"v":7,"a":[7,18],"p":[{"s":[{"p":[0,0,0],"r":[0,0,0],"s":[0.1652867,2.891706,13.70645],"c":[0.8888889,0.895238,1]}]}]}