{"v":7,"a":[7,18],"p":[{"t":2,"im":"958597126040179195/AFDA62BDD27CA78E86499F4311A3522F5305F134/","s":[{"p":[0,0,0],"r":[0,0,0],"s":[2.228734,1.440349,0.001],"c":[1,1,1]}]}]}