{"n":"branch 2","v":7,"p":[{"b":3,"c":[[-0.756,-4.546,2.564,31],[-1.496,-4.142,3.597,29],[-0.495,-3.462,2.544,30],[-0.62,-3.125,2.54,49],[-0.688,-3.209,2.558,51],[-0.749,-3.308,2.505,28],[-0.721,-3.56,2.51,24],[-0.358,-3.113,2.241,34],[-0.372,-3.618,2.378,32],[-0.453,-3.701,2.247,33],[-0.511,-3.321,2.097,40],[-0.612,-3.712,2.224,25,16,2,4,7,2],[-0.83,-3.881,2.329,23],[-0.839,-3.16,2.373,22],[-0.755,-3.201,2.228,10],[-0.652,-3.256,2.123,6,5,31,13],[-0.584,-2.493,1.716,8],[-0.459,-2.556,1.754,2],[-0.341,-2.56,1.808,1,38],[-0.409,-3.264,2.145,35],[-0.713,-2.501,1.701,9],[-0.756,-2.335,1.871,20],[-0.617,-2.298,2.006,27],[-0.405,-2.988,2.341,48],[-0.496,-2.284,2.016,21],[-0.329,-2.451,1.814,3,35],[-0.247,-2.361,1.856,36],[-0.179,-2.148,1.878,37],[-0.408,-2.209,1.952,26,24,2,1],[-0.271,-2.06,1.86,46],[0.046,-1.381,1.106,13,31],[-0.051,-1.212,1.279,15,30],[-0.223,-1.129,1.294,16],[-0.387,-1.073,1.274,18],[-0.452,-1.22,1.179,19],[-0.356,-2.117,1.527,0],[-0.672,-0.54,-0.358,5],[-0.221,-0.25,-0.545,4],[0.097,-0.21,-0.002,14],[-0.247,0.424,-0.106,17],[-1.001,0.334,-0.283,12],[-0.524,-1.43,1.089,7]],"s":[{"p":[0,0,0],"r":[0,0,0],"s":[0.1250034,0.1250038,0.1250025],"c":[0.4444443,0.3470898,0.2962962]}]}]}