{"v":7,"a":[21],"p":[{"b":46,"t":2,"pr":2,"s":[{"p":[0.165632,-0.04195499,-0.5601873],"r":[0.7134781,0.07104564,173.9809],"s":[0.2964107,0.2964108,0.6435946],"c":[0.5555556,1,0.6571429],"pr":{"c":[0.1142856,1,0],"m":0.25,"a":0.25,"s":0.15,"z":0.25,"g":0.5,"h":0.25}}]},{"b":46,"t":2,"pr":2,"s":[{"p":[0.008794295,-0.06478262,0.3394424],"r":[2.826396,1.810081,355.5563],"s":[0.2964103,0.2964107,0.6674731],"c":[0.5555556,1,0.6571429],"pr":{"c":[0.1142856,1,0],"m":0.25,"a":0.25,"s":0.15,"z":0.25,"g":0.5,"h":0.25}}]},{"b":59,"t":2,"pr":2,"s":[{"p":[0.02073766,-0.1484169,0.9706802],"r":[8.778038,273.3549,89.71926],"s":[0.29641,0.2964098,0.2964101],"c":[0,0.03809492,0.6666667],"b":["when starts then become next in 2s"],"pr":{"c":[0,0.05714262,1],"m":0.25,"a":0.25,"s":0.15,"z":0.25,"g":0.5,"h":0.25}},{"p":[0.07795943,-0.05277705,-1.128965],"r":[4.802022,272.2462,92.33253],"s":[0.296411,0.2964103,0.296411],"c":[0,0.03809492,0.6666667],"b":["when starts then become next in 2s"],"pr":{"c":[0,0.05714262,1],"m":0.25,"a":0.25,"s":0.15,"z":0.25,"g":0.5,"h":0.25}}]}]}