{"v":7,"p":[{"b":61,"s":[{"p":[0,0,0],"r":[0,0,0],"s":[0.2629631,0.1121882,0.2845691],"c":[1,1,1]}]},{"b":61,"s":[{"p":[-0.04243206,0.05491235,0.0522783],"r":[1.395565,2.268218,359.0488],"s":[0.05256249,0.05092261,0.06145244],"c":[0,0,0]}]},{"b":61,"s":[{"p":[0.05290076,0.05422752,0.04616309],"r":[2.541653,1.27842,357.7262],"s":[0.05256249,0.0509226,0.06145243],"c":[0,0,0]}]},{"b":61,"s":[{"p":[-3.066473E-05,0.05497123,-0.04009639],"r":[3.706543,1.243768,358.9934],"s":[0.03952081,0.03557255,0.03583761],"c":[0,0,0]}]}]}