{"n":"tree stump 1","v":7,"a":[7],"p":[{"b":3,"c":[[1.037,-1.756,-0.906,35],[1.348,1.309,-1.202,13,31],[0.622,1.026,-1.181,4],[0.515,-1.248,-0.889,1,38],[0.567,-1.092,1.155,31],[1.331,-1.136,1.45,32],[1.648,1.446,1.142,46],[0.971,1.335,1.094,26,24,2,1],[-0.199,0.448,0.811,51],[-0.12,0.03,0.898,29],[-3.079,-0.007,0.66,28],[-3.011,0.473,0.437,27],[-1.095,0.963,-0.005,18],[-3.167,-0.466,0.188,22],[-1.037,-0.911,-0.033,10],[-3.07,-0.454,-0.702,8],[-0.414,0.29,-0.865,5],[-3.027,0.18,-0.784,7],[-1.082,0.612,-0.567,12],[-3.017,0.662,-0.284,19],[-3.119,0.202,0.154,20],[-3.208,-0.555,-0.19,9]],"s":[{"p":[0,0,0],"r":[0,0,0],"s":[0.1250103,0.1250124,0.1250103],"c":[0.4444443,0.3470898,0.2962962]}]}]}