{"v":7,"p":[{"b":96,"e":"-","s":[{"p":[-0.2275193,0.1917762,0.2975618],"r":[350.138,320.9863,33.03705],"s":[0.01432521,0.0143252,0.01432521],"c":[1,1,1]}]},{"b":91,"e":"ME TOTALLY PART OF GROUP","s":[{"p":[-0.3480835,0.3278567,0.1639174],"r":[347.0626,321.896,349.8378],"s":[0.008576449,0.008576439,0.008576449],"c":[1,1,1]}]}]}