{"v":7,"p":[{"b":14,"s":[{"p":[-0.2715625,0.1711859,-0.4349952],"r":[79.54946,288.3381,265.2653],"s":[0.06000007,0.06000002,0.06000007],"c":[1,0.3428571,0]}]},{"b":17,"s":[{"p":[-0.1808707,0.2845616,-0.4929276],"r":[77.78256,292.6093,259.7184],"s":[0.06000002,0.06000001,0.06000002],"c":[0.3333332,0.1386242,0.03703704]}]},{"b":17,"s":[{"p":[-0.3085681,0.3357486,-0.5058125],"r":[55.06478,145.239,70.80315],"s":[0.06000001,0.06000002,0.06000003],"c":[0.3333332,0.1386242,0.03703704]}]},{"b":3,"s":[{"p":[-0.2538649,0.3154174,-0.2771025],"r":[68.19283,264.3958,264.7627],"s":[0.1466259,0.2335074,0.06608571],"c":[0.3333332,0.1386242,0.03703704]}]}]}