{"n":"branch 1","v":7,"p":[{"b":3,"c":[[-5.539,0.549,4.446,20],[-4.104,0.594,3.316,27],[-3.732,0.583,3.147,21],[-2.768,0.683,2.331,16],[-3.752,0.452,3.189,51],[-2.76,0.38,2.561,49],[-3.846,0.593,3.075,18],[-2.892,0.633,2.271,17],[-2.955,0.534,2.204,12],[-3.89,0.527,3.06,19],[-3.937,0.382,3.011,9],[-3.79,0.298,3.168,28],[-3.891,0.276,3.07,22],[-3.034,0.416,2.167,7],[-3.049,0.192,2.194,8],[-2.771,0.579,2.523,26,24,2,1],[-2.921,0.129,2.231,10],[-2.818,0.106,2.399,23],[-2.784,0.219,2.449,24],[-2.694,0.305,2.435,29],[-1.862,0.064,1.763,31],[-2.031,0.068,1.563,25,16,2,4,7,2],[-2.113,0.101,1.44,6,5,31,13],[-1.752,0.3,1.771,30],[-1.712,0.559,1.691,48],[-1.674,0.613,1.687,46],[-0.768,-0.036,0.98,32],[-0.914,-0.158,0.726,33],[-1.042,-0.105,0.481,40],[-2.07,0.299,1.349,2],[-1.168,-0.016,0.211,1,38],[-1.102,0.25,0.132,0],[-1.867,0.488,1.213,5],[-1.806,0.644,1.46,4],[-1.73,0.671,1.598,14],[-1.644,0.694,1.657,15,30],[-0.476,0.425,0.411,13,31],[-0.742,0.578,0.199,3,35],[-0.001,0.019,0.205,36],[-0.518,-0.139,0.356,35],[-0.061,0.255,0.715,37],[-0.394,-0.057,0.752,34]],"s":[{"p":[0,0,0],"r":[0,0,0],"s":[0.1250044,0.1250045,0.1250028],"c":[0.4444443,0.3470898,0.2962962]}]}]}