{"n":"tree q","v":7,"a":[7],"p":[{"b":3,"c":[[1.993,-1.179,1.058,34],[1.708,-1.174,1.572,32],[1.423,-1.13,2.026,30],[0.018,-0.74,-1.203,35],[2.076,1.51,1.027,37],[1.429,1.585,2.085,48],[-0.323,-0.725,-1.429,40],[0.831,1.411,-0.063,36],[0.265,1.364,1.005,15,30],[0.463,1.368,0.322,13,31],[0.501,1.419,1.776,46],[1.171,1.548,2.592,49],[1.076,-1.076,2.005,29],[0.883,-0.116,2.089,51],[0.943,-1.096,1.96,28],[0.834,-1.229,1.186,24],[-0.305,-1.138,1.51,22],[-0.265,-0.796,1.498,20],[-1.938,-1.91,1.144,9],[0.236,-0.145,1.65,27],[0.259,0.956,1.574,26,24,2,1],[0.266,0.29,1.613,21],[-0.057,0.139,0.807,18],[-0.158,-0.268,1.009,19],[-0.195,-0.796,0.776,7],[0.04,0.413,0.738,16],[0.543,-0.895,0.479,10],[0.433,0.568,0.697,14],[0.635,0.128,0.796,17],[0.511,-0.327,0.717,12],[0.644,-0.484,0.559,5],[0.554,-0.88,0.436,23],[0.129,0.261,0,4],[0.207,0.342,-0.72,3,35],[0.043,-0.195,-0.348,0],[-0.238,-0.627,-0.935,1,38],[0.622,-0.753,0.461,2],[0.533,-0.856,0.491,8],[0.677,-0.818,0.225,31],[-1.377,-1.285,-1.829,25,16,2,4,7,2],[-0.872,-1.03,-1.344,6,5,31,13]],"s":[{"p":[0,0,0],"r":[0,0,0],"s":[0.1249915,0.1249998,0.1250186],"c":[0.4444442,0.3470897,0.2962961]}]}]}