{"v":7,"a":[2,3],"p":[{"b":64,"t":1,"s":[{"p":[-0.02952717,0.1890482,-0.04273338],"r":[1.265517,218.8768,90.27724],"s":[0.07673673,0.008052832,0.0812466],"c":[0.4444443,0.4444443,0.4444443]}]},{"b":64,"t":1,"s":[{"p":[0.03403531,0.184218,0.03788967],"r":[353.3814,46.48885,91.04157],"s":[0.07673683,0.008052839,0.08124661],"c":[0.4444443,0.4444443,0.4444443]}]},{"b":145,"s":[{"p":[0.004470434,-0.09210156,-0.005009937],"r":[0.9059638,349.313,88.86491],"s":[0.1418039,0.02273176,0.02475188],"c":[0.7777778,0.6938272,0.6049383]}]},{"b":166,"t1":13,"s":[{"p":[-8.411892E-05,0.02377415,-0.004724108],"r":[0.04613406,354.1283,359.2235],"s":[0.03000006,0.0533511,0.03],"c":[0.222222,0.1142856,0],"t1":{"c":[0.5555556,0.3156966,0.06172834],"x":0.17,"y":0.17,"a":0.8925,"m":0.5,"n":0.5,"r":0,"g":0,"o":0.5,"t":0.5,"e":0.5}}]}]}