{"v":7,"a":[7],"p":[{"t":1,"s":[{"p":[0,0,0],"r":[0,0,0],"s":[1.419351,0.8100961,0.02791215],"c":[0.3333332,0.3333332,0.3333332]}]},{"t":1,"s":[{"p":[0.7014999,-0.01804852,1.219507],"r":[0,0,0],"s":[0.01192873,0.8075576,2.399798],"c":[0.3333332,0.3333332,0.3333332]}]},{"t":1,"s":[{"p":[-0.7089596,-0.02094507,1.217529],"r":[0,0,0],"s":[0.01192893,0.8076684,2.378931],"c":[0.3333332,0.3333332,0.3333332]}]}]}