{"v":7,"a":[48],"p":[{"b":9,"a":[31],"i":[{"t":"5bc91a148909a03a0074417e","p":[-0.1088783,-0.2485622,0.6107067],"r":[3.676569,338.6656,15.71579]}],"s":[{"p":[0,0,0],"r":[0,0,0],"s":[0.1250001,0.1250002,0.1250002],"c":[1,1,1],"b":["when starts then become 2 in 2"]},{"p":[0.09320112,-0.02553224,0.128335],"r":[1.361687,0.9132539,3.685483],"s":[0.1250005,0.1250006,0.1250007],"c":[1,1,1],"b":["when starts then become 1 in 2"]}]}]}