{"v":7,"p":[{"b":66,"s":[{"p":[0,0,0],"r":[0,0,0],"s":[0.1250002,0.1250001,0.1250003],"c":[0.8,0,1]}]},{"b":66,"s":[{"p":[-0.3742948,0.2701236,0.05053049],"r":[25.70138,6.741535,116.6775],"s":[0.1250002,0.1250001,0.1250003],"c":[0.8,0,1]}]}]}