{"v":7,"a":[22],"p":[{"t":2,"s":[{"p":[0,0,0],"r":[0,0,0],"s":[0.1750011,0.1750026,0.1750021],"c":[0.9714286,1,0]}]},{"b":132,"t":2,"e":"FLOOR 1","s":[{"p":[-0.1260348,0.08954424,0.1570301],"r":[90,-2.414836E-06,0],"s":[0.003000049,0.003000042,0.003000059],"c":[1,1,1]}]}]}