{"v":7,"p":[{"b":17,"s":[{"p":[0,0,0],"r":[-2.561321E-06,7.633331E-14,-3.415095E-06],"s":[0.06000001,0.06000002,0.06000002],"c":[0.1142856,1,0]}]}]}