{"n":"spawn","v":7,"a":[22],"p":[{"t":1,"s":[{"p":[0,0,0],"r":[0,0,2.035555E-13],"s":[0.3700607,0.3587739,0.1750241],"c":[0.1015872,0,0.8888889]}]}]}