{"v":7,"a":[22],"p":[{"t":2,"s":[{"p":[-0.07518315,-0.09377839,-0.04776284],"r":[359.8148,0.341115,359.8507],"s":[0.175002,0.1750139,0.1750126],"c":[0,1,0.2285714],"b":["when told ok then become next in 1s"]},{"p":[-0.06327884,-0.198114,-0.05181195],"r":[359.8148,0.341115,359.8507],"s":[0.1750022,0.1750152,0.1750139],"c":[0,1,0.2285714],"b":["when touches hand then become previous in 0.2s","when touches hand then send one nearby onto ceiling -2"]}]},{"b":5,"t":2,"s":[{"p":[0.2825038,-0.0213511,-0.06464842],"r":[89.76427,321.4743,276.1333],"s":[0.0411844,0.04118484,0.1343905],"c":[1,1,1],"b":["when touches hand then tell ok","when touches hand then become next in 0.2s","when touches hand then play button click 2"]},{"p":[0.2826501,-0.04924703,-0.06343091],"r":[89.76344,321.41,276.0697],"s":[0.04118506,0.04118555,0.01588108],"c":[1,1,1],"b":["when starts then become next in 0.2"]}]}]}