{"v":7,"p":[{"b":139,"e":"9000K+","s":[{"p":[-0.1135989,0.009200748,0.0008004047],"r":[0.5497414,355.7576,2.566275],"s":[0.00734015,0.007340163,0.007340156],"c":[0,0,0]}]},{"b":139,"e":"NONE AT ALL","s":[{"p":[0.1353457,-0.01000306,0.03484654],"r":[359.471,0.483257,0.7946214],"s":[0.003833786,0.003833788,0.003833784],"c":[0,0,0]}]}]}