{"v":7,"p":[{"b":251,"s":[{"p":[0,0,0],"r":[0,-1.707547E-06,0],"s":[0.2400008,0.2400007,0.2400004],"c":[1,1,1]}]}]}