{"v":7,"a":[24,27],"bod":{"lt": {"i":"5bcccb9a5d9de633b45ff2ae","p":[0.08048426,0.09487516,0.01532956],"r":[279.8017,350.4602,176.3407]}},"p":[{"b":3,"s":[{"p":[0,0,0],"r":[0,0,-2.134434E-07],"s":[0.1124164,0.08177795,0.09681432],"c":[1,0.8888889,0.9650794]}]},{"b":69,"s":[{"p":[-0.068865,0.009864906,0.05179447],"r":[11.13008,119.3075,270.8826],"s":[0.05286977,0.0348898,0.0369352],"c":[1,0.8888889,0.9650794]}]},{"b":69,"s":[{"p":[-0.1324834,0.03254183,0.005680006],"r":[15.19643,17.26195,257.1282],"s":[0.02584317,0.04365604,0.02325745],"c":[1,0.8888889,0.9650794]}]}]}