{"v":7,"a":[1],"p":[{"a":[36],"s":[{"p":[-0.4123503,0.03864321,0.04952776],"r":[357.696,190.8456,7.061502],"s":[0.03317375,0.02937436,0.03712302],"c":[1,1,1],"b":["when touches hand then tell show","when told move then become next in 0.05s"]},{"p":[-0.411796,-0.04665007,0.04984651],"r":[357.5963,194.2378,2.243188],"s":[0.03317378,0.02937436,0.03712304],"c":[1,1,1],"b":["when told move then become next in 0.05s","when touches hand then become next in 0.05s"]}]},{"s":[{"p":[-0.0922081,0.0005130321,0.009617688],"r":[2.319749,4.509862,358.2657],"s":[0.08589865,0.02636942,0.1366367],"c":[0.6666666,1,0.8],"b":["when starts then tell move","when touches hand then tell move"]}]},{"b":9,"s":[{"p":[-0.09315746,0.01383991,0.01386553],"r":[3.523044,3.426552,357.8111],"s":[0.03854655,0.01575009,0.04920346],"c":[1,1,1],"b":["when told show then show chat keyboard, tell move","when typed then say [typed]","when starts then set voice male ","when typed then tell move"]}]}]}