{"v":7,"p":[{"b":9,"s":[{"p":[0.2709827,0.01875536,0.08718644],"r":[352.0255,25.1319,12.18925],"s":[0.1250002,0.125,0.1250003],"c":[1,1,1]}]},{"b":9,"s":[{"p":[-0.2474844,-0.113125,-0.01973298],"r":[7.398692,331.7758,337.1737],"s":[0.1250004,0.125,0.1250004],"c":[1,1,1]}]},{"b":9,"s":[{"p":[-0.03476468,0.001066921,0.02440061],"r":[355.8994,359.2266,357.5943],"s":[0.2183578,0.125,0.1250002],"c":[1,1,1]}]}]}