{"v":7,"a":[7,18],"p":[{"t":10,"s":[{"p":[0,0,0],"r":[0,0,0],"s":[4.842807,1.910922,0.2423013],"c":[0,0,0]}]}]}