{"v":7,"p":[{"b":10,"s":[{"p":[0.2593319,-0.08629072,-0.006508708],"r":[6.47165,346.9723,341.9563],"s":[0.125,0.125,0.125],"c":[0,1,0.5714287]}]},{"b":3,"s":[{"p":[0.192117,0.03108804,0.01398775],"r":[358.0326,356.9713,84.18548],"s":[0.01537781,0.04003046,0.1250001],"c":[0,0,0]}]},{"b":3,"s":[{"p":[0.291858,0.0308464,0.03784427],"r":[358.3799,350.9424,96.38225],"s":[0.01537782,0.04003052,0.1250002],"c":[0,0,0]}]},{"b":3,"s":[{"p":[0.270748,-0.001868397,-0.1048089],"r":[5.912233,265.514,118.7307],"s":[0.01537782,0.04003057,0.1250003],"c":[0.1142857,0,1]}]}]}