{"v":7,"p":[{"b":4,"s":[{"p":[0,0,0],"r":[0,0,0],"s":[0.1250001,0.005000004,0.1250001],"c":[1,0,0.3428572],"b":["when starts then allow emitted transporting"]}]}]}