{"n":"doom imp","v":7,"a":[23,45],"inc":[["imp left body","59baa862d21cf01810d6e95c"],["imp right body","59baa89aa6a2a2ef133f768c"],["imp right arm","59baa8b87917e01f10b44a28"],["imp lower arm","59baa845a59fc11e10df0aeb"],["imp left leg","59baa87da6a2a2ef133f768b"],["imp right leg","59baa8d7663f6db9135351e3"],["thing","59baa8205b7c5025107dca64"],["small pool of blood","59bb166275691d4111904e5d"],["medium pool of blood","59bb1684e198da2e10b5e01e"],["bullet lvl one","58e1766dcf3bdf29101a6eca"],["gore head","59bb21c0fa039ac4132797a5"],["gore body","59bb21e6111f34c613052058"],["gore pelvis","59bb2205256b1ad113cba71b"],["gore thigh","59bb220d01547f3610e8a5f7"],["gore forearm","59bb21fcd2191aa1133e8f35"],["2","588e35c1f04e70aa13ad4738"],["2 2","58941edd78f6447e61edf003"],["fireball","5882e2816eff3cc613172e4c"]],"p":[{"b":10,"s":[{"p":[-0.1633987,0.687819,0.1032124],"r":[63.69395,306.0354,217.6889],"s":[0.07325549,0.08491518,0.0948],"c":[0.5555556,0.4021063,0.3703602]}]},{"b":4,"s":[{"p":[-0.2015647,0.6896403,0.1829691],"r":[1.1139,342.4872,291.7715],"s":[0.01115133,0.01293186,0.02688511],"c":[1,1,1]}]},{"b":3,"s":[{"p":[-0.1579837,0.9230968,0.02460289],"r":[63.29017,345.6809,64.15364],"s":[0.08217061,0.08186692,0.2603793],"c":[0.5555556,0.4021064,0.3703605]}]}]}