{"v":7,"a":[12],"p":[{"a":[8,12],"s":[{"p":[0,0,0],"r":[0,0,0],"s":[0.1750003,0.1750005,0.1750008],"c":[1,1,1]}]}]}