{"v":7,"p":[{"a":[1],"s":[{"p":[-0.7438054,0.0556832,-0.2072367],"r":[324.0815,359.1673,89.82115],"s":[0.1750002,0.1750001,0.1750001],"c":[1,1,1],"b":["when hears 12 then become next"]},{"p":[0.1812092,-0.2080367,2.20845],"r":[0.1944985,338.6371,358.1714],"s":[1.44285,2.040868,0.08428923],"c":[1,1,1],"b":["when hears 12 then become next","when starts then  show www.youtube"]}]}]}