{"n":"rew","v":7,"p":[{"b":3,"s":[{"p":[0,0,0],"r":[0,0,0],"s":[0.05378474,0.05137498,0.04495911],"c":[1,0.6857142,0]}]}]}