{"v":7,"a":[7],"p":[{"b":5,"t":9,"s":[{"p":[-0.02431577,0.06099231,-0.05242835],"r":[9.381868,37.08425,242.6446],"s":[0.006098693,0.006619763,0.05505799],"c":[0.6666667,0.5714286,0]}]},{"b":16,"t":9,"s":[{"p":[-0.008056855,0.05318119,-0.03571864],"r":[333.0404,311.905,259.4619],"s":[0.005365215,0.01111571,0.005020672],"c":[0.7777778,0.7777778,0.7777778],"b":["when touched then destroy all parts with burst"]}]}]}