{"n":"floorcemeter","v":7,"a":[7,13,18,23],"p":[{"t":10,"s":[{"p":[2.320371E-09,0.01327097,4.595308],"r":[0,0,-1.001791E-05],"s":[501.2522,0.02278923,2.521776],"c":[0.2222216,0.2222216,0.2222216]}]},{"t":10,"s":[{"p":[-23.13898,0.01327435,2.308767],"r":[-1.001791E-05,1.001791E-05,-1.751587E-12],"s":[11.00571,0.02279192,2.52285],"c":[0.2222216,0.2222216,0.2222216]}]},{"t":10,"s":[{"p":[9.536745E-07,9.9309E-07,-0.1154671],"r":[1.628444E-12,1.001791E-05,-1.690015E-12],"s":[501.2253,0.02278816,2.521641],"c":[0.2222216,0.2222216,0.2222216]}]},{"b":224,"t":10,"c":[[-0.5558624,-4.503955,0.6652939,3,6,8],[-0.5404993,-5.094751,-0.5951174,5,6,7],[-0.4616143,-4.482795,0.4583743,1,13,2],[-0.5437815,-10.74723,0.446352,19,3,24],[-0.2510766,-1.074846,-0.4925108,23,30],[-0.5420749,-4.265064,-0.5470666,27],[-0.5145699,0.7989467,-0.121872,47,54],[-0.5100215,0.1818523,0.1083742,45,55],[-0.550299,-0.743481,0.229123,43,56],[-0.5523217,0.3524061,0.4027541,39,3,56],[-0.5473794,1.555503,-0.5722004,51,4,48],[-0.5108912,0.8675203,-0.3388117,49,53],[-0.2462085,-1.06352,-0.5611869,52,45],[-0.2493866,1.801097,-0.3030208,96],[0.003029121,-1.454575,-0.5396795,56,35],[0.2560918,0.957926,-0.5724227,58,27],[0.5080009,-0.6883905,-0.5457675,60,5,19]],"s":[{"p":[-7.787015,-0.01546399,2.525019],"r":[0,0,7.656432E-20],"s":[11.00226,0.03722118,2.947163],"c":[0.2222216,0.2222216,0.2222216]}]}]}