{"v":7,"a":[7,18],"p":[{"a":[17],"t1":154,"t2":58,"s":[{"p":[0,0,0],"r":[0,0,0],"s":[37.07318,0.404119,8.810248],"c":[0.3333332,0.3280422,0.2962961],"t1":{"c":[0.4444444,0.4444444,0.4444444],"x":0.1029005,"y":0.164499,"a":0.6022457,"m":0,"n":0,"r":0,"g":0,"o":0.5,"t":0.5,"e":0.5},"t2":{"c":[0,0,0],"x":0.01031351,"y":0.04470003,"a":0.6564713,"m":0,"n":0,"r":0,"g":0,"o":0.5,"t":0.5,"e":0.5}}]},{"b":38,"t1":154,"t2":58,"s":[{"p":[-4.841127,-0.9493436,-5.064973],"r":[3.415095E-06,270,90.00002],"s":[1.160805,1.254471,1.209997],"c":[0.3333331,0.3280421,0.296296],"t1":{"c":[0.4444444,0.4444444,0.4444444],"x":0.1029005,"y":0.164499,"a":0.6022457,"m":0,"n":0,"r":0,"g":0,"o":0.5,"t":0.5,"e":0.5},"t2":{"c":[0,0,0],"x":0.280331,"y":0.2901956,"a":0.6564713,"m":0,"n":0,"r":0,"g":0,"o":0.5,"t":0.5,"e":0.5}}]},{"a":[17],"t1":154,"t2":152,"s":[{"p":[2.436307,-0.006025907,-14.12855],"r":[2.035555E-12,90.00001,-1.001792E-05],"s":[19.76035,0.4233509,13.79998],"c":[0.3333332,0.3280422,0.2962961],"t1":{"c":[0.4444444,0.4444444,0.4444444],"x":0.1073097,"y":0.1817829,"a":0.6022457,"m":0,"n":0,"r":0,"g":0,"o":0.5,"t":0.5,"e":0.5},"t2":{"c":[0.4444444,0.4444444,0.4444444],"x":0.5,"y":0.5,"a":0.5844201,"m":0,"n":0,"r":0,"g":0,"o":0.5,"t":0.5,"e":0.5}}]}]}