{"v":7,"a":[7,18],"p":[{"t":7,"a":[12],"s":[{"p":[0,0,0],"r":[0,0,0],"s":[10.93344,65.86121,0.1750023],"c":[0.7777778,0,0.2666667]}]}]}