{"v":7,"a":[22],"p":[{"t":7,"a":[12],"s":[{"p":[0,0,0],"r":[0,0,0],"s":[4.410261,20.93789,0.1854349],"c":[0.7777778,0,0.2666667]}]}]}