{"v":7,"a":[7,18],"p":[{"b":140,"a":[19],"e":"TTS","s":[{"p":[0,0,0],"r":[0,0,0],"s":[0.001000178,0.001000106,0.001000089],"c":[0.1142855,1,0]}]}]}