{"v":7,"p":[{"b":9,"s":[{"p":[0,0,0],"r":[0,0,0],"s":[0.1250002,0.1250003,0.1250004],"c":[1,1,1]}]},{"b":9,"s":[{"p":[-0.1971386,0.7146151,0.0572418],"r":[318.6976,40.89559,268.58],"s":[0.1250003,0.1250005,0.1250004],"c":[1,1,1]}]},{"b":9,"s":[{"p":[-0.1102682,-0.3041493,-0.4762504],"r":[25.03508,133.3732,312.1591],"s":[0.1250007,0.1250011,0.125001],"c":[1,1,1]}]}]}