{"v":7,"a":[7,18],"p":[{"t":7,"a":[12],"s":[{"p":[0,0,0],"r":[0,0,0],"s":[4.18164,24.65748,0.1749998],"c":[0.7777778,0,0.2666667]}]}]}