{"n":"speedelbowr","v":7,"a":[31,48],"p":[{"b":10,"s":[{"p":[0,0,0],"r":[0,0,0],"s":[0.02400942,0.02400915,0.02400926],"c":[1,1,1]}]}]}