{"v":7,"a":[7],"p":[{"b":3,"t1":167,"c":[[3.313,0.976,-0.264,37],[3.417,1.045,-0.115,46],[2.098,0.684,0.054,49],[2.092,0.774,-0.015,26,24,2,1],[3.282,1.14,-0.205,15,30],[3.213,1.026,-0.335,13,31],[2.068,0.823,-0.147,16],[2.014,0.793,-0.24,14],[2.041,0.64,-0.37,4],[1.195,0.661,-0.044,18],[1.19,0.547,0.125,21],[1.232,0.5,0.236,51],[1.27,0.357,0.278,29],[2.113,0.583,0.096,30],[1.168,0.619,-0.205,17],[1.174,0.496,-0.346,5],[1.182,0.285,-0.408,0],[2.112,0.47,-0.321,3,35],[3.341,0.888,-0.153,48],[2.099,0.373,0.015,32],[3.352,0.823,-0.298,34],[2.115,0.392,-0.117,33],[2.116,0.415,-0.23,35],[3.344,0.852,-0.423,36],[1.282,0.223,0.269,24],[1.303,0.033,0.153,31],[1.309,-0.037,-0.042,25,16,2,4,7,2],[1.242,0.1,-0.178,40],[1.223,0.191,-0.295,1,38],[0.576,-0.057,-0.158,6,5,31,13],[0.512,0.082,-0.223,2],[0.641,-0.052,0.204,23],[0.622,-0.082,0.055,10],[0.623,0.318,0.303,28],[0.638,0.122,0.317,22],[0.618,0.226,-0.211,7],[0.593,0.382,-0.173,12],[0.61,0.479,-0.058,19],[0.576,0.472,0.092,27],[-0.055,0.09,0.134,20],[0.055,-0.084,-0.157,8],[0.026,0.025,-0.011,9]],"s":[{"p":[0,0,0],"r":[0,0,0],"s":[0.1250184,0.1250239,0.125032],"c":[1,1,1],"t1":{"c":[0,0,0],"a":0.7252083}}]}]}