{"v":7,"a":[2,16],"p":[{"t":7,"s":[{"p":[0,0,0],"r":[0,0,0],"s":[0.1041859,0.06632039,0.09489583],"c":[0.148148,0.3333332,0.3333332]}]}]}