{"n":"rib","v":7,"p":[{"b":3,"c":[[3.353,0.712,-0.192,37],[3.302,0.796,-0.192,46],[2.148,0.589,-0.061,49],[2.092,0.774,-0.015,26,24,2,1],[3.341,1.098,-0.178,15,30],[3.257,0.832,-0.344,13,31],[2.121,0.624,-0.121,16],[2.014,0.793,-0.24,14],[2.095,0.601,-0.226,4],[1.221,0.649,-0.026,18],[1.19,0.547,0.125,21],[1.232,0.5,0.236,51],[1.27,0.357,0.278,29],[2.113,0.583,0.096,30],[1.168,0.619,-0.205,17],[1.174,0.496,-0.346,5],[1.182,0.285,-0.408,0],[2.112,0.47,-0.321,3,35],[3.349,0.706,-0.051,48],[2.145,0.533,-0.084,32],[3.424,0.452,-0.27,34],[2.115,0.392,-0.117,33],[2.037,0.509,-0.162,35],[3.313,0.872,-0.562,36],[1.192,0.3,-0.001,24],[1.303,0.033,0.153,31],[1.309,-0.037,-0.042,25,16,2,4,7,2],[1.242,0.1,-0.178,40],[1.223,0.191,-0.295,1,38],[0.576,-0.057,-0.158,6,5,31,13],[0.647,-0.008,-0.323,2],[0.641,-0.052,0.204,23],[0.26,-0.571,-0.046,10],[0.623,0.318,0.303,28],[0.638,0.122,0.317,22],[0.124,-0.345,-0.236,7],[0.488,0.343,-0.218,12],[0.097,-0.262,-0.214,19],[0.576,0.472,0.092,27],[0.051,-0.314,-0.072,20],[0.219,-0.367,-0.304,8],[0.15,-0.435,-0.056,9]],"s":[{"p":[0,0,0],"r":[0,0,0],"s":[0.1250184,0.1250239,0.125032],"c":[1,1,1]}]},{"b":3,"c":[[3.353,0.712,-0.192,37],[3.525,0.886,-0.104,46],[2.398,0.413,-0.041,49],[2.366,0.42,-0.096,26,24,2,1],[3.508,1.09,-0.272,15,30],[3.436,0.953,-0.436,13,31],[2.34,0.412,-0.131,16],[2.222,0.459,-0.239,14],[2.188,0.366,-0.381,4],[1.924,0.111,-0.129,18],[1.973,0.083,-0.04,21],[2.019,0.078,0.012,51],[1.939,0.058,0.008,29],[2.586,0.257,-0.01,30],[1.827,0.036,-0.272,17],[1.757,-0.004,-0.404,5],[1.739,-0.403,-0.557,0],[2.213,0.242,-0.472,3,35],[3.349,0.706,-0.051,48],[2.385,-0.036,-0.13,32],[3.424,0.452,-0.27,34],[2.407,-0.147,-0.232,33],[2.323,0.085,-0.464,35],[3.405,0.77,-0.569,36],[1.627,-0.285,-0.096,24],[2.059,-0.24,-0.03,31],[2.104,-1.076,-0.302,25,16,2,4,7,2],[2.043,-0.501,-0.367,40],[1.947,-1.45,-0.7,1,38],[1.779,-2.014,-0.535,6,5,31,13],[1.783,-1.453,-0.622,2],[1.831,-0.53,-0.016,23],[1.73,-1.424,-0.374,10],[1.598,-0.28,-0.113,28],[1.719,-0.509,-0.178,22],[1.675,-0.566,-0.391,7],[1.6,-0.191,-0.323,12],[1.648,-0.414,-0.318,19],[1.72,-0.193,-0.125,27],[0.986,0.251,-0.151,20],[1.774,-1.489,-0.473,8],[1.686,-0.613,-0.369,9]],"s":[{"p":[0.8663399,0.0003985688,-0.06060029],"r":[0,180,5.008957E-06],"s":[0.125049,0.1250426,0.1250484],"c":[1,1,1]}]},{"b":10,"c":[[0.538,0.101,0.083,0],[0.2,0.072,0.258,1],[-0.209,-0.013,0.25,29,1,5,1,1,1],[-0.32,0.043,0.181,16,7],[0.318,0.062,-0.236,7],[-0.174,-0.13,-0.259,27,1,3,1,1,1],[-0.321,0.035,0.049,15,7],[-0.834,0.011,-0.368,17,8],[-0.221,0.212,0.206,11],[-0.09,0.266,0.364,10],[0.121,0.518,0.443,4],[-0.046,0.486,0.264,9],[-0.26,0.061,-0.312,13],[-0.308,0.343,0.074,12],[-0.064,0.211,-0.449,14],[0.209,0.278,-0.141,6],[0.418,0.309,0.131,5],[0.149,-0.473,0.464,2],[0.006,-0.37,0.191,19],[-0.358,-0.401,0.347,20],[0.356,-0.228,-0.005,3],[0.187,-0.26,-0.302,8],[-0.111,-0.461,-0.17,26],[-0.264,-0.384,0.049,21],[-0.229,-0.543,0.077,18],[-0.297,-0.226,-0.092,24]],"s":[{"p":[0.3989516,0.09909628,-0.02969743],"r":[0,0,270],"s":[0.1250065,0.1250139,0.1250103],"c":[1,1,1]}]}]}