{"v":7,"p":[{"s":[{"p":[0,0,0],"r":[0,0,0],"s":[0.1252436,0.1348244,0.3508717],"c":[1,1,1]}]}]}