{"n":"orb","v":7,"a":[2,31],"p":[{"b":180,"t":20,"t1":168,"t2":168,"s":[{"p":[0.006808973,0.01327852,-0.0107776],"r":[356.389,1.168565,10.82215],"s":[0.03466487,0.03466503,0.03466492],"c":[0,0,0],"b":["when starts then become next in 0.1s"],"t1":{"c":[0,1,1],"a":0.03470795},"t2":{"c":[0,0.2285713,1],"a":0.03442996}},{"p":[0.006808973,0.01327852,-0.0107776],"r":[356.389,1.168565,10.82215],"s":[0.03466487,0.03466503,0.03466492],"c":[0,0,0],"b":["when touched then become untweened next"],"t1":{"c":[0,1,1],"a":0.03470795},"t2":{"c":[0,0.2285713,1],"a":0.03442996}},{"p":[0.006808973,0.01327852,-0.0107776],"r":[356.389,1.168565,10.82215],"s":[0.03466487,0.03466503,0.03466492],"c":[0,0,0],"b":["when starts then turn thing off"],"t1":{"c":[0,1,1],"a":0.03470795},"t2":{"c":[0,0.2285713,1],"a":0.03442996}}]},{"b":180,"t":20,"a":[12,37],"t1":168,"t2":168,"s":[{"p":[0.006808973,0.01327862,-0.01077752],"r":[356.389,1.168578,10.82216],"s":[0.08696538,0.08696554,0.08696539],"c":[0,0,0],"b":["when starts then trail start with 0.2s"],"t1":{"c":[0,1,1],"a":0.03470795},"t2":{"c":[0,0.2285713,1],"a":0.03655522}}]}]}