{"v":7,"p":[{"b":143,"e":"FOR NEW PEOPLE","s":[{"p":[0,0,0],"r":[0,0,0],"s":[0.005919442,0.005919439,0.005919436],"c":[1,1,1]}]}]}