{"n":"t","v":7,"a":[2,12,16],"p":[{"s":[{"p":[0.1869096,0.06499608,0.164535],"r":[338.4169,1.495812,20.81995],"s":[0.0402819,0.8813134,0.03159794],"c":[0,0,0]}]},{"s":[{"p":[0.2411453,0.07463533,-0.08847521],"r":[20.38058,342.5246,25.32244],"s":[0.04028191,0.8813148,0.03159796],"c":[0,0,0]}]},{"i":[{"t":"5bd47a05dacbac65d887cda5","p":[-0.09354015,0.04187029,-0.01644967],"r":[349.7122,266.4411,231.5197]}],"s":[{"p":[0.01194832,0.4594318,-0.005090624],"r":[353.6595,3.409082,25.21266],"s":[0.0717678,0.005638183,0.0794772],"c":[0,0,0],"b":["when touches c "]}]},{"s":[{"p":[0.0540388,0.1061141,0.02636156],"r":[276.4922,235.0242,134.28],"s":[0.04028189,0.03375542,0.6682404],"c":[0,0,0]}]}]}