{"v":7,"a":[7,18,48],"p":[{"s":[{"p":[0,0,0],"r":[0,0,-7.656432E-20],"s":[0.1750003,4.67021,0.1819425],"c":[0.1142856,1,0]}]}]}