{"v":7,"p":[{"s":[{"p":[0,0,0],"r":[0,0,0],"s":[0.01431893,0.07450735,0.01005567],"c":[1,1,1],"b":["when touched then stop all parts face nearest"]}]}]}