{"v":7,"p":[{"b":73,"s":[{"p":[0,0,0],"r":[0,0,0],"s":[0.2250001,0.2250001,0.2250002],"c":[1,1,1]}]},{"b":69,"s":[{"p":[-0.08687225,0.07115138,-0.1403022],"r":[56.02634,270.4518,58.56454],"s":[0.07500006,0.07500006,0.07500001],"c":[1,1,1]}]},{"b":14,"s":[{"p":[0.03880364,0.117821,-0.171488],"r":[23.76666,287.8851,346.0302],"s":[0.06000002,0.06000003,0.06],"c":[1,1,1]}]},{"b":142,"e":"JOSE","s":[{"p":[-0.5562711,1.070327,-0.2837794],"r":[342.6179,258.8557,304.2113],"s":[0.003000001,0.003000001,0.003000003],"c":[1,1,1]}]}]}