{"v":7,"a":[7,18,31],"p":[{"b":16,"t":1,"s":[{"p":[0,0,0],"r":[0,0,0],"s":[0.009826139,0.009823748,0.009825952],"c":[0.984127,1,0.4444443],"b":["when touches hand then tell emit, become next in 0.2s","when touches hand then play electronic snare drum 2 with low-pitch ","when touches hand then tell emi"]},{"p":[0,-0.004974127,0],"r":[1.001791E-05,0,0],"s":[0.009826262,0.009823764,0.009826079],"c":[0.984127,1,0.4444442],"b":["when starts then become next in 0.2s"]}]}]}