{"n":"y","v":7,"p":[{"s":[{"p":[0,0,0],"r":[0,0,0],"s":[0.03656087,0.04929131,0.04484912],"c":[1,1,1]}]}]}