{"v":7,"a":[4],"p":[{"b":195,"s":[{"p":[0,0,0],"r":[0,0,-2.134434E-07],"s":[0.06000004,0.9844744,0.06000002],"c":[1,1,1]}]}]}