{"v":7,"a":[1,21],"p":[{"b":7,"t":19,"t1":168,"s":[{"p":[0,0,0],"r":[0,0,0],"s":[0.00583647,0.002504627,0.01401145],"c":[0.8888889,0.8888889,0.8888889],"t1":{"c":[0,0,0],"a":0.0265935}}]},{"b":7,"t":19,"a":[32],"t1":168,"s":[{"p":[-0.003242086,-0.001909608,-0.004822487],"r":[67.50008,202.5,180],"s":[0.002414118,0.002505639,0.009486107],"c":[0.8888889,0.8888889,0.8888889],"t1":{"c":[0,0,0],"a":0.0265935}}]},{"b":7,"t":19,"t1":168,"s":[{"p":[-6.600749E-08,-0.00175797,-0.005676842],"r":[67.50008,180,180],"s":[0.002413945,0.002505199,0.009484728],"c":[0.8888889,0.8888889,0.8888889],"t1":{"c":[0,0,0],"a":0.0265935}}]},{"b":7,"t":19,"t1":168,"s":[{"p":[-1.071021E-07,-0.002980201,-0.00691306],"r":[292.5,4.907467E-06,1.109648E-05],"s":[0.002950269,0.0003655131,0.00658732],"c":[0,0,0],"t1":{"c":[0,0,0],"a":0.0265935}}]}]}