{"n":"3","v":7,"a":[2,15,21,38],"p":[{"b":10,"t":1,"s":[{"p":[0.001369447,-0.01819134,0.005470267],"r":[359.2286,1.817384,1.301174],"s":[0.01174132,0.0117414,0.01174139],"c":[1,0,0.8571426],"b":["when any state touched then tell nearby player","when starts then become next in 0.2s"]},{"p":[0.001368993,-0.0181916,0.005470617],"r":[359.2286,1.817393,1.301178],"s":[0.01174132,0.01174139,0.01174138],"c":[0.6285716,0,1],"b":["when starts then become next in 0.2s","when starts then call me 2"]},{"p":[0.001368993,-0.0181916,0.005470617],"r":[359.2286,1.817393,1.301178],"s":[0.01174132,0.01174139,0.01174138],"c":[0.1142857,0,1],"b":["when starts then call me 1"]}]}]}