{"v":7,"a":[1,12],"p":[{"b":3,"c":[[-0.032,0.884,-0.32,16],[0.193,0.682,-0.202,15,30],[-0.233,0.644,-0.212,18],[0.196,0.808,-0.505,14],[-0.324,0.782,-0.514,17],[-0.099,0.669,0.229,21],[0.101,0.686,0.233,26,24,2,1],[0.244,0.658,-0.882,4],[-0.262,0.623,-0.882,5],[0.585,0.634,-0.435,13,31],[0.693,0.349,-0.098,37],[-0.69,0.415,-0.061,19],[-0.596,0.561,-0.457,12],[-0.768,0.022,-0.43,7],[-0.463,0.46,-0.765,2],[-0.018,-0.596,-0.777,1,38],[0.369,0.505,-0.819,3,35],[0.764,-0.098,-0.382,36],[0.868,-0.216,0.01,34],[0.444,-0.497,-0.502,35],[0.186,-0.854,-0.379,40],[-0.322,-0.802,-0.399,6,5,31,13],[-0.068,-1.002,0.035,25,16,2,4,7,2],[-0.554,-0.359,-0.525,8],[-0.68,-0.55,0.622,22],[-0.327,-0.962,0.536,23],[0.192,-0.96,0.562,31],[-0.067,-0.63,0.887,24],[-0.257,0.623,0.791,51],[0.267,0.573,0.807,49],[0.669,0.44,0.498,46],[-0.042,-0.076,1.08,29],[-0.525,-0.284,0.888,28],[0.392,-0.24,0.905,30],[0.504,-0.84,0.012,33],[-0.628,-0.852,0.02,10],[-0.919,-0.197,-0.09,9],[-0.669,0.495,0.493,27],[-0.005,-0.004,-0.971,0]],"sa":0,"s":[{"p":[-0.0009562969,-0.001754761,-0.005340815],"r":[0,0,8.537737E-06],"s":[0.1250464,0.1250261,0.1250259],"c":[0.6666667,0.2370367,0.1481478]}]},{"b":16,"t":9,"c":[[1.624,-0.142,-0.116,13,18,27],[1.423,-0.32,0.728,30,29],[1.393,-0.045,-0.821,11,49],[-1.51,-0.278,-0.066,1,40,28],[-1.282,-0.286,0.705,39,29],[-1.27,-0.155,-0.879,0,67],[0.043,0.577,-1.353,6,57],[0.024,0.635,-1.328,7]],"s":[{"p":[0.002280705,-0.03807592,0.006901562],"r":[0.112026,0.6846762,181.0962],"s":[0.07866941,0.07687427,0.08866355],"c":[0.6666667,0.2370369,0.148148]}]},{"b":43,"t":9,"c":[[0.198,1.093,0.264,5,18],[-0.239,0.563,0.374,24,19],[0.082,0.581,0.08,7,18],[-0.094,0.919,0.33,22,19],[0.058,0.035,0.714,37,18,20],[-0.082,0.01,0.484,36,20],[-0.073,0.525,-0.029,9,18],[-0.301,0.551,0.014,26,19],[-0.05,0.507,-0.176,11,18],[-0.287,0.519,-0.194,28,19],[-0.039,0.499,-0.295,13,18],[-0.133,0.419,0.611,18,21],[-0.205,-0.06,0.403,40,18]],"s":[{"p":[-0.05388641,-0.004727833,-0.1103773],"r":[83.45629,291.0781,322.1761],"s":[0.09209624,0.1250004,0.1066303],"c":[0.6666667,0.2370368,0.1481479]}]},{"b":43,"t":9,"c":[[0.082,-0.183,0.285,4,55],[0.11,-0.433,0.426,2,55],[-0.134,-0.364,0.45,40,18],[-0.299,-0.153,0.243,42,18],[-0.091,-0.005,0.019,8,55],[-0.08,-0.071,0.13,6,55],[-0.308,0,0.017,44,18],[-0.008,0.472,-0.648,34,19,23],[0.127,0.469,-0.525,17,18,42]],"s":[{"p":[0.07957482,0.01794313,-0.05277705],"r":[76.34465,54.81065,210.6133],"s":[0.09209648,0.125001,0.1066306],"c":[0.6666667,0.2370368,0.1481479]}]},{"b":42,"t":9,"c":[[-0.287,0.112,0.048,44,18],[-0.253,-0.026,0.262,42,18],[-0.232,0.479,0.298,24,19],[-0.262,0.351,0.052,26,19],[-0.254,0.431,-0.153,28,19],[-0.203,0.528,-0.363,30,19],[-0.124,0.535,-0.553,32,19],[0.066,0.398,-0.693,34,19,23],[-0.007,-0.103,-0.667,52,18,9],[-0.089,-0.175,-0.619,50,18],[-0.238,-0.113,-0.392,48,18],[-0.198,-0.072,0.49,40,18],[-0.05,-0.195,0.67,36,20],[0.09,-0.027,0.691,37,18,20],[0.107,0.428,0.735,19,19,36],[-0.12,0.558,0.539,18,21],[-0.198,0.54,0.357,22,19]],"s":[{"p":[0.001069885,0.001610043,-0.03604633],"r":[359.8978,269.526,280.8876],"s":[0.3777793,0.1250007,0.1702363],"c":[0.2222221,0.2222221,0.2222221]}]},{"b":16,"t":9,"c":[[0.161,-0.578,1.426,36,28],[0.825,-0.246,1.214,34,28],[-0.645,-0.278,1.34,37,29],[1.417,-0.055,0.667,30,29]],"s":[{"p":[0.0006175152,-0.01161189,0.02528779],"r":[275.8844,35.27556,145.2225],"s":[0.07866982,0.07687437,0.08166686],"c":[0.6666667,0.2370369,0.148148]}]},{"b":16,"t":9,"c":[[0.105,-0.902,1.319,36,28],[0.764,-0.455,1.16,34,28],[-0.731,-0.395,1.245,37,29],[1.377,-0.197,0.552,30,29],[1.554,0.349,-0.187,12,20],[1.111,0.958,-0.022,20,24],[1.558,-0.176,-0.479,11,49],[1.384,0.456,-0.694,10],[1.685,-0.082,-0.008,13,18,27],[1.294,0.301,0.614,29],[-1.416,-0.165,0.698,39,29],[0.807,0.789,0.577,43],[0.918,0.27,1.062,33],[0.76,0.528,0.905,45],[0.052,1.359,0.901,46],[-0.494,0.348,1.221,38],[-0.47,0.503,1.117,47],[0.062,1.427,0.647,53],[-0.296,1.024,0.495,54],[-0.965,0.575,0.621,48],[-0.022,1.438,0.131,28,29],[-1.297,0.315,0.69,40],[-1.599,-0.194,-0.128,1,40,28],[-1.504,0.456,-0.175,2,40]],"s":[{"p":[-0.0007790756,0.001727208,0.03491135],"r":[274.3932,39.96053,140.3732],"s":[0.07867004,0.06051974,0.08166702],"c":[0.8888889,0.8888889,0.8888889]}]},{"b":5,"s":[{"p":[-0.090069,-0.06485375,-0.07816334],"r":[12.17177,253.4934,96.77721],"s":[0.02745768,0.02745765,0.02745749],"c":[0.126984,0.4444443,0]}]},{"b":56,"s":[{"p":[-0.09225877,-0.06806172,-0.08687887],"r":[325.1165,334.7422,283.8301],"s":[0.02736619,0.0846459,0.02736608],"c":[0.6666667,0.6666667,0.6666667]}]},{"b":56,"s":[{"p":[-0.09118047,-0.06697118,-0.08246639],"r":[328.4472,333.9984,283.3114],"s":[0.0337446,0.09102445,0.03374442],"c":[1,1,1]}]},{"b":5,"s":[{"p":[0.09440121,-0.03779218,-0.07039519],"r":[8.292989,112.5251,0.8555588],"s":[0.02745767,0.02745764,0.0274575],"c":[0.126984,0.4444443,0]}]},{"b":56,"s":[{"p":[0.1006843,-0.03070055,-0.07152713],"r":[59.08964,216.4505,285.0433],"s":[0.02736619,0.08464585,0.02736608],"c":[0.6666667,0.6666667,0.6666667]}]},{"b":56,"s":[{"p":[0.09783477,-0.03426702,-0.07053548],"r":[62.42554,215.2336,283.0546],"s":[0.03374461,0.09102445,0.03374443],"c":[1,1,1]}]},{"b":42,"s":[{"p":[-0.07641463,0.005954735,-0.1075918],"r":[78.92072,281.9959,313.1631],"s":[0.06521112,0.08667058,0.08667219],"c":[1,1,1]}]},{"b":42,"s":[{"p":[0.07551429,0.007573895,-0.1094362],"r":[279.5595,239.3705,328.4906],"s":[0.06521109,0.08667058,0.08667211],"c":[1,1,1]}]},{"b":42,"c":[[0.231,0.037,1.036,37,18,20],[0.267,0.129,-1.166,52,18,9],[0.109,-0.072,-0.033,8,55],[0.131,-0.082,0.267,6,55],[0.128,-0.051,-0.269,10,55],[0.13,-0.05,0.584,2,55],[0.167,-0.06,0.633,4,55],[0.106,-0.014,-0.691,14,55],[0.109,-0.063,-0.408,12,55],[0.206,-0.054,0.66,1,53,18]],"s":[{"p":[-0.005809375,0.1104006,-0.070251],"r":[4.915552,272.344,232.458],"s":[0.04846402,0.09527829,0.03719482],"c":[0.6666667,0.2370367,0.1481478]}]},{"b":42,"c":[[0.158,0.48,0.713,19,19,36],[0.097,0.474,-0.676,34,19,23]],"s":[{"p":[-0.003318396,0.06922289,-0.1067204],"r":[1.93751,270.6776,304.2176],"s":[0.06098658,0.09527655,0.06308253],"c":[0.6666667,0.2370366,0.1481478]}]},{"b":42,"v":16,"s":[{"p":[-0.007358123,0.1038633,-0.08318305],"r":[9.375716,270.3836,295.8002],"s":[0.02272401,0.01982968,0.04014884],"c":[0.4444443,0.1580245,0.09876531]}]},{"b":42,"v":16,"s":[{"p":[-0.005098574,0.09054592,-0.1051762],"r":[5.300049,269.8045,297.4087],"s":[0.02272399,0.01982967,0.04014882],"c":[0.4444443,0.1580245,0.09876531]}]}]}