{"v":7,"p":[{"b":139,"e":"IM NOT A FURRY","s":[{"p":[0,0,0],"r":[0,0,-3.034898E-07],"s":[0.01826694,0.01826695,0.01826694],"c":[1,0.1714284,0]}]}]}