{"v":7,"a":[7],"p":[{"b":205,"s":[{"p":[0,0,0],"r":[0,0,0],"s":[0.9023872,0.112928,0.1317787],"c":[0.2222221,0.2222221,0.2222221]}]},{"b":60,"s":[{"p":[0.0154195,0.2963521,0.05243231],"r":[0,180,180],"s":[1.578294,0.4356392,0.1250553],"c":[0.2222221,0.2222221,0.2222221]}]}]}