{"v":7,"a":[6,7,48],"p":[{"b":3,"t":3,"s":[{"p":[0.02323532,-0.01149559,-0.01735163],"r":[1.024528E-05,90.00001,270],"s":[0.05122758,0.05760636,0.0497272],"c":[1,0.952381,0.6666666]}]}]}