{"v":7,"p":[{"i":[{"t":"5bdb4e4a21e1704fe52fabc2","p":[0.4696327,-0.5196109,-0.4421497],"r":[358.3457,271.1258,342.3993]}],"s":[{"p":[0,0,0],"r":[0,0,1.067217E-07],"s":[0.08193025,0.07307171,0.05811002],"c":[1,0,0],"b":["when touches hand then become next in 10s"]},{"p":[-23.10384,13.74641,-11.62752],"r":[357.399,17.04226,351.4655],"s":[0.08193024,0.07307177,0.05811004],"c":[1,0,0],"b":["when touches hand then become "]}]}]}