{"v":7,"a":[7,18,50],"p":[{"b":16,"i":[{"t":"5bdb097329796e05f0ed7625","p":[0.005183198,-0.00459367,0.1378063],"r":[1.278402,270.3727,358.7958]}],"sa":180,"s":[{"p":[0.005510926,-0.3267573,0.009555221],"r":[88.66911,285.113,286.6054],"s":[0.08550826,0.117044,0.09447332],"c":[0.3104055,0.4444443,0.1975307]}]},{"b":16,"t":10,"sa":180,"s":[{"p":[0.005549192,-0.3267671,0.008081317],"r":[88.66852,285.1128,286.6052],"s":[0.08137683,0.06304589,0.09034218],"c":[0.3333331,0.07407377,0.1629628]}]}]}