{"v":7,"a":[7,18,50],"p":[{"b":16,"i":[{"t":"5bdb09c6a3c7e26012cdf21c","p":[0.005183209,-0.00459367,0.1378063],"r":[1.278399,270.3727,358.7958]}],"sa":180,"s":[{"p":[0.005510926,-0.3267573,0.009555221],"r":[88.66911,285.1128,286.6052],"s":[0.08550826,0.07890551,0.09447332],"c":[0.2469135,0.4232803,0.5555556]}]},{"b":16,"t":10,"sa":180,"s":[{"p":[0.005549192,-0.3267671,0.008081317],"r":[88.66852,285.1128,286.6052],"s":[0.08137683,0.06304589,0.09034218],"c":[0.3333331,0.07407377,0.1629628]}]}]}