{"v":7,"p":[{"s":[{"p":[0,0,0],"r":[0,0,0],"s":[0.1750003,0.1750004,0.1750004],"c":[1,1,1]}]},{"b":2,"s":[{"p":[-0.2002189,0.632957,-0.1061519],"r":[32.4295,226.5684,87.91808],"s":[0.04805624,0.03839433,0.1250003],"c":[1,1,1]}]},{"s":[{"p":[0.1467424,0.900186,0.1968623],"r":[60.61779,50.7215,271.2147],"s":[0.9517977,0.05501254,0.05632019],"c":[1,1,1]}]}]}