{"v":7,"p":[{"s":[{"p":[0,0,0],"r":[0,0,0],"s":[0.01254518,0.02518878,1.192958],"c":[0.1142856,1,0]}]},{"s":[{"p":[0.001817472,0.001174271,-0.391052],"r":[359.9181,0.8011876,359.9267],"s":[0.02365841,0.2679845,0.02729816],"c":[0,0,0]}]}]}