{"v":7,"a":[22,18],"p":[{"b":144,"t":2,"s":[{"p":[0,0,0],"r":[0,0,0],"s":[0.2414784,4.026485,4.02704],"c":[0.1111109,0.1111109,0.1111109]}]},{"b":144,"t":2,"s":[{"p":[-3.573853,-4.768372E-07,0],"r":[0,1.001791E-05,0],"s":[0.2415214,4.02737,4.028342],"c":[0.222222,0.222222,0.222222]}]},{"b":44,"t":2,"s":[{"p":[-0.08715869,-5.264527,-1.007203],"r":[4.07111E-13,1.001791E-05,90.00001],"s":[0.456388,8.119273,1.825344],"c":[0.222222,0.222222,0.222222]}]}]}