{"v":7,"p":[{"b":248,"t":17,"t1":167,"t2":168,"c":[[-0.772,0.804,-11.143,0,23,3,14],[0.669,0.59,-9.821,5,13,6,22],[0.544,-0.333,-11.016,9,5,20,10],[0.066,0.877,8.2,8,7,17,10],[0.085,0.098,-15.204,7,3,21,2],[0.122,1.339,5.873,19,3,5,12],[-1.219,-0.341,-13.841,12,8,18,9],[0.699,1.058,-18.774,13,3,19,2],[-0.375,-0.718,-4.265,1,3,21,4],[0.527,-0.248,-21.918,17,4,15,7]],"s":[{"p":[0,0,0],"r":[0,0,0],"s":[0.1900014,0.1900007,0.01400416],"c":[1,0,0],"t1":{"c":[0.2857142,1,0],"a":0.75},"t2":{"c":[0.2857142,1,0],"a":0}}]}]}