{"v":7,"p":[{"b":3,"t1":22,"t2":3,"c":[[-0.161,0.712,0.655,26,24,2,1],[0.255,-0.107,0.738,30],[-0.205,-0.541,0.763,24],[0.039,-0.633,0.453,31],[-0.49,0.613,0.909,51],[0.267,0.416,0.783,49],[-0.752,0.43,0.521,27],[-0.604,0.79,0.496,21],[0.325,0.575,0.445,46],[-0.227,0.415,-0.024,16],[0.132,0.248,-0.046,15,30],[-0.488,0.089,-0.466,17],[-0.704,-0.197,-0.561,12],[-0.84,-0.421,-0.629,7],[-0.876,-0.105,-0.024,19],[-1.019,-0.547,0.085,9],[-0.614,0.185,-0.183,18],[-0.256,-0.802,0.499,23],[0.309,-0.295,0.364,32],[0.411,0.235,0.497,48],[0.427,-0.206,-0.006,34],[0.322,0.089,-0.018,37],[0.482,0.072,-0.465,36],[0.236,0.349,-0.628,13,31],[-0.251,0.44,-0.579,14],[-0.05,-0.988,-0.487,40],[-0.438,-1.125,-0.643,6,5,31,13],[-0.145,-0.866,-0.13,25,16,2,4,7,2],[-0.885,-0.428,0.54,22],[-0.878,-0.063,0.862,28],[0.132,-0.771,-0.086,33],[0.422,-0.407,-0.543,35],[-0.813,-0.926,-0.616,8],[-0.675,-1.071,-0.941,2],[-0.137,-1.044,-0.947,1,38],[-0.981,-0.7,-0.949,5],[0.378,-0.006,-0.995,3,35],[-0.331,0.184,-0.996,4],[-0.515,-0.775,-0.024,10],[0.032,0.091,0.897,29],[-1.13,0.009,0.462,20]],"sa":166,"s":[{"p":[0,0,0],"r":[0,0,0],"s":[0.07871862,0.09355989,0.191901],"c":[1,0.5619047,0.3333329],"t1":{"c":[0,0,0],"x":0.02670579,"y":0.05266432,"a":0.25,"m":0.5,"n":0.5,"r":0,"g":0,"o":0.5,"t":0.5,"e":0.5},"t2":{"c":[0.5555556,0.4973545,0.3703703],"x":0.17,"y":0.242973,"a":0.69625,"m":0.5,"n":0.5,"r":0,"g":0,"o":0.5,"t":0.5,"e":0.5}}]}]}