{"v":7,"a":[21],"p":[{"t":2,"a":[29],"im":"938332700897682906/86CCFCC9314E4FA7D3BB1730B6E9AD8FC546CF5C/","s":[{"p":[0,0,0],"r":[0,0,0],"s":[0.4328593,0.4328584,0.2164295],"c":[1,1,1]}]}]}