{"v":7,"p":[{"b":92,"t":2,"e":"CHRONOLOGY","s":[{"p":[0,0,0],"r":[0,0,0],"s":[0.01959062,0.01959048,0.0195906],"c":[0,0,0]}]},{"b":92,"t":2,"e":"CHRONOLOGY","s":[{"p":[-1.862645E-09,0,0.01594097],"r":[0,0,0],"s":[0.01959168,0.01959066,0.0195914],"c":[1,1,1]}]},{"b":92,"t":2,"e":"CHRONOLOGY","s":[{"p":[-2.36556E-07,4.168644E-14,-0.02061272],"r":[1.001791E-05,0,0],"s":[0.01959226,0.01959103,0.01959171],"c":[1,1,1]}]}]}