{"v":7,"a":[5],"p":[{"t":12,"s":[{"p":[0,0,0],"r":[0,0,0],"s":[5.327906,3.561689,0.1750029],"c":[0,0,0]}]}]}