{"v":7,"a":[21],"p":[{"t":2,"a":[29],"im":"938332700897727837/63FB5428427D201FF95877D0DB38C4E50875AB0C/","s":[{"p":[0,0,0],"r":[0,0,0],"s":[0.4692727,0.4692723,0.2639659],"c":[1,1,1]}]}]}