{"v":7,"p":[{"t1":168,"t2":4,"s":[{"p":[0,0,0],"r":[0,0,8.537735E-07],"s":[0.4236156,0.001000001,0.346879],"c":[1,1,1],"t1":{"c":[0,0,0],"a":0.05},"t2":{"c":[0,0,0],"x":0,"y":0,"a":0.75,"m":0.5,"n":0.5,"r":0,"g":0,"o":0.5,"t":0.5,"e":0.5}}]}]}