{"v":7,"p":[{"b":73,"t":2,"s":[{"p":[0,0,0],"r":[0,0,0],"s":[0.02210774,0.02209297,0.02209363],"c":[0.3333332,0.8285711,1],"b":["when starts then become next in 2"]},{"p":[-4.483403,1.175855E-06,0],"r":[0,0,-1.502687E-05],"s":[0.02211507,0.02209525,0.02209679],"c":[0.3333331,0.8285711,1],"b":["when starts then become 1 in 2"]}]}]}