{"v":7,"p":[{"b":73,"t":2,"s":[{"p":[0,0,0],"r":[0,0,0],"s":[0.02188368,0.02188076,0.02188712],"c":[0,1,1],"b":["when starts then become next in 2"]},{"p":[8.826452,1.521149E-06,0],"r":[0,0,0],"s":[0.02190045,0.02189249,0.02189868],"c":[0,1,1],"b":["when starts then become 1 in 2"]}]}]}