{"v":7,"a":[1],"p":[{"b":9,"t":3,"s":[{"p":[0,0,0],"r":[0,0,0],"s":[0.9128301,0.1967062,0.8415314],"c":[1,1,1]}]}]}