{"v":7,"a":[2],"p":[{"b":18,"e":"PIZZA HUT","s":[{"p":[0,0,0],"r":[0,0,0],"s":[0.003000005,0.003,0.003000004],"c":[1,0,0]}]},{"b":5,"s":[{"p":[0.03351008,0.03140421,0.009008124],"r":[9.373779,354.2972,6.94723],"s":[0.04635283,0.01482717,0.04393928],"c":[1,0,0]}]},{"s":[{"p":[0.02533486,0.05799495,0.01088061],"r":[287.9775,292.4957,61.36661],"s":[0.07807261,0.02538121,0.04008007],"c":[1,0,0]}]},{"s":[{"p":[0.001293795,0.1012393,0.01079147],"r":[303.4805,280.6122,73.32269],"s":[0.07807258,0.02538121,0.04008007],"c":[1,0,0]}]}]}