{"v":7,"p":[{"b":3,"s":[{"p":[0.005375649,-0.008467387,0.04215835],"r":[52.2572,55.48769,46.37083],"s":[0.03486141,0.03486117,0.03486136],"c":[1,1,1],"b":["when touches hand then become 2","when touches hand then enable setting microphone","when starts then disable setting microphone"]},{"p":[0.005375649,-0.008467387,0.04215835],"r":[52.25721,55.48769,46.37083],"s":[0.03486141,0.03486117,0.03486136],"c":[0.111111,0.111111,0.111111],"b":["when touch ends then become 1"]}]},{"i":[{"t":"5be24d844c4a3c6bd31a2935","p":[-0.003658335,0.05774201,0.05063754],"r":[88.61182,227.1655,222.9471]}],"s":[{"p":[-0.00227054,0.05263218,-0.0003243191],"r":[356.4614,359.9336,356.2858],"s":[0.09986614,0.2300789,0.09443019],"c":[0.5555556,0.5555556,0.5555556]}]}]}