{"v":7,"p":[{"b":3,"t":3,"a":[12],"s":[{"p":[0,0,0],"r":[0,0,-4.268868E-07],"s":[0.1250002,0.125,0.125],"c":[1,1,1]}]}]}