{"n":"mommy","v":7,"p":[{"s":[{"p":[0,0,0],"r":[-6.830188E-06,0,0],"s":[0.1750003,0.1750003,0.04900412],"c":[1,1,1]}]}]}