{"n":"board","v":7,"a":[6,22,21,48],"p":[{"s":[{"p":[0,0,0],"r":[0,0,0],"s":[1.684609,0.01231233,1.030914],"c":[1,1,1]}]}]}