{"v":7,"p":[{"b":11,"s":[{"p":[0,0,0],"r":[0,0,0],"s":[0.1000002,0.1000001,0.1000002],"c":[1,1,1]}]},{"b":183,"s":[{"p":[-0.320857,0.3534285,0.05473369],"r":[44.3887,355.3209,353.8036],"s":[0.06000006,0.06,0.06000005],"c":[1,1,1]}]}]}