{"v":7,"p":[{"s":[{"p":[0,0,0],"r":[0,0,0],"s":[1.411138,0.1750001,0.5880507],"c":[1,1,1]}]}]}