{"v":7,"a":[5,7,18],"p":[{"t":1,"s":[{"p":[0,0,0],"r":[0,0,0],"s":[2.628037,0.1750421,3.93927],"c":[0.9714286,1,0]}]},{"b":18,"t":2,"a":[19],"e":"UNDER\nCONSTRUCTION","s":[{"p":[-0.4063473,0.09810632,-0.117653],"r":[90,270,0],"s":[0.01198142,0.01197756,0.01198213],"c":[0.3333332,0.3333332,0.3333332]}]},{"b":18,"a":[19],"e":"UNDER\nCONSTRUCTION","s":[{"p":[-0.3894615,0.09004205,-0.1085969],"r":[90,270,0],"s":[0.01198677,0.01197774,0.0119872],"c":[0,0,0]}]}]}