{"v":7,"a":[7,18],"p":[{"s":[{"p":[0,0,0],"r":[0,0,0],"s":[9.224378,0.1750107,11.46098],"c":[0.333333,0.2793646,0.2222217]}]}]}