{"v":7,"a":[7,18],"p":[{"t1":110,"s":[{"p":[0,0,0],"r":[0,0,0],"s":[3.607305,0.08848838,10.00872],"c":[0.2222219,0.1248674,0.0740738],"t1":{"c":[0.5555556,0.3756613,0.1851851],"x":0.2942686,"y":0.7240496,"a":0.8925,"m":0,"n":0,"r":0,"g":0,"o":0.5,"t":0.5,"e":0.5}}]},{"s":[{"p":[0,2.390358,0],"r":[0,0,1.001791E-05],"s":[3.607305,0.08848838,10.00872],"c":[0.4444441,0.4444441,0.4444441]}]}]}