{"n":"water1","v":7,"p":[{"s":[{"p":[0,0,0],"r":[1.707547E-06,-3.415095E-06,-1.707547E-06],"s":[3.093532,1.334424,0.1748536],"c":[0.1975307,0.5925925,0.8888889]}]}]}