{"n":"ground","v":7,"a":[1,7,13,18,39],"p":[{"t":2,"s":[{"p":[0,0,0],"r":[0,0,0],"s":[75.93679,0.1750156,87.21208],"c":[0.1142854,1,0]}]}]}