{"v":7,"a":[22,18,21],"p":[{"b":5,"t":2,"s":[{"p":[0,0,0],"r":[0,0,0],"s":[0.003546612,0.003546611,0.003546611],"c":[0.8888889,0.8888889,0.8888889]}]},{"b":5,"t":2,"s":[{"p":[0.0261694,0.01083972,-1.862645E-09],"r":[0,0,0],"s":[0.003546642,0.003546677,0.003546652],"c":[0.8888889,0.8888889,0.8888889]}]},{"b":5,"t":2,"s":[{"p":[0.01309285,0.005423238,-9.313226E-10],"r":[0,0,0],"s":[0.003546665,0.003546746,0.003546686],"c":[0.8888889,0.8888889,0.8888889]}]}]}