{"v":7,"p":[{"b":18,"e":"EXSTRA WROK SHOP","s":[{"p":[0,0,0],"r":[8.537738E-07,1.272222E-14,1.707548E-06],"s":[0.01076841,0.01076842,0.01076842],"c":[1,1,1]}]}]}