{"n":"platform","v":7,"a":[22,31],"p":[{"b":5,"s":[{"p":[0,0,0],"r":[0,0,0],"s":[1.181813,1.181813,0.04623247],"c":[1,1,1]}]}]}