{"v":7,"p":[{"s":[{"p":[0,0,0],"r":[0,0,-6.157171E-14],"s":[0.03058112,0.001000005,0.1750031],"c":[0.3703702,0.5396825,0.6666667]}]},{"s":[{"p":[-0.0276003,1.518903E-08,0.05927086],"r":[-1.628444E-12,44.99999,-4.149555E-06],"s":[0.02160418,0.001708455,0.05591588],"c":[0.3703702,0.5396825,0.6666667]}]},{"s":[{"p":[1.324911E-08,-1.324912E-08,-0.0757761],"r":[-1.001791E-05,270,2.003583E-05],"s":[0.03058216,0.002908645,0.06148487],"c":[0.3703702,0.5396825,0.6666667]}]}]}