{"n":"dpl","v":7,"a":[7],"p":[{"s":[{"p":[0,0,0],"r":[0,0,0],"s":[4.05002,2.861562,0.02296114],"c":[1,1,1]}]}]}