{"v":7,"p":[{"b":5,"s":[{"p":[0,0,0],"r":[0,0,0],"s":[0.01649054,0.01265017,1.598749],"c":[1,1,1]}]}]}