{"n":"wristl","v":7,"a":[12],"p":[{"b":76,"t":1,"s":[{"p":[0,0,0],"r":[90,-2.003582E-05,0],"s":[0.0150503,0.01505065,0.01505123],"c":[0.3333332,0.3333332,0.3333332],"b":["when starts then all parts face nearest shoulderl"]}]},{"b":4,"t":19,"a":[37],"s":[{"p":[0,-9.313226E-10,0.009041131],"r":[8.757936E-13,-1.001791E-05,1.001791E-05],"s":[0.02322383,0.0232255,0.01157199],"c":[0.4938272,0.8888889,0.584127],"b":["when starts then become next in 0.2s"]},{"p":[0,-1.862645E-09,0.0212397],"r":[8.757936E-13,-1.001791E-05,1.001791E-05],"s":[0.02322373,0.02322519,0.02322653],"c":[0.4938272,0.8888889,0.584127],"b":["when starts then become next in 0.2s"]}]},{"a":[12],"s":[{"p":[-3.72529E-09,-7.400021E-09,0.04232318],"r":[-6.830189E-06,90,90.00001],"s":[0.08306781,0.003498748,0.07559857],"c":[1,1,1]}]}]}