{"v":7,"p":[{"b":9,"s":[{"p":[0,0,0],"r":[0,0,1.707547E-06],"s":[0.1249999,0.1249999,0.1249999],"c":[1,1,1]}]},{"b":12,"s":[{"p":[-0.1767256,-0.0123271,-0.3200379],"r":[48.75988,205.7543,251.9667],"s":[0.05999999,0.06,0.06],"c":[1,1,1]}]}]}