{"v":7,"p":[{"b":91,"e":"FOR MAX","s":[{"p":[0,0,0],"r":[0,0,2.134434E-07],"s":[0.02184275,0.02184274,0.02184276],"c":[0.9714286,1,0]}]},{"b":91,"e":"FROM DEFAULT TEC","s":[{"p":[0.01704545,-0.2926504,-0.003952269],"r":[4.645,359.381,0.9244158],"s":[0.01406268,0.01406267,0.01406267],"c":[0.9714286,1,0]}]}]}