{"n":"hole","v":7,"a":[22],"p":[{"s":[{"p":[0,0,0],"r":[0,0,0],"s":[0.09001072,0.04805107,0.001000038],"c":[0,0,0],"b":["when touches mag then tell load"]}]}]}