{"v":7,"p":[{"b":16,"s":[{"p":[0,0,0],"r":[0,0,-5.336085E-08],"s":[0.1,0.1,0.1000001],"c":[1,1,1]}]},{"b":3,"s":[{"p":[0.4047977,0.02419198,-0.2949485],"r":[335.4577,93.24221,326.9034],"s":[0.1250001,0.125,0.125],"c":[1,1,1]}]},{"b":3,"s":[{"p":[-0.5285506,-0.0236611,-0.06280228],"r":[328.805,331.1098,3.594214],"s":[0.125,0.125,0.125],"c":[1,1,1]}]}]}