{"v":7,"p":[{"b":105,"e":"1","s":[{"p":[0,0,0],"r":[0,0,0],"s":[0.003000005,0.003000004,0.003000003],"c":[1,1,1]}]}]}