{"v":7,"p":[{"b":105,"e":"2","s":[{"p":[0,0,0],"r":[0,0,0],"s":[0.003000115,0.003000028,0.003000122],"c":[1,1,1]}]}]}