{"v":7,"p":[{"b":105,"e":"9","s":[{"p":[0,0,0],"r":[0,0,0],"s":[0.003000064,0.003000027,0.003000065],"c":[1,1,1]}]}]}