{"n":"chair","v":7,"p":[{"s":[{"p":[-0.09658065,0.3216012,-0.3087264],"r":[357.791,22.75645,4.971958],"s":[0.07738107,0.8973282,0.05774556],"c":[1,1,1]}]},{"s":[{"p":[-0.07374947,0.3585421,-0.06853703],"r":[358.9146,5.053707,11.61322],"s":[0.06916589,0.8973293,0.076193],"c":[1,1,1]}]}]}