{"v":7,"p":[{"b":143,"t":2,"e":"/VRG/","s":[{"p":[0,0,0],"r":[0,0,-5.336085E-08],"s":[0.05000002,0.05000002,0.05000003],"c":[1,0.6857142,0]}]}]}