{"v":7,"p":[{"s":[{"p":[0,0,0],"r":[0,0,0],"s":[1.24847,0.1750004,1.650899],"c":[1,1,1]}]}]}