{"n":"mover","v":7,"a":[7,18],"p":[{"a":[12],"su":[{"i":"5bed0dd9fd790d350cb7f6bf","t":"5bed0e491a499247a4806393","p":[0.4188244,0.01269834,-0.01298523],"r":[0,0,-1.001791E-05]}],"s":[{"p":[0,0,0],"r":[0,0,0],"s":[0.1750397,0.1750343,0.1750066],"c":[1,1,1],"b":["when told by nearby drop then become next in 0.2s"]},{"p":[-1.42476E-07,-0.8148675,0],"r":[1.751587E-12,1.001791E-05,-1.001791E-05],"s":[0.1750411,0.1750377,0.175008],"c":[1,1,1]}]}]}