{"n":"scopescreen","v":7,"a":[7],"p":[{"a":[1,12,37],"s":[{"p":[0,0,0],"r":[0,0,0],"s":[0.07227864,0.001000028,0.07227872],"c":[1,1,1]}]}]}