{"v":7,"a":[2],"p":[{"b":9,"s":[{"p":[0.09178598,0.06998169,0.3211626],"r":[63.04937,98.14853,42.55598],"s":[0.125,0.125,0.125],"c":[0.6285715,1,0]}]},{"c":[[0.737,0.61,1.319,2,6,14]],"s":[{"p":[0.09791739,0.07873259,0.1348704],"r":[352.0053,359.913,2.793538],"s":[0.5752811,0.4852232,0.4204201],"c":[1,0,0.8571426],"b":["when touched then "]},{"p":[0.09791739,0.07873259,0.1348704],"r":[352.0053,359.913,2.793538],"s":[0.5752811,0.4852232,0.4204201],"c":[1,0,0.8571426],"b":["when grabbed then play piano2 c 3"]}]}]}