{"v":7,"a":[7,13,18],"p":[{"t1":159,"s":[{"p":[0,0,0],"r":[0,0,0],"s":[1.388654,0.1750155,1.883055],"c":[0.4444443,0,0.1523809],"t1":{"c":[0.3333333,0.1481481,0.2116402],"x":0.5,"y":0.5,"a":0.8925,"m":0,"n":0,"r":0,"g":0,"o":0.5,"t":0.5,"e":0.5}}]},{"t1":159,"s":[{"p":[-2.237612,3.772332E-07,0],"r":[0,0,-9.659347E-06],"s":[1.388758,0.1751102,1.88429],"c":[0.4444443,0,0.1523809],"t1":{"c":[0.3333333,0.1481481,0.2116402],"x":0.5,"y":0.5,"a":0.8925,"m":0,"n":0,"r":0,"g":0,"o":0.5,"t":0.5,"e":0.5}}]}]}