{"v":7,"p":[{"b":2,"s":[{"p":[-0.1384954,-0.0229193,0.005766936],"r":[359.8086,267.4757,89.06844],"s":[0.125,0.125,0.125],"c":[0.9714286,1,0]}]},{"s":[{"p":[-0.06646574,0.3496349,-0.07180151],"r":[359.8581,6.442165,269.1479],"s":[0.134683,0.1618656,0.175],"c":[0,0.2285712,1],"b":["when told change then become 2 in 2"]}]},{"b":10,"s":[{"p":[0.1465384,0.07491826,-0.1787735],"r":[6.384644,321.3513,63.47642],"s":[0.1250001,0.1250001,0.1250001],"c":[0,1,0.2285714],"b":["when touched then tell  change","when told change then become next in 2"]},{"p":[0.1465384,0.07491826,-0.1787735],"r":[6.384645,321.3513,63.47642],"s":[0.1250001,0.1250001,0.1250001],"c":[0.9714286,1,0]}]}]}