{"v":7,"a":[31],"p":[{"b":82,"s":[{"p":[0,0,0],"r":[0,0,0],"s":[0.1137416,0.01197451,0.1137401],"c":[1,1,1]}]},{"b":149,"t1":13,"s":[{"p":[0.003953024,-0.09126037,0.001188771],"r":[-9.838631E-06,1.792847E-07,270],"s":[0.1543649,0.1543559,0.1543255],"c":[0.08641968,0.7777778,0.7777778],"b":["when starts then become next in 2","when starts then become next in 1s"],"t1":{"c":[0,0,0],"x":0.3037409,"y":0.17,"a":0.8925,"m":0.5,"n":0.5,"r":0,"g":0,"o":0.5,"t":0.5,"e":0.5}},{"p":[0.003953024,-0.09126037,0.001188771],"r":[-9.838631E-06,1.792852E-07,270],"s":[0.1543649,0.1543559,0.1543255],"c":[0.08641965,0.7777778,0.7777778],"b":["when starts then become next in 2","when starts then become next in 1s"],"t1":{"c":[0,0,0],"x":0.09163646,"y":0.3128125,"a":0.8925,"m":0.5,"n":0.5,"r":0,"g":0,"o":0.5,"t":0.5,"e":0.5}}]}]}