{"v":7,"a":[7,18],"p":[{"t1":13,"s":[{"p":[0,0,0],"r":[0,0,0],"s":[3.61785,0.17504,0.1757283],"c":[0.4444443,0,0.1523809],"t1":{"c":[0.4444444,0.3047618,0],"x":0.17,"y":0.17,"a":0.8925,"m":0.5,"n":0.5,"r":0,"g":0,"o":0.5,"t":0.5,"e":0.5}}]}]}