{"v":7,"a":[7,18,31],"p":[{"b":7,"t1":47,"s":[{"p":[0,0,0],"r":[6.830189E-06,-1.707548E-06,-5.122642E-06],"s":[0.03265807,0.03319002,0.1250274],"c":[0.7679012,0.7777778,0.4320987],"b":["when starts then become next in 10"],"t1":{"c":[0.5485008,0.5555556,0.3086419],"x":0.7838445,"y":0.5641711,"a":0.8925,"m":0,"n":0,"r":0,"g":0,"o":0.5,"t":0.5,"e":0.5}}]}]}