{"v":7,"a":[31],"p":[{"a":[17,24],"s":[{"p":[0,0,0],"r":[0,0,0],"s":[0.1143012,0.1142871,0.001000366],"c":[0.2730157,0.6666667,0.2222221]}]}]}