{"v":7,"a":[6,22],"p":[{"t1":37,"t2":39,"s":[{"p":[0.6891673,-0.6201692,0.3775154],"r":[344.3001,343.675,24.7658],"s":[3.487075,2.947638,0.3905622],"c":[0.7777778,0.7777778,0.7777778],"t1":{"c":[0.5555556,0.5555556,0.5555556],"x":0.5,"y":0.5,"a":0.8925,"m":0,"n":0,"r":0,"g":0,"o":0.5,"t":0.5,"e":0.5},"t2":{"c":[0.5555556,0.5555556,0.5555556],"x":0.5,"y":0.5,"a":0.8925,"m":0,"n":0,"r":0,"g":0,"o":0.5,"t":0.5,"e":0.5}}]},{"t1":37,"t2":39,"s":[{"p":[0.4061684,-0.02114671,0.454463],"r":[344.3002,343.6751,24.76578],"s":[3.486659,2.590267,0.2649746],"c":[0.7777778,0.7777778,0.7777778],"t1":{"c":[0.5555556,0.5555556,0.5555556],"x":0.5,"y":0.5,"a":0.8925,"m":0,"n":0,"r":0,"g":0,"o":0.5,"t":0.5,"e":0.5},"t2":{"c":[0.5555556,0.5555556,0.5555556],"x":0.5,"y":0.5,"a":0.8925,"m":0,"n":0,"r":0,"g":0,"o":0.5,"t":0.5,"e":0.5}}]}]}