{"v":7,"a":[22,18],"p":[{"s":[{"p":[0.6698476,-0.004128009,0],"r":[0,0,0],"s":[0.6612297,0.04161032,4.133276],"c":[1,1,1]}]}]}