{"v":7,"p":[{"b":73,"t":3,"s":[{"p":[0,0,0],"r":[0,0,0],"s":[0.5760467,0.5760478,0.5760478],"c":[0.7777778,0.6962963,0.5185185]}]}]}