{"v":7,"p":[{"a":[1],"s":[{"p":[0,0,0],"r":[0,0,0],"s":[1.228697,0.001,1.412193],"c":[1,1,1]}]}]}