{"n":"book template","v":7,"a":[22],"p":[{"t":11,"s":[{"p":[0.0864743,0.001915902,-0.0005373952],"r":[0,0,270],"s":[0.04198394,0.002644175,0.2283958],"c":[1,0,0.3428572]}]},{"t":11,"s":[{"p":[-0.0005133152,-0.01762513,-0.0008393545],"r":[0,0,0],"s":[0.1750748,0.002641227,0.2257374],"c":[1,0,0.3428572]}]},{"t":11,"s":[{"p":[-0.0005133152,0.01990977,-0.0008393507],"r":[0,0,1.001791E-05],"s":[0.1750734,0.002641453,0.2257661],"c":[1,0,0.3428572]}]},{"t1":75,"s":[{"p":[-0.0006000996,0.000947565,-0.0003492831],"r":[0,0,1.001791E-05],"s":[0.1684791,0.03455425,0.2229118],"c":[1,1,1],"t1":{"c":[1,1,1],"x":0.5,"y":0.05739808,"a":0.8925,"m":0,"n":0,"r":0.03893149,"g":0,"o":0.5,"t":0.5,"e":0.5}}]}]}