{"v":7,"a":[48,49],"p":[{"b":4,"t":4,"s":[{"p":[-0.785176,-0.7608393,-0.1952429],"r":[3.741989,340.0579,15.0011],"s":[1.014521,0.6031396,0.1250007],"c":[1,1,1]}]},{"b":4,"t":4,"s":[{"p":[0.2032559,-2.753979,-0.3260708],"r":[13.29914,340.0855,114.2979],"s":[0.4033117,0.8727559,0.1224791],"c":[1,1,1]}]}]}