{"v":7,"p":[{"b":73,"t":2,"s":[{"p":[0,0,0],"r":[0,0,0],"s":[0.007112109,0.007109044,0.007112268],"c":[1,0,0]}]}]}