{"v":7,"p":[{"b":194,"t":1,"c":[[0.154,0.765,-0.013,96],[-0.818,0.348,0.806,93],[-0.215,0.36,1.157,91],[0.524,0.461,1.306,89],[1.055,0.419,0.955,87],[1.468,0.345,0.303,84],[1.416,0.443,-0.319,82],[1.103,0.443,-0.911,80],[0.557,0.395,-1.275,78],[-0.128,0.425,-1.3,76],[-0.68,0.41,-0.91,74],[-1.014,0.393,-0.387,75],[-1.053,0.393,0.21,95]],"s":[{"p":[0,0,0],"r":[0,0,0],"s":[0.06000791,0.05725061,0.06002155],"c":[1,1,1],"b":["when starts then rotate forward with 5 then become next in 1s"]},{"p":[0,0,0],"r":[0,0,0],"s":[0.06000791,0.05725061,0.06002155],"c":[1,1,1],"b":["when starts then become next in 1s"]}]}]}