{"v":7,"a":[22,18],"p":[{"t1":18,"s":[{"p":[0,0,0],"r":[0,0,0],"s":[6.371932,0.08722769,15.14332],"c":[0.4444442,0.3005288,0.1481479],"t1":{"c":[0.6666667,0.5227513,0.3703703],"x":0.07569019,"y":0.6395711,"a":0,"m":0.5,"n":0.5,"r":0,"g":0,"o":0.08384204,"t":1,"e":0.7338445}}]}]}