{"v":7,"p":[{"b":58,"c":[[1.4,-0.1,-1.3,260,17],[1.9,-0.1,0.1,43,208],[1.2,0,1.4,32,195,20],[0,0.1,2.1,217,-4],[0,-0.2,-1.8,284]],"s":[{"p":[-0.0685534,0.5471938,-0.1478025],"r":[90,90,0],"s":[0.1031051,0.1030926,0.103108],"c":[0.8,1,0],"pr":{"c":[1,0,0.3428573],"m":0.25,"a":0.25,"s":0.15,"z":0.25,"g":0.5,"h":0.25}}]},{"b":59,"s":[{"p":[-0.06384606,0.5417007,-0.08883325],"r":[358.4947,87.50011,280.6835],"s":[0.09517818,0.5514232,0.08910742],"c":[0,0.9142855,1]}]},{"b":62,"s":[{"p":[0.0319888,0.543103,-0.08478818],"r":[0.5195198,88.05762,272.6116],"s":[0.0291411,0.03546362,0.02616051],"c":[1,0.1714285,0],"pr":{"c":[1,0,0.3428573],"m":0.25,"a":0.25,"s":0.15,"z":0.25,"g":0.5,"h":0.25}}]},{"b":7,"s":[{"p":[-0.2913334,0.5176647,-0.08210918],"r":[359.7935,91.24774,276.7338],"s":[0.1250001,0.1250003,0.1250004],"c":[1,1,1]}]}]}