{"n":"post","v":7,"p":[{"s":[{"p":[-0.6571819,-0.08140421,-0.1849535],"r":[359.6001,168.2964,1.507568],"s":[0.1304199,0.03191855,0.9308122],"c":[0.4444442,0.3047617,0]}]},{"s":[{"p":[-0.2971107,-0.04198376,0.002010435],"r":[357.9894,74.44901,359.9652],"s":[0.1304201,0.03191856,0.9308141],"c":[0.4444442,0.3047617,0]}]},{"s":[{"p":[-0.3725362,-0.04426965,0.2624432],"r":[2.477241,256.5558,3.029037],"s":[0.13042,0.03191857,0.9308116],"c":[0.4444442,0.3047617,0]}]},{"s":[{"p":[0.004727633,-0.01051736,0.009211173],"r":[359.2118,352.9994,359.4392],"s":[0.1304197,0.03191851,0.9308113],"c":[0.4444442,0.3047617,0]}]}]}