{"v":7,"p":[{"b":8,"s":[{"p":[0,0,0],"r":[0,0,0],"s":[0.6180052,0.001000001,0.001000002],"c":[1,1,1]}]},{"b":8,"s":[{"p":[0.05816637,0.04408532,0.07576903],"r":[12.95061,350.2634,15.62765],"s":[0.7005876,0.001,0.001000004],"c":[1,1,1]}]}]}