{"v":7,"p":[{"b":9,"s":[{"p":[0,0,0],"r":[0,0,0],"s":[0.1250003,0.1250002,0.1250003],"c":[1,1,1]}]},{"b":5,"s":[{"p":[0.2584085,0.1690892,0.1697704],"r":[25.33922,67.39767,357.8275],"s":[0.1000002,0.1000001,0.1000002],"c":[1,1,1]}]},{"b":17,"s":[{"p":[0.2669948,0.2710996,0.1539593],"r":[354.1723,342.8274,16.45168],"s":[0.06000009,0.06000002,0.06000004],"c":[1,1,1]}]},{"b":72,"s":[{"p":[-0.1491772,0.3862573,-0.09501204],"r":[353.0492,318.648,329.631],"s":[0.125,0.125,0.125],"c":[1,1,1]}]}]}