{"v":7,"a":[22],"p":[{"b":18,"e":"[people names]","s":[{"p":[0,0,0],"r":[0,0,0],"s":[0.002120578,0.002121094,0.002121061],"c":[0,0,0]}]},{"s":[{"p":[0.0774101,-0.1307299,0.003347397],"r":[270.0198,2.414836E-05,0],"s":[0.1727814,0.005005294,0.3050044],"c":[0.886067,0.8888889,0.7901235]}]},{"b":18,"e":"[hour 12]:[minute]","s":[{"p":[-0.008971907,-0.2434219,-0.000415802],"r":[0,0,-1.366038E-05],"s":[0.003000358,0.00300108,0.003001576],"c":[0,0,0]}]}]}