{"v":7,"p":[{"b":3,"t":3,"a":[29],"t1":21,"s":[{"p":[0,0,0],"r":[0,0,0],"s":[0.1250005,0.1250015,0.1250016],"c":[0,0.6095237,0.6666667],"t1":{"c":[1,1,1],"x":0.17,"y":0.17,"a":0.8925,"m":0.5,"n":0.5,"r":0,"g":0,"o":0.5,"t":0.5,"e":0.5}}]},{"b":129,"e":"THE SKY TEXTURE\nDO NOT TOUCH","s":[{"p":[-0.09929645,0.1060361,-0.04457463],"r":[63.06695,13.1834,14.94027],"s":[0.003000016,0.003000032,0.003000039],"c":[1,1,1]}]}]}