{"n":"ground","v":7,"p":[{"s":[{"p":[0,0,0],"r":[0,0,-8.537735E-07],"s":[24.85202,0.1302602,23.84378],"c":[1,1,1]}]}]}