{"v":7,"p":[{"s":[{"p":[0,0,0],"r":[0,0,0],"s":[0.1750026,0.1750034,0.1750044],"c":[1,1,1]}]},{"b":247,"s":[{"p":[-0.05039707,0.0818643,0.04828334],"r":[0,0,90.00002],"s":[0.04458929,0.03854867,0.04406498],"c":[1,1,1]}]}]}