{"v":7,"p":[{"b":12,"s":[{"p":[-0.4718546,-0.04061314,-0.430384],"r":[353.8354,314.989,6.780271],"s":[0.2383204,0.06000001,0.06000003],"c":[0,0.2285712,1],"b":["when starts then become next in 5s"]},{"p":[-0.4350284,-0.09778383,-0.6127321],"r":[6.931974,219.455,0.8754885],"s":[0.2161975,0.06000004,0.06000017],"c":[0,1,0.7428571],"b":["when starts then become next in 1s"]}]}]}