{"v":7,"p":[{"b":174,"s":[{"p":[0,0,0],"r":[0,0,-5.336085E-08],"s":[0.04500002,0.008226044,0.04500004],"c":[1,0.1714285,0],"b":["when starts then become next in 1s"]},{"p":[0,0,0],"r":[0,0,-5.336085E-08],"s":[0.04500002,0.07270221,0.04500004],"c":[1,0.8571429,0],"b":["when starts then become next in 1s"]}]}]}