{"v":7,"a":[7,18,25,49],"p":[{"a":[12],"su":[{"i":"5bca0c230b105a38e4d67651","t":"5bca0b08cf20f033ade673a7","p":[10.69022,-3.186435,-0.6256976],"r":[0,270,270]}],"s":[{"p":[0,0,0],"r":[0,0,0],"s":[0.1750028,0.1750029,0.1750018],"c":[1,1,1],"b":["when told by any jump then become soft end 2 in 1s","when told by any jump then play funny scream"]},{"p":[0,0,5.315185],"r":[0,0,0],"s":[0.1750403,0.1750455,0.175034],"c":[1,1,1],"b":["when starts then become soft start 1 in 1s"]}]}]}