{"v":7,"a":[7,18],"p":[{"s":[{"p":[0,0,0],"r":[0,0,0],"s":[21.31301,0.1750016,9.070179],"c":[0.4444443,0.4444443,0.4444443]}]}]}