{"v":7,"p":[{"b":250,"s":[{"p":[0,0,0],"r":[0,0,8.537737E-07],"s":[0.604379,0.2400002,0.24],"c":[0.2857141,0,1],"b":["when starts then become next in 1s"]},{"p":[-0.0004703947,0.003923672,0.01074439],"r":[357.0319,1.338848,0.2286296],"s":[0.6043798,0.2400005,0.5917962],"c":[1,0.3428571,0],"b":["when starts then become next in 2s"]}]}]}