{"v":7,"a":[48],"p":[{"t":3,"s":[{"p":[0,0,0],"r":[0,0,-1.067217E-07],"s":[0.175,0.1750002,0.1750001],"c":[1,1,1],"b":["when starts then set light intensity 20"]}]}]}