{"v":7,"p":[{"b":94,"e":"WELCOME","s":[{"p":[0,0,0],"r":[0,0,0],"s":[0.02340028,0.02340023,0.02340028],"c":[0.0941167,0.1764779,1],"b":["when starts then become next in 2s"]},{"p":[-0.01068605,0.02839798,-0.003390023],"r":[4.995814,359.4406,359.6775],"s":[0.01422222,0.01422212,0.01422223],"c":[0,1,0.2285714],"b":["when starts then become next in 1s"]}]}]}