{"v":7,"a":[20,31,36,37],"p":[{"b":38,"t":1,"s":[{"p":[7.450581E-09,0.03403139,-0.01960993],"r":[0,0,-8.537737E-06],"s":[0.1481854,0.6718622,0.6802544],"c":[0.148148,0.6666667,0.6666667]}]},{"b":73,"t":1,"pr":27,"s":[{"p":[0.02175444,0.7312831,0.1837215],"r":[8.96416E-08,180,270],"s":[0.3540465,0.3541786,0.3541686],"c":[0.148148,0.6666667,0.6666667],"pr":{"c":[1,1,1],"a":0.02009773}}]}]}