{"v":7,"a":[34],"p":[{"b":16,"t1":115,"s":[{"p":[0,0,0],"r":[0,0,0],"s":[0.4840727,0.06147135,0.6316984],"c":[0,1,0.2285714],"t1":{"c":[0,0,0],"x":0.5,"y":0.5,"a":0.8925,"m":0,"n":0,"r":0,"g":0,"o":0.5,"t":0.5,"e":0.5}}]},{"s":[{"p":[0.006464457,0.2978013,0.4081194],"r":[1.251058,325.3378,358.2039],"s":[0.1750024,0.1750001,0.1750025],"c":[1,1,1]}]}]}