{"v":7,"p":[{"im":"940581287384348710/65369BEA4DD51474667B80088D946CC8F9F3959F/","s":[{"p":[0,0,0],"r":[0,0,0],"s":[0.1431821,0.1750003,0.1750003],"c":[1,1,1]}]}]}