{"v":7,"a":[7,18],"p":[{"s":[{"p":[0,0,0],"r":[0,0,0],"s":[0.1218312,1.177006,2.824934],"c":[0.111111,0.111111,0.111111]}]}]}