{"v":7,"a":[7],"p":[{"s":[{"p":[0,0,0],"r":[0,0,0],"s":[70.98783,0.1820018,45.06285],"c":[0.1396824,0.222222,0]}]}]}