{"v":7,"a":[22],"p":[{"t1":43,"s":[{"p":[0,0,0],"r":[0,0,0],"s":[0.3770964,0.03630374,0.3917205],"c":[0.8888889,0.8888889,0.8888889],"t1":{"c":[1,1,1],"x":0.4090447,"y":0.44074,"a":0.8925,"m":0,"n":0,"r":0,"g":0,"o":0.5,"t":0.5,"e":0.5}}]}]}