{"n":"puck","v":7,"a":[2,17,21],"p":[{"b":5,"s":[{"p":[0,0,0],"r":[0,0,0],"s":[0.03013137,0.03013171,0.03013153],"c":[0,0,0]}]}]}