{"v":7,"p":[{"b":212,"c":[[-0.496,-0.903,0.009,7,8],[0.437,-0.908,0.001,0,28],[0.013,-0.915,-0.013,3]],"s":[{"p":[0,0,0],"r":[0,0,3.828216E-20],"s":[0.2363839,0.175021,0.1750124],"c":[0.5925926,0.8126982,0.8888889]}]},{"s":[{"p":[-0.002595662,-0.1168572,0.06537747],"r":[45,180,180],"s":[0.2358614,0.00217172,0.1684222],"c":[0.2888888,0.111111,0.3333332]}]},{"s":[{"p":[-0.01496412,-0.1169593,-0.0571382],"r":[45,5.008955E-06,-2.074779E-06],"s":[0.2360007,0.002172615,0.168479],"c":[0.2888888,0.111111,0.3333332]}]}]}