{"v":7,"a":[1],"p":[{"b":3,"i":[{"t":"5bfc73bf9cf82a63f97c1b56","p":[0.06608824,-0.003714025,0.1755977],"r":[4.274891,151.3747,277.8566]},{"t":"5bfc745a9cf82a63f97c1b57","p":[-0.0880263,-0.006508373,0.1700123],"r":[349.9911,199.5093,95.77292]}],"s":[{"p":[0.04005961,-0.2728122,0.1132293],"r":[351.7741,353.876,187.1469],"s":[0.1877415,0.1575226,0.2604836],"c":[0,0,0]}]},{"b":3,"s":[{"p":[0.04074024,-0.1750734,0.07156468],"r":[343.8605,354.8478,1.84869],"s":[0.1210629,0.08679511,0.1574815],"c":[1,1,1]}]}]}