{"v":7,"p":[{"b":14,"s":[{"p":[0,0,0],"r":[0,0,0],"s":[0.06000001,0.05999999,0.06000002],"c":[1,1,1]}]},{"b":14,"s":[{"p":[-0.0001927887,0.006239908,0.03173501],"r":[357.0787,84.259,7.771091],"s":[0.0600002,0.06000012,0.06000018],"c":[1,1,1]}]},{"b":14,"s":[{"p":[-0.005433815,0.01077673,0.2192206],"r":[357.4411,358.8695,1.255381],"s":[0.06,0.06000001,0.06000004],"c":[1,1,1]}]}]}