{"v":7,"p":[{"b":3,"s":[{"p":[0,0,0],"r":[0,0,8.537735E-07],"s":[0.125,0.125,0.125],"c":[1,1,1]}]},{"b":3,"s":[{"p":[0.3283994,-0.0692201,-0.07702313],"r":[0.827864,25.97085,53.59638],"s":[0.125,0.125,0.125],"c":[1,1,1]}]}]}