{"n":"barry upperelbowr","v":7,"p":[{"b":3,"a":[3,12],"s":[{"p":[0,0,0],"r":[0,0,0],"s":[0.02833815,0.02833804,0.02833823],"c":[1,1,1]}]}]}