{"n":"limit","v":7,"a":[7,18],"p":[{"t":7,"a":[5,12],"s":[{"p":[0,0,0],"r":[0,0,0],"s":[418.6992,10.18903,34.13876],"c":[1,0.9650794,0.8888889]}]}]}