{"v":7,"p":[{"b":12,"s":[{"p":[0,0,0],"r":[0,0,-8.004128E-08],"s":[0.06000002,0.06,0.05999998],"c":[1,1,1]}]}]}