{"v":7,"p":[{"b":114,"e":"abc","s":[{"p":[0,0,0],"r":[0,0,0],"s":[0.003000001,0.003,0.003],"c":[1,1,1]},{"p":[0,0,0],"r":[0,0,0],"s":[0.003000001,0.003,0.003],"c":[1,1,1]}]},{"b":4,"s":[{"p":[0.2394316,-0.09714606,-0.256765],"r":[317.2617,179.3343,236.0209],"s":[0.1250003,0.1250002,0.1250002],"c":[1,1,1]}]},{"b":4,"s":[{"p":[0.2334878,-0.09941442,-0.2406444],"r":[315.9398,168.6893,243.8799],"s":[0.1250001,0.1250002,0.1250002],"c":[1,1,1]}]}]}