{"n":"main road","v":7,"a":[7,18],"p":[{"b":150,"s":[{"p":[0,0,0],"r":[0,0,0],"s":[2.197111,0.1986279,25.68721],"c":[0.6666667,0.6560847,0.5925926]}]}]}