{"v":7,"a":[7,18],"p":[{"a":[1],"s":[{"p":[0,0,0],"r":[0,0,0],"s":[1.458314,0.1750084,1.137011],"c":[1,1,1]}]}]}