{"v":7,"p":[{"b":3,"s":[{"p":[0.2415214,0.08035159,-0.5530912],"r":[39.71299,90.37961,198.0238],"s":[0.09849891,0.1099189,0.1250005],"c":[1,1,1]}]},{"b":3,"s":[{"p":[0.254865,0.009218812,-0.3923614],"r":[54.13448,151.2469,155.4919],"s":[0.1194334,0.09149386,0.08833351],"c":[1,1,1]}]},{"s":[{"p":[0.3426727,0.08985174,-0.4607954],"r":[44.2634,243.333,319.1523],"s":[0.3741407,0.1750003,0.5454407],"c":[1,1,1]}]}]}