{"v":7,"a":[22,48],"p":[{"t":16,"a":[1],"s":[{"p":[0,0,0],"r":[0,0,0],"s":[10.12915,0.05833368,5.710763],"c":[1,1,1]}]}]}