{"v":7,"p":[{"b":84,"s":[{"p":[-0.2773226,0.1939874,-0.5447783],"r":[43.74561,156.6149,61.16495],"s":[0.075,0.075,0.07500003],"c":[1,1,1]}]},{"b":80,"s":[{"p":[-0.3814141,0.4042779,-0.3391879],"r":[41.9128,153.1385,58.6405],"s":[0.07500003,0.07500002,0.07500003],"c":[1,1,1]}]},{"b":61,"s":[{"p":[-0.311722,0.4341232,-0.3408818],"r":[41.24388,151.1694,51.61003],"s":[0.125,0.125,0.125],"c":[1,1,1]}]},{"b":40,"s":[{"p":[-0.003840103,0.006682581,0.02004871],"r":[354.2258,358.9297,2.093112],"s":[0.125,0.1250001,0.1250001],"c":[1,1,1]}]}]}