{"n":"ground","v":7,"a":[1],"p":[{"b":17,"s":[{"p":[0,0,0],"r":[0,0,0],"s":[3.363346,0.11062,3.201102],"c":[0.3456789,0.7777778,0.4444444]}]},{"b":17,"s":[{"p":[0.1580946,0.1916822,0.3605765],"r":[4.685042,350.1206,2.851787],"s":[3.363346,0.11062,3.201102],"c":[0.3456789,0.7777778,0.4444444]}]},{"b":17,"s":[{"p":[0.001645386,0.09408781,13.05708],"r":[350.8464,152.7201,357.6221],"s":[3.363362,0.1106201,3.201131],"c":[0.3456789,0.7777778,0.4444444]}]}]}