{"v":7,"a":[33],"p":[{"b":3,"t":19,"t1":168,"c":[[0.498,1.283,0.823,26,24,2,1],[-1.138,-0.843,0.884,22],[0.062,-0.03,-2.169,5],[-0.068,0.842,-0.791,17],[-0.854,-0.179,-0.73,7],[0.664,0.251,-0.911,4],[0.406,-0.719,-0.72,1,38],[-0.123,-0.723,-0.915,2],[0.426,-0.296,-1.178,0],[0.715,-0.122,-0.675,3,35],[0.66,-0.464,-0.316,35],[0.819,-0.23,0.082,34],[0.509,-0.72,0.111,33],[0.054,0.021,0.856,29],[0.548,-0.403,1.193,30],[0.693,0.511,-0.403,13,31]],"s":[{"p":[0,0,0],"r":[0,0,0],"s":[0.125,0.125,0.1249999],"c":[0.4444443,0.4444443,0.4444443],"t1":{"c":[0,0,0],"a":0.05}}]}]}