{"v":7,"a":[7,12,21,33],"p":[{"b":218,"c":[[-0.2,0.3,-0.2,58],[0.4,0.2,-0.2,40,12],[-0.4,0.3,-0.2,29,33],[-0.1,0.3,-0.9,32,27],[0.1,0.3,-0.9,36,19],[0.4,0.2,-0.5,38,5,11],[-0.4,0.2,-0.5,31,4,28],[0.8,0.2,0.5,18,28,3],[0.4,0.3,0.2,44,6],[-0.4,0.4,0.2,27,34],[-0.8,0.2,0.5,23,3,34],[-0.4,-0.1,-0.5,15,15,4],[-0.4,-0.4,0.5,12,10,3],[0.4,-0.1,-0.5,6,33,3],[0.4,-0.4,0.5,1,16,30],[0.7,-0.4,0.3,0,45],[0.4,-0.4,0,4,37],[-0.6,-0.4,0.2,13,11],[-0.5,-0.4,-0.1,14,14],[0.2,-0.2,-0.6,7,30],[-0.2,-0.2,-0.6,11,22],[-0.1,0.4,0.5,21,35],[0.1,0.4,0.5,19,29],[0.2,0.3,-0.2,53]],"s":[{"p":[0,0,0],"r":[0,0,0],"s":[0.2403171,0.2403104,0.2403117],"c":[1,1,1]}]}]}