{"v":7,"p":[{"b":10,"t":19,"t1":168,"c":[[0.674,0.688,-0.021,5],[0.044,1.958,0.209,14],[0.163,2.552,1.329,9],[0.097,0.343,-0.743,27,1,3,1,1,1],[0.943,0.085,-0.551,7],[-0.758,0.266,-0.584,17,8],[-0.453,-0.421,-0.594,24],[0.08,-0.739,-0.544,26],[-0.107,0.563,1.27,29,1,5,1,1,1],[-0.01,-0.784,0.026,18],[0.615,-0.591,-0.007,3],[-0.505,-0.628,-0.002,21]],"s":[{"p":[0,0,0],"r":[0,0,0],"s":[0.0576282,0.05819263,0.1250012],"c":[0.4444443,0.4444443,0.4444443],"t1":{"c":[0,0,0],"a":0.05}}]}]}