{"v":7,"a":[7,21],"p":[{"b":218,"c":[[-0.1,0.3,-0.1,58],[0.5,0.2,-0.3,40,12],[-0.5,0.3,-0.2,29,33],[-0.1,0.3,-0.7,32,27],[0.1,0.3,-0.7,36,19],[0.4,0.2,-0.5,38,5,11],[-0.4,0.2,-0.5,31,4,28],[0.4,0.2,0.5,18,28,3],[0.5,0.3,0.2,44,6],[-0.5,0.4,0.2,27,34],[-0.4,0.3,0.5,23,3,34],[-0.4,-0.3,-0.5,15,15,4],[-0.4,-0.4,0.5,12,10,3],[0.4,-0.3,-0.5,6,33,3],[0.4,-0.4,0.5,1,16,30],[0.5,-0.4,0.1,0,45],[0.5,-0.4,-0.1,4,37],[-0.5,-0.4,0.1,13,11],[-0.5,-0.4,-0.1,14,14],[0.1,-0.4,-0.5,7,30],[-0.2,-0.4,-0.5,11,22],[-0.1,0.4,0.5,21,35],[0.1,0.4,0.5,19,29]],"s":[{"p":[0,0,0],"r":[0,0,0],"s":[0.208948,0.2089439,0.2089444],"c":[1,1,1]}]}]}