{"v":7,"a":[7,18],"p":[{"t":19,"s":[{"p":[0,0,0],"r":[0,0,0],"s":[12.97657,0.1858452,9.79129],"c":[1,1,1]}]}]}