{"v":7,"p":[{"b":14,"s":[{"p":[0.2520301,-0.1008326,-0.2893231],"r":[11.96352,100.5317,9.927715],"s":[0.06000012,0.0600003,0.05721139],"c":[1,0.5142855,0]}]},{"b":14,"s":[{"p":[0.01132762,-0.01160445,0.001181709],"r":[359.2696,4.165606,359.4333],"s":[0.06000007,0.06000025,0.05721135],"c":[1,0.5142855,0]}]},{"b":14,"s":[{"p":[0.3809345,-0.2238437,-0.3426192],"r":[67.5377,188.2438,53.74314],"s":[0.0600001,0.06000028,0.05721131],"c":[1,0.5142855,0]}]},{"b":14,"s":[{"p":[0.02140571,-0.1502895,0.1570553],"r":[83.16763,307.8042,199.2552],"s":[0.0600001,0.06000026,0.05721126],"c":[1,0.5142855,0]}]}]}