{"n":"ground","v":7,"a":[1,7,18],"p":[{"b":17,"s":[{"p":[0,0,0],"r":[0,0,-3.828216E-20],"s":[3.365981,0.1107038,3.203654],"c":[0.9019608,0.8509804,0.7215686]}]}]}