{"n":"ground","v":7,"a":[1],"p":[{"b":17,"s":[{"p":[0,0,0],"r":[0,0,-2.668043E-08],"s":[7.321202,0.11062,9.146317],"c":[0.9019608,0.8509804,0.7215686]}]}]}