{"v":7,"p":[{"s":[{"p":[0.03761974,0.03187998,-0.00686135],"r":[9.245463,326.5238,357.499],"s":[0.2366419,0.01009754,0.03881251],"c":[0,0,0]}]},{"s":[{"p":[0.0338158,0.03133007,-0.01358803],"r":[2.468491,56.92586,9.254126],"s":[0.2367613,0.01009832,0.03882974],"c":[0,0,0]}]}]}