{"v":7,"a":[22],"p":[{"b":2,"t":9,"t1":119,"s":[{"p":[0.03401644,-0.004980691,0.02187995],"r":[351.5789,20.94102,358.441],"s":[0.1251156,0.1251234,0.1251491],"c":[1,0.8888889,0.2222221],"t1":{"c":[0.8719577,0.8888889,0.2962962],"x":0.5,"y":0.5,"a":0.8925,"m":0,"n":0,"r":0,"g":0,"o":0.5,"t":0.5,"e":0.5}}]},{"b":2,"t":9,"t1":119,"s":[{"p":[-0.2213761,0.01447731,0.1244422],"r":[352.6532,20.14335,358.0981],"s":[0.1251091,0.1251329,0.1251541],"c":[1,0.8888889,0.2222221],"t1":{"c":[0.8719577,0.8888889,0.2962962],"x":0.5,"y":0.5,"a":0.8925,"m":0,"n":0,"r":0,"g":0,"o":0.5,"t":0.5,"e":0.5}}]},{"b":2,"t":9,"t1":119,"s":[{"p":[-0.3619679,0.715424,0.1399955],"r":[351.5789,20.94103,290.941],"s":[0.2522503,0.2522562,0.2522758],"c":[1,0.8888889,0.2222221],"t1":{"c":[0.8719577,0.8888889,0.2962962],"x":0.5,"y":0.5,"a":0.8925,"m":0,"n":0,"r":0,"g":0,"o":0.5,"t":0.5,"e":0.5}}]}]}