{"v":7,"a":[7,18,21],"p":[{"b":57,"t":12,"s":[{"p":[0,0,0],"r":[0,0,0],"s":[0.02477293,0.02477512,0.02477301],"c":[0.5925926,0.6666667,0.6666667]}]}]}