{"v":7,"p":[{"b":205,"a":[8],"s":[{"p":[0,0,0],"r":[0,0,0],"s":[0.04500006,0.04500006,0.04500004],"c":[1,1,1]}]}]}