{"v":7,"a":[7,31],"p":[{"b":73,"t":1,"s":[{"p":[0,0,0],"r":[0,0,0],"s":[0.2250421,0.2250294,0.2250494],"c":[0.1142857,0,1]}]},{"b":73,"t":7,"pr":2,"s":[{"p":[-0.000466466,0.0007609129,-0.0003833771],"r":[0,0,0],"s":[0.2272318,0.2272217,0.2272478],"c":[0.1142857,0,1],"pr":{"c":[1,1,1],"m":0.25,"a":0.25,"s":0.15,"z":0.25,"g":0.5,"h":0.25}},{"p":[-0.000466466,0.0007609129,-0.0003833771],"r":[0,0,0],"s":[0.3258225,0.3258124,0.3258385],"c":[1,0.8571429,0],"pr":{"c":[0.9714286,1,0],"m":0.25,"a":0.25,"s":0.15,"z":0.25,"g":0.5,"h":0.25}}]}]}