{"v":7,"a":[48],"p":[{"b":2,"t":3,"s":[{"p":[0,0,0],"r":[0,0,0],"s":[0.381348,0.3380711,0.2488774],"c":[1,0.8920635,0.7777778]}]}]}