{"n":"cowbell","v":7,"a":[2,3],"p":[{"b":7,"t":11,"s":[{"p":[0,0,0],"r":[0,0,0],"s":[0.05804573,0.05231708,0.193529],"c":[1,0.8380952,0.6666666],"b":["when touches cowbellstick then play funny metallic hit with 0.25s duration"]}]},{"b":57,"t":11,"s":[{"p":[-6.995047E-05,-0.001784064,0.1075946],"r":[4.828618,1.483159,0.6693104],"s":[0.02522126,0.04053497,0.02276629],"c":[1,0.8380952,0.6666666]}]}]}