{"v":7,"a":[20],"p":[{"b":5,"s":[{"p":[0,0,0],"r":[0,0,0],"s":[0.3061637,0.219664,0.1386836],"c":[0.6666667,0.1756611,0.07407395]}]},{"b":5,"s":[{"p":[0.2072941,0.2932565,0.02038229],"r":[1.133394,359.0579,349.7214],"s":[0.1026703,0.1260521,0.1078202],"c":[0.6666667,0.1756611,0.07407395]}]},{"b":5,"s":[{"p":[0.6892024,0.5539273,0.04325211],"r":[4.105076,355.3172,358.7433],"s":[0.05306865,0.07645363,0.1078202],"c":[0.6666667,0.1756611,0.07407395]}]},{"b":5,"s":[{"p":[0.5521095,1.320535,0.05854237],"r":[4.629192,0.8921359,350.4576],"s":[0.03033282,0.05136529,0.08450994],"c":[0.6666667,0.1756611,0.07407395]}]}]}