{"v":7,"a":[2,3],"inc":[["ball","5c041db3c8f9ed644c751a91"]],"p":[{"b":14,"s":[{"p":[0,0,0],"r":[0,0,1.707547E-06],"s":[0.05999998,0.06,0.06000002],"c":[1,1,1],"b":["when triggered then emit gravity-free ball with 10 speed"]}]}]}