{"v":7,"a":[22,18],"p":[{"b":5,"t":12,"i":[{"t":"5b25e05c47f70d6f90a960fa","p":[-0.003958227,-0.006050587,-0.1564359],"r":[0,0,0]}],"s":[{"p":[0,0,0],"r":[0,0,0],"s":[0.05071386,0.05323293,0.1336129],"c":[1,0.8571429,0]}]},{"b":51,"t":12,"s":[{"p":[-0.0006756755,0.009833336,0.1038707],"r":[1.96035E-06,135,4.732704E-06],"s":[0.1918277,0.1250561,0.1250621],"c":[1,0.8571429,0]}]}]}