{"v":7,"a":[1,2],"p":[{"b":151,"s":[{"p":[0,0,0],"r":[0,0,8.537737E-07],"s":[0.06000026,0.06000011,0.06000022],"c":[1,1,1],"b":["when let go then become next"]},{"p":[0,0,0],"r":[0,0,8.537737E-07],"s":[0.06000026,0.06000011,0.06000022],"c":[1,1,1],"b":["when touched then destroy all parts","when touched then play sharp crack and shatter with high-pitch","when touched then add crumbles"]}]}]}