{"n":"wall","v":7,"a":[7,18],"p":[{"s":[{"p":[0,0,0],"r":[0,0,0],"s":[15.00137,2.953675,0.1138807],"c":[1,1,1]}]}]}