{"v":7,"p":[{"b":14,"t":3,"pr":40,"t2":19,"s":[{"p":[0.01221841,-0.007368756,0.01144317],"r":[358.4618,353.7629,2.413288],"s":[0.03116125,0.03172026,0.06000015],"c":[0,0,0],"t2":{"c":[0,0,0],"x":0.17,"y":0.17,"a":0.8925,"m":0.5,"n":0.5,"r":0,"g":0,"o":0.5,"t":0.5,"e":0.5},"pr":{"c":[1,0.342857,0],"m":0.25,"a":0.25,"s":0.15,"z":0.35,"g":0.5,"h":0.5}}]},{"b":17,"t":3,"pr":59,"s":[{"p":[0.01106284,-0.004276827,0.1430658],"r":[86.5121,167.162,176.9147],"s":[0.02793766,0.03409665,0.02830754],"c":[1,0.342857,0],"pr":{"c":[1,0.342857,0],"m":0.25,"a":0.25,"s":0.15,"z":0.25,"g":0.5,"h":0.25}}]},{"b":175,"t":3,"pr":59,"t2":18,"s":[{"p":[0.004729406,-0.006715581,0.1751792],"r":[88.7219,99.43951,104.4915],"s":[0.01112689,0.01525463,0.01533571],"c":[1,0.342857,0],"t2":{"c":[0,0,0],"x":0.17,"y":0.17,"a":0.8925,"m":0.5,"n":0.5,"r":0,"g":0,"o":0.5,"t":0.5,"e":0.5},"pr":{"c":[1,0.342857,0],"m":0.25,"a":0.25,"s":0.15,"z":0.25,"g":0.5,"h":0.25}}]}]}