{"v":7,"p":[{"s":[{"p":[0,0,0],"r":[0,0,0],"s":[0.1750003,0.03443613,0.1750003],"c":[0,0.05714257,1]}]}]}