{"v":7,"p":[{"s":[{"p":[0,0,0],"r":[0,0,3.415094E-06],"s":[0.175002,2.419914,1.507228],"c":[1,0.952381,0.6666666]}]}]}