{"v":7,"a":[7],"p":[{"s":[{"p":[0,0,0],"r":[0,0,0],"s":[0.45105,10.06043,1.223097],"c":[0,0.5555556,0.1269841]}]}]}