{"v":7,"a":[13],"p":[{"b":158,"c":[[-0.294,0.704,-0.939,82,9,118,15],[-0.693,1.006,-0.449,32,25,7],[-0.716,0.993,0.381,40,20,9],[-0.852,0.978,0.221,38,14,9],[-0.596,0.982,0.516,42,26,9],[-0.187,0.971,0.75,46,38,9],[0.042,1,0.737,47,45,10],[0.258,1.031,0.718,45,56,9],[0.421,1.02,0.594,43,66,9],[0.552,1.005,0.414,41,76,9],[0.748,0.983,0.318,39,86,13],[0.75,1.001,0.15,37,97,3],[0.786,1.011,-0.01,35,98,9],[0.753,1.01,-0.262,33,97,11],[0.67,0.978,-0.457,31,91,7],[0.558,1.006,-0.562,29,85,7],[0.366,0.991,-0.715,27,79,7],[0.187,0.994,-0.798,24,74,7],[-0.019,0.97,-0.793,25,64,8]],"s":[{"p":[-0.002820208,0.01737654,0.0001458842],"r":[-4.07111E-13,3.559077E-20,-1.001791E-05],"s":[0.2378243,0.1516697,0.2403753],"c":[1,0.9206349,0.4444442]}]},{"b":158,"c":[[-0.26,0.786,-0.908,82,9,118,15],[-0.65,0.908,-0.703,66,9,102,15],[-0.852,0.732,-0.205,50,9,86,15],[-0.867,0.76,0.01,51,3,90,9],[-0.838,0.901,0.539,63,7,98,17],[-0.298,0.786,0.968,87,7,122,17],[-0.005,0.779,0.953,95,8,129,17],[0.23,0.773,0.872,100,11,137],[0.501,0.747,0.802,108,11,133,27],[0.67,0.775,0.654,116,11,151,17],[0.799,0.928,0.548,124,15,155,27],[0.977,0.797,0.254,135,1,177,7],[0.79,0.725,-0.445,123,5,159,15],[0.852,0.764,-0.242,131,9,163],[0.643,0.664,-0.614,115,5,151,15],[0.245,0.855,-0.897,99,5,137,17],[0.447,0.818,-0.772,107,5,147,11],[-0.769,0.911,-0.54,58,9,94,15],[-0.824,-0.804,-0.478,162,5,12,3]],"s":[{"p":[-0.005769443,-0.0009929677,-0.005678013],"r":[1.001791E-05,0,0],"s":[0.2681293,0.1659338,0.259131],"c":[0.4444442,0.3809521,0]}]},{"b":5,"c":[[-0.222,2.283,1.001,17,49],[-2.245,0.242,0.541,21,43],[-0.729,2.281,0.944,19,46],[0.506,2.202,1.051,15,52],[1.235,1.473,0.891,7,61],[1.764,0.923,0.763,3,66,5],[1.941,0.226,0.996,0,72],[1.793,-0.66,1.045,4,67],[1.618,-1.22,1.01,8,62],[0.774,-1.794,0.805,10,47],[-0.152,-2.044,0.42,12,21,23],[-0.601,-1.621,0.117,31,27],[-1.279,-1.087,0.199,29,30],[-2.176,0.344,0.523,27,33],[-1.718,0.636,-0.266,25,36],[-1.388,0.817,-0.493,23,40,14],[-0.354,1.284,-1.518,18,17],[0.256,1.206,-1.887,14,32],[0.815,0.675,-1.911,6,41],[1.001,0.388,-1.789,2,46],[0.718,-0.673,-1.792,5,39],[1.017,-0.212,-1.753,1,42],[0.416,-0.834,-1.899,11,42],[-0.159,-1.191,-1.618,13,19,8,9,5],[-0.812,-0.446,-1.574,28,14,9],[-1.256,0.079,-1.714,24,15],[-0.747,1.089,-0.968,20,17],[-1.065,0.694,-1.341,22,16],[-0.043,0.212,-1.821,34],[-0.394,0.257,-0.367,62,16]],"s":[{"p":[0.01716364,0.113,-0.1993627],"r":[45.85416,3.297874,135.7126],"s":[0.009568765,0.007481083,0.05047896],"c":[0.4444441,0.380952,0]}]}]}