{"v":7,"p":[{"b":17,"s":[{"p":[0,0,0],"r":[0,0,0],"s":[0.101376,0.1329101,0.07648109],"c":[0.3333332,0.2285713,0]}]}]}