{"n":"recess light","v":7,"a":[31],"p":[{"b":5,"s":[{"p":[0.22122,-0.1325256,-0.06919937],"r":[2.684553,267.9115,128.5629],"s":[0.1000001,0.1000001,0.1],"c":[0,0,0]}]},{"b":149,"t":7,"s":[{"p":[0.1903245,-0.1313909,-0.07266875],"r":[359.9404,359.7753,1.073636],"s":[0.09,0.09000004,0.09000013],"c":[1,1,1]}]},{"b":16,"s":[{"p":[0.1771643,-0.1314337,-0.0651934],"r":[298.5937,354.7256,95.32705],"s":[0.0555313,0.005658264,0.05553128],"c":[1,1,1]}]},{"b":3,"t":3,"a":[12],"s":[{"p":[-0.5656626,-0.1121605,-0.07116683],"r":[311.9155,18.40723,305.6296],"s":[0.451363,0.4513636,0.4513636],"c":[1,1,1]}]}]}