{"v":7,"a":[7],"p":[{"s":[{"p":[0,0,0],"r":[0,0,4.378969E-13],"s":[0.1750167,10.88149,21.54844],"c":[0.4444443,0.3809522,0]}]}]}