{"v":7,"p":[{"b":18,"t":2,"e":"PICK UP AND EAT\nTO CHANGE AVATAR","s":[{"p":[0,0,0],"r":[0,0,1.350697E-07],"s":[0.003,0.003000001,0.003],"c":[1,1,1]}]},{"b":6,"t":2,"s":[{"p":[0.1460154,-0.1940331,-0.02207566],"r":[333.8825,275.2148,82.53737],"s":[0.05444007,0.001000002,0.05576587],"c":[1,1,1]}]},{"t":2,"s":[{"p":[0.1413013,-0.1275697,-0.01284633],"r":[280.0309,4.863248,352.6584],"s":[0.05100908,0.002648527,0.09667426],"c":[1,1,1]}]}]}