{"n":"orangeball","v":7,"a":[2,16,20,31,36,37,45],"p":[{"b":9,"t":2,"a":[14,36],"pr":58,"s":[{"p":[0,0,0],"r":[0,0,4.268868E-07],"s":[0.0372653,0.03726548,0.0372654],"c":[1,0.5142855,0],"b":["when starts then become next in 10s"],"pr":{"c":[0.9714286,1,0],"m":0.25,"a":0.25,"s":0.15,"z":0.7068443,"g":0.5,"h":0.25}},{"p":[0,0,0],"r":[0,0,4.268868E-07],"s":[0.1584831,0.1584833,0.1584832],"c":[1,0.5142855,0],"pr":{"c":[0.9714286,1,0],"m":0.2118034,"a":0.9504356,"s":0.15,"z":0.8706818,"g":0.5,"h":0.25}}]}]}