{"n":"ack123","v":7,"a":[7],"p":[{"a":[12,37],"s":[{"p":[0,0,0],"r":[0,0,0],"s":[0.1750247,0.175009,0.1750108],"c":[1,1,1]}]}]}