{"n":"day","v":7,"a":[7,18,44],"p":[{"s":[{"p":[0,0,0],"r":[0,0,0],"s":[0.1750007,0.1750009,0.1750012],"c":[1,1,1],"b":["when touched then is area.night == 0"]}]}]}