{"v":7,"a":[7,32],"p":[{"b":218,"t":17,"s":[{"p":[0,0,0],"r":[0,0,0],"s":[6.036533,0.175025,18.4071],"c":[0,0.3047617,0.3333332]}]}]}