{"v":7,"p":[{"t":2,"a":[29],"im":"941713065210053778/3718BB8F5F474036F2847C8578F0BCF65C0BBF42/","s":[{"p":[0,0,0],"r":[0,0,0],"s":[0.4466478,0.06767985,0.2233239],"c":[1,1,1]}]}]}