{"n":"sullys","v":7,"a":[7,18,34],"p":[{"s":[{"p":[0,0,0],"r":[0,0,0],"s":[3.850909,2.139715,2.414201],"c":[1,1,1]}]},{"b":134,"e":"SULLYS","s":[{"p":[-0.3837433,1.100844,0.9050155],"r":[90,0,0],"s":[0.05,0.05,0.05],"c":[0,0,0]}]}]}