{"n":"ground","v":7,"a":[1],"p":[{"b":17,"s":[{"p":[0,0,0],"r":[0,0,0],"s":[38.16498,0.11062,30.44448],"c":[0.03703704,0.3333332,0.1047618]}]},{"s":[{"p":[-0.6212261,0.171753,-0.327854],"r":[3.083732,255.4026,0.6669596],"s":[0.6019624,0.1750001,0.6304082],"c":[1,1,1]}]}]}