{"v":7,"p":[{"s":[{"p":[0,0,0],"r":[0,0,0],"s":[0.1066036,0.08922489,0.8082444],"c":[1,1,1]}]}]}