{"v":7,"a":[1],"tp_m": 1000,"tp_d": 1000,"tp_ad": 1000,"p":[{"b":5,"t1":168,"s":[{"p":[0,0,0],"r":[0,0,0],"s":[0.005792696,0.01089603,0.004227873],"c":[0,0.9142855,1],"b":["when touches hand then become next in 1s"],"t1":{"c":[0.1142858,0,1],"a":0.05}},{"p":[-0.01221066,0.0248065,-0.007020347],"r":[6.473446,4.411714,180.8622],"s":[0.4931339,0.2267709,0.004227898],"c":[0,0.9142855,1],"b":["when starts then say touch to go to anyland1","when touches hand then send nearby to anyland1","when touches hand then destroy all parts"],"t1":{"c":[0.1142858,0,1],"a":0.05}}]}]}