{"v":7,"p":[{"b":160,"s":[{"p":[0.08133984,-0.2335126,0.006235629],"r":[5.781913,358.7814,31.21965],"s":[0.1000001,0.1000001,0.1000001],"c":[0,0,0]}]},{"b":161,"s":[{"p":[0.01253819,0.3263879,-0.062635],"r":[331.2812,359.9799,292.043],"s":[0.1000002,0.1000004,0.1000003],"c":[0,0,0]}]},{"b":160,"s":[{"p":[-0.0883531,-0.09930249,0.01263873],"r":[2.781699,358.3922,86.37112],"s":[0.1000004,0.1000001,0.1000004],"c":[0,0,0]}]},{"b":101,"e":"OOF","s":[{"p":[0.08312786,-0.2530174,-0.09600925],"r":[359.3891,7.621535,116.7181],"s":[0.00300001,0.003000005,0.003000006],"c":[1,1,1]}]}]}