{"n":"shrubs","v":7,"p":[{"b":12,"s":[{"p":[0,0,0],"r":[0,0,0],"s":[0.3051712,0.460555,0.2448002],"c":[0.03809522,0.3333332,0]}]},{"b":12,"s":[{"p":[1.115735,-0.179374,-0.01622558],"r":[358.4896,2.551612,162.2385],"s":[0.3051721,0.4605583,0.2448012],"c":[0.03809522,0.3333332,0]}]}]}