{"n":"street","v":7,"a":[7,18,34],"p":[{"t1":22,"s":[{"p":[0,0,0],"r":[0,0,0],"s":[3.000498,0.05487055,3.00315],"c":[0.3333332,0.3333332,0.3333332],"t1":{"c":[0.2222221,0.2222221,0.2222221],"x":0.69086,"y":0.8065571,"a":0.69625,"m":0.5,"n":0.5,"r":0,"g":0,"o":0.8739131,"t":0.6843065,"e":0.3308584}}]}]}