{"n":"effect 2","v":7,"a":[12,31],"p":[{"b":4,"a":[12],"s":[{"p":[0,0,0],"r":[-1.707548E-06,-3.415095E-06,-6.830189E-06],"s":[0.02986913,0.02986917,0.02986924],"c":[1,1,1]}]},{"b":17,"t":15,"pr":20,"t2":168,"s":[{"p":[-0.001148473,-0.01044159,-0.1689416],"r":[16.51025,182.2594,211.1073],"s":[0.06000023,0.06000019,0.06000029],"c":[1,0.3428571,0],"t2":{"c":[0,0,0],"a":0.05},"pr":{"c":[1,0,0],"m":0.2631779,"a":0.3751323,"s":0.3172006,"z":0.5,"g":0.5,"h":0.5}}]}]}