{"v":7,"a":[12,31],"p":[{"b":5,"s":[{"p":[0.001339085,-0.003093878,0.1503301],"r":[2.306387,178.7981,96.32047],"s":[0.03922022,0.03922015,0.3140256],"c":[1,1,1],"b":["when starts then all parts face nearest potsy"]}]},{"b":4,"a":[12],"s":[{"p":[0,0,0],"r":[2.561321E-06,-8.537736E-07,-2.561321E-06],"s":[0.06116844,0.06116887,0.06116799],"c":[1,1,1]}]}]}