{"n":"ferny t poses the battle","v":7,"a":[21],"p":[{"t":2,"im":"943954717963965539/E39BD3F55705693F56F7446473A6B206372031E2/","s":[{"p":[0,0,0],"r":[0,0,0],"s":[0.9133252,0.007499939,0.5137463],"c":[1,1,1]}]}]}