{"v":7,"a":[48,49],"p":[{"t":3,"s":[{"p":[0,0,0],"r":[0,0,0],"s":[0.1750007,0.2068838,3.275982],"c":[1,1,1]}]},{"t":3,"s":[{"p":[1.232513,-0.3582344,5.421055],"r":[358.2308,83.93552,4.999097],"s":[0.1750008,0.2068839,7.282526],"c":[1,1,1]}]}]}