{"v":7,"a":[7,18],"p":[{"i":[{"t":"5c0dbe02fbe56c6f83fe14d5","p":[-1.015873,0.4272397,0.6420975],"r":[2.003583E-05,180,2.003583E-05]}],"s":[{"p":[-1.960859,-2.53199E-07,2.384186E-07],"r":[-1.001792E-05,9.203016E-20,-1.052702E-12],"s":[0.1751828,0.1750369,0.1752445],"c":[1,1,1],"b":["when starts then become unsoftened next in 2"]},{"p":[0,0,0],"r":[0,0,0],"s":[0.1750939,0.1750263,0.1751463],"c":[1,1,1],"b":["when starts then become untweened 1"]}]}]}