{"v":7,"a":[7,18],"p":[{"i":[{"t":"5c0dd130638de76f667e8b08","p":[-0.06249627,-0.4623243,0.007885918],"r":[270,1.001791E-05,0]},{"t":"5c0dd130638de76f667e8b08","p":[0.01202002,-0.4623242,0.1422369],"r":[270,180,0]}],"s":[{"p":[0,0,0],"r":[0,0,0],"s":[0.175004,0.1750013,0.1750043],"c":[1,1,1],"b":["when told by any 90 then become next in 3","when told by any 90 then play layer air , play bleeps hi"]},{"p":[2.004734E-08,0.1146574,-2.004734E-08],"r":[-3.763252E-13,3.289939E-20,-1.001791E-05],"s":[0.1750163,0.1750032,0.1750174],"c":[1,1,1],"b":["when starts then become next in 6","when starts then play electric machine started"]},{"p":[4.067907E-07,2.326572,2.786627E-07],"r":[-3.763252E-13,3.289939E-20,-1.001791E-05],"s":[0.1750593,0.1750109,0.17507],"c":[1,1,1],"b":["when starts then become untweened next in 6"]}]}]}