{"v":7,"a":[7],"p":[{"b":129,"e":"STARTING WEAPON","s":[{"p":[0,0,0],"r":[0,0,0],"s":[0.003000113,0.003000023,0.003000108],"c":[1,1,1]}]}]}