{"v":7,"p":[{"b":17,"t":2,"s":[{"p":[0,-9.313226E-10,0.008877934],"r":[0,0,1.502687E-05],"s":[0.2131463,0.2393862,0.001000604],"c":[1,1,1]}]},{"b":17,"t":2,"s":[{"p":[0,0.3114233,-2.980232E-08],"r":[0,0,270],"s":[0.2131689,0.2394049,0.001000663],"c":[1,1,1]}]},{"b":17,"t":2,"s":[{"p":[0.3583696,0,0],"r":[0,0,270],"s":[0.213137,0.2393805,0.01312322],"c":[1,1,1]}]}]}