{"n":"floor piece","v":7,"a":[7,18],"p":[{"b":64,"s":[{"p":[0,0,0],"r":[0,0,0],"s":[1.51136,0.2173012,0.7604308],"c":[0.6666667,0,0]}]}]}