{"n":"square tile 3","v":7,"a":[2,21,31],"p":[{"b":60,"t":10,"s":[{"p":[0,0,0],"r":[0,0,0],"s":[0.07372689,0.01235797,0.07372656],"c":[0.1142855,1,0],"b":["when touched then play tone e 3"]}]}]}