{"n":"sun","v":7,"p":[{"b":73,"t":3,"s":[{"p":[0,0,0],"r":[0,0,0],"s":[0.617445,0.6174452,0.6174454],"c":[1,0.8571429,0]}]}]}