{"n":"tile floor","v":7,"a":[4,7,31],"p":[{"t1":77,"s":[{"p":[0.01386032,1.338295,0.3025344],"r":[-5.008957E-06,270,5.008956E-06],"s":[5.563155,5.074819,5.563475],"c":[0.984127,1,0.4444443],"t1":{"c":[0,0,0],"x":0.5,"y":0.5,"a":0.8925,"m":0,"n":0,"r":0,"g":0,"o":0.5,"t":0.5,"e":0.5}}]}]}