{"n":"20 side poly","v":7,"a":[1,2,31],"p":[{"b":247,"t":11,"s":[{"p":[0,0,0],"r":[0,0,0],"s":[0.2300002,0.2300008,0.2300005],"c":[1,0,0.3428572],"b":["when touched play tone a 2, then become 2"]},{"p":[0,0,0],"r":[0,0,0],"s":[0.2505405,0.2505411,0.2505408],"c":[0,0.05714255,1],"b":["when starts then become 1 in 0.5s"]}]}]}