{"n":"scrungo mini","v":7,"a":[2,3],"inc":[["big eraser","5b2aa1631be3e2515b4c0a13"],["scrungerase","5b3d230e3169667f6afc4423"],["scrungerase 2","5b3d245252eb277d62074206"],["lethal","5b43d8ee8c875c0f7a5bbcbf"],["nonlethal","5b43d5b50892666c45a213ac"]],"p":[{"b":9,"t":21,"a":[3,5,12],"s":[{"p":[-0.03582919,0.1134258,0.02523606],"r":[332.305,290.1954,105.4473],"s":[0.005029006,0.005029007,0.005029007],"c":[0,1,0.2285706],"b":["when told startclean then become 2 in 0.1s","when starts then tell any erasestop"]},{"p":[-0.03582998,0.1134253,0.02523661],"r":[332.305,290.1953,105.4473],"s":[20.14949,20.14949,20.14949],"c":[0,1,0.2285705],"b":["when starts then emit scrungerase 2 with 0.1","when starts then become 1 in 0.1s"]}]}]}