{"v":7,"a":[37],"p":[{"b":7,"s":[{"p":[2.384186E-07,0.290538,-5.960464E-08],"r":[0,0,270],"s":[0.1250791,0.1250562,1.308097],"c":[1,1,1]}]},{"b":7,"s":[{"p":[0,-0.09480195,-2.980232E-08],"r":[0,0,1.024528E-05],"s":[0.1372561,0.1372335,1.767934],"c":[1,1,1]}]},{"b":7,"s":[{"p":[2.384186E-07,0.6723815,-5.960464E-08],"r":[0,0,270],"s":[0.1250779,0.1250565,0.9563685],"c":[1,1,1]}]}]}