{"v":7,"p":[{"b":18,"e":"Gun Cabinet! Do not touch!","s":[{"p":[0,0,0],"r":[0,0,0],"s":[0.00300001,0.003000004,0.003000009],"c":[0,0.3999996,1]}]}]}