{"n":"metal table","v":7,"a":[22],"p":[{"t":10,"s":[{"p":[0,0,0],"r":[0,0,0],"s":[0.7799162,0.04551691,0.7244855],"c":[1,1,1]}]}]}