{"v":7,"p":[{"b":21,"t":2,"e":"GO EXPLORE!","pr":5,"s":[{"p":[0,0,0],"r":[0,0,6.670107E-08],"s":[0.0199871,0.01998711,0.0199871],"c":[0.9714286,1,0],"pr":{"c":[0.9714286,1,0],"m":0.25,"a":0.25,"s":0.15,"z":0.25,"g":0.5,"h":0.25}}]}]}