{"n":"moon ground","v":7,"a":[7],"p":[{"b":3,"a":[12],"sa":180,"s":[{"p":[1.129128,-0.7770386,0.2607878],"r":[1.001792E-05,8.757943E-13,1.001791E-05],"s":[23.29227,0.8508714,24.43059],"c":[1,1,1]}]}]}