{"v":7,"a":[2,9,17],"p":[{"b":187,"s":[{"p":[0,0,0],"r":[0,0,0],"s":[0.0600001,0.05999998,0.06000009],"c":[1,1,1]}]},{"b":194,"s":[{"p":[0.008777746,-0.07071072,-0.000506155],"r":[1.335984,293.9019,202.0958],"s":[0.06000006,0.06000007,0.06000011],"c":[1,1,1]}]}]}