{"n":"instructions","v":7,"a":[1,21],"p":[{"s":[{"p":[0.2632793,-0.3935434,-0.1482357],"r":[307.4719,85.42838,334.5191],"s":[0.2725937,0.003523658,0.0973055],"c":[0,0,0]}]},{"b":18,"t":2,"a":[19],"e":"STYLIZE THE TEMPLATE\nALL YOU FRICKIN WANT","s":[{"p":[0.2760525,-0.370729,-0.1510147],"r":[30.74781,55.08299,341.7507],"s":[0.002113867,0.002113796,0.002113898],"c":[1,1,1]}]}]}