{"n":"censoren","v":7,"a":[7,18,50],"p":[{"t":2,"s":[{"p":[0.2217092,-0.1107055,0.0885239],"r":[270,2.003583E-05,0],"s":[3.428416,0.1750158,1.901423],"c":[0,0,0]}]},{"b":23,"t":2,"e":"CENSORED","s":[{"p":[-0.630024,0.1317358,-7.811185E-08],"r":[0,0,0],"s":[0.05000844,0.05000267,0.05000671],"c":[1,1,1]}]}]}