{"n":"sparc-bodyb","v":7,"a":[7],"p":[{"b":9,"t":2,"t1":167,"s":[{"p":[0,0,0],"r":[0,0,0],"s":[0.1448046,0.1001245,0.2971818],"c":[0,0.05714255,1],"b":["when any part touches sparcballr then tell body hit","when told by body hit then become next in 0.2s"],"t1":{"c":[0,0.9142855,1],"a":0.75}},{"p":[0,0,0],"r":[0,0,0],"s":[0.1448046,0.1001245,0.2971818],"c":[1,1,1],"b":["when starts then become 1 in 0.2s"],"t1":{"c":[0,0.9142855,1],"a":0.75}}]},{"a":[3,12,37],"s":[{"p":[-0.09765029,0.01656863,0.2553615],"r":[90,-1.001791E-05,0],"s":[0.03891309,0.03891179,0.03891115],"c":[1,1,1],"b":["when told by body hit then play digital hit hurt"]}]}]}