{"v":7,"a":[36,37],"p":[{"s":[{"p":[0,0,0],"r":[0,0,0],"s":[1.207784,0.1460408,0.6843165],"c":[0.4444443,0.4444443,0.4444443]}]},{"s":[{"p":[1.673425,0,0],"r":[0,0,0],"s":[0.8440872,0.1460309,0.6843546],"c":[0.4444443,0.4444443,0.4444443]}]},{"s":[{"p":[-0.533601,-0.8004342,0.003250241],"r":[0,0,270],"s":[1.457648,0.1395962,0.6846337],"c":[0.4444443,0.4444443,0.4444443]}]}]}