{"n":"my head","v":7,"a":[21],"p":[{"b":180,"s":[{"p":[-6.519258E-08,2.142042E-08,0.04581036],"r":[0,0,0],"s":[0.04146395,0.04146186,0.0414624],"c":[1,1,1]}]},{"b":180,"t":2,"s":[{"p":[0.01731798,-0.0001245011,0.04569998],"r":[-1.366038E-05,270,270],"s":[0.03066001,0.03064641,0.03066182],"c":[0,0,0]}]},{"b":14,"t":2,"s":[{"p":[0.04360183,1.288299E-05,0.04537728],"r":[90,90,0],"s":[0.00567401,0.009567833,0.005675859],"c":[0.111111,0.111111,0.111111]}]}]}