{"v":7,"a":[1,7,18],"p":[{"b":18,"t":2,"e":"MORE MACHINE NOW THAN MAN","s":[{"p":[-0.1646881,-0.08607817,0.008173913],"r":[-1.001791E-05,180,180],"s":[0.002056358,0.002056079,0.002056131],"c":[1,0,0]}]},{"b":18,"t":2,"a":[19],"e":"GUARDBREAKER: MELEE ATTACKS ARE LESS LIKELY TO BE BLOCKED","s":[{"p":[0.008808137,-0.01589203,0.009330272],"r":[-1.001791E-05,180,180],"s":[0.001000068,0.001000013,0.001000076],"c":[1,1,1]}]},{"t":19,"s":[{"p":[0.007644654,-0.0001480582,-0.002520083],"r":[1.628444E-12,-2.42657E-20,-3.448363E-34],"s":[0.3965995,0.1768774,0.005001412],"c":[0,0,0]}]}]}