{"n":"groundlevel","v":7,"p":[{"s":[{"p":[0,0,0],"r":[0,0,-1.067217E-07],"s":[0.1750001,0.1750001,0.1750001],"c":[1,0.1714284,0],"b":["when touches hand then send one nearby onto skycave"]}]}]}