{"n":"ground","v":7,"a":[7],"p":[{"s":[{"p":[0,0,0],"r":[0,0,0],"s":[0.2489664,14.27019,13.62124],"c":[0.05079351,0.4444443,0]}]}]}