{"n":"ground","v":7,"a":[1],"p":[{"b":17,"s":[{"p":[0,0,0],"r":[0,0,0],"s":[39.86776,0.11062,51.71894],"c":[0.1654319,0.7777778,0.08641968]}]}]}