{"n":"snow globe","v":7,"a":[1,7,13,23,34],"p":[{"b":5,"s":[{"p":[0.01749707,0.02243711,-0.125873],"r":[0,0,1.001791E-05],"s":[0.4176787,0.3947782,0.1822728],"c":[0.5555556,0.5555556,0.5555556]}]},{"b":16,"s":[{"p":[0.03792764,0.008263583,0.01526529],"r":[90,180,0],"s":[0.3340794,0.120107,0.3342148],"c":[0.5555556,0.5555556,0.5555556]}]},{"b":17,"s":[{"p":[0.07228994,0.02058649,0.04684198],"r":[270,180,0],"s":[0.2188075,0.01494355,0.2188466],"c":[1,1,1]}]},{"b":17,"s":[{"p":[0.01325893,0.02583694,0.02130449],"r":[270,180,0],"s":[0.3021891,0.009423716,0.3022242],"c":[0.3456789,0.4444443,0.7777778]}]}]}