{"v":7,"a":[7],"p":[{"b":95,"e":"18654$","s":[{"p":[-0.0618391,-0.1182003,-0.007158279],"r":[0,0,90.00001],"s":[0.00687846,0.006877473,0.006878395],"c":[0,1,0.9142858]}]}]}