{"v":7,"p":[{"t":7,"a":[12],"i":[{"t":"5c19ad80ad6b9c6e49e2c283","p":[0.003761813,-0.01471895,0.08345475],"r":[277.1451,60.94949,302.6237]}],"s":[{"p":[0.1852537,0.02052283,-0.6031883],"r":[26.55666,7.315385,339.8312],"s":[0.1291252,0.1355585,0.1448398],"c":[0,0,0],"b":["when told pk1 then become 2 in 1s"]},{"p":[0.3476052,0.4400324,-0.4392849],"r":[44.0746,3.553877,337.0683],"s":[0.1291293,0.1355606,0.1448435],"c":[0,0,0]}]}]}