{"v":7,"p":[{"b":76,"s":[{"p":[0,0,0],"r":[0,0,0],"s":[0.07500005,0.07500003,0.07500003],"c":[1,1,1]}]}]}