{"v":7,"a":[7],"p":[{"s":[{"p":[0,0,0],"r":[0,0,0],"s":[10.94022,11.02746,0.1750892],"c":[0.3333332,0,0]}]}]}