{"v":7,"p":[{"a":[6],"s":[{"p":[0,0,0],"r":[0,0,0],"s":[0.590315,0.009827584,0.4457381],"c":[1,1,1]}]}]}