{"n":"ground","v":7,"a":[1,22],"p":[{"b":17,"s":[{"p":[0,0,0],"r":[0,0,0],"s":[0.446721,0.11062,2500],"c":[0.9019608,0.8509804,0.7215686]}]},{"t1":76,"s":[{"p":[-0.03093445,0.500637,1.001662],"r":[10.37792,352.4266,10.48802],"s":[0.9569546,0.8436157,0.1947716],"c":[0.3333332,0.2751321,0.148148],"t1":{"c":[1,0.8603175,0.5555556],"x":0.5,"y":0.5,"a":0.8925,"m":0,"n":0,"r":0,"g":0,"o":0.5,"t":0.5,"e":0.5}}]},{"a":[12],"s":[{"p":[1.262541,-0.5121643,2.044552],"r":[337.5,270,0],"s":[1.992582,2500.236,2005.484],"c":[1,1,1]}]}]}