{"n":"e","v":7,"a":[21,31],"p":[{"b":10,"sa":180,"s":[{"p":[0,0,0],"r":[0,0,0],"s":[0.2754885,0.2754882,0.2754887],"c":[1,1,1]}]},{"b":10,"s":[{"p":[-0.2181652,-0.1053369,0.04345395],"r":[32.71004,133.2072,216.978],"s":[0.04054678,0.04054685,0.04054681],"c":[0,0,0]}]},{"b":10,"s":[{"p":[-0.2204397,-0.04217023,0.1046953],"r":[25.39547,116.8289,204.4822],"s":[0.04054694,0.04054689,0.04054691],"c":[0,0,0]}]},{"b":49,"s":[{"p":[-0.2722182,-0.02406715,0.03091325],"r":[42.3174,176.5507,252.8068],"s":[0.09140218,0.09140218,0.09140218],"c":[0,0,0]}]}]}