{"n":"holidayland","v":7,"p":[{"s":[{"p":[0,0,0],"r":[0,0,0],"s":[0.1750004,0.1750004,0.1750002],"c":[0,0.05714257,1]}]}]}