{"n":"rope","v":7,"p":[{"b":61,"s":[{"p":[-0.1481398,-0.04037799,0.09697448],"r":[6.369778,358.8821,357.7225],"s":[0.03900893,0.03900892,0.03900876],"c":[0.4444443,0.3047618,0]}]},{"b":60,"s":[{"p":[-0.1422288,0.1699159,0.1563939],"r":[16.20718,2.483574,358.0356],"s":[0.01654971,0.4425752,0.01437052],"c":[0.4444443,0.3047618,0]}]}]}