{"n":"axe","v":7,"a":[2,7],"p":[{"b":63,"t":1,"c":[[-0.75,-0.41,0.425,7,1,7],[-0.771,0.14,0.255,6,3,10],[0.792,0.127,1.244,2,3,13],[0.794,0.132,-0.764,1,9,6],[0.404,0.133,0.181,17]],"s":[{"p":[-0.01949113,-0.001447707,-0.01361553],"r":[356.8268,7.043356,358.7879],"s":[0.0806424,0.3336263,0.01703705],"c":[1,1,1]}]},{"t":1,"s":[{"p":[0.07222319,-0.007875991,-0.0217497],"r":[1.210239,96.97626,266.8261],"s":[0.1028478,0.04224198,0.09802501],"c":[1,0,0]}]},{"b":212,"t1":43,"c":[[-0.21,-0.196,-0.014,7,8],[0.297,-0.063,-0.006,0,28],[-0.026,-0.479,-0.002,3],[-0.183,0.294,-0.013,18,22],[-0.392,0.291,0.471,14,3,22],[0.337,-0.462,-0.725,4,22,3],[-0.057,-0.655,-0.7,5,17],[-0.375,-0.341,-0.711,8,11,4],[-0.345,0.656,-0.706,20,4,17],[0.005,0.811,-0.705,21,17],[0.373,0.425,-0.722,25,5,7],[0.247,0.208,-0.013,27,8],[0.022,0.277,-0.005,36],[-0.023,0.331,0.479,12,21],[0.383,0.306,0.494,11,20,3],[-0.371,-0.257,0.511,6,7,3]],"s":[{"p":[0.06730291,-0.2693039,-0.008548357],"r":[273.3965,166.1248,200.885],"s":[0.09061655,0.04301631,0.4556944],"c":[0.5555556,0.4003526,0.0617283],"t1":{"c":[0,0,0],"x":0.5,"y":0.5,"a":0.8925,"m":0,"n":0,"r":0,"g":0,"o":0.5,"t":0.5,"e":0.5}}]},{"b":63,"t":1,"v":0,"s":[{"p":[0.1557418,-0.006835438,-0.02698691],"r":[3.17319,187.0434,1.21211],"s":[0.08071327,0.3336926,0.01705197],"c":[1,1,1]}]}]}