{"v":7,"a":[7],"p":[{"t1":37,"t2":148,"s":[{"p":[0,0,0],"r":[0,0,0],"s":[1.389797,20.29406,15.32167],"c":[0.15873,0.5555556,0],"t1":{"c":[0.1587301,0.5555556,0],"x":0.5,"y":0.5,"a":0.8925,"m":0,"n":0,"r":0,"g":0,"o":0.5,"t":0.5,"e":0.5},"t2":{"c":[0.1587301,0.5555556,0],"x":0.5,"y":0.5,"a":0.8925,"m":0,"n":0,"r":0,"g":0,"o":0.5,"t":0.5,"e":0.5}}]}]}