{"v":7,"a":[1,2,3],"p":[{"b":147,"t":10,"s":[{"p":[-0.116827,-1.490116E-08,-2.042669E-08],"r":[-1.001791E-05,7.656434E-20,-8.757938E-13],"s":[0.0292881,0.01932826,0.01932741],"c":[0.3791886,0.5555556,0.3086419]}]}]}