{"n":"sper4","v":7,"a":[1,2,3,7,18],"p":[{"b":14,"t":2,"s":[{"p":[-0.01088332,0.04171753,-0.256815],"r":[0,0,-8.537737E-06],"s":[0.03579137,0.0293911,0.1624127],"c":[0,0.7428569,1]}]},{"b":2,"t":1,"c":[[-0.304,0.531,-0.481,5,2,7],[-0.498,-0.56,-0.468,8,3,2],[0.544,-0.565,-0.514,2,7,3],[0.511,0.625,-0.504,0,4,11],[0.113,0.129,1.479,1,2,3,4]],"s":[{"p":[-0.0140686,0.03887367,-0.7048454],"r":[0,180,180],"s":[0.03318505,0.03318666,0.1245378],"c":[1,1,1]}]},{"b":2,"t":1,"v":1,"s":[{"p":[-0.007019032,0.04210377,0.2033744],"r":[-3.415095E-06,0,180],"s":[0.03318574,0.03318932,0.1245286],"c":[1,1,1]}]}]}