{"v":7,"p":[{"b":20,"t":2,"e":"HOLIDAYLAND","s":[{"p":[0,0,0],"r":[1.067217E-07,0,0],"s":[0.05000006,0.05000003,0.05000003],"c":[1,0.1714284,0]}]}]}