{"v":7,"a":[1,31],"p":[{"s":[{"p":[0,0,0],"r":[0,0,0],"s":[0.006683512,0.006683512,0.006683512],"c":[1,1,1],"b":["when starts then disallow emitted transporting"]}]}]}