{"v":7,"p":[{"b":12,"s":[{"p":[0,0,0],"r":[0,0,-1.067217E-07],"s":[1.379474,0.2552538,0.2630176],"c":[0,0,0],"pr":{"c":[0,0,0],"m":0.25,"a":0.25,"s":0.15,"z":0.25,"g":0.5,"h":0.25}}]}]}