{"v":7,"a":[22,12],"p":[{"a":[1],"s":[{"p":[0,0,0],"r":[0,0,0],"s":[1.710441,1.053729,1.627362],"c":[1,1,1]}]}]}