{"v":7,"p":[{"s":[{"p":[0,0,0],"r":[0,0,0],"s":[0.8969644,0.2787969,1.681764],"c":[0.2222221,0.1523808,0]}]}]}