{"v":7,"p":[{"b":14,"s":[{"p":[0,0,0],"r":[0,0,0],"s":[0.02575309,0.02070406,0.02741997],"c":[0.0617283,0.5555556,0.1746031]}]},{"b":14,"s":[{"p":[0.008307447,0.02098665,0.1156103],"r":[332.0206,1.846988,12.7273],"s":[0.02575309,0.02070407,0.02742],"c":[0.0617283,0.5555556,0.1746031]}]},{"b":14,"s":[{"p":[-0.009453969,0.126904,0.1871277],"r":[284.0849,270.4224,103.0485],"s":[0.02575308,0.02070406,0.02741998],"c":[0.0617283,0.5555556,0.1746031]}]},{"b":14,"s":[{"p":[-0.03680272,0.2281914,0.1448849],"r":[324.8514,201.6583,169.056],"s":[0.02575308,0.02070404,0.02741994],"c":[0.0617283,0.5555556,0.1746031]}]}]}