{"v":7,"p":[{"s":[{"p":[0,0,0],"r":[0,0,0],"s":[0.1750008,0.1750006,0.1750004],"c":[1,1,1]}]},{"s":[{"p":[0.1921705,0.09111488,-0.06381162],"r":[359.6801,2.393296,40.54103],"s":[0.175001,0.1750005,0.1750004],"c":[1,1,1]}]},{"s":[{"p":[-0.1076802,0.04837385,0.1617552],"r":[357.1979,0.176412,334.0047],"s":[0.1750012,0.1750006,0.1750005],"c":[1,1,1]}]},{"s":[{"p":[0.4584189,0.5614128,-0.9883524],"r":[25.42808,84.1137,85.21011],"s":[0.5043522,0.4659645,0.6093283],"c":[1,1,1]}]}]}