{"v":7,"a":[7],"p":[{"b":59,"a":[18],"pr":40,"s":[{"p":[0,0,0],"r":[0,0,0],"s":[0.1250053,0.1250005,0.125005],"c":[1,1,1],"b":["when starts then set constant rotation to 0 90 0"],"pr":{"c":[1,0.5142856,0],"m":0.8901193,"a":0.25,"s":0,"z":0.2575068,"g":0.5,"h":0}}]}]}