{"n":"light 5","v":7,"a":[31],"p":[{"b":9,"t":3,"pr":2,"s":[{"p":[0,0,0],"r":[0,0,3.201651E-07],"s":[0.1085021,0.1085025,0.108502],"c":[1,1,1],"pr":{"c":[1,1,1],"m":0.25,"a":0.25,"s":0.15,"z":0.25,"g":0.5,"h":0.25}}]}]}