{"v":7,"a":[31],"p":[{"b":159,"t1":5,"t2":75,"s":[{"p":[0.004373886,0.1418936,-0.06212807],"r":[8.429296,327.5259,348.126],"s":[0.05004993,0.1770735,0.05004955],"c":[0.3333332,0.1386242,0.03703704],"t1":{"c":[0.1111111,0.04620806,0.01234568],"x":0.17,"y":0.06401496,"a":0.5827721,"m":0.5,"n":0.5,"r":0.1153542,"g":0,"o":0.5,"t":0.5,"e":0.5},"t2":{"c":[0.2222221,0.09241617,0.02469136],"x":0.5,"y":0.5,"a":0.8925,"m":0,"n":0,"r":0,"g":0,"o":0.5,"t":0.5,"e":0.5}}]},{"b":159,"t1":18,"t2":75,"s":[{"p":[-0.007655885,-0.002637893,-0.09429215],"r":[8.429296,327.5259,348.126],"s":[0.04392356,0.04391973,0.04391924],"c":[0.7777778,0.5259259,0.2592591],"t1":{"c":[0,0,0],"x":0.0421,"y":0.02326708,"a":0.8925,"m":0.5,"n":0.5,"r":0,"g":0,"o":0.5,"t":0.5,"e":0.5},"t2":{"c":[0.2222221,0.09241617,0.02469136],"x":0.3876578,"y":0.6834972,"a":0.8925,"m":0,"n":0,"r":0,"g":0,"o":0.5,"t":0.5,"e":0.5}}]},{"b":159,"t1":18,"t2":75,"s":[{"p":[0.02037936,0.283006,-0.02779663],"r":[8.429296,327.5259,348.126],"s":[0.04407316,0.0440717,0.044072],"c":[0.7777778,0.5259259,0.2592591],"t1":{"c":[0,0,0],"x":0.0421,"y":0.02326708,"a":0.8925,"m":0.5,"n":0.5,"r":0,"g":0,"o":0.5,"t":0.5,"e":0.5},"t2":{"c":[0.2222221,0.09241617,0.02469136],"x":0.3876578,"y":0.6834972,"a":0.8925,"m":0,"n":0,"r":0,"g":0,"o":0.5,"t":0.5,"e":0.5}}]}]}