{"v":7,"p":[{"b":10,"t":3,"s":[{"p":[0,0,0],"r":[0,0,0],"s":[0.04190583,0.0396779,0.03909087],"c":[1,0,0.3428572]}]},{"b":10,"t":3,"s":[{"p":[-0.153569,0.01745914,-0.08298631],"r":[11.85095,331.7533,316.2021],"s":[0.04190582,0.03967799,0.03909092],"c":[1,0,0.3428572]}]},{"b":51,"t":3,"s":[{"p":[0.0248363,0.002225399,-0.1316658],"r":[11.30505,55.28505,314.11],"s":[0.125,0.1250001,0.125],"c":[1,0,0.3428572]}]},{"b":176,"s":[{"p":[1.476782,12.30922,2.653219],"r":[8.501563,70.8008,177.3924],"s":[1.204474,0.04500041,0.1861247],"c":[0,1,0.7428571]}]}]}