{"v":7,"p":[{"b":69,"s":[{"p":[-2.141915,0.6132358,1.847725],"r":[332.5692,105.6545,14.3158],"s":[0.03542319,0.07500025,0.04073896],"c":[1,1,1]}]},{"b":79,"s":[{"p":[-2.011147,0.376194,1.789844],"r":[336.8603,170.233,338.9328],"s":[0.07500039,0.1692735,0.07500023],"c":[0.6666667,0.4825395,0.4444443]}]}]}