{"v":7,"a":[22],"p":[{"s":[{"p":[0.662984,0.1001083,-0.1248572],"r":[1.395486,72.43126,5.892072],"s":[0.375505,0.00211447,0.2457068],"c":[0.2962962,0.3809522,0.6666667]}]},{"s":[{"p":[0.6596977,0.1023719,-0.1321959],"r":[1.395486,72.43126,5.892082],"s":[0.3287723,0.00100002,0.2077599],"c":[1,1,1]}]},{"b":125,"e":"DEAR DIARY","s":[{"p":[0.7054939,0.08705507,0.04377586],"r":[83.94547,175.7091,103.3496],"s":[0.001405783,0.001405261,0.001405395],"c":[0,0,0]}]}]}