{"v":7,"p":[{"a":[1],"s":[{"p":[0,0,0],"r":[0,0,0],"s":[0.7857208,0.01795832,0.3866259],"c":[1,1,1]}]}]}