{"v":7,"a":[1,2,9,15],"p":[{"b":10,"s":[{"p":[0,0,0],"r":[0,0,0],"s":[0.1250002,0.1250002,0.1250001],"c":[1,1,1]}]}]}