{"n":"ground","v":7,"a":[7,18],"p":[{"s":[{"p":[0,0,0],"r":[0,0,0],"s":[2501.304,2085.094,0.4599243],"c":[0.126984,0.4444443,0]}]}]}