{"v":7,"a":[1,2],"p":[{"b":183,"s":[{"p":[0,0,0],"r":[0,0,0],"s":[0.03740928,0.0516209,0.04018735],"c":[1,0.952381,0.6666666]}]},{"b":180,"s":[{"p":[0.05193224,-0.01518404,0.05320698],"r":[81.74507,323.8272,202.1146],"s":[0.01850718,0.01810125,0.02617248],"c":[1,1,1]}]},{"b":180,"s":[{"p":[0.0649407,-0.01414467,-0.03241383],"r":[88.78857,288.4768,151.0721],"s":[0.01850717,0.01810124,0.02617247],"c":[1,1,1]}]}]}