{"n":"rgb strip","v":7,"a":[22],"p":[{"t":4,"s":[{"p":[0,0,0],"r":[0,0,0],"s":[0.3562367,0.02825401,0.00100023],"c":[1,0,0],"b":["when starts then become next in 2"]},{"p":[0,0,0],"r":[0,0,0],"s":[0.3562367,0.02825401,0.00100023],"c":[0.1142857,0,1],"b":["when starts then become next in 2"]},{"p":[0,0,0],"r":[0,0,0],"s":[0.3562367,0.02825401,0.00100023],"c":[0,1,0.3999999],"b":["when starts then become next in 2"]}]}]}