{"v":7,"a":[24],"bod":{"ar": {"i":"5c2301888436ee6f7daa6cb6","p":[0.1064586,-0.04254083,-0.1947754],"r":[72.39355,126.1225,319.6811]}},"p":[{"a":[1],"s":[{"p":[0,0,0],"r":[0,0,0],"s":[0.6636637,0.1750001,0.6592749],"c":[0,0,0]}]},{"s":[{"p":[-0.2059781,0.04485607,-0.4757349],"r":[20.60968,352.7123,355.7049],"s":[0.04684376,0.1750001,0.03641184],"c":[0.5555556,1,0.6571429],"b":["when touched then become  2","when starts then become previous"]},{"p":[-0.1721232,0.02396443,-0.4341973],"r":[18.74228,4.129237,356.8224],"s":[0.04684391,0.1750003,0.0364119],"c":[0.5555556,1,0.6571429],"b":["when starts then become previous in 1s"]}]}]}