{"v":7,"a":[22],"p":[{"s":[{"p":[0,0,0],"r":[0,0,0],"s":[0.1752207,2.896151,1.701577],"c":[1,1,1]}]}]}