{"v":7,"a":[22],"p":[{"a":[1],"s":[{"p":[0,0,0],"r":[0,0,0],"s":[5.609929,0.1800055,3.315018],"c":[1,1,1]}]}]}