{"v":7,"a":[22],"p":[{"b":5,"s":[{"p":[0,0,0],"r":[0,0,4.268868E-07],"s":[0.01720899,0.01394252,1.891716],"c":[0.3333332,0.2857142,0]}]}]}