{"v":7,"a":[22],"p":[{"b":169,"s":[{"p":[0,0,0],"r":[0,0,1.707547E-06],"s":[0.1688514,0.04500007,0.02440039],"c":[0.2222221,0.1940034,0.02469136]}]}]}