{"v":7,"a":[21,48],"p":[{"b":9,"t":3,"s":[{"p":[0,0,0],"r":[0,0,0],"s":[3.603072,3.603051,3.603049],"c":[1,1,1]}]}]}