{"v":7,"p":[{"b":3,"s":[{"p":[0,0,0],"r":[-1.707547E-06,-2.544444E-14,1.707547E-06],"s":[0.1250001,0.1250001,0.1250002],"c":[1,1,1]}]},{"b":3,"s":[{"p":[1.040898,0.4891403,-0.1180942],"r":[287.2654,324.1748,302.1736],"s":[0.125,0.1250001,0.1250001],"c":[1,1,1]}]}]}