{"v":7,"a":[7],"p":[{"s":[{"p":[0,0,0],"r":[0,0,0],"s":[0.6267762,0.01113619,1.197532],"c":[1,1,1]}]},{"s":[{"p":[0.01374579,-0.6024082,-0.002775429],"r":[90,270,0],"s":[0.6269977,0.01114728,1.198434],"c":[1,1,1]}]}]}