{"v":7,"a":[9],"tp_lp": [0,1,0],"p":[{"b":39,"s":[{"p":[0,0,0],"r":[0,0,0],"s":[0.1250005,0.1250004,0.1250006],"c":[1,1,1]}]}]}