{"v":7,"p":[{"b":9,"t":3,"a":[12,37],"s":[{"p":[0,0,0],"r":[0,0,8.537737E-07],"s":[0.2711395,0.2602137,0.1245355],"c":[1,1,1]}]}]}