{"v":7,"p":[{"b":10,"s":[{"p":[0,0,0],"r":[0,0,0],"s":[0.125,0.1250002,0.1250002],"c":[1,1,1]}]},{"b":5,"s":[{"p":[-0.1258234,-0.1793015,-0.1326612],"r":[37.18815,345.9884,36.3027],"s":[0.1000001,0.1000001,0.1000001],"c":[1,1,1]}]}]}