{"n":"planet 01","v":7,"a":[21],"p":[{"b":3,"s":[{"p":[0,0,0],"r":[0,0,0],"s":[8.427814,6.805458,6.688109],"c":[0.4444443,0,0.1523809]}]}]}