{"n":"wing l","v":7,"p":[{"b":9,"s":[{"p":[-0.007580608,0.003719047,-0.03081451],"r":[358.9939,13.29221,9.607092],"s":[0.08366404,0.01981457,0.2294879],"c":[0,0,0]}]},{"b":9,"s":[{"p":[-0.09232988,0.007029155,-0.006243087],"r":[359.211,356.839,1.155831],"s":[0.08366407,0.01981457,0.2294879],"c":[0,0,0]}]},{"b":9,"s":[{"p":[-0.1190437,0.005163565,-0.05551021],"r":[355.6408,341.4823,8.211016],"s":[0.08366427,0.0198146,0.2294882],"c":[0,0,0]}]},{"b":9,"s":[{"p":[0.04263277,0.008165278,-0.07461806],"r":[354.5766,31.2284,14.69683],"s":[0.0836644,0.01981464,0.2294889],"c":[0,0,0]}]}]}