{"n":"ground","v":7,"a":[1],"p":[{"b":17,"s":[{"p":[0,0,0],"r":[0,0,-4.669075E-08],"s":[13.51591,0.11062,3.201102],"c":[0.9019608,0.8509804,0.7215686]}]}]}