{"n":"pl1","v":7,"a":[22,18],"p":[{"b":179,"s":[{"p":[-0.02000046,-0.02000001,-5.587935E-09],"r":[-1.323349E-05,-2.390566E-05,1.946499E-12],"s":[0.01000131,0.01000265,0.2150519],"c":[0.1142856,1,0]}]}]}