{"v":7,"p":[{"b":9,"s":[{"p":[0,0,0],"r":[0,0,0],"s":[1.76566,2.037499,0.02881478],"c":[0,0,0]}]}]}