{"v":7,"a":[2,12,16],"p":[{"b":5,"s":[{"p":[-0.001425589,0.0007924531,0.007505711],"r":[358.7501,359.7329,0.5822682],"s":[0.005833298,0.007138123,0.1372097],"c":[0.222222,0.2144619,0.1975306]}]},{"b":15,"s":[{"p":[0.005795126,-0.00109794,-0.04027461],"r":[356.0811,2.330266,177.9526],"s":[0.02282527,0.02080767,0.01334351],"c":[0.222222,0.2144619,0.1975306]}]}]}