{"v":7,"a":[2,14],"p":[{"b":17,"s":[{"p":[0,0,0],"r":[0,0,1.707547E-06],"s":[1.362963,1.840939,1.639205],"c":[1,1,1]}]}]}