{"v":7,"a":[2,12,16],"p":[{"b":5,"s":[{"p":[0,0,0],"r":[0,0,0],"s":[0.01013301,0.0100075,0.2365673],"c":[0.2222218,0.2144617,0.1975304],"b":["when touches hammor then play balloon pop","when touches hammor then give haptic feedback","when touches hammor then become 2 in 0.2s"]},{"p":[0.003977607,0.0003730208,0.09332079],"r":[0.4341768,1.577977,350.4918],"s":[0.01013304,0.01000754,0.236568],"c":[0.2222218,0.2144617,0.1975304],"b":["when touches hammor then play balloon pop","when touches hammor then give haptic feedback","when touches hammor then become 3 in 0.2s"]},{"p":[0.004207158,-0.003275044,0.1630945],"r":[0.620777,1.636016,348.9846],"s":[0.01013304,0.01000753,0.236568],"c":[0.2222218,0.2144617,0.1975304]}]}]}