{"v":7,"a":[48],"p":[{"t":3,"s":[{"p":[0,0,0],"r":[0,0,8.537737E-07],"s":[0.05531067,0.0209831,0.6031021],"c":[0.4095237,0.3333332,1]}]}]}