{"v":7,"p":[{"b":5,"c":[[-0.951,2.514,-1.018,16,20],[-1.514,2.175,-0.951,18,17],[-1.906,1.77,-0.973,20,17],[-2.225,1.253,-1.06,22,16],[-2.202,0.196,-0.899,24,15],[-2.242,-0.777,-0.911,26,15],[-1.733,-1.652,-1.05,28,14,9],[-0.976,-2.085,-1.026,30,20],[0.425,-2.169,-0.848,13,19,8,9,5],[1.229,-2.094,-1.015,11,42],[2.055,-1.561,-1.206,9,36,7],[2.537,-0.754,-0.91,5,39],[2.433,0.585,-1.097,1,42],[2.385,1.249,-1.087,2,46],[1.901,2.011,-1.062,6,41],[0.823,2.482,-0.931,14,32],[0.055,-0.342,12.033,73,3],[-0.488,-0.467,12.139,55,20],[0.223,-1.28,11.882,8,62],[0.869,-0.789,11.951,4,67],[-0.015,-1.506,11.925,10,47],[-0.827,-1.654,11.983,12,21,23],[-1.213,-1.354,11.951,31,27],[-1.23,-0.937,12.037,29,30],[-1.284,-0.62,12.002,27,33],[-0.855,-0.069,11.954,62,16],[-1.309,-0.1,11.986,25,36],[-1.076,0.36,12.142,23,40,14],[-0.672,0.401,12.096,21,43],[-0.101,0.576,11.891,19,46],[0.146,0.5,12.099,17,49],[0.436,0.251,12.071,15,52],[0.804,0.104,11.986,7,61],[1.024,-0.065,11.893,3,66,5],[1.216,-0.362,11.92,0,72]],"s":[{"p":[0,0,0],"r":[0,0,0],"s":[0.1000002,0.1000001,0.1000002],"c":[0.4444441,0.3470896,0.296296]}]}]}