{"v":7,"p":[{"b":139,"e":"YOU ARE BANNED FOR 99999999999 HOURS","s":[{"p":[0,0,0],"r":[0,0,0],"s":[0.003000007,0.003000003,0.003000009],"c":[1,0,0]}]},{"t":3,"a":[12,37],"s":[{"p":[0.2913373,-0.03283066,0.131408],"r":[356.9212,359.2641,271.9257],"s":[0.1750005,0.1750006,0.1750003],"c":[1,0,0]}]}]}