{"v":7,"p":[{"s":[{"p":[0,0,0],"r":[0,0,3.401754E-07],"s":[0.175,0.1750004,0.1750004],"c":[1,1,1]}]}]}