{"v":7,"a":[2,31],"p":[{"b":3,"t":21,"s":[{"p":[0,0,0],"r":[0,0,0],"s":[0.04445172,0.04445178,0.04445191],"c":[0,1,0.9142858]}]}]}