{"n":"s1r","v":7,"p":[{"a":[12,37],"s":[{"p":[0,0,0],"r":[0,0,0],"s":[0.1750003,0.1750003,0.1750004],"c":[1,1,1]}]}]}