{"n":"white light emitter","v":7,"a":[6,13,31,36,37,38,39,48,49],"inc":[["emitted light","5c2b4f8dfbec9a3178ec6866"],["emitted light 2","5c2b50ffb70366054e77f542"]],"p":[{"b":4,"s":[{"p":[0,0,0],"r":[0,0,0],"s":[0.02957885,0.02957887,0.0295793],"c":[1,1,1],"b":["when starts then become next"]},{"p":[0,0,0],"r":[0,0,0],"s":[0.02957885,0.02957887,0.0295793],"c":[1,1,1],"b":["when starts then emit gravity-free emitted light 2 with 0","when starts then become next"]},{"p":[0,0,0],"r":[0,0,0],"s":[0.02957885,0.02957887,0.0295793],"c":[1,1,1],"b":["when starts then become 1 in 29"]}]}]}