{"v":7,"a":[2,31],"p":[{"s":[{"p":[0,0,0],"r":[0,0,0],"s":[0.1750007,0.01628456,0.08324436],"c":[0.05079354,0.4444443,0],"b":["when touched then send nearby to apples"]}]},{"b":140,"e":"$100","s":[{"p":[0.08380707,0.01241198,-0.04981475],"r":[88.6367,179.8694,358.8239],"s":[0.003314628,0.003314628,0.003314629],"c":[0,0,0]}]},{"b":5,"s":[{"p":[-0.02947602,0.005632968,-0.000387691],"r":[88.40407,267.2813,165.724],"s":[0.02317174,0.02317178,0.02317174],"c":[0.9714286,1,0],"b":["when touched then send nearby to the apple"]}]},{"b":140,"e":"$","s":[{"p":[-0.01756324,0.01715462,-0.03505019],"r":[88.20311,294.5193,114.8182],"s":[0.005046864,0.00504686,0.005046863],"c":[0,0,0],"b":["when touched then send nearby to the apple"]}]}]}