{"n":"laser","v":7,"a":[7,12,18,21],"p":[{"b":69,"t":14,"s":[{"p":[0,0,0],"r":[90,0,0],"s":[0.00560092,0.04034152,0.005596532],"c":[0.8888889,0.8888889,0.8888889]}]},{"b":69,"t":14,"s":[{"p":[0,0,0],"r":[90,-1.931869E-05,0],"s":[0.01427665,0.05505593,0.01427228],"c":[1,0,0]}]}]}