{"v":7,"tp_d": 9999999,"tp_ad": 99999,"tp_d": 9999999,"tp_ad": 99999,"tp_lp": [1,1,1],"tp_d": 9999999,"tp_ad": 99999,"tp_d": 9999999,"tp_ad": 99999,"tp_lp": [1,1,1],"tp_lr": [1,1,1],"p":[{"b":86,"a":[3,12],"s":[{"p":[0,0,0],"r":[0,0,-5.336085E-08],"s":[0.02790234,0.0279023,0.02790236],"c":[1,1,1]}]}]}