{"v":7,"a":[31],"p":[{"t":1,"a":[23],"s":[{"p":[0,0,0],"r":[0,0,0],"s":[0.1476312,2.063066,2.677989],"c":[1,1,1]}]},{"t":10,"a":[23],"s":[{"p":[0.01118136,2.354861E-07,-2.842171E-14],"r":[0,0,-1.502687E-05],"s":[0.1353188,2.05078,2.665704],"c":[1,1,1]}]},{"b":18,"e":"   PLAYER             COINS\n","s":[{"p":[0.08191691,0.9882968,1.344185],"r":[-5.122642E-06,270,270],"s":[0.01503463,0.01503152,0.01503401],"c":[0,0,0]}]},{"b":18,"e":"[person.GOLD values]","s":[{"p":[0.08191691,0.9882959,1.200262],"r":[0,270,270],"s":[0.01503521,0.0150317,0.01503468],"c":[0,0,0]}]}]}