{"v":7,"p":[{"b":87,"t1":59,"c":[[-1.812,-0.064,-0.083,92,21],[-1.689,-0.614,0.09,24,88],[-1.659,0.516,-0.109,2,112],[-1.235,0.988,0.167,3,112],[-1.318,-1,0.268,25,86],[-0.889,1.214,0.256,13,37,66],[-0.571,1.329,0.292,51,66],[-0.011,1.476,0.905,66,28,14],[-0.524,1.256,0.123,48],[-0.734,1.053,-0.039,12,37],[-0.362,1.19,-0.05,52],[-1.157,-0.148,-0.525,21],[-1.58,-0.081,-0.194,22],[-1.455,-0.675,-0.017,23],[-1.456,0.523,-0.222,1],[-1.151,0.794,-0.119,0],[-1.056,-1.219,0.368,27,57,26],[-0.595,-1.456,0.499,78,31],[0.05,-1.533,0.818,71,24,12],[-1.387,0.495,-0.27,5],[-0.916,-0.4,-0.496,37],[-1.142,-0.843,-0.034,26],[-0.827,-1.078,0.066,28,55],[-0.507,-1.274,0.199,77],[-0.317,-1.514,0.61,72,34],[-0.777,-0.208,-0.877,41],[-0.645,-0.669,-0.47,38],[-0.31,-0.982,-0.343,31],[-0.448,-1.089,-0.177,30,55],[-0.306,-1.279,0.097,79],[-0.711,-0.876,-0.307,29],[-0.624,0.279,-0.526,7],[-0.601,0.796,-0.332,4],[-0.605,0.535,-0.459,6],[-0.027,-0.568,-0.557,42],[-0.047,-0.846,-0.447,39],[-0.019,-0.975,-0.376,33],[0.135,-1.209,-0.141,34,53],[0.083,-1.309,0.042,81],[-0.017,0.118,-0.626,9],[0.007,0.594,-0.489,8],[-0.143,1.033,-0.248,15,40],[0.065,1.03,-0.273,16,41],[-0.096,1.299,0.013,54],[-0.047,-1.302,0.028,80],[-0.385,1.084,-0.17,14,39],[0.726,-0.102,-0.541,43],[1.017,-0.604,-0.205,46,58],[0.727,-0.534,-0.51,40],[0.103,1.316,0.041,56],[-0.038,-1.189,-0.211,32,54],[1.077,-0.108,-0.273,47,58],[0.892,-0.878,-0.129,44,58],[0.741,-1.088,0.017,45,46,9]],"sa":165,"s":[{"p":[0.0385078,0.09468394,-0.2129373],"r":[20.98553,9.443168,1.823217],"s":[0.1703357,0.1250815,0.125003],"c":[1,0.9650794,0.8888889],"b":["when starts then become next in 1s"],"t1":{"c":[0,0,0],"x":0.2411319,"y":0.2686124,"a":0.9725382,"m":0,"n":0,"r":0,"g":1,"o":0.5,"t":0.5,"e":0.5}},{"p":[0.0385078,0.09468394,-0.2129373],"r":[20.98553,9.443167,1.823217],"s":[0.1703357,0.1250815,0.125003],"c":[1,0.9650794,0.8888889],"b":["when starts then become next in 1s"],"t1":{"c":[0,0,0],"x":0.2411319,"y":0.2686124,"a":0.9725382,"m":0,"n":0,"r":0.367378,"g":1,"o":0.5,"t":0.5,"e":0.5}},{"p":[0.0385078,0.09468394,-0.2129373],"r":[20.98553,9.443168,1.823217],"s":[0.1703357,0.1250815,0.125003],"c":[1,0.9650794,0.8888889],"b":["when starts then become next in 1s"],"t1":{"c":[0,0,0],"x":0.2411319,"y":0.2686124,"a":0.9725382,"m":0,"n":0,"r":0.6845942,"g":1,"o":0.5,"t":0.5,"e":0.5}},{"p":[0.0385078,0.09468394,-0.2129373],"r":[20.98553,9.443169,1.823218],"s":[0.1703357,0.1250815,0.125003],"c":[1,0.9650794,0.8888889],"b":["when starts then become 1 in 0s"],"t1":{"c":[0,0,0],"x":0.2411319,"y":0.2686124,"a":0.9725382,"m":0,"n":0,"r":1,"g":1,"o":0.5,"t":0.5,"e":0.5}}]},{"b":87,"t":20,"c":[[-1.812,-0.064,-0.083,92,21],[-1.689,-0.614,0.09,24,88],[-1.659,0.516,-0.109,2,112],[-1.235,0.988,0.167,3,112],[-1.318,-1,0.268,25,86],[-0.889,1.214,0.256,13,37,66],[-0.571,1.329,0.292,51,66],[-0.011,1.476,0.905,66,28,14],[-0.524,1.256,0.123,48],[-0.734,1.053,-0.039,12,37],[-0.362,1.19,-0.05,52],[-1.157,-0.148,-0.525,21],[-1.58,-0.081,-0.194,22],[-1.455,-0.675,-0.017,23],[-1.456,0.523,-0.222,1],[-1.151,0.794,-0.119,0],[-1.056,-1.219,0.368,27,57,26],[-0.595,-1.456,0.499,78,31],[0.05,-1.533,0.818,71,24,12],[-1.387,0.495,-0.27,5],[-0.916,-0.4,-0.496,37],[-1.142,-0.843,-0.034,26],[-0.827,-1.078,0.066,28,55],[-0.507,-1.274,0.199,77],[-0.317,-1.514,0.61,72,34],[-0.782,-0.166,-0.883,41],[-0.645,-0.669,-0.47,38],[-0.31,-0.982,-0.343,31],[-0.448,-1.089,-0.177,30,55],[-0.306,-1.279,0.097,79],[-0.711,-0.876,-0.307,29],[-0.624,0.279,-0.526,7],[-0.601,0.796,-0.332,4],[-0.605,0.535,-0.459,6],[-0.027,-0.568,-0.557,42],[-0.047,-0.846,-0.447,39],[-0.019,-0.975,-0.376,33],[0.135,-1.209,-0.141,34,53],[0.083,-1.309,0.042,81],[-0.017,0.118,-0.626,9],[0.007,0.594,-0.489,8],[-0.143,1.033,-0.248,15,40],[0.065,1.03,-0.273,16,41],[-0.096,1.299,0.013,54],[-0.047,-1.302,0.028,80],[-0.385,1.084,-0.17,14,39],[0.726,-0.102,-0.541,43],[1.017,-0.604,-0.205,46,58],[0.727,-0.534,-0.51,40],[0.103,1.316,0.041,56],[-0.038,-1.189,-0.211,32,54],[1.077,-0.108,-0.273,47,58],[0.892,-0.878,-0.129,44,58],[0.741,-1.088,0.017,45,46,9]],"sa":165,"s":[{"p":[0.0355741,0.09585437,-0.2166969],"r":[20.00763,9.948435,2.147691],"s":[0.1702741,0.1366995,0.1250017],"c":[1,0.9650794,0.8888889]}]}]}