{"v":7,"a":[1,2,3,12,24,27,48],"inc":[["pvp head","5c2cde0e0a9d88055d877c14"],["thing","5c2e35cd8436ee6f7daa6ef8"]],"bod":{},"p":[{"s":[{"p":[-0.005160689,0.05855288,-0.0680643],"r":[272.6181,167.2125,195.7626],"s":[0.06538631,0.1142618,0.05220971],"c":[1,1,1]}]},{"s":[{"p":[0.005987468,0.006477122,0.001475306],"r":[358.7746,5.846841,359.3162],"s":[0.08030617,0.3528316,0.04263453],"c":[1,1,1]}]},{"s":[{"p":[-0.004668675,-0.2292492,0.002122045],"r":[84.31983,71.45367,78.27707],"s":[0.0387855,0.03027693,0.04453919],"c":[1,1,1],"b":["when triggered then emit gravity-free thing"]}]}]}