{"n":"grap","v":7,"p":[{"b":5,"s":[{"p":[0.00308875,0.002043515,0.1788114],"r":[85.53621,191.8153,191.0639],"s":[0.04034666,0.1000001,0.1000003],"c":[1,1,1],"b":["when touched then send one nearby onto grap"]}]}]}