{"n":"blasted atroid","v":7,"p":[{"b":17,"pr":20,"s":[{"p":[0,0,0],"r":[0,0,0],"s":[0.03850333,0.04495613,0.04213573],"c":[0.3333332,0,0],"b":["when starts then become next in 1s"],"pr":{"c":[0.7777778,0.4320987,0.4320987],"m":0.25,"a":0.25,"s":0.15,"z":0.5,"g":0.5,"h":0.5}},{"p":[0,0,0],"r":[0,0,0],"s":[0.04582785,0.04495613,0.04213573],"c":[0.3333332,0,0],"b":["when starts then destroy all parts"],"pr":{"c":[0.7777778,0.4320987,0.4320987],"m":0.25,"a":0.25,"s":0.15,"z":0.5,"g":0.5,"h":0.5}}]}]}