{"v":7,"a":[2,31,51],"p":[{"b":172,"t1":43,"s":[{"p":[0,0,0],"r":[0,0,0],"s":[0.05555216,0.05554947,0.05555108],"c":[0,0,0],"b":["when taken then is person.gold += 5","when taken then play coin","when taken then become untweened next in 0"],"t1":{"c":[0.1111111,0.1111111,0.1111111],"x":0.5,"y":0.5,"a":0.8925,"m":0,"n":0,"r":0,"g":0,"o":0.5,"t":0.5,"e":0.5}},{"p":[0,0,0],"r":[0,0,0],"s":[0.00421796,0.004215263,0.00421688],"c":[0.9714286,1,0],"b":["when starts then add crumbles for all parts ","when starts then destroy all parts"],"t1":{"c":[0.1111111,0.1111111,0.1111111],"x":0.5,"y":0.5,"a":0.8925,"m":0,"n":0,"r":0,"g":0,"o":0.5,"t":0.5,"e":0.5}}]}]}