{"v":7,"a":[2,3,16],"p":[{"im":"939463984042925784/D51FC449CF544505277369B912ECEF8661275A4E/","s":[{"p":[0,0,0],"r":[0,0,0],"s":[0.2222207,0.001,0.2444724],"c":[1,1,1]}]},{"s":[{"p":[0,-0.01933813,0],"r":[0,0,0],"s":[0.2593776,0.01226386,0.2589127],"c":[0.111111,0.111111,0.111111],"pr":{"c":[0.9714286,1,0],"m":0.25,"a":0.25,"s":0.15,"z":0.25,"g":0.5,"h":0.25}}]}]}