{"v":7,"p":[{"a":[1,4,27],"s":[{"p":[0,0,0],"r":[0,0,0],"s":[0.5568917,0.001000001,0.3524604],"c":[1,1,1]}]}]}