{"n":"spawnpoint ","v":7,"a":[7,18],"p":[{"b":5,"a":[12,37],"s":[{"p":[0,0,0],"r":[0,0,0],"s":[0.1000118,0.100011,0.1000122],"c":[1,1,1],"b":["when "]}]}]}