{"v":7,"p":[{"b":3,"s":[{"p":[0,0,0],"r":[0,0,0],"s":[0.1250008,0.1250009,0.1250009],"c":[1,1,1],"b":["when grabbed then add speed 50.5","when starts then say h"]}]},{"b":3,"s":[{"p":[0.08973495,0.2329795,-0.683787],"r":[40.2374,154.9348,123.2205],"s":[0.1250012,0.1250013,0.1250009],"c":[1,1,1]}]}]}