{"v":7,"a":[2,7,15],"p":[{"b":14,"t":3,"s":[{"p":[0,0,0],"r":[0,0,0],"s":[0.01191167,0.01290291,0.01913751],"c":[0,0,0]}]}]}