{"v":7,"a":[22],"p":[{"s":[{"p":[0,0,0],"r":[0,0,0],"s":[0.1750043,0.1750015,0.1750025],"c":[1,1,1]}]},{"ac":{"id":"5c328174e3438d16748d6ed6","c":3},"s":[{"p":[-3.46601,-0.8833915,1.3786],"r":[0,0,1.001791E-05],"s":[0.7430499,0.4260536,0.06390867],"c":[1,1,1]}]},{"id":"5c328174e3438d16748d6ed6","s":[{"p":[-3.466004,-0.5928899,1.104985],"r":[0,0,22.50001],"s":[0.7426425,0.4259227,0.06388641],"c":[1,1,1]}]}]}