{"v":7,"p":[{"i":[{"t":"5c32c0e9de19833185810838","p":[0.001777172,0.0006671246,0.001385987],"r":[90,-1.931869E-05,0]}],"s":[{"p":[0,0,0],"r":[0,0,0],"s":[0.1750614,0.001000218,0.1750479],"c":[0,0,0],"b":["when starts then set constant rotation to 0 -20.5 0"]}]}]}