{"v":7,"p":[{"b":198,"s":[{"p":[0,0,0],"r":[0,0,-1.494104E-06],"s":[0.06000023,0.0600001,0.06000015],"c":[0.9333333,1,0.6666666]}]},{"b":188,"s":[{"p":[-0.316586,0.1709068,0.0359949],"r":[42.2397,315.0585,206.8919],"s":[0.06000027,0.08359863,0.06000027],"c":[0.7777778,0.4839506,0.1728394]}]},{"b":187,"s":[{"p":[-0.572132,0.4458258,0.07110631],"r":[38.48001,287.1715,185.1636],"s":[0.07834616,0.08603598,0.07681459],"c":[0.4444443,0.2525572,0.04938262]}]},{"b":187,"s":[{"p":[-1.019527,1.016249,0.1598932],"r":[18.71512,218.5695,147.3588],"s":[0.1528015,0.1659219,0.1553288],"c":[0.111111,0.0691357,0.02469136]}]}]}