{"v":7,"a":[48],"p":[{"b":73,"t":3,"s":[{"p":[0,0,0],"r":[0,0,0],"s":[0.2250002,0.225,0.2250001],"c":[1,0,0.3428572]}]}]}