{"v":7,"p":[{"a":[21,22],"s":[{"p":[0,0,0],"r":[0,0,-2.668043E-08],"s":[0.1750001,0.8779762,0.1750001],"c":[1,1,1]}]},{"t":7,"s":[{"p":[3.438909E-07,0.5213864,-1.581851E-06],"r":[1.334021E-08,-3.10601E-18,-2.668042E-08],"s":[0.1750002,0.1750003,0.1750002],"c":[1,1,1]}]}]}