{"v":7,"a":[48],"p":[{"b":2,"pr":16,"s":[{"p":[0,0,0],"r":[0,0,0],"s":[0.8549963,0.8894165,0.07612263],"c":[1,1,1],"pr":{"c":[1,1,1],"a":0.05}}]}]}