{"n":"gym exit","v":7,"a":[48],"p":[{"s":[{"p":[0,0,0],"r":[0,0,0],"s":[0.4705375,0.5217041,0.025279],"c":[1,1,1]}]}]}