{"n":"body","v":7,"a":[22,33],"p":[{"b":13,"s":[{"p":[0.001009709,0.005567657,0.001219095],"r":[1.018132,0.2441188,359.483],"s":[0.06990303,0.04064853,0.1077961],"c":[0.8,0,1]}]},{"b":9,"t":2,"i":[{"t":"5c33ca6c638de76f667e9382","p":[0.008856921,0.01484628,0.003113193],"r":[328.6284,178.6167,319.92]}],"s":[{"p":[0.1046068,0.01699117,0.1356101],"r":[59.69754,43.51237,2.882463],"s":[0.02634797,0.02656774,0.02532942],"c":[0.07407386,0.6666667,0.2095236]}]},{"b":9,"t":2,"i":[{"t":"5c33ca555496586f5aa0cf6b","p":[-0.01001939,-0.000783207,0.006006971],"r":[347.3944,298.9965,271.261]}],"s":[{"p":[-0.1009305,0.01917315,0.1356474],"r":[40.84821,299.6249,289.4341],"s":[0.02634537,0.02656558,0.02532467],"c":[0.07407386,0.6666667,0.2095236]}]}]}