{"v":7,"p":[{"b":5,"s":[{"p":[0,0,0],"r":[0,0,0],"s":[0.7496618,0.8337599,0.06648658],"c":[1,1,1]}]}]}