{"v":7,"p":[{"s":[{"p":[-0.4343878,0.223959,-0.2524311],"r":[7.25151,318.4463,355.627],"s":[0.1750005,0.1750009,0.1750008],"c":[0,1,0.2285712],"b":["when touched then become 2 in 0.2s"]},{"p":[-0.2100611,0.2436929,-0.05111794],"r":[2.55151,45.33802,182.7096],"s":[0.1750011,0.1750017,0.1750011],"c":[1,0,0.8571426],"b":["when touched then become 1 in 0.2s"]}]}]}