{"v":7,"a":[48],"p":[{"b":9,"s":[{"p":[0,0,0],"r":[0,0,0],"s":[0.1250039,0.1250145,0.1250151],"c":[1,1,1],"b":["when starts then loop machine 7"]}]}]}