{"n":"hammer e2","v":7,"a":[2],"p":[{"b":13,"s":[{"p":[0.0101825,0.001827106,0.1242206],"r":[0,0,270],"s":[0.06000501,0.01707382,0.0205845],"c":[0.6666667,0.6666667,0.6666667]}]},{"b":5,"s":[{"p":[0.01024271,-0.001611574,-0.0006826401],"r":[358.8549,1.02099,2.027826],"s":[0.007926239,0.008980945,0.2876405],"c":[0.4444443,0.3358023,0.09876532]}]}]}