{"v":7,"a":[22,18],"p":[{"b":5,"t":22,"s":[{"p":[0.3332258,0.8515348,0.1162789],"r":[86.32411,43.76045,102.0186],"s":[0.01426505,0.01425959,2.441059],"c":[0.7777778,0.6790124,0.08641959]}]},{"b":86,"t":22,"s":[{"p":[0.3524396,-0.03869534,0.1250982],"r":[355.3522,63.18378,2.978101],"s":[0.4291669,0.1165202,0.4297264],"c":[0.2275131,0.185185,0.5555556]}]}]}