{"v":7,"p":[{"s":[{"p":[0,0,0],"r":[0,0,0],"s":[7.750279,3.263764,0.09008653],"c":[1,1,1]}]}]}