{"n":"overscreen","v":7,"p":[{"a":[1],"s":[{"p":[0,0,0],"r":[0,0,0],"s":[1.19708,0.1750037,0.7922656],"c":[1,1,1]}]}]}