{"n":"blue wall","v":7,"a":[22,18],"p":[{"a":[17],"s":[{"p":[0,0,0],"r":[0,0,0],"s":[0.1752596,2.707271,3.541456],"c":[0,0.3999993,1]}]}]}