{"v":7,"a":[7,13,18],"p":[{"b":225,"t":1,"t1":38,"s":[{"p":[0,0,0],"r":[0,0,0],"s":[16.88582,0.04573453,1.398801],"c":[0.3333332,0.1894177,0.03703704],"t1":{"c":[0,0,0],"x":0.5,"y":0.5,"a":0.8925,"m":0,"n":0,"r":0,"g":0,"o":0.5,"t":0.5,"e":0.5}}]}]}