{"v":7,"a":[22],"p":[{"a":[31],"i":[{"t":"5c36a4fd5496586f5aa0d026","p":[-0.004334046,0.006624132,0.03667117],"r":[42.30347,30.79309,334.2815]}],"s":[{"p":[0,0,0],"r":[0,0,0],"s":[0.143166,0.1431581,0.01747329],"c":[1,1,1],"b":["when starts then project with 100% reach"]}]}]}