{"v":7,"p":[{"b":13,"t":7,"s":[{"p":[0,0,0],"r":[0,0,0],"s":[0.2261919,0.07990167,2.815468],"c":[0.6666666,0.9714285,1]}]}]}