{"n":"golem hand","v":7,"p":[{"b":8,"t":4,"i":[{"t":"5c3698a18436ee6f7daa7188","p":[-0.01790398,0.07401061,-0.0001726151],"r":[270,270,0]}],"s":[{"p":[0,0,0],"r":[0,0,0],"s":[0.04655608,0.04655008,0.03606419],"c":[0.7777778,0.9428571,1]}]}]}