{"v":7,"p":[{"t":7,"s":[{"p":[0,0,0],"r":[0,0,0],"s":[0.1813033,0.0186368,0.3019719],"c":[0,0,0]}]}]}