{"n":"lettuce","v":7,"a":[45],"p":[{"b":17,"c":[[-0.8,-0.5,-0.8,200,3,66,5],[-0.4,-0.8,-0.9,132,3,66,5],[-0.6,-0.7,-0.7,128,3,66,5],[-0.6,-0.5,-1,204,3,66,5],[-0.7,0,-0.8,272,3,66,5],[-0.9,0,-0.5,268,3,66,5],[-1.1,0.3,-0.4,340,3,66,5],[-1,0,-0.2,267,69,2,67],[-1.1,-0.5,0,195,69,2,67],[-0.9,-0.4,-0.4,196,3,66,5],[-0.8,-0.8,-0.4,124,3,66,5],[-0.5,-1,-0.3,4,55,62,5],[-1,-0.8,0.2,123,69,2,67],[-0.9,-0.8,0.3,188,3,66,5],[-0.8,-1.1,0.2,3,117,2,67],[-1.1,-0.6,0.6,260,3,66,5],[-0.7,-1,0.3,116,3,66,5],[-0.4,-1.2,-0.2,5,52,5],[-0.4,-1.1,0.1,2,52,63],[-0.5,-1.1,-0.1,0,7,51],[-1,0.4,0.1,339,69,2,67,-73,3,66,5],[-1.1,-0.2,0.6,332,3,66,5],[-1.1,0.7,0.1,411,69,2,67],[-1.1,0.5,-0.4,412,3,66,5],[-0.5,-0.3,-1.2,276,3,66,5],[-0.9,0.2,-0.8,344,3,66,5],[0.2,-0.3,-1.1,281,7,66,5],[-0.1,-0.6,-1.2,208,4,65,6],[0.5,-0.6,-1.1,213,7,66,5],[0.4,-0.5,-1.1,209,7,66,5],[-0.3,-0.2,-1.3,280,4,65,6],[0.4,0.2,-0.8,353,7,66,5],[0.1,0.3,-1.2,352,4,65,6],[1,-0.2,-0.8,289,7,66,5],[0.6,-0.1,-1.1,285,7,66,5],[1,0.2,-0.8,361,7,66,5],[0.5,0.7,-0.8,429,7,66,5],[0.5,0.3,-0.7,357,7,66,5],[0.1,0.6,-1,425,7,66,5],[-0.7,0.6,-0.9,420,3,66,5],[0.2,1,-1,497,7,66,5],[-0.2,0.6,-1.1,424,4,65,6],[1.3,-0.5,-0.3,221,7,66,5],[-1.1,0.6,0.5,476,3,66,5],[-0.6,0.2,-1,348,3,66,5]],"cx":0,"s":[{"p":[0.0006261084,-0.006163485,0.01320327],"r":[1.312969,74.4911,22.6024],"s":[0.06159325,0.04424365,0.0351738],"c":[0.4444442,1,0.6666666],"b":["when any part touches knife then tell cut"]}]},{"b":17,"s":[{"p":[-0.03312558,1.963694E-05,0.00436724],"r":[333.8638,344.6904,88.01433],"s":[0.04219351,0.007402427,0.04647671],"c":[0.4444442,1,0.6666666]}]}]}