{"v":7,"p":[{"a":[12],"su":[{"i":"5c39604054f9e13854d16f42","t":"5c3960438436ee6f7daa725e","p":[-6.785557,1.71781,-0.7751167],"r":[52.65538,9.393465,167.9096]}],"s":[{"p":[-0.3659309,-0.1749746,-0.4832535],"r":[350.6808,356.5238,30.32127],"s":[0.1750004,0.1750011,0.175001],"c":[1,1,1],"b":["when starts then become 2 in 20s"]},{"p":[0.6948906,-0.4023693,0.1049875],"r":[0.1993828,354.106,260.1457],"s":[0.1750003,0.1750006,0.1750007],"c":[1,1,1],"b":["when starts then become 1 in 20s"]}]}]}