{"n":"bun","v":7,"p":[{"b":16,"t1":59,"s":[{"p":[0.02056749,-0.0705861,-0.01413455],"r":[1.100466,86.77303,176.2621],"s":[0.04672197,0.03107251,0.04672165],"c":[1,0.8603175,0.5555556],"b":["when starts then call me burgstation"],"t1":{"c":[0.8888889,0.8888889,0.8888889],"x":0.5,"y":0.555305,"a":0.8925,"m":0,"n":0,"r":0,"g":0,"o":0.5,"t":0.5,"e":0.5},"pr":{"c":[1,0.6857142,0],"m":0.25,"a":0.25,"s":0.15,"z":0.25,"g":0.5,"h":0.25}}]}]}