{"v":7,"p":[{"b":57,"s":[{"p":[0.1254798,0.1223142,0.2146324],"r":[356.4878,15.68151,359.6312],"s":[0.01560328,0.04849703,0.01698483],"c":[1,1,1]}]},{"b":9,"c":[[0.4,1.2,-0.7,24,15,49,16,45],[1.3,0,-0.7,21,15,43,16,45],[1,0.8,0.7,51,82,36,16,45],[-0.4,1.3,0.7,54,88,36,16,45],[-1,0.7,-0.6,27,15,28,27,16],[0.1,0,1.6,196,9,9,9,9],[-1.4,0,0.7,57,49,52,29,16],[1.2,-0.8,0.7,48,76,36,16,45],[-0.4,-1.3,0.7,45,70,36,16,45],[0.2,-0.8,-0.4,18,15,28,25,45],[0,0.1,-1.5,0,6,3,3,65],[-1.2,-0.8,-0.6,3,12,15,38,54]],"sa":5,"s":[{"p":[0.1302519,0.1244391,0.2737798],"r":[316.4939,72.62841,92.1984],"s":[0.05787213,0.057872,0.05787228],"c":[1,1,1]}]}]}