{"v":7,"a":[36,37],"p":[{"b":11,"t":1,"s":[{"p":[-0.008248327,0.004889369,0.707222],"r":[0,0,270],"s":[0.3017354,0.10005,0.2337877],"c":[1,1,1]}]},{"t":1,"a":[17],"s":[{"p":[-0.02776909,4.9655E-09,0],"r":[0,0,0],"s":[0.07443478,0.3898951,2.068316],"c":[0,0,0]}]},{"t":1,"a":[17],"s":[{"p":[-0.0254879,-2.384186E-07,-0.5706425],"r":[0,0,0],"s":[0.2578731,0.4528399,0.08820476],"c":[1,1,1]}]}]}