{"v":7,"a":[22],"p":[{"b":60,"t":1,"s":[{"p":[0.2351886,0.005491972,19.50051],"r":[-1.707547E-06,270,270],"s":[0.8282892,0.5031798,1.705031],"c":[0.6666667,0.6666667,0.6666667]}]},{"b":60,"t":1,"s":[{"p":[0.2045946,0.0168507,19.58368],"r":[-1.707547E-06,270,270],"s":[0.5270435,0.7867373,0.0763096],"c":[0.6666667,0.6666667,0.6666667]}]},{"b":5,"t":1,"s":[{"p":[0.1758876,0.02991059,5.266282],"r":[1.116271E-12,-1.438307E-12,22.50001],"s":[0.09458063,0.1001419,34.31019],"c":[0.6666667,0.6666667,0.6666667]}]}]}