{"v":7,"a":[7,18,21],"p":[{"b":5,"s":[{"p":[0,0,0],"r":[0,0,0],"s":[0.006384628,0.006385793,0.006384768],"c":[0.6666667,0.5587301,0.4444442],"b":["when starts then project with 100% reach","when starts then all parts face nearest ws","when starts then show line with 0.02 width"]}]}]}