{"v":7,"p":[{"t":1,"a":[1],"t1":58,"t2":150,"s":[{"p":[0,0,0],"r":[0,0,0],"s":[1.369018,0.004077591,0.7923362],"c":[0.1142857,0,1],"t1":{"c":[0.2857142,1,0],"x":0.5,"y":0.5,"a":0.8925,"m":0,"n":0,"r":0,"g":0,"o":0.5,"t":0.5,"e":0.5},"t2":{"c":[0.4444444,0.2285713,0],"x":0.5,"y":0.5,"a":0.8925,"m":0,"n":0,"r":0,"g":0,"o":0.5,"t":0.5,"e":0.5}}]}]}