{"v":7,"a":[4,22,48],"p":[{"b":11,"id":"5c3a06d2e3438d15e48034f8","s":[{"p":[0,0,0],"r":[0,0,0],"s":[0.3791295,0.1000073,0.1086699],"c":[1,1,1]}]},{"b":11,"ac":{"id":"5c3a06d2e3438d15e48034f8","c":38},"s":[{"p":[-2.61019E-07,0.1248573,-0.1735646],"r":[-1.001791E-05,1.628444E-12,-1.423631E-19],"s":[0.3791983,0.1000098,0.1086926],"c":[1,1,1]}]}]}