{"v":7,"a":[36],"p":[{"s":[{"p":[0,0,0],"r":[0,0,0],"s":[1.846382,0.8171999,2.996245],"c":[1,1,1]}]}]}