{"v":7,"a":[22],"p":[{"b":202,"s":[{"p":[0,0,0],"r":[0,0,0],"s":[0.06001146,0.003795641,0.06006957],"c":[1,1,1]}]}]}