{"v":7,"a":[5],"p":[{"a":[23],"s":[{"p":[0,0,0],"r":[0,0,0],"s":[6.727961,6.555112,15.93278],"c":[1,1,1]}]}]}