{"v":7,"a":[21],"p":[{"b":3,"a":[31],"i":[{"t":"5c3b9094ea1f546e4855e7a2","p":[0.2670886,0.03224063,0.003669742],"r":[270,180,0]}],"s":[{"p":[0,0,0],"r":[0,0,0],"s":[0.0247275,0.02472898,0.02472906],"c":[1,1,1]}]}]}