{"v":7,"a":[31],"p":[{"b":12,"t":1,"s":[{"p":[0,0,0],"r":[0,0,0],"s":[0.01369376,0.02189089,0.008275487],"c":[1,0,0]}]},{"b":17,"t":1,"s":[{"p":[0.004561816,-0.01173863,0.001073208],"r":[5.355097,105.0363,241.0501],"s":[0.007522291,0.007522291,0.007522285],"c":[0,0,0],"b":["when touches hand then play doorbell with 50% "]}]}]}