{"v":7,"a":[5,48],"p":[{"s":[{"p":[0,0,0],"r":[0,0,0],"s":[1.260581,0.1750247,0.2129057],"c":[1,1,1]}]}]}