{"v":7,"a":[48],"p":[{"pr":48,"s":[{"p":[0,0,0],"r":[0,0,0],"s":[0.1750192,0.1750168,0.1750213],"c":[1,1,1],"pr":{"c":[1,1,1],"m":0.25,"a":0.25,"s":1,"z":0.7,"g":0.5,"h":0.25}}]}]}