{"v":7,"a":[7,18],"p":[{"b":5,"t":1,"s":[{"p":[0,0,0],"r":[0,0,0],"s":[0.0042622,0.004347296,0.02619392],"c":[0.7777778,0.6518518,0.5185185],"b":["when touched then play bullet shells"]}]}]}