{"n":"ground","v":7,"a":[1,7,18],"p":[{"b":17,"t1":158,"s":[{"p":[0,0,0],"r":[0,0,0],"s":[427.9232,0.2718295,307.4032],"c":[0.4444443,0.4444443,0.4444443],"t1":{"c":[0,0,0],"x":0.5,"y":0.5,"a":0.8925,"m":0,"n":0,"r":0,"g":0,"o":0.5,"t":0.5,"e":0.5}}]}]}