{"v":7,"a":[7,12],"p":[{"s":[{"p":[0,0,0],"r":[0,0,0],"s":[14.10524,12.82628,0.1021424],"c":[0.6666667,0.6666667,0.6666667]}]}]}