{"n":"sirdesh arm1-2","v":7,"p":[{"b":52,"t":1,"t1":43,"s":[{"p":[0.06255408,0.05148679,-0.006757386],"r":[358.4357,5.825091,346.2868],"s":[0.03291139,0.2429085,0.0347305],"c":[0.3456789,0.3682538,0.4444443],"t1":{"c":[0.8888889,0.6405643,0.09876538],"x":0.5,"y":0.5,"a":0.8925,"m":0,"n":0,"r":0,"g":0,"o":0.5,"t":0.5,"e":0.5}},{"p":[0.0342717,-0.03431633,0.1445785],"r":[359.4255,351.4192,357.2612],"s":[0.03291134,0.3237511,0.03473049],"c":[1,1,1],"t1":{"c":[0.8888889,0.6405643,0.09876538],"x":0.5,"y":0.5,"a":0.8925,"m":0,"n":0,"r":0,"g":0,"o":0.5,"t":0.5,"e":0.5}}]},{"a":[12],"s":[{"p":[0.1500993,0.03613356,-0.07652668],"r":[12.72424,125.8192,276.4292],"s":[0.1026755,0.043021,0.1229934],"c":[1,1,1]},{"p":[0.1500993,0.03613356,-0.07652668],"r":[12.72424,125.8192,276.4292],"s":[0.1026755,0.043021,0.1229934],"c":[1,1,1]}]}]}