{"v":7,"p":[{"a":[36],"s":[{"p":[0,0,0],"r":[0,0,0],"s":[0.005579101,3.127339,0.1750339],"c":[0,0,0],"b":["when told by any shutter then become next in 0.2s"]},{"p":[-4.768372E-07,2.384186E-07,-1.915517],"r":[0,0,-1.001791E-05],"s":[0.001,3.160828,6.019289],"c":[0,0,0],"b":["when told by any shutter then become 1 in 0.2s"]}]}]}