{"n":"stripper pole","v":7,"a":[7,18],"p":[{"b":5,"a":[36],"s":[{"p":[0.001551628,1.192093E-07,-0.7409355],"r":[0,0,0],"s":[0.02063018,0.02063062,0.001000012],"c":[0.3333331,0.2285712,0],"b":["when told by nearby open pole then become 2 in 2, play attention seeking whistle with low-pitch"]},{"p":[0,0,0],"r":[0,0,0],"s":[0.02062974,0.02062945,2.004096],"c":[0.3333331,0.2285712,0],"b":["when told by nearby close pole then become 1 in 2, play sad trombone"]}]}]}