{"n":"rusty charged","v":7,"a":[1,7,12,14,16,18,31,38,45],"tp_m": 0,"p":[{"b":180,"t":20,"a":[5,18,22],"pr":34,"t1":10,"s":[{"p":[0,0,0],"r":[0,0,0],"s":[0.1666784,0.1666784,0.2240301],"c":[0,0.5714284,1],"b":["when touched then add crumbles for all parts, tell any killrustypellet","when told by any killrustypellet then become next"],"t1":{"c":[0,0.7428566,1],"a":0.1900328},"pr":{"c":[0,0.5714284,1],"m":0.2901453,"a":0.25,"s":0.1105422,"z":0.3448215,"g":0.5,"h":0.25}},{"p":[0,0,0],"r":[0,0,0],"s":[0.3299895,0.3299895,0.3299895],"c":[0,0.5714284,1],"b":["when starts then destroy all parts, play gun shot 2 with low-pitch surround"],"t1":{"c":[0,0.7428566,1],"a":0.1900328},"pr":{"c":[0,0.5714284,1],"m":0.25,"a":0.25,"s":0,"z":0.25,"g":0.5,"h":0.25}}]},{"b":86,"t":21,"a":[18],"pr":11,"s":[{"p":[0,0,0.2097945],"r":[2.049057E-05,90,270],"s":[0.09779989,0.1509224,0.09779304],"c":[0.3333331,0.7142856,1],"b":["when touched then add crumbles for all parts, tell any killrustypellet","when told by any killrustypellet then become next"],"pr":{"c":[0,0.5714284,1],"m":0.4691353,"a":0.25,"s":0.1771076,"z":0.5807962,"g":0.5,"h":0}},{"p":[0,0,0.1704826],"r":[2.049057E-05,90,270],"s":[0.147614,0.1476086,0.1476063],"c":[0.3333331,0.7142856,1],"b":["when starts then destroy all parts, play gun shot 2 with low-pitch surround"],"pr":{"c":[0,0.5714284,1],"m":0.25,"a":0.25,"s":0.15,"z":0.25,"g":0.5,"h":0}}]}]}