{"v":7,"p":[{"t":2,"a":[1],"s":[{"p":[0,0,0],"r":[0,0,0],"s":[0.4781169,0.01763961,0.2968347],"c":[1,1,1],"b":["when starts then show web www.google.com"]}]},{"t":7,"s":[{"p":[0.2473307,0.00246139,-0.01226151],"r":[90,90.00001,0],"s":[0.1750233,0.02866649,0.03436064],"c":[0,1,1]}]}]}