{"v":7,"a":[7],"p":[{"t":1,"t1":43,"s":[{"p":[0,0,0],"r":[0,0,0],"s":[2.785111,0.1750763,2.720838],"c":[0.8888889,0.8888889,0.8888889],"b":["when told by any reoff then become 2 in 2s","when told by any redeny then become 4 in 0.2s"],"t1":{"c":[0,0,0],"x":0.5,"y":0.5,"a":0.8925,"m":0,"n":0,"r":0,"g":0,"o":0.5,"t":0.5,"e":0.5}},{"p":[0,0,0],"r":[0,0,0],"s":[1.001058,0.1750763,2.720838],"c":[0.8888889,0.8888889,0.8888889],"b":["when starts then become next in 1s","when starts then play bird scream echo"],"t1":{"c":[0,0,0],"x":0.5,"y":0.5,"a":0.8925,"m":0,"n":0,"r":0,"g":0,"o":0.5,"t":0.5,"e":0.5}},{"p":[0,0,0],"r":[0,0,0],"s":[1.001058,0.1750763,2.720838],"c":[0.8888889,0.8888889,0.8888889],"b":["when starts then become 1 in 1s"],"t1":{"c":[0,0,0],"x":0.5,"y":0.5,"a":0.8925,"m":0,"n":0,"r":0,"g":0,"o":0.5,"t":0.5,"e":0.5}},{"p":[0,0,0],"r":[0,0,0],"s":[2.785111,0.1750763,2.720838],"c":[0.8888889,0.8888889,0.8888889],"b":["when starts then tell reoff","when starts then become 1 in 0.2s"],"t1":{"c":[0,0,0],"x":0.5,"y":0.5,"a":0.8925,"m":0,"n":0,"r":0,"g":0,"o":0.5,"t":0.5,"e":0.5}}]}]}