{"v":7,"a":[2,3,7],"p":[{"b":73,"a":[12],"s":[{"p":[-0.001037896,0.0008592649,0.04680655],"r":[90,89.99999,0],"s":[0.02183104,0.02182923,0.02183084],"c":[1,1,1],"b":["when ","when triggered then trail start with 100s","when triggered then become next in 0.2s"]},{"p":[-0.001037896,0.0008592649,0.04680655],"r":[90,89.99999,0],"s":[0.02183104,0.02182923,0.02183084],"c":[1,1,1],"b":["when triggered then become next in 0.2s","when triggered then trail end"]}]},{"b":5,"s":[{"p":[-0.001012445,-4.243851E-05,-0.001764149],"r":[0,-1.001791E-05,0],"s":[0.00768022,0.007678683,0.1186208],"c":[1,1,1]}]}]}