{"v":7,"p":[{"b":9,"t":9,"i":[{"t":"5c3fc1038e2c761e0142894b","p":[-0.002539381,-0.05235976,0.005643416],"r":[76.19395,9.114211,240.3265]}],"s":[{"p":[0,0,0],"r":[0,0,0],"s":[0.02947918,0.08130559,0.04605075],"c":[1,0.6857142,0]}]}]}