{"v":7,"p":[{"b":59,"t":1,"s":[{"p":[0.01459312,0.07941705,-0.02026375],"r":[0,0,1.001791E-05],"s":[0.003573317,0.02318686,0.003794282],"c":[0.6666667,0.6666667,0.6666667]}]},{"b":58,"t":1,"s":[{"p":[0.03084564,0.07050115,-0.02177792],"r":[296.9171,59.25263,305.2575],"s":[0.01749903,0.02710009,0.01652401],"c":[0.6666667,0.6666667,0.6666667]}]},{"b":5,"t":1,"s":[{"p":[0.01479817,0.07968885,0.001992358],"r":[2.414837E-06,180,90],"s":[0.001000216,0.001000154,0.04601917],"c":[0.6666667,0.6666667,0.6666667]}]},{"b":5,"t":1,"s":[{"p":[-0.0008999258,0.0762787,0.02754508],"r":[346.9465,117.5318,85.20748],"s":[0.001000305,0.001000224,0.04320665],"c":[0.6666667,0.6666667,0.6666667]}]}]}