{"v":7,"a":[22,18,31],"p":[{"b":3,"t":2,"t1":168,"s":[{"p":[0,0,0],"r":[0,0,-1.600825E-06],"s":[0.02769223,0.02768947,0.02769172],"c":[0.9714286,1,0],"t1":{"c":[1,0.1714285,0],"a":0.05}}]}]}