{"v":7,"a":[2,3,22],"p":[{"im":"939465072079708011/AEFDCD42ADC844F262CE964A86445AB95AF659E8/","s":[{"p":[0,0,0],"r":[0,0,0],"s":[0.183011,0.001000084,0.2331211],"c":[1,1,1]}]}]}