{"v":7,"a":[22,31],"p":[{"b":9,"s":[{"p":[0,0,0],"r":[0,0,0],"s":[0.1793716,0.1493715,0.1810018],"c":[1,1,1]}]},{"b":17,"a":[33],"s":[{"p":[0.006758431,0.004767746,0.2103884],"r":[1.557553,197.2954,279.8563],"s":[0.0006772203,0.0006773347,0.04064125],"c":[1,1,1]}]}]}