{"v":7,"a":[22],"p":[{"b":59,"t":7,"c":[[-1.034025,0.01816899,0.0249512,104,82],[-1.038357,0.01880506,0.01083688,101],[-1.036079,0.01859958,0.01535622,96,3],[-1.038342,0.01897638,0.009072567,106,69],[-1.035122,0.01733102,0.01817783,82,18],[-0.9902915,0.0190128,0.3785135,102],[-0.9827739,0.01915364,0.3707673,103],[-0.9915459,0.01905297,0.3746256,177],[-0.9897143,0.02081252,0.3801522,98],[-0.9919674,0.0199264,0.3734552,105,71],[-0.9986557,0.0185813,0.3793132,83,14],[-0.9132491,-0.04965971,0.3701345,109],[-0.9737478,-0.04729631,-0.03115092,172],[-0.9873636,0.01868727,0.3643313,79],[-1.041984,0.0176259,0.02034714,178],[-1.044792,0.01764217,0.01462573,80]],"s":[{"p":[0,0,0],"r":[0,0,0],"s":[3.32434,31.43172,3.208358],"c":[0.285714,0,1]}]}]}