{"n":"floor","v":7,"a":[7,18],"p":[{"s":[{"p":[0,0,0],"r":[0,0,0],"s":[10.5651,0.06129388,7.003133],"c":[0.3333332,0.3333332,0.3333332]}]}]}