{"v":7,"a":[22,18],"p":[{"t1":43,"t2":43,"s":[{"p":[0,0,0],"r":[0,0,0],"s":[8.427249,0.1751343,2.633778],"c":[0.1111109,0.1111109,0.1111109],"t1":{"c":[1,0,0],"x":0.5,"y":0.6014273,"a":1,"m":0,"n":0,"r":0.1065679,"g":1,"o":0.5,"t":0.5,"e":0.5},"t2":{"c":[0.7777778,0.08641972,0.08641972],"x":0.5,"y":0.5,"a":0.8925,"m":0,"n":0,"r":0,"g":0,"o":0.5,"t":0.5,"e":0.5}}]}]}