{"n":"high scores","v":7,"a":[7,18,51],"p":[{"t":1,"s":[{"p":[0.8829715,-0.07164077,0.01577628],"r":[270,9.659345E-06,0],"s":[2.241662,0.03358821,0.1750369],"c":[0,0.7428566,1]}]},{"b":143,"t":2,"e":"BIGGEST BALLS\n\n[PERSON.BBHSCORE VALUES]","s":[{"p":[1.182049E-07,-0.01639748,-0.01444054],"r":[0,0,-1.001791E-05],"s":[0.0134399,0.01343685,0.0134401],"c":[0.9714286,1,0]}]}]}