{"v":7,"a":[48,49],"p":[{"b":73,"t":3,"s":[{"p":[0,0,0],"r":[0,0,-8.537737E-07],"s":[0.0231124,0.02311238,0.02311234],"c":[1,1,1]}]}]}