{"v":7,"p":[{"b":11,"s":[{"p":[0.1608039,-0.05814141,0.04288431],"r":[2.822407,1.466467,0.3784807],"s":[0.007934677,0.1827123,0.2787489],"c":[0.5555556,0.5555556,0.5555556]},{"p":[-0.9120826,0.2612961,0.001033545],"r":[356.3439,1.266474,142.7548],"s":[0.007934673,0.1827122,0.2787488],"c":[0.5555556,0.5555556,0.5555556]},{"p":[-0.7134504,-0.3304467,0.2575547],"r":[321.3219,351.8004,249.9111],"s":[0.007934685,0.1827126,0.2787492],"c":[0.5555556,0.5555556,0.5555556]}]}]}