{"v":7,"a":[22],"p":[{"b":12,"a":[36],"i":[{"t":"5c43619a6da22f583573172a","p":[-1.527977E-05,-0.1207294,-0.001474359],"r":[270,7.423793E-06,0]}],"s":[{"p":[0,0,0],"r":[0,0,0],"s":[0.03403237,0.02656433,0.03856254],"c":[1,1,1],"b":["when told by any ston then become 2 in 3s","when told by any ston then play blanket cloth movement"]},{"p":[0.2018327,0.056656,-0.4007206],"r":[0,270,0],"s":[0.03404657,0.0265654,0.03857852],"c":[1,1,1],"b":["when told by any  stoff then become 1 in 3s"]}]}]}