{"v":7,"p":[{"b":9,"s":[{"p":[0,0,0],"r":[0,0,1.707547E-06],"s":[0.125,0.1250001,0.125],"c":[1,1,1]}]},{"b":62,"s":[{"p":[-0.03598811,0.08437641,-0.06550375],"r":[358.8136,274.7094,71.20696],"s":[0.1250001,0.1250002,0.1250002],"c":[1,1,1]}]},{"b":62,"s":[{"p":[-0.04175939,-0.03417848,-0.09753935],"r":[6.485702,266.9579,75.56032],"s":[0.125,0.125,0.125],"c":[1,1,1]}]},{"b":43,"s":[{"p":[0.03382146,0.03378657,-0.08392483],"r":[75.01632,188.636,18.55149],"s":[0.1250001,0.1250001,0.1250001],"c":[1,1,1]}]}]}