{"v":7,"a":[31],"p":[{"b":88,"t":7,"s":[{"p":[0,0,0],"r":[0,0,0],"s":[1.325349,1.326299,1.325348],"c":[0.6049383,0.7777778,0.7777778]}]}]}