{"n":"tree","v":7,"a":[20],"p":[{"b":52,"s":[{"p":[0,0,0],"r":[0,0,0],"s":[0.5192013,3.817738,0.5192326],"c":[0.2222221,0.160141,0.02469136]}]}]}