{"v":7,"p":[{"b":9,"s":[{"p":[0,0,0],"r":[0,0,8.537737E-07],"s":[0.125,0.125,0.1250001],"c":[1,1,1]}]},{"b":9,"s":[{"p":[0.1809765,0.2405508,-0.2492782],"r":[337.6979,43.12313,16.11908],"s":[0.125,0.125,0.1250001],"c":[1,1,1]}]}]}