{"v":7,"a":[7],"p":[{"s":[{"p":[0,0,0],"r":[0,0,-7.656432E-20],"s":[0.140764,6.902728,0.2179236],"c":[1,1,1]}]}]}