{"v":7,"p":[{"b":9,"s":[{"p":[0,0,0],"r":[0,0,-9.604954E-07],"s":[0.09603606,0.1078645,0.100886],"c":[1,1,1],"b":["when starts then rotate forward"]},{"p":[0.04928,-0.007267918,0.0554545],"r":[345.7734,316.5127,8.046599],"s":[0.09603633,0.1078648,0.1008863],"c":[1,1,1],"b":["when starts then become 1 0.7s"]},{"p":[0.05556383,-0.03142639,0.01527571],"r":[3.514484,310.3422,23.8879],"s":[0.09603706,0.1078658,0.1008872],"c":[1,1,1],"b":["when starts then become 2 in 0.07s"]}]}]}