{"n":"spawn flag","v":7,"a":[22],"p":[{"s":[{"p":[-0.01113508,0.008587919,-0.03213709],"r":[357.0409,359.4457,0.04586624],"s":[0.01969056,0.01474464,1.72553],"c":[0.4444443,0.3047618,0]}]},{"b":11,"s":[{"p":[-0.04372635,0.1108041,0.6622304],"r":[38.00215,19.57059,209.0738],"s":[0.007176733,0.129367,0.1308396],"c":[1,0,0]}]}]}