{"v":7,"a":[2,3,31,32],"p":[{"b":5,"t":12,"s":[{"p":[0,0,0],"r":[0,0,-8.537737E-06],"s":[0.01351917,0.0135194,0.1750697],"c":[0.2222221,0.2222221,0.2222221],"b":["when triggered then become next in 0.25s"]},{"p":[0,0,0],"r":[0,0,-8.537737E-06],"s":[0.01351917,0.0135194,0.1750697],"c":[0.1142855,1,0],"b":["when starts then become next in 0.4","when starts then send one nearby onto telepad"]}]},{"b":5,"t":1,"s":[{"p":[0,0,0.04999924],"r":[0,0,-8.537737E-06],"s":[0.01083758,0.0108379,0.1723904],"c":[1,1,1]}]},{"b":73,"t":1,"i":[{"t":"5c452be7cd5a7e583619a7fe","p":[0,0,0],"r":[8.964238E-08,4.740032E-06,90.00001]}],"s":[{"p":[1.490116E-08,2.18557E-08,0.125],"r":[-8.964187E-08,-8.964185E-08,90],"s":[0.03209344,0.03208247,0.03208292],"c":[1,1,1]}]}]}