{"v":7,"p":[{"b":5,"t":1,"s":[{"p":[0,0,0],"r":[0,0,0],"s":[0.002747385,0.002957417,0.1463917],"c":[0.4444443,0.2497353,0.148148]}]},{"b":73,"t":1,"s":[{"p":[-0.0003181158,0.0004639775,0.04917867],"r":[34.45431,38.05212,334.8311],"s":[0.02779448,0.02779448,0.02779448],"c":[0.4444443,0.2497353,0.148148]}]}]}