{"n":"sceptre achiever","v":7,"p":[{"s":[{"p":[-3.552469,1.045391,-2.648155],"r":[342,251.625,-8.977108E-07],"s":[0.175,0.175,0.175],"c":[1,1,1],"b":["when touched then set quest achieve cube touch","when touched then become next in 0.2s"]},{"p":[-3.552469,1.045391,-2.648155],"r":[342,251.625,-8.977106E-07],"s":[0.6533583,0.175,0.175],"c":[0.1015871,0.8888889,0],"b":["when starts then become next in 0.5s"]}]}]}