{"v":7,"p":[{"s":[{"p":[-1.681468,0.2576581,-0.02848363],"r":[5.0792,2.56476,264.5552],"s":[0.1437368,0.4252548,1.751557],"c":[0.4444442,0.276543,0.09876522]}]},{"s":[{"p":[-0.03141068,0.006015822,-0.05875687],"r":[7.679678,359.5786,357.9898],"s":[0.4636647,0.1215737,1.751557],"c":[0.4444442,0.276543,0.09876522]}]},{"s":[{"p":[-0.8651361,0.01192203,0.7901713],"r":[349.1798,268.8276,263.7346],"s":[0.2327144,0.3629841,1.89422],"c":[0.4444442,0.276543,0.09876525]}]}]}