{"n":"laser","v":7,"a":[22,12,18],"p":[{"b":4,"t":2,"t2":4,"s":[{"p":[0,0,0],"r":[0,0,0],"s":[0.005237117,0.005250067,0.050209],"c":[1,0,0],"t2":{"c":[0,0,0],"x":0.17,"y":0.17,"a":0.69625,"m":0.5,"n":0.5,"r":0,"g":0,"o":0.5,"t":0.5,"e":0.5}}]}]}