{"n":"telepad","v":7,"a":[2,16,31],"p":[{"b":73,"t":21,"s":[{"p":[0,0,0],"r":[0,0,0],"s":[0.1135806,0.1135821,0.1135836],"c":[0.1142855,1,0],"b":["when touched then become soft start next in 0.5","when touched then tell any gotele"]},{"p":[0,0,0],"r":[0,0,0],"s":[0.3639435,0.363945,0.3639465],"c":[0,0,0],"b":["when starts then destroy all parts"]}]}]}