{"n":"ground","v":7,"a":[1,22],"p":[{"b":17,"s":[{"p":[0,0,0],"r":[0,0,-7.656432E-20],"s":[4.521895,0.1513024,11.15537],"c":[0.9019608,0.8509804,0.7215686]}]}]}