{"v":7,"p":[{"b":12,"s":[{"p":[0,0,0],"r":[0,0,1.067217E-07],"s":[0.06000001,0.06000004,0.06000003],"c":[1,1,1]}]},{"b":5,"s":[{"p":[-0.003010266,0.09464386,0.01176067],"r":[271.7574,205.9561,118.6118],"s":[0.1000001,0.1000001,0.1000001],"c":[1,1,1]}]},{"b":7,"s":[{"p":[0.03482648,0.1744197,0.004992703],"r":[273.9335,258.4464,80.49236],"s":[0.2110962,0.1250001,0.1250001],"c":[1,1,1]}]},{"b":79,"s":[{"p":[0.3372537,-0.1576086,-0.172922],"r":[0.9659575,42.4285,359.78],"s":[0.075,0.075,0.07500002],"c":[1,1,1]}]}]}