{"n":"redking amiibo","v":7,"a":[7],"p":[{"b":5,"a":[12],"i":[{"t":"5c46ac4d4712c86474946c28","p":[-0.01592493,-0.01665211,0.03557456],"r":[17.96957,339.921,128.3486]}],"s":[{"p":[0,0,0],"r":[0,0,0],"s":[0.03765319,0.03765287,0.1395986],"c":[1,1,1]}]}]}