{"v":7,"a":[2,22,15,31],"p":[{"b":69,"t":21,"pr":11,"s":[{"p":[0.002244987,0.002258481,-0.05117018],"r":[45.00002,90,270],"s":[0.01811036,0.01811021,0.01810891],"c":[0,1,1],"pr":{"c":[0,0.9142855,1],"m":0.3023496,"a":0.25,"s":0.15,"z":0.8677924,"g":0.5,"h":0.02479911}}]},{"b":69,"t":2,"a":[18],"pr":11,"s":[{"p":[0.001732734,0.002538589,-0.05060709],"r":[45.00001,90,270],"s":[0.01990586,0.01990573,0.01990421],"c":[0.07407401,0.6666667,0.6666667],"pr":{"c":[0,0.9142855,1],"m":0.25,"a":0.25,"s":0.15,"z":0.25,"g":0.5,"h":0.25}}]},{"b":4,"a":[12],"s":[{"p":[0,0,0],"r":[0,0,3.415094E-06],"s":[0.01355521,0.01355169,0.01355481],"c":[1,1,1]}]}]}