{"n":"rules button","v":7,"a":[30],"p":[{"b":132,"t":2,"e":"RULES","s":[{"p":[0.009143353,0.004844902,0.01648867],"r":[0,0,-2.049057E-05],"s":[0.001000537,0.001001046,0.001001036],"c":[0.1142855,1,0]}]},{"b":60,"s":[{"p":[0.03929639,-0.003885515,0.03132498],"r":[359.7847,179.2868,180.1997],"s":[0.06593292,0.02132734,0.02712467],"c":[0,0,0],"b":["when touches hand  then tell any gamerules"]}]}]}