{"n":"pause button","v":7,"a":[7,18],"p":[{"b":129,"t":2,"e":"PAUSE","s":[{"p":[-0.02869082,-0.01507449,0.009497046],"r":[0,180,180],"s":[0.003000612,0.003000612,0.003000681],"c":[1,0,0]}]},{"s":[{"p":[0,0,0],"r":[0,0,0],"s":[0.08317711,0.04733097,0.01231114],"c":[0,0,0],"b":["when touches hand then tell any stopastroids, then become next in 0.2s"]},{"p":[0,0,-0.00701952],"r":[0,0,0],"s":[0.08317975,0.04733253,0.01231167],"c":[0,0,0],"b":["when starts then become previous in 0.2s"]}]}]}