{"n":"mouth 2","v":7,"a":[22,21],"p":[{"b":51,"s":[{"p":[-0.01488139,0.01151938,0.003260615],"r":[359.7325,0.06400876,172.9008],"s":[0.04691874,0.04690757,0.04694131],"c":[1,0.9079365,0.8888889]}]},{"b":3,"s":[{"p":[-0.01356575,0.01221726,0.001720431],"r":[82.8958,272.2104,92.16309],"s":[0.01095404,0.03062815,0.0003749018],"c":[1,0.9650794,0.8888889]}]},{"b":50,"s":[{"p":[-0.01638884,0.01205708,0.002860072],"r":[359.7325,0.06400879,352.9008],"s":[0.03303693,0.02769909,0.04687819],"c":[1,0.9079365,0.8888889],"b":["when talked from then become 2 in 0.1s"]},{"p":[-0.02588121,0.01452315,0.002129555],"r":[0,1.017778E-13,0],"s":[0.03303994,0.02770525,0.0468938],"c":[1,0.9079365,0.8888889],"b":["when starts then become 1 in 0.1s"]}]}]}