{"v":7,"a":[4],"p":[{"b":166,"s":[{"p":[0,0,0],"r":[0,0,0],"s":[0.03000002,0.03000005,0.03000004],"c":[1,1,1]}]}]}