{"n":"floor edge","v":7,"a":[7,18],"p":[{"b":64,"t":10,"s":[{"p":[0,0,0],"r":[0,0,0],"s":[2.561744,0.1249417,1.292311],"c":[0.6666667,0,0]}]}]}