{"n":"ball","v":7,"p":[{"b":73,"t":11,"s":[{"p":[0,0,0],"r":[0,0,-1.707547E-06],"s":[0.2250001,0.225,0.2250001],"c":[0.7777778,0.7777778,0.7777778]}]}]}