{"n":"entrance","v":7,"a":[1,7,18,48,49],"p":[{"s":[{"p":[0,0,0],"r":[0,0,0],"s":[0.1750156,0.175014,0.02109033],"c":[1,1,1]}]}]}