{"v":7,"a":[24],"bod":{"al": {"i":"5c2451664d67fc6f6091fb6f","p":[-0.02928703,0.004901417,-0.09279611],"r":[9.447312,7.166577,220.0337]},"ar": {"i":"5c252b958436ee6f7daa6d33","p":[0.151846,0.04145801,-0.2711368],"r":[50.2536,114.2924,306.8745]},"ut": {"i":"5c24586ffbec9a3178ec66f5","p":[-0.0667298,0.1644818,0.08495644],"r":[297.4145,295.1797,143.3691]},"lt": {"i":"5c2442305496586f5aa0cbe0","p":[0.001821639,0.04110944,0.1243846],"r":[275.8463,193.0617,350.7247]}},"p":[{"b":10,"s":[{"p":[-0.1414565,0.07069615,0.0004871711],"r":[79.67628,223.6969,294.1112],"s":[0.1600153,0.1935338,0.1805704],"c":[1,0.895238,0.6666666]}]},{"b":10,"s":[{"p":[-0.1731286,0.08014832,-0.1453372],"r":[22.15846,95.86323,25.12037],"s":[0.02604952,0.01782206,0.04434628],"c":[0.111111,0.111111,0.111111]}]},{"b":10,"s":[{"p":[-0.145928,0.158403,-0.1111324],"r":[16.66297,100.3444,333.58],"s":[0.0260495,0.01782205,0.04434622],"c":[0.111111,0.111111,0.111111]}]},{"b":17,"s":[{"p":[-0.08316757,0.04640033,0.03297903],"r":[297.7872,47.30444,282.9948],"s":[0.09401758,0.1578494,0.1368575],"c":[0.3333332,0.2518517,0.07407398]}]}]}