{"n":"ground","v":7,"a":[7,18],"p":[{"b":60,"s":[{"p":[0,0,0],"r":[0,0,0],"s":[27.10067,21.95396,0.05878465],"c":[0.0761902,0.6666667,0]}]}]}