{"n":"mort right hand","v":7,"a":[31],"p":[{"s":[{"p":[0,0,0],"r":[0,0,0],"s":[0.01297881,0.01297881,0.01297881],"c":[1,1,1]}]}]}