{"n":"mort arm","v":7,"a":[12],"p":[{"b":3,"i":[{"t":"5c4d2ff2a9b2d3019c9aeab1","p":[0.001217537,0.0004221201,0.1206695],"r":[329.3924,33.80635,345.1767]}],"s":[{"p":[-1.490116E-08,2.009849E-08,0.11495],"r":[0,0,0],"s":[0.03338303,0.03338136,0.1239449],"c":[1,0.8253968,0.4444441],"b":["when starts then all parts face nearest mort right hand point"]},{"p":[0,0,0],"r":[0,0,0],"s":[0.0333817,0.03338125,0.1239395],"c":[1,0.8253968,0.4444441]}]}]}