{"n":"ferny monster arm","v":7,"a":[21],"p":[{"b":166,"s":[{"p":[0,0,0],"r":[0,0,0],"s":[0.4013967,0.2993978,0.401397],"c":[1,1,1]}]}]}