{"v":7,"a":[2,3],"inc":[["thing","5c4d7b6d928d804874adc8b4"],["thing 2","5c4d7bb791ad81055e089057"],["thing 3","5c4d7be5d728b7487b8ce060"],["thing 4","5c4d7c27f2406a487ad68285"]],"p":[{"b":4,"s":[{"p":[0,0,0],"r":[0,0,0],"s":[0.1250002,0.1250001,0.1250002],"c":[1,1,1],"b":["when triggered then emit thing 4 with 0"]}]}]}