{"v":7,"a":[7],"p":[{"s":[{"p":[0,0,0],"r":[0,0,0],"s":[0.8401191,0.001000011,0.7108639],"c":[1,1,1]}]},{"s":[{"p":[-0.3663816,0.1181555,-0.409668],"r":[1.001791E-05,-2.035555E-12,270],"s":[0.1750029,0.001,0.5278109],"c":[1,1,1]}]}]}