{"v":7,"a":[7,21,31],"p":[{"s":[{"p":[0.003633485,-0.01481468,-0.02519437],"r":[359.8904,352.3379,358.9543],"s":[0.237377,0.2373765,0.2373754],"c":[0.1015872,0,0.8888889]}]},{"t":7,"s":[{"p":[-0.01120542,-0.01777145,-0.02295387],"r":[359.8904,352.3379,358.9543],"s":[0.3148453,0.3148409,0.3148298],"c":[0.1015872,0,0.8888889]}]}]}