{"n":"sunglarses","v":7,"a":[21,31,33],"p":[{"b":7,"t":1,"s":[{"p":[-0.3785447,0.0008834153,-0.001791425],"r":[11.64626,359.3986,10.51743],"s":[0.148934,0.002431777,0.2506519],"c":[0,0,0]}]},{"b":7,"t":1,"s":[{"p":[-0.1214748,0.04764746,0.010546],"r":[11.64626,359.3986,10.51743],"s":[0.1489414,0.002431782,0.2506647],"c":[0,0,0]}]},{"t":1,"s":[{"p":[-0.4133209,-0.1946828,-0.1199886],"r":[346.7881,179.3539,152.6759],"s":[0.002433316,0.4256985,0.0264425],"c":[0,0,0]}]},{"t":1,"s":[{"p":[0.04258752,-0.1192165,-0.09270764],"r":[350.0799,189.3893,168.4437],"s":[0.002433202,0.4256882,0.02644213],"c":[0,0,0]}]}]}