{"n":"ferny monster tales ","v":7,"a":[21],"p":[{"b":3,"s":[{"p":[0,0,0],"r":[0,0,0],"s":[0.8920833,1.871422,1.089617],"c":[1,1,1]}]},{"b":3,"s":[{"p":[-0.746387,1.838522,-0.08437547],"r":[356.7354,356.9422,43.95639],"s":[0.8921627,1.87155,1.089712],"c":[1,1,1]}]}]}