{"v":7,"a":[7],"p":[{"b":16,"t":19,"s":[{"p":[0,0,0],"r":[0,0,0],"s":[0.03421687,0.07161117,0.001000004],"c":[0,0,0]}]},{"b":16,"t":19,"s":[{"p":[-2.602032,-0.006637353,-14.58814],"r":[1.001791E-05,180,1.001791E-05],"s":[0.03422143,0.071614,0.001000108],"c":[0,0,0]}]}]}