{"v":7,"p":[{"b":9,"s":[{"p":[0,0,0],"r":[0,0,0],"s":[0.125,0.125,0.125],"c":[1,1,1]},{"p":[0,0,0],"r":[0,0,0],"s":[0.125,0.125,0.125],"c":[1,1,1]}]},{"b":9,"s":[{"p":[0.01005324,0.001501949,-0.02752868],"r":[352.7795,4.908918,348.6898],"s":[0.1250001,0.1250001,0.1250002],"c":[1,1,1]}]},{"b":9,"s":[{"p":[-0.01045295,-0.001840636,0.06293875],"r":[353.5266,353.9,0.01096886],"s":[0.125,0.1250001,0.1250001],"c":[1,1,1]}]}]}