{"n":"brick","v":7,"a":[7,18],"p":[{"b":60,"t1":29,"s":[{"p":[0,0,0],"r":[0,0,0],"s":[0.5544389,0.2032616,0.3281076],"c":[0.111111,0.111111,0.111111],"t1":{"c":[0.4444444,0.4444444,0.4444444],"x":0.5,"y":0.5,"a":0.8925,"m":0,"n":0,"r":0,"g":0,"o":0.5,"t":0.5,"e":0.5}}]}]}