{"n":"bowl","v":7,"a":[50],"p":[{"b":86,"s":[{"p":[0,0,0],"r":[7.546372E-08,3.415095E-06,7.546454E-08],"s":[0.04459553,0.04459493,0.04459568],"c":[0.6666667,0.4148145,0.1481479],"b":["when touches coin then tell game"]},{"p":[0.01673902,0.008320148,-0.009789463],"r":[2.542929,3.712617,358.3862],"s":[0.0445949,0.04459478,0.04459492],"c":[0.6666667,0.4148145,0.1481479]}]},{"b":5,"a":[36],"s":[{"p":[-0.07946776,0.02970661,-0.03164486],"r":[14.98079,66.46358,355.1702],"s":[0.007978801,0.001,0.001000004],"c":[0.9714286,1,0],"b":["when told game then become 2"]},{"p":[0.001174505,-0.01818651,0.002031807],"r":[88.35337,108.1034,155.9015],"s":[0.01693507,0.02515826,0.01681592],"c":[0.9714286,1,0],"b":["when told by nearby game then become 1"]}]}]}