{"n":"ferny monster tales 3","v":7,"a":[21],"p":[{"b":3,"s":[{"p":[1.896283,0.3840835,-0.4342935],"r":[46.7583,340.2069,267.623],"s":[0.5495983,0.410678,1.115262],"c":[1,1,1]}]},{"b":198,"t":1,"s":[{"p":[1.495476,-1.932065,0.6748877],"r":[0.8269426,72.80862,277.2207],"s":[0.5353467,0.5353543,0.5353032],"c":[1,1,1]}]}]}