{"n":"ferny monster arm 2","v":7,"a":[21],"p":[{"b":166,"s":[{"p":[0,0,0],"r":[0,0,0],"s":[0.4752737,0.2282455,0.4752722],"c":[1,1,1]}]}]}