{"v":7,"p":[{"s":[{"p":[0,0,0],"r":[0,0,0],"s":[0.1208698,0.5195367,0.12918],"c":[1,1,1]}]}]}