{"v":7,"a":[7,31,32],"p":[{"b":2,"a":[12,37,36],"i":[{"t":"5c52575f629b2a43a8dd5411","p":[0.08750026,2.887201E-09,0.06250001],"r":[-9.659351E-06,-4.222237E-13,180]}],"s":[{"p":[-5.960464E-08,0,-0.5750001],"r":[-1.001791E-05,4.378969E-13,-3.828217E-20],"s":[0.0283212,0.02833523,0.02832192],"c":[1,1,1],"b":["when told detonatorextend then become next in 3"]},{"p":[0,0,0],"r":[0,0,0],"s":[0.02830908,0.02831379,0.02830841],"c":[1,1,1],"b":["when starts then tell detonatorextend2","when told detonatorretract then tell detonatorretract2","when told detonatorretract then become next in 2"]},{"p":[0,0,0],"r":[0,0,0],"s":[0.02830908,0.02831379,0.02830841],"c":[1,1,1],"b":["when starts then become 1 in 3"]}]}]}