{"v":7,"a":[31],"p":[{"b":17,"t":2,"s":[{"p":[0.04040186,-0.004198588,-0.006304974],"r":[0.5721344,2.199288,6.511844],"s":[0.037639,0.03763894,0.03763897],"c":[0.8888889,0.4571425,0]}]},{"b":151,"t":20,"a":[18],"pr":5,"s":[{"p":[0.04658303,0.004434867,-0.003361847],"r":[7.335496,348.1074,29.1444],"s":[0.06000019,0.0600001,0.06000014],"c":[0.8888889,0.4571425,0],"pr":{"c":[1,0.5142855,0],"m":0.25,"a":0.25,"s":0.15,"z":0.25,"g":0.5,"h":0.25}}]}]}