{"v":7,"p":[{"s":[{"p":[0,0,0],"r":[0,0,0],"s":[12.21748,38.25545,0.3336223],"c":[1,1,1]}]}]}