{"v":7,"a":[7],"tp_lp": [1,1,1],"p":[{"b":17,"s":[{"p":[0,0,0],"r":[0,0,0],"s":[30.03891,0.2504969,46.29829],"c":[0.9019608,0.8509804,0.7215686]}]}]}