{"v":7,"a":[7,18],"p":[{"a":[12,36],"su":[{"i":"5876ff6eae87fe114802f4a7","t":"5876ff6c20b64d0d106a40a5","p":[0.3015518,0.007030964,-1.031045],"r":[1.526666E-13,180,180]}],"s":[{"p":[0,0,0],"r":[0,0,0],"s":[0.1750187,0.1750212,0.1750186],"c":[1,1,1],"b":["when told by any open then play wood stick clanking with low-pitch, become next in 4"]},{"p":[-1.576045,0,0],"r":[-1.526666E-13,1.024528E-05,1.707547E-06],"s":[0.1750337,0.1750374,0.175034],"c":[1,1,1],"b":["when told by any close then play horror falling gate 2, become next in 0.2s"]}]}]}