{"v":7,"a":[2,3],"inc":[["launcher","5c53d30b35401b346592c43c"]],"p":[{"b":4,"s":[{"p":[0,0,0],"r":[0,0,0],"s":[0.125,0.1250001,0.1250001],"c":[1,1,1],"b":["when triggered then emit gravity-free launcher with 10"]}]}]}