{"v":7,"a":[22,32],"p":[{"b":201,"s":[{"p":[0.15,-0.04999998,0.08749996],"r":[9.659347E-06,180,270],"s":[0.01449993,0.01450083,0.01450057],"c":[1,1,1]}]},{"b":5,"s":[{"p":[0.15,-0.02500007,-0.02499999],"r":[22.5,-5.700221E-06,-1.115176E-05],"s":[0.01147532,0.004125657,0.2220899],"c":[1,1,1]}]},{"b":5,"s":[{"p":[0.15,-0.02500006,-0.01250006],"r":[-1.001792E-05,9.203016E-20,-1.052702E-12],"s":[0.01147604,0.004125712,0.2221041],"c":[1,1,1]}]}]}