{"v":7,"p":[{"t":10,"s":[{"p":[0,0,0],"r":[0,0,1.707547E-06],"s":[0.9839166,0.2917682,0.4144472],"c":[1,0.6857142,0]}]},{"b":3,"t":10,"s":[{"p":[0.5538803,0.003760099,0.005892004],"r":[8.764759,135.6636,69.82111],"s":[0.1250001,0.1250001,0.1250002],"c":[0.1142857,0,1]}]}]}