{"v":7,"a":[7,31,32],"p":[{"b":5,"t":11,"t1":157,"s":[{"p":[0,0,0],"r":[0,0,0],"s":[0.04533894,0.045337,0.04534466],"c":[0.5555556,0.3809515,0],"t1":{"c":[0,0,0],"x":0.4405571,"y":0.6803116,"a":1,"m":0,"n":0,"r":0,"g":0,"o":0.5,"t":0.5,"e":0.5}}]},{"b":4,"a":[12,37,36],"i":[{"t":"5c553ab054acbd10a692a1b0","p":[-4.331362E-08,0.1000001,0.2375],"r":[-2.878717E-13,2.015096E-12,1.366038E-05]}],"s":[{"p":[2.841242E-08,1.420621E-08,-0.1625001],"r":[5.757418E-13,-4.605935E-12,90],"s":[0.04000065,0.03999488,0.04000428],"c":[1,1,1],"b":["when told rocketextend then become next in 5"]},{"p":[8.742282E-09,4.371141E-09,-0.05000003],"r":[5.75742E-13,-2.302967E-12,90],"s":[0.03999523,0.03999441,0.03999884],"c":[1,1,1],"b":["when told retract then become previous in 5"]}]}]}