{"v":7,"a":[2,3,22],"inc":[["thing","5c565276b8a06605533cb342"],["testround","5c5653b2c075311098f1c81c"],["testround2","5c5653f3e5654a1d93452ce0"]],"p":[{"s":[{"p":[-0.002764629,-0.01001448,-0.1166492],"r":[350.253,1.722862,101.2048],"s":[0.04739229,0.05630606,0.1750034],"c":[1,1,1]}]},{"b":4,"s":[{"p":[-0.00678474,0.009249559,0.02385536],"r":[350.253,1.722861,11.20485],"s":[0.007666808,0.007666381,0.007666837],"c":[1,1,1],"b":["when triggered then emit testround2 with 20"]}]}]}