{"v":7,"p":[{"b":18,"e":"BASIC COMPONANTS","s":[{"p":[0,0,0],"r":[0,0,0],"s":[0.006995902,0.006995898,0.006995905],"c":[0,0,0]}]}]}