{"n":"blueball","v":7,"a":[2,21],"p":[{"b":73,"t":19,"a":[18],"t1":168,"t2":168,"s":[{"p":[0,0,0],"r":[-3.628538E-06,-1.334021E-06,4.224174E-14],"s":[0.116189,0.1161892,0.1161891],"c":[0,0,0],"b":["when starts then trail start with thick-end 0.3s"],"t1":{"c":[0,0.03174577,0.5555556],"a":0.01328592},"t2":{"c":[0,0.7428569,1],"a":0.009852052}}]}]}