{"v":7,"a":[2,22],"tp_m": 3,"tp_ad": 0.1,"p":[{"b":3,"t":3,"c":[[0.697,0.032,-0.536,3,35],[-0.211,0.071,-0.576,0],[-0.0755446,0.5199952,-0.5606544,4],[-0.6633227,0.3290113,-0.5606542,5],[-0.6633227,-0.2890114,-0.5606542,2],[-0.0755446,-0.4799948,-0.5606544,1,38]],"s":[{"p":[0,0,0],"r":[0,0,0],"s":[0.01132557,0.01447103,0.04107511],"c":[1,0.7904761,0.3333332]},{"p":[0,0,0],"r":[0,0,0],"s":[0.01132557,0.01447103,0.002542078],"c":[1,0.7904761,0.3333331]}]},{"b":4,"s":[{"p":[-0.0005569458,-5.041812E-05,0.0424108],"r":[3.283617E-06,1.546056E-06,270],"s":[0.004952708,0.004442905,0.004171581],"c":[1,1,1],"b":["when starts then rotate forward with 5"]}]}]}