{"v":7,"a":[22],"p":[{"a":[12,31],"i":[{"t":"5c5631dc2f51671d92b0e014","p":[-0.009887695,0.009475708,-0.2317505],"r":[0,270,0]}],"s":[{"p":[0,0,0],"r":[0,0,0],"s":[0.1754908,0.1754147,0.175491],"c":[1,1,1],"b":["when starts then become next in 20s"]},{"p":[0,0,-353.8661],"r":[0,180,0],"s":[0.1756744,0.1756265,0.1756953],"c":[1,1,1],"b":["when starts then become 1 in 50s"]}]}]}