{"v":7,"a":[7,18],"p":[{"t":1,"s":[{"p":[-1.192093E-06,-1.192093E-07,-0.0520184],"r":[0,0,8.537737E-06],"s":[6.376424,1.122132,0.8011838],"c":[1,1,1]}]},{"t":1,"s":[{"p":[-1.66893E-06,3.576279E-07,0.3669646],"r":[0,0,8.537737E-06],"s":[6.427458,1.233618,0.07141089],"c":[1,1,1]}]},{"b":11,"t":1,"s":[{"p":[0.0007224083,-0.2341796,0.4836488],"r":[0,0,8.537737E-06],"s":[3.21466,0.5768514,0.1087316],"c":[1,1,1]}]}]}