{"v":7,"a":[22,18,31],"p":[{"b":82,"s":[{"p":[0,0,0],"r":[0,0,0],"s":[0.220549,0.2205547,0.2205525],"c":[1,1,1]}]}]}