{"v":7,"p":[{"s":[{"p":[0,0,0],"r":[0,0,0],"s":[0.6852505,0.4396169,0.05951629],"c":[1,1,1]}]}]}