{"v":7,"p":[{"b":5,"s":[{"p":[0,0,0],"r":[0,0,-3.415094E-06],"s":[0.011167,0.01561064,0.1927676],"c":[0,1,1]}]}]}