{"v":7,"p":[{"a":[1,4],"s":[{"p":[0,0,0],"r":[0,0,0],"s":[3.825922,0.07600519,2.192909],"c":[1,1,1]}]}]}