{"n":"ground","v":7,"a":[1,22],"p":[{"b":17,"s":[{"p":[0,0,0],"r":[0,0,0],"s":[8.463797,0.2843169,8.93296],"c":[0.8888889,1,1]}]}]}