{"v":7,"a":[22,18],"p":[{"b":202,"pr":5,"s":[{"p":[0,0,0],"r":[0,0,0],"s":[0.06000094,0.06000546,0.06000653],"c":[0.3333332,0.3333332,0.3333332],"b":["when touches hand then send one nearby onto  updest"],"pr":{"c":[0.1234567,0.5555556,0.5555556],"m":1,"a":1,"s":0.15,"z":0.4267502,"g":0.4294109,"h":0}}]}]}