{"v":7,"p":[{"t":1,"s":[{"p":[0,0,0],"r":[0,0,0],"s":[0.4658911,0.001,0.3318176],"c":[0.9714286,1,0]}]},{"b":131,"e":"PLEASE","s":[{"p":[-0.1057643,0.01711462,0.0877374],"r":[86.64147,210.2934,210.6615],"s":[0.005643992,0.005643992,0.005643992],"c":[1,1,1]}]},{"b":131,"e":"STOP","s":[{"p":[-0.1293125,0.01570778,0.007072583],"r":[88.35229,290.2466,289.6634],"s":[0.01135624,0.01135625,0.01135625],"c":[1,1,1]}]}]}