{"v":7,"p":[{"b":202,"t":7,"s":[{"p":[0,0,0],"r":[0,0,0],"s":[0.09572209,0.1469733,0.09571999],"c":[0,0,0]}]}]}