{"n":"dirt","v":7,"a":[2],"p":[{"b":3,"s":[{"p":[0,0,0],"r":[0,0,0],"s":[0.06268916,0.03861911,0.01848867],"c":[0.3333332,0.2285713,0]}]},{"b":3,"s":[{"p":[0.02901066,0.01894347,0.000814911],"r":[357.7607,1.749341,315.2626],"s":[0.08115897,0.0511407,0.01782552],"c":[0.3333332,0.2285713,0],"b":["when consumed then destroy all parts with burst"]}]},{"b":3,"s":[{"p":[0.07538205,0.03933714,-0.006101497],"r":[358.2179,5.624176,334.5584],"s":[0.06490027,0.03624212,0.0190117],"c":[0.3333332,0.2285713,0]}]}]}