{"v":7,"a":[7,18,20],"p":[{"s":[{"p":[0,0,0],"r":[0,0,0],"s":[22.09085,0.6412936,11.73611],"c":[0.6666667,0.6666667,0.6666667]}]}]}