{"v":7,"a":[7,18],"p":[{"s":[{"p":[0,0,0],"r":[0,0,7.656432E-20],"s":[14.05351,1.018036,22.74813],"c":[0.5555556,0.5555556,0.5555556]}]}]}