{"n":"vidbutton","v":7,"p":[{"s":[{"p":[0,0,0],"r":[0,0,0],"s":[0.1713211,0.03243557,0.2198888],"c":[0.3333332,0.3333332,0.3333332]}]},{"b":5,"s":[{"p":[0.0006857093,0.02112237,-0.00182329],"r":[88.91755,34.60171,28.47008],"s":[0.03399732,0.04139178,0.1000002],"c":[1,0,0],"b":["when touches hand then become 2 in 0.5s"]},{"p":[0.0006857093,0.02112237,-0.00182329],"r":[88.91809,34.6016,28.46996],"s":[0.03399732,0.04139178,0.01593649],"c":[1,0,0],"b":["when touches hand then become 1 in 0.5s","when starts then show video controls"]}]}]}