{"n":"arm","v":7,"p":[{"b":15,"t":9,"pr":2,"s":[{"p":[-0.009760147,0.01312167,0.003061463],"r":[275.4445,346.2048,51.62139],"s":[0.01777702,0.01712676,0.03704999],"c":[0.2857141,0,1],"b":["when touched then send nearby onto tele"],"pr":{"c":[0,1,0.4],"m":0.948295,"a":0.25,"s":0.15,"z":1,"g":0.5,"h":0.25}}]},{"t":9,"s":[{"p":[-0.009323355,0.0006216544,-0.004530169],"r":[2.565548,359.9455,358.7881],"s":[0.292191,0.04025309,0.1021003],"c":[0.7679012,0.7777778,0.4320987]}]}]}