{"n":"tele","v":7,"a":[1],"p":[{"s":[{"p":[0,0,0],"r":[0,0,0],"s":[0.1137362,0.001,0.1159253],"c":[0.7777778,0.6419752,0.3456789],"b":["when told big then become 2 in 0.5s"]},{"p":[0.02810604,-0.06019196,0.01142326],"r":[354.1237,359.5945,0.959511],"s":[0.5128493,0.1100198,0.4367179],"c":[0.7777778,0.6419752,0.3456788]},{"p":[0.02810604,-0.06019196,0.01142326],"r":[354.1237,359.5945,0.959511],"s":[0.5128493,0.1100198,0.4367179],"c":[0.7777778,0.6419752,0.3456788]}]},{"b":61,"s":[{"p":[-2.283207E-05,0.007011369,-0.0004081515],"r":[356.846,357.636,0.5568098],"s":[0.05790925,0.03190268,0.06815529],"c":[0,0.2285712,1],"b":["when touched then tell big"]}]}]}