{"n":"welcome mat","v":7,"a":[7,18],"p":[{"b":12,"s":[{"p":[0,0,0],"r":[0,0,0],"s":[0.3098744,0.2015548,0.2064386],"c":[0.4444442,0.3668428,0.1975306]}]},{"b":60,"t":9,"s":[{"p":[0,0,0],"r":[-6.892247E-14,5.068194E-13,89.99999],"s":[0.1718934,1.359194,0.9502177],"c":[0.3333332,0.2984126,0.2222221]}]},{"b":60,"t":9,"s":[{"p":[-5.552861E-08,0.02331218,-5.210804E-15],"r":[1.001791E-05,-1.221333E-12,89.99999],"s":[0.1390426,1.294175,0.8449249],"c":[0.4444441,0.3668427,0.1975305]}]}]}