{"v":7,"a":[2,3,22,13,18,36,37,39],"p":[{"s":[{"p":[0,0,0],"r":[0,0,0],"s":[0.1469769,0.02474492,0.2381212],"c":[0,0,0]}]},{"s":[{"p":[-0.03638155,0.009132557,0.08397163],"r":[0,0,-5.008957E-06],"s":[0.04785894,0.008473798,0.03098647],"c":[1,1,1],"b":["when touches hand then tell any tvon, then play button click 4, then become next in 0.2s"]},{"p":[-0.03638155,0.009132557,0.08397163],"r":[0,0,-5.008957E-06],"s":[0.04785894,0.008473798,0.03098647],"c":[1,1,1],"b":["when touches hand then play button click 4, then tell any tvoff, then become untweened previous"]}]},{"b":127,"e":"TV","s":[{"p":[-0.05347179,0.01696982,0.1049619],"r":[90,-5.757418E-13,0],"s":[0.003001916,0.003000257,0.003001996],"c":[0,0,0]}]}]}