{"n":"the big lebowski poster","v":7,"a":[7,18],"p":[{"im":"958607291553301867/135E8363790634C7CBECCE288391E880841DB8AC/","s":[{"p":[0.1107464,-9.681758E-09,0],"r":[0,0,-1.024528E-05],"s":[0.6974623,0.001000005,1.034372],"c":[1,1,1]}]},{"s":[{"p":[0.1089945,-0.009095084,0.006906511],"r":[0,0,0],"s":[0.8124966,0.01199886,1.105084],"c":[0,0,0]}]}]}