{"v":7,"a":[31],"p":[{"b":195,"s":[{"p":[0,0,0],"r":[0,0,0],"s":[0.9598358,0.9020667,0.9020648],"c":[0.5555556,0.5555556,0.5555556]}]},{"b":195,"s":[{"p":[-6.060084,-0.8027996,-9.368314],"r":[334.1208,68.34509,347.4763],"s":[1.364531,1.306764,1.30676],"c":[0.5555556,0.5555556,0.5555556]}]},{"b":195,"s":[{"p":[-4.00679,-0.2791478,-3.9225],"r":[337.7504,350.5509,21.37307],"s":[1.364535,1.306765,1.306758],"c":[0.5555556,0.5555556,0.5555556]}]},{"b":195,"s":[{"p":[-7.117672,-0.6019006,-5.663825],"r":[3.725651,13.07198,343.7108],"s":[0.9295095,0.87174,0.8717313],"c":[0.5555556,0.5555556,0.5555556]}]}]}