{"v":7,"a":[20,21,31],"p":[{"b":73,"t":2,"t1":168,"t2":10,"s":[{"p":[0,0,0],"r":[0,0,3.828216E-20],"s":[2.669626,2.667619,2.668987],"c":[0.1234567,0.3703702,0.5555556],"t1":{"c":[0.5555556,0.8095238,1],"a":1},"t2":{"c":[0.6666666,0.7999998,1],"a":0}}]}]}