{"v":7,"a":[22,21],"p":[{"b":179,"t":23,"im":"955229664364648738/70D648875061B4509545D7E527B79E9EB0262585/","s":[{"p":[0,0,0],"r":[0,0,0],"s":[2.794497,3.189285,3.1892],"c":[1,1,1]}]}]}