{"v":7,"a":[7,18,21],"p":[{"b":60,"s":[{"p":[0,0,0],"r":[0,0,0],"s":[8.497157,1.076194,8.498922],"c":[0.7777778,0.9047619,1]}]}]}