{"v":7,"a":[22,31],"p":[{"b":13,"t":1,"s":[{"p":[-0.001806362,0.01618779,0.1274871],"r":[90,270,0],"s":[0.08935006,0.05556284,0.05716284],"c":[1,1,1]}]},{"b":205,"a":[12],"s":[{"p":[0,0,0],"r":[0,0,-1.949798E-05],"s":[0.04500575,0.04500816,0.04500498],"c":[1,1,1],"b":["when starts then all parts face nearest thingy2"]}]}]}