{"v":7,"a":[22],"p":[{"b":205,"a":[12],"s":[{"p":[0,0,0],"r":[0,0,-5.008957E-06],"s":[0.04500397,0.04500702,0.04500372],"c":[1,1,1],"b":["when starts then all parts face nearest thingy1"]}]},{"b":13,"t":1,"i":[{"t":"5c5e6277e5e005055e46da86","p":[0.1394267,-0.007030174,0.01808191],"r":[45.72865,66.36721,262.193]}],"s":[{"p":[0.01594736,0.02855969,0.1154826],"r":[90,270,0],"s":[0.08936716,0.05556916,0.05717039],"c":[1,1,1]}]}]}