{"v":7,"p":[{"b":10,"t":3,"s":[{"p":[0,0,0],"r":[0,0,0],"s":[0.1250118,0.1250093,0.1250083],"c":[1,1,1]}]}]}