{"n":"thingy2","v":7,"a":[22,31],"p":[{"b":13,"s":[{"p":[0,0,0],"r":[0,0,0],"s":[0.01235344,0.0123527,0.0123529],"c":[1,1,1]}]}]}