{"n":"space","v":7,"a":[1,7,13,18],"p":[{"a":[11],"t1":59,"s":[{"p":[0,0,0],"r":[0,0,0],"s":[1.39362,0.008965023,1.393559],"c":[0,0,0],"b":["when starts then become next in 10"],"t1":{"c":[1,1,1],"x":0.3301313,"y":0.2915156,"a":1,"m":0,"n":0,"r":0,"g":1,"o":0.5,"t":0.5,"e":0.5}},{"p":[0,0,0],"r":[0,0,0],"s":[1.39362,0.008965023,1.393559],"c":[0,0,0],"b":["when starts then become untweened next in .01"],"t1":{"c":[1,1,1],"x":0.3301313,"y":0.2915156,"a":1,"m":0,"n":0.4009551,"r":0,"g":1,"o":0.5,"t":0.5,"e":0.5}}]}]}