{"v":7,"a":[5,7,18],"p":[{"t":1,"s":[{"p":[0,0,0],"r":[0,0,0],"s":[1.744394,0.1750019,5.605444],"c":[0.5555556,0.5555556,0.5555556]}]}]}