{"v":7,"a":[1,7,18,21],"p":[{"b":179,"s":[{"p":[0,0,0],"r":[0,0,0],"s":[0.1293811,0.1293904,0.1293841],"c":[1,1,1]}]},{"t":2,"a":[32],"s":[{"p":[-0.06641513,5.806195E-09,5.806195E-09],"r":[-2.189484E-13,-9.570539E-21,180],"s":[0.009698306,0.1441487,0.005017128],"c":[1,1,1]}]},{"t":2,"a":[34],"s":[{"p":[-0.000124222,-0.06767756,1.085931E-11],"r":[1.001791E-05,-2.849777E-12,89.99999],"s":[0.00885561,0.1403774,0.00502081],"c":[1,1,1]}]}]}