{"v":7,"p":[{"b":4,"t":2,"a":[37],"s":[{"p":[0,0,0],"r":[0,0,0],"s":[0.0140583,0.02023847,0.01267631],"c":[1,0.895238,0.6666666],"b":["when starts then trail start","when starts then become next in 5"]},{"p":[0,0,0],"r":[0,0,0],"s":[0.0140583,0.02023847,0.01267631],"c":[1,0.895238,0.6666666],"b":["when starts then trail end"]}]}]}