{"v":7,"p":[{"s":[{"p":[0,0,0],"r":[-3.414886E-06,2.981588E-15,-1.000516E-07],"s":[0.02570361,0.03425528,0.1750004],"c":[1,1,1]}]}]}