{"v":7,"p":[{"s":[{"p":[0,-9.313226E-10,0.007542611],"r":[0,0,0],"s":[0.1860609,0.1751963,0.2994916],"c":[1,1,1]}]},{"t":1,"s":[{"p":[-0.03178042,-0.009924882,-0.01790667],"r":[-8.964216E-08,-8.964215E-08,270],"s":[0.1861825,0.1753567,0.2922756],"c":[1,0.6857142,0]}]},{"t":7,"s":[{"p":[0.01996727,0.08584213,0.01178695],"r":[0,0,-1.001791E-05],"s":[0.1621824,0.02540101,0.3007115],"c":[1,0,0],"b":["when touches hand then become next in 0.2s","when touches hand then play clunks 3","when touches hand then tell any door","touches hand then play computer access granted voice"]},{"p":[0.01996727,0.08584213,0.01178695],"r":[0,0,-1.001791E-05],"s":[0.1621824,0.02540101,0.3007115],"c":[0.1142856,1,0]}]}]}