{"n":"magic tridie","v":7,"a":[7,12,18,31],"p":[{"b":6,"t":20,"a":[37,14],"i":[{"t":"5c601b9ed8f462055c2b73a6","p":[-0.07668281,-0.02178717,0.3366163],"r":[-3.756718E-06,270,-1.072955E-06]}],"s":[{"p":[0,0.02178717,-0.3894022],"r":[0,0,0],"s":[0.07361531,0.07362097,0.0736087],"c":[0.8888889,0.8888889,0.8888889],"b":["when starts then set constant rotation to 0 0 50","when told by any boxspin1 then set constant rotation to 0 0 100","when told by any boxspin2 then set constant rotation to 0 0 200","when told by any boxspin3 then set constant rotation to 0 0 500","when told by any boxspin0 then set constant rotation to 0 0 50"]}]}]}