{"v":7,"a":[20],"p":[{"b":147,"t1":126,"s":[{"p":[0,0,0],"r":[0,0,0],"s":[1.08922,0.5230159,0.5230165],"c":[0.6666667,0.6349207,0.4444443],"t1":{"c":[0,0,0],"x":0.5,"y":0.5,"a":0.8925,"m":0,"n":0,"r":0,"g":0,"o":0.5,"t":0.5,"e":0.5}}]}]}