{"v":7,"a":[7,18],"p":[{"s":[{"p":[0,0,0],"r":[0,0,0],"s":[12.84118,0.0332518,0.1750035],"c":[0.691358,0.8380951,0.8888889]}]},{"s":[{"p":[3.178681E-06,16.66528,-5.722046E-06],"r":[0,0,-1.001791E-05],"s":[12.84547,0.03325864,0.1750344],"c":[0.691358,0.8380951,0.8888889]}]},{"s":[{"p":[-6.186636,8.478657,-1.525879E-05],"r":[0,0,90],"s":[16.97427,0.02885197,0.1750852],"c":[0.691358,0.8380951,0.8888889]}]}]}