{"n":"local sheriff","v":7,"a":[21],"p":[{"b":3,"t":9,"s":[{"p":[0,0,0],"r":[1.195282E-05,4.268869E-05,3.24434E-05],"s":[0.004717518,0.004532666,0.02296733],"c":[0.222222,0.222222,0.222222]}]},{"b":3,"t":9,"s":[{"p":[0.00524923,0.005684196,0.004953899],"r":[314.1935,77.42986,320.9377],"s":[0.004717537,0.004532691,0.01047738],"c":[0.222222,0.222222,0.222222]}]}]}