{"n":"tong1","v":7,"a":[31],"p":[{"s":[{"p":[0,0,0],"r":[0,0,0],"s":[0.03322633,0.03322662,0.03322671],"c":[1,1,1]}]}]}