{"n":"lostsoul horn","v":7,"p":[{"b":4,"s":[{"p":[-0.09373873,-0.01035359,0.1025087],"r":[5.528293,301.0284,313.8757],"s":[0.02730083,0.02984268,0.116523],"c":[0.8888889,0.8606702,0.691358],"b":["when starts then become next in 7s"]},{"p":[-0.09373873,-0.01035359,0.1025087],"r":[5.528293,301.0284,313.8757],"s":[0.02730083,0.02984268,0.116523],"c":[0.8888889,0.8606702,0.691358],"b":["when starts then destroy all parts"]}]}]}