{"v":7,"a":[7,18],"p":[{"t1":39,"s":[{"p":[0,0,0],"r":[0,0,0],"s":[3.059785,40.54227,0.1800228],"c":[0.6666667,0.6666667,0.6666667],"t1":{"c":[0.3333333,0.1894179,0.03703704],"x":0.5,"y":0.5,"a":0.8925,"m":0,"n":0,"r":0,"g":0,"o":0.5,"t":0.5,"e":0.5}}]},{"t1":39,"s":[{"p":[6.488527,-5.67245E-07,2.086163E-07],"r":[0,0,270],"s":[3.060478,9.923086,0.1800313],"c":[0.6666667,0.6666667,0.6666667],"t1":{"c":[0.3333333,0.1894179,0.03703704],"x":0.5,"y":0.5,"a":0.8925,"m":0,"n":0,"r":0,"g":0,"o":0.5,"t":0.5,"e":0.5}}]}]}