{"n":"workspace","v":7,"p":[{"a":[12,37],"s":[{"p":[0,0,0],"r":[0,0,0],"s":[0.1750001,0.03068024,0.1750002],"c":[1,1,1]}]}]}