{"v":7,"p":[{"a":[1,4],"s":[{"p":[0,0,0],"r":[0,0,-1.28066E-06],"s":[0.04417793,0.09828802,0.02635665],"c":[1,1,1]},{"p":[0,0,0],"r":[0,0,-1.28066E-06],"s":[0.04417793,0.09828802,0.02635665],"c":[1,1,1],"b":["when touched then play "]},{"p":[0,0,0],"r":[0,0,-1.28066E-06],"s":[0.04417793,0.09828802,0.02635665],"c":[1,1,1]}]}]}