{"v":7,"a":[7,18],"p":[{"t1":32,"s":[{"p":[0,0,0],"r":[0,0,0],"s":[17.29014,12.97735,0.4303699],"c":[0.1728394,0.2095236,0.2222221],"t1":{"c":[0.4444444,0.6095237,0.6666667],"x":0.1343918,"y":0.5,"a":0.8925,"m":0,"n":0,"r":0,"g":0,"o":0.5,"t":0.5,"e":0.5}}]}]}