{"v":7,"a":[22,31],"p":[{"b":166,"i":[{"t":"5c622708c3c3e005548e5f7f","p":[0.01320007,0.1580259,0.01595654],"r":[299.8926,213.9172,267.5503]}],"s":[{"p":[-0.04349402,0.000450213,0.178515],"r":[315,247.5,247.5],"s":[0.1373556,0.04146778,0.1346001],"c":[1,0.8920635,0.7777778],"b":["when starts then all parts face nearest rof3"]}]},{"b":205,"a":[12],"s":[{"p":[0,0,0],"r":[5.244934E-13,3.415097E-06,-1.759906E-05],"s":[0.04500728,0.04500981,0.04500554],"c":[1,1,1]}]}]}