{"v":7,"a":[7,18],"p":[{"s":[{"p":[0,0,0],"r":[0,0,0],"s":[10.70303,52.91046,10.70196],"c":[0.5555556,0.5555556,0.5555556]}]},{"a":[3],"s":[{"p":[-0.01431847,26.35106,-0.009353638],"r":[0,180,1.001791E-05],"s":[12.30386,1.823771,12.30242],"c":[0.5555556,0.5555556,0.5555556]}]}]}