{"v":7,"a":[48,49],"p":[{"t":3,"s":[{"p":[0,0,0],"r":[0,0,0],"s":[0.1140299,0.03922169,0.0665841],"c":[1,0.7206349,0.111111]}]}]}