{"v":7,"a":[2,14,48,49],"p":[{"t":3,"s":[{"p":[0,0,0],"r":[0,0,0],"s":[0.1541033,0.1770349,0.1095012],"c":[0,0.3999996,1]}]}]}