{"v":7,"a":[7,18,31],"p":[{"b":5,"t":1,"s":[{"p":[5.461741E-06,-3.539026E-08,0.02190682],"r":[0.0001014456,8.751181E-05,5.709689E-06],"s":[0.2130598,0.2130367,0.2130462],"c":[0.2222221,0.2222221,0.2222221]}]},{"b":5,"t":2,"s":[{"p":[0,0,0],"r":[0.0001081791,8.751181E-05,1.035209E-05],"s":[0.1870881,0.1870576,0.1870679],"c":[0,0.9142855,1]}]},{"t":3,"a":[12,37],"s":[{"p":[0.0225525,0.04084027,-0.8792306],"r":[0,0,270],"s":[0.07754403,0.2042428,0.103215],"c":[0,0.9142855,1]}]}]}