{"v":7,"a":[2,14,48,49],"p":[{"t":3,"s":[{"p":[0,0,0],"r":[0,0,0],"s":[0.05544572,0.05543321,0.1348503],"c":[0.7777778,0.8666666,1]}]}]}