{"v":7,"a":[5,7,18],"p":[{"b":5,"t":1,"s":[{"p":[0,-1.192093E-07,0.8412838],"r":[0,0,1.001791E-05],"s":[0.1338963,0.1339834,0.3202395],"c":[0.1111109,0.1111109,0.1111109]}]},{"b":5,"t":1,"s":[{"p":[0,1.192093E-07,-0.7973802],"r":[0,0,0],"s":[0.1338937,0.1339966,0.3203034],"c":[0.1111109,0.1111109,0.1111109]}]},{"b":5,"t":7,"s":[{"p":[0,0,0],"r":[0,0,0],"s":[0.1250004,0.1250068,1.743824],"c":[0.9714285,0,1]}]},{"b":5,"t":2,"a":[3],"s":[{"p":[0,0,0],"r":[0,0,0],"s":[0.1191687,0.1191742,1.738031],"c":[1,1,1]}]}]}