{"v":7,"a":[7,18],"p":[{"s":[{"p":[0,0,0],"r":[0,0,0],"s":[10.70592,36.50071,10.70454],"c":[0.5555556,0.5555556,0.5555556]}]},{"s":[{"p":[0.01322175,18.15423,-0.08781052],"r":[0,180,180],"s":[11.25484,0.6420617,11.73818],"c":[0.6666667,0.6666667,0.6666667]}]}]}