{"v":7,"a":[31],"p":[{"t":7,"a":[12,37,18],"pr":4,"s":[{"p":[0,0,0],"r":[0,0,0],"s":[0.08151242,0.08151235,0.08151246],"c":[0.2962962,0.4444443,0.4444443],"pr":{"c":[0,0.3999997,1],"m":0.3565828,"a":0.09724748,"s":0,"z":0.2293419,"g":0.3808482,"h":0.599906}}]}]}