{"n":"elbowwl","v":7,"p":[{"b":11,"s":[{"p":[0,0,0],"r":[0,0,2.134434E-07],"s":[0.05382105,0.04825806,0.04434185],"c":[0.2222221,0.2222221,0.2222221]}]},{"s":[{"p":[-0.0009675315,-0.00685413,-0.02456024],"r":[2.256426,88.53728,227.1814],"s":[0.05965224,0.08458847,0.06909699],"c":[0.8888889,0.8888889,0.8888889]}]}]}