{"v":7,"p":[{"s":[{"p":[0,0,0],"r":[0,0,0],"s":[0.1750007,0.1750004,0.1750003],"c":[1,1,1]}]},{"s":[{"p":[-0.1380489,-0.02063034,0.1982693],"r":[357.0771,354.4505,1.773682],"s":[0.1750024,0.1750014,0.175001],"c":[1,1,1]}]},{"s":[{"p":[0.1208785,0.03930491,0.2036726],"r":[355.9197,358.3818,13.10204],"s":[0.1750023,0.1750013,0.175001],"c":[1,1,1]}]}]}