{"v":7,"p":[{"b":192,"s":[{"p":[-0.6570958,-0.1862723,0.05339783],"r":[31.90125,348.1813,111.3339],"s":[0.05614929,0.001,0.02310952],"c":[1,1,1]}]},{"b":192,"s":[{"p":[-0.02604819,-0.2117513,0.2368153],"r":[348.4359,347.709,1.822846],"s":[0.04157928,0.06000012,0.03994424],"c":[1,1,1]}]}]}