{"n":"tgf","v":7,"a":[36,37,38,39],"inc":[["shackle","5c5e0f4eaf12dd055c303df1"],["shackle 2","5c5e1236fff53105333eb3e3"],["shackle 3","5c65d4e53a80110abf308d39"],["shackle 4","5c65d5c9abb2482864944431"],["shackle 5","5c65d69af2512105525a6349"]],"p":[{"a":[14,17,18,24],"s":[{"p":[0,0,0],"r":[0,0,0],"s":[0.0380148,0.04679593,0.05420005],"c":[0,0,0],"b":["when touched then emit shackle 5 with 0.1","when touched then become next"]},{"p":[0,0,0],"r":[0,0,0],"s":[0.0380148,0.04679593,0.05420005],"c":[0,0,0],"b":["when starts then destroy all parts"]}]}]}