{"n":"doom imp","v":7,"a":[23,36,37,45],"inc":[["imp left body","59baa862d21cf01810d6e95c"],["imp right body","59baa89aa6a2a2ef133f768c"],["imp right arm","59baa8b87917e01f10b44a28"],["imp lower arm","59baa845a59fc11e10df0aeb"],["imp left leg","59baa87da6a2a2ef133f768b"],["imp right leg","59baa8d7663f6db9135351e3"],["thing","59baa8205b7c5025107dca64"],["small pool of blood","59bb166275691d4111904e5d"],["medium pool of blood","59bb1684e198da2e10b5e01e"],["bullet lvl one","58e1766dcf3bdf29101a6eca"],["gore head","59bb21c0fa039ac4132797a5"],["gore body","59bb21e6111f34c613052058"],["gore pelvis","59bb2205256b1ad113cba71b"],["gore thigh","59bb220d01547f3610e8a5f7"],["gore forearm","59bb21fcd2191aa1133e8f35"],["2","588e35c1f04e70aa13ad4738"],["2 2","58941edd78f6447e61edf003"],["fireball","5882e2816eff3cc613172e4c"]],"p":[{"b":4,"s":[{"p":[-0.2950325,-0.3169478,-0.2251583],"r":[38.88156,233.4811,102.6125],"s":[0.01411125,0.01197246,0.06345956],"c":[1,1,1]}]},{"b":10,"s":[{"p":[-0.2167645,-0.2076366,-0.1753354],"r":[54.59584,118.9737,128.2563],"s":[0.1156091,0.09647222,0.110447],"c":[0.5555556,0.4021062,0.3703603]}]},{"b":10,"s":[{"p":[-0.2995548,-0.1089776,-0.170496],"r":[48.07008,91.68924,78.62566],"s":[0.06560781,0.07846868,0.1918235],"c":[0.5555556,0.4021063,0.3703603]}]},{"b":4,"s":[{"p":[-0.3789711,-0.1335468,-0.2012172],"r":[28.37203,256.3229,0.3626075],"s":[0.007238004,0.007238049,0.03770126],"c":[1,1,1]}]}]}