{"n":"ground","v":7,"a":[1],"p":[{"b":17,"s":[{"p":[0,0,0],"r":[0,0,0],"s":[3.363346,0.11062,3.201102],"c":[0,0.05714257,1]}]},{"b":10,"s":[{"p":[2.541991,1.270228,-0.07461576],"r":[346.5042,287.7348,343.4849],"s":[0.125,0.125,0.125],"c":[1,1,1]}]}]}