{"v":7,"a":[36,37],"p":[{"b":151,"s":[{"p":[0,0,0],"r":[0,0,0],"s":[0.06000014,0.1872568,0.06000005],"c":[0.1234566,0.222222,0.1460315]}]}]}