{"n":"doom imp","v":7,"a":[23,36,37,45],"inc":[["imp left body","59baa862d21cf01810d6e95c"],["imp right body","59baa89aa6a2a2ef133f768c"],["imp right arm","59baa8b87917e01f10b44a28"],["imp lower arm","59baa845a59fc11e10df0aeb"],["imp left leg","59baa87da6a2a2ef133f768b"],["imp right leg","59baa8d7663f6db9135351e3"],["thing","59baa8205b7c5025107dca64"],["small pool of blood","59bb166275691d4111904e5d"],["medium pool of blood","59bb1684e198da2e10b5e01e"],["bullet lvl one","58e1766dcf3bdf29101a6eca"],["gore head","59bb21c0fa039ac4132797a5"],["gore body","59bb21e6111f34c613052058"],["gore pelvis","59bb2205256b1ad113cba71b"],["gore thigh","59bb220d01547f3610e8a5f7"],["gore forearm","59bb21fcd2191aa1133e8f35"],["2","588e35c1f04e70aa13ad4738"],["2 2","58941edd78f6447e61edf003"],["fireball","5882e2816eff3cc613172e4c"]],"p":[{"b":10,"s":[{"p":[-0.00306891,0.2111593,-0.026926],"r":[0.4809073,91.53203,98.24018],"s":[0.08869624,0.07050387,0.1625201],"c":[0.5555556,0.4021062,0.3703603]}]},{"b":10,"s":[{"p":[0.0749569,0.222403,-0.05509756],"r":[68.10835,234.0242,83.58969],"s":[0.09453492,0.08900774,0.1184016],"c":[0.5555556,0.4021062,0.3703603]}]},{"b":10,"s":[{"p":[-0.07783698,0.228537,-0.04472012],"r":[68.99487,131.9244,283.1994],"s":[0.09945121,0.08900708,0.118401],"c":[0.5555556,0.4021062,0.3703603]}]}]}