{"v":7,"a":[7,18],"p":[{"b":52,"t":2,"s":[{"p":[0,0,0],"r":[0,0,0],"s":[0.1274088,0.1274089,0.127411],"c":[0,1,1]}]},{"b":52,"t":1,"s":[{"p":[0,0,0],"r":[-2.544444E-13,-8.537737E-06,-3.415095E-06],"s":[0.1244497,0.1313381,0.1244525],"c":[0,0.05714153,1]}]}]}