{"v":7,"tp_d": 10,"tp_d": 10,"tp_lr": [1,1,1],"p":[{"b":132,"t":2,"a":[37],"e":"SOMEONE ENTERED THE AREA","s":[{"p":[0,0,0],"r":[0,0,0],"s":[0.001000002,0.001000001,0.001000002],"c":[1,1,1]}]}]}