{"v":7,"a":[7],"p":[{"b":129,"e":"[person values]","s":[{"p":[0,0,0],"r":[0,0,0],"s":[0.00300039,0.003000088,0.003000343],"c":[1,1,1]}]}]}