{"v":7,"a":[5,7,18,20],"p":[{"s":[{"p":[0,0,0],"r":[0,0,0],"s":[11.73379,0.641265,11.73272],"c":[0.4215167,0.3086419,0.5555556]}]}]}