{"v":7,"p":[{"b":14,"c":[[-0.035,-0.019,-2.696,32,6,8,6],[-0.056,0.114,2.39,26,2,12,10]],"s":[{"p":[-0.03746952,-0.02418399,-0.1806843],"r":[359.6314,126.493,314.4517],"s":[0.014242,0.01068234,0.01755593],"c":[0.3333332,0.2857141,0],"b":["when touches hand then become 2 in 0.5s"]},{"p":[0.07052566,-0.1686297,-0.1056736],"r":[353.2325,0.08909707,2.160956],"s":[0.014242,0.01068234,0.588899],"c":[1,0.8571429,0],"b":["when touches hand then become 1 in 0.5s"]}]}]}