{"v":7,"a":[5,7,18],"p":[{"b":82,"t":2,"s":[{"p":[0,0,0],"r":[0,0,0],"s":[3.862229,131.0204,3.868734],"c":[0,0,0]}]}]}