{"v":7,"p":[{"b":69,"s":[{"p":[0,0,0],"r":[0,0,0],"s":[0.07500008,0.07500005,0.07500008],"c":[0,0,0]}]},{"b":69,"s":[{"p":[0.004783437,-0.315645,-0.1095375],"r":[23.46991,359.0335,0.7439451],"s":[0.07500013,0.1845178,0.0750002],"c":[0,0,0]}]}]}