{"v":7,"a":[22,18],"p":[{"b":83,"t":11,"id":"5c68de2b3dc43906608237fd","s":[{"p":[0,0,0],"r":[0,0,-7.656432E-20],"s":[0.1250049,0.05391863,0.1250045],"c":[1,1,1]}]},{"b":83,"t":11,"ac":{"id":"5c68de2b3dc43906608237fd","c":17},"s":[{"p":[-5.854092E-08,-0.334815,0],"r":[1.001791E-05,-1.690016E-12,-1.001791E-05],"s":[0.1250122,0.05392006,0.1250091],"c":[1,1,1]}]}]}