{"v":7,"a":[5,7,18],"p":[{"t":7,"a":[5,17,36],"s":[{"p":[0,1.192093E-07,1.105713],"r":[0,0,0],"s":[7.031416,0.03640935,0.05317487],"c":[0,1,1],"b":["when told by any ffshield then become next in 0.3s, play magic 5"]},{"p":[0,3.72529E-09,0.03499389],"r":[0,0,0],"s":[7.030802,0.03640901,2.153823],"c":[0,1,1],"b":["when told by any ffshield then become 1 in 0.3s, play magic 6","when touched then become next in 0.2s, play magic 1 with 50"]},{"p":[0,3.72529E-09,0.03499389],"r":[0,0,0],"s":[7.030802,0.03640901,2.153823],"c":[1,1,1],"b":["when told by any ffshield then become 1 in 0.3s, play magic 6","when starts then become 2 in 0.5s"]}]}]}