{"v":7,"a":[22,18],"p":[{"t":12,"s":[{"p":[0,0,0],"r":[0,0,0],"s":[4.713032,0.160205,10.36073],"c":[1,1,1]}]}]}