{"v":7,"a":[22,18],"p":[{"b":92,"t":2,"e":"LIBATIONS  FOR  ALL","s":[{"p":[0,0,0],"r":[0,0,0],"s":[0.05000028,0.05000042,0.05000039],"c":[0,0.7428569,1]}]}]}