{"v":7,"a":[5,7,13,18],"p":[{"t":2,"s":[{"p":[0,0,0],"r":[0,0,0],"s":[1.411544,0.03501219,0.04094249],"c":[0,0.9142855,1]}]},{"t":2,"s":[{"p":[-4.768372E-07,-7.556647E-07,-4.321898],"r":[-1.001791E-05,-8.757938E-13,1.001791E-05],"s":[1.412312,0.03501361,0.04094459],"c":[0,0.9142855,1]}]},{"t":2,"s":[{"p":[-0.5008872,-9.900755E-08,-2.08984],"r":[-3.256888E-12,270,1.001791E-05],"s":[3.748447,0.03501475,0.0409806],"c":[0,0.9142855,1]}]}]}