{"v":7,"a":[5,22,18,48],"p":[{"s":[{"p":[0,0,0],"r":[0,0,-1.017778E-13],"s":[2.88754,0.175012,2.22614],"c":[1,1,1]}]}]}