{"v":7,"p":[{"t":7,"s":[{"p":[0,0,0],"r":[0,0,0],"s":[6.096494,1.031949,0.01460437],"c":[0.9714286,1,0]}]}]}