{"v":7,"p":[{"c":[[-0.391,0.535,-0.469,5,6,7],[-0.245,-0.244,-0.484,7,8,4],[0.324,0.274,-0.508,4,6,11],[0.272,-0.25,-0.484,6,6,8],[-0.342,0.316,0.481,3,6,8],[-0.313,-0.292,0.492,1,13,2],[0.285,-0.274,0.487,0,13,10],[0.34,0.343,0.5,2,6,14]],"s":[{"p":[0.01514487,0.190554,-0.0347289],"r":[349.4938,356.3551,5.262952],"s":[0.03451669,0.03942487,0.3156761],"c":[0.1079364,0.111111,0]}]},{"b":14,"c":[[0.005,-0.062,2.499,26,2,12,10]],"s":[{"p":[0.0154145,0.1925355,-0.007941827],"r":[12.65663,173.9919,357.3999],"s":[0.01337759,0.001000005,0.05180993],"c":[1,1,1],"b":["when touches hand then become 2 in 0.5s"]},{"p":[0.0006625056,0.2290918,0.196767],"r":[7.595897,176.5175,357.994],"s":[0.01337765,0.001000007,0.05181006],"c":[0,0,0],"b":["when touches hand then become 1 in 0.5s"]}]}]}