{"n":"323","v":7,"a":[31],"p":[{"s":[{"p":[0,0,0],"r":[0,0,0],"s":[0.03170431,0.03170419,0.03170434],"c":[1,1,1]}]}]}