{"n":"redeemer","v":7,"a":[2,3,7,12,18,49],"p":[{"b":170,"t":2,"a":[37,36],"t1":10,"t2":14,"c":[[7.289,-2.87,-1.654,16,129,3],[11.372,-2.992,0.112,6,151],[0.572,-2.807,3.769,30],[-10.687,-3.275,0.363,63],[9.175,-3.474,-2.35,14,133],[10.761,-3.611,-2.178,58],[0.664,-3.229,3.588,117,103],[-0.565,-2.122,0.137,119,103],[-3.202,-3.27,-4.753,127,4,99,6],[0.31,-3.399,-3.689,78],[9.677,-3.664,-0.424,53],[15.534,-2.571,-6.19,396],[-2.044,0.099,-2.518,227,141],[-5.031,-2.651,-9.74,242,21],[9.201,-2.23,-8.106,258],[14.176,-2.306,-7.688,339,60],[4.682,0.204,5.284,240],[13.524,-2.432,-9.061,329,7,51,7],[31.174,-3.892,20.303,167],[6.886,-2.637,5.71,171],[10.814,-1.839,6.956,166,181,4,63],[5.765,-0.248,-0.974,406,95],[12.715,-1.874,5.864,183,230],[-11.759,-4.254,21.908,179],[10.486,-4.509,14.311,219,139],[-7.689,-1.953,-1.821,355,5],[-8.091,-2.619,-7.18,369],[7.836,-4.423,-17.683,291,208,17],[34.549,-3.114,4.347,205,321,1],[34.79,-3.049,-7.139,504],[-16.71,-4.681,-12.878,286],[1.728,-1.473,1.658,8,147],[0.778,-1.283,2.901,1,90,72],[13.072,-4.099,22.334,0,161],[15.298,-3.163,21.494,438,32]],"s":[{"p":[0.00541737,0.006860852,0.1266989],"r":[270,270,0],"s":[0.00100121,0.001001005,0.001000773],"c":[1,0.6857142,0],"b":["when told fire1 then become untweened 2","when told fire2 then become untweened 3"],"t1":{"c":[0.9714286,1,0],"a":0.5059417},"t2":{"c":[1,0,0],"x":0.1110174,"y":0.1387428,"a":1,"m":0.5,"n":0.5,"r":0,"g":0,"o":0.5,"t":0.5,"e":0.5}},{"p":[0.03357708,0.006860849,0.7133479],"r":[270,-8.142218E-13,0],"s":[0.001996802,0.03305265,0.001996681],"c":[1,0.6857142,0],"b":["when starts then become untweened 1 in 0.1s"],"t1":{"c":[0.9714286,1,0],"a":0.5059417},"t2":{"c":[1,0,0],"x":0.1110174,"y":0.1387428,"a":1,"m":0.5,"n":0.5,"r":0,"g":0,"o":0.5,"t":0.5,"e":0.5}},{"p":[-0.03356647,0.006860855,0.7133479],"r":[90,180,0],"s":[0.001997085,0.03305816,0.001997095],"c":[1,0.6857142,0],"b":["when starts then become untweened 1 in 0.1s"],"t1":{"c":[0.9714286,1,0],"a":0.5059417},"t2":{"c":[1,0,0],"x":0.1110174,"y":0.1387428,"a":1,"m":0.5,"n":0.5,"r":0,"g":0,"o":0.5,"t":0.5,"e":0.5}}]}]}