{"v":7,"p":[{"t1":76,"s":[{"p":[-0.002914197,-0.005618185,0.04457049],"r":[8.82684,358.8901,2.784955],"s":[0.4709772,0.1910292,0.05245265],"c":[0.15873,0.5555556,0],"t1":{"c":[0.2857141,1,0],"x":0.5,"y":0.5,"a":0.8925,"m":0,"n":0,"r":0,"g":0,"o":0.5,"t":0.5,"e":0.5}}]},{"t1":76,"s":[{"p":[-0.007695225,0.00911209,-0.006854048],"r":[5.368516,359.2621,359.8548],"s":[0.3726532,0.1280741,0.1265386],"c":[0.3333332,0.1714284,0],"t1":{"c":[0.1111111,0.05714279,0],"x":0.5,"y":0.5,"a":0.8925,"m":0,"n":0,"r":0,"g":0,"o":0.5,"t":0.5,"e":0.5}}]}]}