{"n":"reducio","v":7,"p":[{"b":14,"t":2,"s":[{"p":[0,0,0],"r":[0,0,0],"s":[0.03863021,0.03659413,0.0118206],"c":[1,0,0],"b":["when touched then resize nearby to 1, become next in 2s"]},{"p":[0,0,0],"r":[0,0,0],"s":[0.03863021,0.03659413,0.0118206],"c":[1,0,0],"b":["when starts then destroy all parts"]}]}]}