{"v":7,"p":[{"b":10,"s":[{"p":[0,0,0],"r":[0,0,0],"s":[0.1250002,0.1250004,0.1250004],"c":[1,1,1]}]},{"b":10,"s":[{"p":[-0.2227947,-0.01115084,-0.05944055],"r":[2.43186,351.2435,346.3315],"s":[0.1250001,0.1250004,0.1250003],"c":[1,1,1]}]},{"b":14,"s":[{"p":[-0.1466816,0.02324081,0.09933951],"r":[328.2495,344.1674,9.718004],"s":[0.06000005,0.06000016,0.06000017],"c":[1,1,1]}]}]}