{"v":7,"a":[1],"p":[{"b":218,"c":[[-0.323,0.049,0.454,23,3,34],[-0.324,-0.169,0.456,12,10,3],[-0.48,-0.202,0.141,13,11],[-0.387,-0.233,-0.204,14,14],[-0.266,-0.224,-0.474,15,15,4],[-0.462,0.215,0.126,27,34],[-0.307,0.067,-0.47,31,4,28],[-0.423,0.06,-0.213,29,33],[0.218,0.023,0.463,18,28,3],[0.485,0.18,0.241,44,6],[0.391,0.147,-0.228,40,12],[0.232,0.12,-0.465,38,5,11],[0.191,-0.197,0.454,1,16,30],[0.481,-0.233,0.203,0,45],[0.412,-0.221,-0.234,4,37],[0.252,-0.108,-0.467,6,33,3],[0.099,0.23,0.463,19,29],[-0.157,0.241,0.461,21,35],[0.021,-0.367,0.452,2,14],[-0.183,-0.353,0.458,8,12],[0.135,0.471,0.21,51],[0.16,-0.484,0.19,3],[0.135,0.342,-0.222,53],[-0.196,0.349,-0.212,58],[0.126,-0.46,-0.208,5],[-0.172,-0.422,-0.2,10],[-0.118,0.224,-0.463,32,27],[-0.094,-0.296,-0.476,11,22],[0.132,-0.299,-0.466,7,30],[0.074,0.239,-0.467,36,19]],"sa":180,"s":[{"p":[0,0,0],"r":[0,0,1.280661E-06],"s":[0.1350665,0.135068,0.4000942],"c":[0.6666667,0.3703702,0.3703702]}]},{"b":3,"s":[{"p":[-0.004956351,-0.003460877,-0.1794752],"r":[15.77999,82.54368,263.5852],"s":[0.04083396,0.04083382,0.04083441],"c":[0.6666667,0.3703702,0.3703702]}]},{"b":3,"s":[{"p":[-0.004785087,-0.008672893,0.1681286],"r":[20.38851,50.31983,263.0746],"s":[0.04871702,0.04203227,0.04203282],"c":[0.6666667,0.3703702,0.3703702]}]}]}