{"n":"2","v":7,"a":[13,15,31,38],"p":[{"b":3,"t":11,"a":[14],"s":[{"p":[0,0,0],"r":[0,0,0],"s":[0.004901945,0.004901878,0.004901871],"c":[0.5555556,0.5555556,0.5555556],"b":["when touched then play bullet impact with high-pitch varied-pitch"]}]}]}