{"n":"arrow","v":7,"p":[{"b":15,"s":[{"p":[0,0,0],"r":[0,0,2.134434E-07],"s":[0.007103488,0.01206218,0.3471431],"c":[0.5555556,0.5026453,0.1851851]}]},{"b":8,"s":[{"p":[-0.008598506,0.004054586,0.1572086],"r":[70.16109,79.05368,111.5933],"s":[0.02887609,0.0527206,0.001000002],"c":[0.4444443,0.4444443,0.4444443]}]}]}