{"v":7,"a":[2,3],"p":[{"b":4,"t":9,"pr":1,"s":[{"p":[0.05466159,0.007304706,-0.0632823],"r":[4.403438,333.995,345.6236],"s":[0.1250014,0.1250004,0.06534836],"c":[1,0.6857142,0],"pr":{"c":[1,0.6857142,0],"m":0.25,"a":0.25,"s":0.15,"z":0.25,"g":0.5,"h":0.25}}]}]}