{"n":"uno card template","v":7,"a":[7,18],"p":[{"b":60,"t":2,"s":[{"p":[0,0,0],"r":[0,0,0],"s":[0.1090065,0.001355635,0.169456],"c":[1,1,1]}]},{"b":60,"s":[{"p":[0,0.0007822514,0],"r":[0,0,8.537737E-06],"s":[0.1013912,0.002156312,0.1618739],"c":[0,0,0]}]}]}