{"n":"door","v":7,"p":[{"b":168,"t1":52,"s":[{"p":[0.3536023,0.02952657,0.03441107],"r":[1.391187,258.3765,89.4172],"s":[0.3335028,0.2309829,0.1491205],"c":[0.6666667,0.573545,0.3703702],"t1":{"c":[0.6666667,0.573545,0.3703703],"x":0.6567547,"y":0.4657609,"a":0.2096605,"m":0,"n":0,"r":0,"g":0,"o":0.5,"t":0.5,"e":0.5}}]},{"b":166,"t1":52,"s":[{"p":[0.0544801,0.06205458,-0.005121645],"r":[0.05813215,1.219564,356.3904],"s":[0.1539897,0.1539907,0.1539885],"c":[0.6666667,0.573545,0.3703702],"t1":{"c":[0.6666667,0.573545,0.3703703],"x":0.5274898,"y":0.6489303,"a":0.2096605,"m":0,"n":0,"r":0,"g":0,"o":0.5,"t":0.5,"e":0.5}}]},{"b":166,"t1":52,"s":[{"p":[0.6119571,0.03709883,0.1132002],"r":[357.3209,110.3384,353.9226],"s":[0.1539902,0.1539905,0.1539888],"c":[0.6666667,0.573545,0.3703702],"t1":{"c":[0.6666667,0.573545,0.3703703],"x":0.5274898,"y":0.6489303,"a":0.2096605,"m":0,"n":0,"r":0,"g":0,"o":0.5,"t":0.5,"e":0.5}}]}]}