{"v":7,"p":[{"a":[1],"s":[{"p":[0,0,0],"r":[0,0,-4.002064E-08],"s":[1.104572,0.1750002,0.8786103],"c":[1,1,1]}]}]}