{"n":"ice","v":7,"a":[2,16],"p":[{"s":[{"p":[0,0,0],"r":[0,0,0],"s":[2.096116,1.522341,1.931939],"c":[0.2962962,0.8380951,0.8888889]}]}]}