{"v":7,"p":[{"b":144,"s":[{"p":[0,0,0],"r":[0,0,-1.707547E-06],"s":[0.1102698,0.03605845,0.03674519],"c":[0.2592592,0.326984,0.3333332]}]},{"b":37,"s":[{"p":[-0.07437366,-0.0183955,-0.02344859],"r":[347.584,284.2643,27.53584],"s":[0.01672248,0.1250004,0.009980103],"c":[1,1,1]}]}]}