{"n":"dokilefthandpoint","v":7,"p":[{"s":[{"p":[0,0,0],"r":[0,0,-2.134434E-07],"s":[0.009437421,0.01135654,0.009207515],"c":[1,1,1]}]}]}