{"v":7,"a":[7,12],"p":[{"b":161,"t":1,"s":[{"p":[0.001503061,0.0006967782,0.06160164],"r":[-8.14222E-13,180,270],"s":[0.01236995,0.01236778,0.07990774],"c":[0.444444,0.444444,0.444444]}]},{"b":5,"t":1,"i":[{"t":"5c6f2881e59c5e5b788bbda1","p":[-0.02514673,0.0003579281,0.0003533419],"r":[-5.008955E-06,90,5.008958E-06]}],"s":[{"p":[-9.417778E-05,0.003100038,-0.01554132],"r":[-5.008957E-06,270,5.008956E-06],"s":[0.01935764,0.01935409,0.04574095],"c":[0.5555556,0.1975306,0.1234566]}]},{"b":4,"a":[12],"s":[{"p":[0.0003063369,-0.002990663,-0.00500083],"r":[8.14222E-13,1.001791E-05,270],"s":[0.0279265,0.02989937,0.02989112],"c":[1,1,1],"b":["when starts then all parts face nearest 4e"]}]}]}