{"v":7,"a":[7,12,31],"p":[{"b":161,"t":1,"s":[{"p":[-0.001357071,0.000330925,0.06035315],"r":[4.829673E-06,180,270],"s":[0.01620135,0.01619916,0.0697148],"c":[0.4444441,0.4444441,0.4444441]}]},{"b":4,"a":[12],"s":[{"p":[0,0,0],"r":[8.579224E-21,-6.417947E-43,-8.579222E-21],"s":[0.02799256,0.02799213,0.0279927],"c":[1,1,1],"b":["when starts then all parts face nearest 3e"]}]},{"b":5,"t":1,"i":[{"t":"5c6f2877cf4d5c2a98632109","p":[-0.02696753,0.004550042,-0.0007940438],"r":[270,270,0]}],"s":[{"p":[-0.002292155,-0.002642987,-0.01573575],"r":[-1.502687E-05,270,-5.008956E-06],"s":[0.01935764,0.01935687,0.0457486],"c":[0.5555556,0.1975306,0.1234566]}]}]}