{"v":7,"p":[{"b":139,"e":"SUBSCRIBE TO KREMEY","s":[{"p":[-0.1446851,0.2166853,0.03641897],"r":[22.40512,119.6479,117.7833],"s":[0.003332289,0.00333229,0.00333229],"c":[0,0,0]}]}]}