{"v":7,"a":[1,21],"inc":[["spher","5c70bb0e2ce82e0e83d11666"]],"p":[{"b":4,"a":[12],"s":[{"p":[0,0,0],"r":[0,0,1.707547E-06],"s":[0.01962553,0.01962551,0.01962556],"c":[1,1,1],"b":["when triggered then emit gravity-free spher"]}]}]}