{"v":7,"p":[{"b":129,"e":"[minute] [second]","s":[{"p":[0,0,0],"r":[3.388414E-06,-1.262283E-14,-4.268868E-07],"s":[0.003000003,0.003000002,0.003000003],"c":[1,1,1]}]}]}