{"v":7,"a":[7,12,18],"p":[{"t":3,"s":[{"p":[0,0,-0.1075926],"r":[90,180,0],"s":[0.01339541,0.01330516,0.01513753],"c":[0,1,0.2285713],"b":["when starts then trail start with 1s"]}]},{"b":60,"t":2,"t1":168,"s":[{"p":[0,0,0],"r":[6.830189E-06,1.707548E-06,3.415095E-06],"s":[0.01339074,0.01330012,0.2217733],"c":[1,1,1],"b":["when touched then destroy all parts with 0s disappear","when touched then play bullet impact"],"t1":{"c":[0,1,0.2285715],"a":0.03362219}}]}]}