{"v":7,"a":[2],"p":[{"b":14,"s":[{"p":[0,0,0],"r":[0,0,0],"s":[0.06000001,0.06,0.05999999],"c":[0.4359787,0.4444443,0.148148]}]},{"b":14,"s":[{"p":[0.01386598,-0.002421446,0.06075265],"r":[355.1538,270.3546,359.5928],"s":[0.06000008,0.0600001,0.06000018],"c":[0.4359787,0.4444443,0.148148]}]}]}