{"v":7,"a":[22],"p":[{"b":60,"t":1,"s":[{"p":[0,0,0],"r":[0,0,0],"s":[4.081371,0.03714174,0.05776415],"c":[0.4444443,0.4444443,0.4444443]}]}]}