{"v":7,"p":[{"s":[{"p":[0,0,0],"r":[0,0,0],"s":[0.175,0.1750001,0.1750001],"c":[0,1,0.9142858]}]}]}