{"v":7,"a":[2,3],"p":[{"b":15,"i":[{"t":"5c71df37c72f895b72b49d8d","p":[0.1230566,-0.2231945,0.1596786],"r":[310.4388,274.0793,175.8207]},{"t":"5c71df278efc35055e935d6c","p":[-0.02941565,-0.03232218,0.5381882],"r":[346.5972,11.54185,216.202]}],"s":[{"p":[0.1800889,-0.07903108,0.1655709],"r":[357.1541,273.3435,228.3583],"s":[0.1250008,0.1250003,0.793232],"c":[1,1,1]}]}]}