{"v":7,"a":[22],"p":[{"b":60,"t":1,"s":[{"p":[0,0,0],"r":[0,0,0],"s":[1.937365,0.03715061,0.05777683],"c":[0.4444443,0.4444443,0.4444443]}]}]}