{"n":"casing 45acp","v":7,"a":[22,21],"p":[{"b":202,"t":11,"s":[{"p":[0.000288202,-0.001084223,0.0122657],"r":[67.50004,90.00001,90.00001],"s":[0.00392348,0.01157014,0.00389064],"c":[1,0.9650794,0.8888889]}]},{"b":5,"t":11,"s":[{"p":[0.0002452993,-0.001239028,-7.211298E-05],"r":[0,0,3.841982E-06],"s":[0.006281751,0.006193972,0.004436194],"c":[1,0.9650794,0.8888889]}]}]}