{"v":7,"a":[2,15],"p":[{"b":5,"c":[[0,1,0.4,17,49],[0.4,1,0.4,15,52],[0.5,0.7,0.3,7,61],[0.6,0.4,0.2,3,66,5],[0.8,-0.1,0.2,0,72],[0.9,-0.5,0.4,4,67],[0.7,-0.8,0.4,8,62],[0.4,-1.1,0.4,10,47],[0,-1.1,0.4,12,21,23],[-0.5,-1,0.4,31,27],[-0.8,-0.7,0.4,29,30],[-1,-0.3,0.4,27,33],[-1,-0.2,0.4,25,36],[-0.7,0.2,0.2,23,40,14],[-0.5,0.4,0.2,21,43],[-0.3,0.9,0.4,19,46],[0,0,0.2,73,3,-21,20,-13,16]],"sa":90,"s":[{"p":[0.001265779,0.001016767,-0.01027048],"r":[359.7369,359.9512,318.937],"s":[0.08186394,0.1000015,0.1267755],"c":[0.3333332,0.3333332,0.3333332]}]},{"b":5,"t":2,"c":[[0.648,0.773,0.474,15,52],[0.5,1.2,-0.5,14,32],[0.89,0.787,0.427,7,61],[1,0.9,-0.5,6,41],[1.2,0.5,-0.6,2,46],[1.112,0.506,0.458,3,66,5],[1.2,0,0.3,0,72],[1.3,0.1,-0.5,1,42],[1.2,-0.4,0.4,4,67],[1.2,-0.5,-0.5,5,39],[0.749,-0.827,0.357,8,62],[0.9,-0.9,-0.5,9,36,7],[0.4,-0.96,0.277,10,47],[0.5,-1.2,-0.5,11,42],[-0.07,-1.087,0.418,12,21,23],[0,-1.3,-0.4,13,19,8,9,5],[-1,-0.9,0.4,29,30],[-1.281,-0.483,0.242,27,33],[-1.3,0,0.4,25,36],[-1.259,0.467,0.45,23,40,14],[-0.333,-1.225,0.438,31,27],[-0.247,1.323,0.472,17,49],[-0.584,1.18,0.391,19,46],[-0.955,0.901,0.395,21,43],[-1.304,0.511,-0.347,22,16]],"sa":90,"s":[{"p":[0.004729172,0.003012702,-0.02732263],"r":[359.7369,359.9512,48.93701],"s":[0.100001,0.08000254,0.02935675],"c":[1,0,0]}]},{"b":5,"s":[{"p":[0.000786781,-0.001504898,-0.06654549],"r":[0.4970113,2.451149,320.1749],"s":[0.09499723,0.1172359,0.02200602],"c":[0,0,0]}]},{"b":59,"t":2,"s":[{"p":[-0.001718184,-0.002471872,-0.06572989],"r":[50.76931,271.0893,269.0648],"s":[0.1355467,0.1250006,0.1661621],"c":[1,0,0]}]}]}