{"v":7,"a":[2,15],"p":[{"b":3,"t":3,"s":[{"p":[0,0,0],"r":[0,0,0],"s":[0.009935915,0.006535783,0.125],"c":[1,0.6857142,0]}]}]}