{"n":"stick ball","v":7,"a":[2,16],"p":[{"b":3,"s":[{"p":[-0.4514461,0.006372005,0.02366093],"r":[342.9446,327.148,336.0112],"s":[0.1250001,0.1250002,0.1250002],"c":[0.2857141,1,0]}]},{"b":16,"s":[{"p":[-0.4483394,-0.009380281,0.04102528],"r":[6.522446,265.2555,266.2226],"s":[0.1000001,0.1000001,0.1000002],"c":[0.2857141,1,0]}]},{"b":14,"s":[{"p":[-0.4557611,0.0002403259,0.2256366],"r":[9.91008,354.5046,322.6358],"s":[0.06000002,0.06000008,0.0600001],"c":[0.409171,0.4444443,0.3950616]}]},{"b":3,"t":1,"s":[{"p":[-0.4741658,-0.05679953,0.3845976],"r":[26.20326,350.808,317.1666],"s":[0.125,0.125,0.1250001],"c":[0.06349195,0.2222221,0]}]}]}