{"v":7,"p":[{"b":14,"s":[{"p":[0,0,0],"r":[0,0,-3.201651E-07],"s":[0.06000013,0.06000013,0.06000001],"c":[1,1,1]}]},{"b":3,"s":[{"p":[-0.002271503,-0.1351709,-0.1384324],"r":[29.43995,238.3134,87.52192],"s":[0.1250001,0.1250001,0.1250002],"c":[1,1,1]}]},{"b":10,"s":[{"p":[0.009870663,0.1231821,-0.1453181],"r":[57.0421,258.026,138.2258],"s":[0.125,0.125,0.1250001],"c":[1,1,1]}]}]}