{"v":7,"a":[22,18,27],"p":[{"b":197,"s":[{"p":[0.09748938,-0.02156073,0.07255919],"r":[337.5,135,135],"s":[0.01328897,0.01329271,0.01328556],"c":[1,1,1]}]},{"b":196,"s":[{"p":[0.07035638,-0.005440533,0.05486896],"r":[337.5,135,112.5],"s":[0.01328709,0.01949459,0.01328414],"c":[1,1,1]}]}]}