{"v":7,"a":[22,18,20,32],"p":[{"b":90,"t":2,"a":[19],"e":"RUSTY MANUFACTURING\nPRIME SYSTEM","s":[{"p":[0,0,0],"r":[0,0,0],"s":[0.01662322,0.01661636,0.01662428],"c":[1,1,1]}]}]}