{"n":"power pipes","v":7,"a":[1,5,7,18],"p":[{"b":5,"t":11,"s":[{"p":[0,0,0],"r":[0,0,0],"s":[0.07876993,0.07872443,0.4916486],"c":[0.4444441,0.4444441,0.4444441]}]},{"b":5,"t":1,"s":[{"p":[-0.000595093,-0.0008611679,-0.03565311],"r":[-3.415095E-06,3.053333E-13,180],"s":[0.08087035,0.08134056,0.08879109],"c":[0.3333333,0.3333333,0.3333333]}]},{"b":5,"t":1,"s":[{"p":[-0.000595093,-0.0008611679,0.1962067],"r":[-3.415095E-06,3.053333E-13,180],"s":[0.08087413,0.08134326,0.08879535],"c":[0.3333333,0.3333333,0.3333333]}]}]}