{"v":7,"a":[7],"p":[{"s":[{"p":[-0.2088912,0.6517184,-1.062192],"r":[0,0,0],"s":[0.1750004,0.175,0.4969007],"c":[1,1,1]}]}]}