{"v":7,"a":[22,18,27],"p":[{"b":197,"s":[{"p":[0.04717161,-0.02156073,0.09338184],"r":[337.5,135,135],"s":[0.01328897,0.01329271,0.01328556],"c":[1,1,1]}]},{"b":196,"s":[{"p":[0.02003861,-0.005440534,0.07569162],"r":[337.5,135,112.5],"s":[0.01328709,0.01949459,0.01328414],"c":[1,1,1]}]}]}