{"n":"bullet2","v":7,"a":[2,22,15,38],"p":[{"b":4,"a":[12,37],"s":[{"p":[0,0,0],"r":[0,0,0],"s":[0.245532,0.2455035,0.2454935],"c":[1,1,1]}]},{"b":175,"t":2,"s":[{"p":[-0.03166962,-0.01515448,0.3950968],"r":[0,270,90],"s":[0.0716586,0.04565939,0.07160731],"c":[0,0.2285712,1],"b":["when hit then play lightsword hit 3"]}]}]}