{"v":7,"p":[{"s":[{"p":[0,0,0],"r":[0,0,0],"s":[0.3025494,0.2618155,0.001000001],"c":[0.3333331,0.3333331,0.3333331]}]}]}