{"n":"45longcolt","v":7,"a":[2,22],"tp_m": 3,"tp_ad": 0.1,"p":[{"b":3,"t":3,"c":[[0.697,0.032,-0.536,3,35],[-0.211,0.071,-0.576,0],[-0.0755446,0.5199952,-0.5606544,4],[-0.6633227,0.3290113,-0.5606542,5],[-0.6633227,-0.2890114,-0.5606542,2],[-0.0755446,-0.4799948,-0.5606544,1,38]],"s":[{"p":[0,0,0],"r":[0,0,0],"s":[0.007518983,0.008113037,0.02243543],"c":[1,0.7904761,0.3333332],"b":["when touched then become next "]},{"p":[0,0,0],"r":[0,0,0],"s":[0.008675582,0.01108506,0.001947275],"c":[1,0.7904761,0.3333331],"b":["when starts then play harsh metallic noise with very-low-pitch 0.75s duration "]}]}]}