{"n":"x","v":7,"p":[{"b":3,"s":[{"p":[0,0,0],"r":[0,0,0],"s":[0.05216996,0.05699021,0.03636871],"c":[1,1,1]}]}]}