{"n":"tv screen","v":7,"a":[7,18],"p":[{"a":[1,17,24],"s":[{"p":[0,0,0],"r":[0,0,0],"s":[4.048449,0.02025434,2.910319],"c":[0,0,0]}]}]}