{"v":7,"a":[7],"p":[{"b":144,"t":1,"s":[{"p":[0,0,0],"r":[0,0,0],"s":[0.09185842,0.5863284,0.5970481],"c":[0.7777778,0.7777778,0.7777778]}]}]}