{"n":"right table camera","v":7,"a":[22,12,18,48,49],"p":[{"a":[8,12,37],"s":[{"p":[0,0,0],"r":[1.213285E-20,-3.415095E-06,4.07111E-13],"s":[0.1750655,0.1750299,0.175071],"c":[1,1,1],"b":["when told by any right table then become untweened next"]},{"p":[0,0,0],"r":[0,0,0],"s":[0.175007,0.1750058,0.1750066],"c":[1,1,1],"b":["when starts then stream to tv screen","when told by any reset camera then become untweened 1"]}]}]}