{"v":7,"p":[{"t":2,"im":"998015670461877378/77D24AEDA2E191198AFEA27A1EECC2A77DFC7C50/","s":[{"p":[0,0,0],"r":[0,0,3.73526E-07],"s":[0.5600845,0.4572234,0.001],"c":[1,1,1]}]}]}