{"n":"doorood","v":7,"p":[{"i":[{"t":"5c75c67d5b944a32a3d2a7d5","p":[-0.1008623,-0.0271197,0.01466486],"r":[271.4827,310.7013,227.2161]}],"s":[{"p":[0.1010917,-0.00683916,0.01505124],"r":[1.339954,358.3728,358.0955],"s":[0.4510454,0.03788949,0.6099108],"c":[1,1,1],"b":["when told by any bopi then become next"]},{"p":[0.1010917,-0.00683916,0.01505124],"r":[1.339954,358.3728,358.0955],"s":[0.4510454,0.03788949,0.6099108],"c":[1,1,1],"b":["when starts then become next in 0.5s"]},{"p":[0.3001978,0.157681,0.02428202],"r":[4.179977,356.1867,267.2206],"s":[0.4510474,0.03788968,0.6099126],"c":[1,1,1],"b":["when starts then become next in 1"]}]}]}