{"v":7,"p":[{"s":[{"p":[0,0,0],"r":[0,0,-6.670107E-08],"s":[0.7405012,0.001000001,0.4108987],"c":[1,1,1]}]},{"b":18,"e":"WANT DIE","s":[{"p":[-0.3021186,0.01780753,0.05962109],"r":[89.32594,316.306,314.7728],"s":[0.01289413,0.0128941,0.01289412],"c":[0,0.006349154,0.111111]}]}]}