{"v":7,"a":[7,18],"p":[{"b":129,"e":"NOTICE.","s":[{"p":[0,0,0],"r":[0,0,0],"s":[0.003000133,0.003000012,0.003000124],"c":[0.9714286,1,0]}]},{"b":129,"e":"AVATAR REQUIRED. MONSTERS WILL\nNOT SEE YOU WITHOUT IT.\nYOU'LL ALSO BE LOCKED OUT OF\nROOMS.... SO THERE'S THAT","s":[{"p":[0,-0.0250417,0],"r":[0,0,1.001791E-05],"s":[0.003000383,0.003000025,0.003000367],"c":[1,1,1]}]}]}