{"v":7,"a":[7],"p":[{"b":10,"t":1,"s":[{"p":[0,0,0],"r":[0,0,0],"s":[0.3886832,0.001000056,0.33964],"c":[1,0,0]}]}]}