{"v":7,"p":[{"b":137,"e":"SPEED STRIKE\nWAS HERE LOL PENIS","s":[{"p":[0,0,0],"r":[0,0,0],"s":[0.002225407,0.0022254,0.002225406],"c":[0.5185186,0.6666667,0.552381]}]}]}