{"v":7,"a":[22],"p":[{"s":[{"p":[0,0,0],"r":[0,0,0],"s":[0.1750039,0.1750011,0.1750028],"c":[1,1,1]}]},{"b":7,"t":1,"s":[{"p":[0.001301169,0.09795889,-0.0004698038],"r":[270,1.949797E-05,0],"s":[0.05602521,0.05391347,0.06241763],"c":[1,0,0],"b":["when touches hand then play button click with high-pitch","when touches hand then send one nearby to daworkshop2"]}]}]}