{"n":"skele forearm left","v":7,"a":[22,12,13,18,31],"p":[{"s":[{"p":[-0.01522066,0.0003413945,0.1273343],"r":[-1.001791E-05,180,180],"s":[0.0203235,0.01935947,0.2696694],"c":[0.8888889,0.8888889,0.8888889]}]},{"s":[{"p":[0.01574896,0.0003411534,0.1273343],"r":[-1.001791E-05,180,180],"s":[0.02032358,0.01935952,0.2696716],"c":[0.8888889,0.8888889,0.8888889]}]},{"b":71,"s":[{"p":[-2.980232E-08,-4.845893E-08,0.2771527],"r":[0,90,90.00001],"s":[0.02109541,0.007028283,0.03568258],"c":[0.8888889,0.8888889,0.8888889]}]},{"b":4,"a":[12],"s":[{"p":[0,0,0],"r":[1.017778E-12,-8.444472E-13,9.659349E-06],"s":[0.0141323,0.01411746,0.01412977],"c":[1,1,1],"b":["when starts then all parts face nearest skele-bow-upper-left"]}]}]}