{"n":"bottle","v":7,"a":[1,2,3,7,15,31],"inc":[["liquid","5c771a3bce80b632a2f1352e"]],"p":[{"b":146,"s":[{"p":[-0.2023916,0.04268843,-0.3501422],"r":[90,270,0],"s":[0.2062311,0.04089103,0.04088655],"c":[0.6666667,0.4571426,0]}]},{"b":144,"s":[{"p":[-0.2027531,0.04255113,-0.4464109],"r":[-8.58639E-06,270,180],"s":[0.06079249,0.04075792,0.04075754],"c":[0.6666667,0.4571426,0]}]},{"b":145,"s":[{"p":[-0.2032661,0.0424767,-0.2111773],"r":[-6.171554E-06,270,180],"s":[0.09456197,0.01785622,0.01785599],"c":[0.6666667,0.4571426,0]}]},{"b":4,"a":[12],"s":[{"p":[-0.2020855,0.04229882,-0.1309092],"r":[0,0,5.008957E-06],"s":[0.01350866,0.01351633,0.01351888],"c":[1,1,1],"b":["when lowered then emit liquid with 0.1"]}]}]}