{"n":"scale model secret project","v":7,"a":[7,18],"p":[{"b":5,"s":[{"p":[0,0,0],"r":[0,0,0],"s":[1.305941,1.305857,85.56619],"c":[1,1,1]}]}]}