{"v":7,"p":[{"b":60,"s":[{"p":[0,0,0],"r":[0,0,0],"s":[0.4035783,0.01778956,0.3846242],"c":[0.3333332,0.3333332,0.3333332]}]},{"b":60,"s":[{"p":[-0.01273733,0.002014918,0.008068168],"r":[358.9932,359.3202,1.11452],"s":[0.3276433,0.0355381,0.325976],"c":[0,0,0]}]},{"b":131,"e":"[people names]","s":[{"p":[-0.1388587,0.02486017,0.1249459],"r":[88.79002,126.1017,126.2023],"s":[0.003000009,0.003000003,0.003000013],"c":[1,1,1]}]}]}