{"v":7,"a":[7],"p":[{"b":201,"s":[{"p":[0,0,0],"r":[0,0,0],"s":[17.81473,0.0272722,9.117371],"c":[0,0,0]}]}]}