{"v":7,"d":"TOUCH TO GET SECRETLAB CREDIT","a":[5,7,18],"p":[{"t":2,"s":[{"p":[0,0,0],"r":[0,0,0],"s":[0.1750272,0.1750036,0.1750179],"c":[0.7777778,0,0],"b":["when touches hand then set quest achieve secretlab, become next in 0.2s"]},{"p":[-8.195887E-09,-0.09375001,1.490116E-08],"r":[0,0,0],"s":[0.1750549,0.1750063,0.1750308],"c":[0.2222221,0,0],"b":["when starts then become next in 1s"]}]}]}