{"v":7,"p":[{"b":131,"t":2,"e":"CJRAMOS","s":[{"p":[0,0,0],"r":[0,0,0],"s":[0.001951069,0.00195107,0.00195107],"c":[0.1142855,1,0]}]}]}