{"n":"easy to find note","v":7,"p":[{"b":97,"e":"I have fixed\ncrucial element\nin the puzzle,\nplease enjoy your\nfurther attempts\n-DELCO","s":[{"p":[-0.09712982,-0.08062936,0.0321865],"r":[0,90.00002,90],"s":[0.002284678,0.00228399,0.002284694],"c":[0,0,0]}]},{"a":[23],"s":[{"p":[-0.09573364,3.72529E-09,-0.02651024],"r":[0,0,270],"s":[0.1750044,0.002103517,0.2521306],"c":[0.886067,0.8888889,0.7901235]}]},{"b":97,"e":"NOTE","s":[{"p":[-0.09798431,-0.03434373,0.09516908],"r":[-1.707547E-06,90.00001,90.00001],"s":[0.003666493,0.00366591,0.003666528],"c":[0,0,0]}]},{"b":91,"e":"1","s":[{"p":[-0.0970459,0.03383446,0.03730965],"r":[-1.707547E-06,90.00001,90.00001],"s":[0.003000414,0.003000133,0.003000408],"c":[0.111111,0.111111,0.111111]}]}]}