{"v":7,"a":[22,13,18],"p":[{"t":13,"a":[32],"t1":18,"s":[{"p":[-1.003134,1.793744E-07,0],"r":[0,0,0],"s":[0.2519921,0.06727345,10.05378],"c":[0.6899511,0.4641231,0.2013944],"t1":{"c":[0.7777778,0.5259259,0.2592592],"x":0.4775542,"y":0.002991676,"a":0.2226939,"m":0.5,"n":0.5,"r":0,"g":0,"o":1,"t":0.8026226,"e":0.2863282}}]},{"t":13,"a":[32],"t1":18,"t2":162,"s":[{"p":[-1.160059,2.074347E-07,0],"r":[0,0,0],"s":[0.08071525,0.08191406,10.04168],"c":[0.6899511,0.4641231,0.2013944],"t1":{"c":[0.7777778,0.5259259,0.2592592],"x":0.4775542,"y":0.002991676,"a":0.2226939,"m":0.5,"n":0.5,"r":0,"g":0,"o":1,"t":0.8026226,"e":0.2863282},"t2":{"c":[0.7777778,0.7037037,0.2592592],"x":0.5,"y":0.5,"a":0.6826332,"m":0,"n":0,"r":0,"g":0,"o":0.5,"t":0.5,"e":0.5}}]},{"t":13,"a":[32],"t1":18,"t2":162,"s":[{"p":[-0.860799,1.539229E-07,0],"r":[0,0,0],"s":[0.08072148,0.08192056,10.03326],"c":[0.6899511,0.4641231,0.2013944],"t1":{"c":[0.7777778,0.5259259,0.2592592],"x":0.4775542,"y":0.002991676,"a":0.2226939,"m":0.5,"n":0.5,"r":0,"g":0,"o":1,"t":0.8026226,"e":0.2863282},"t2":{"c":[0.7777778,0.7037037,0.2592592],"x":0.5,"y":0.5,"a":0.6826332,"m":0,"n":0,"r":0,"g":0,"o":0.5,"t":0.5,"e":0.5}}]},{"t":13,"a":[32],"t1":18,"s":[{"p":[-0.8581701,-0.1546829,0],"r":[0,0,90.00002],"s":[0.2687512,0.06732139,10.05853],"c":[0.6899511,0.4641231,0.2013943],"t1":{"c":[0.7777778,0.5259259,0.2592592],"x":0.4775542,"y":0.002991676,"a":0.2226939,"m":0.5,"n":0.5,"r":0,"g":0,"o":1,"t":0.8026226,"e":0.2863282}}]}]}