{"v":7,"a":[21],"p":[{"b":3,"t":3,"a":[12,37],"s":[{"p":[0,0,0],"r":[0,0,0],"s":[0.3463208,0.3463206,0.3463224],"c":[1,0.7777778,0.7777778]}]}]}