{"n":"court stand","v":7,"a":[22,13,18],"p":[{"b":60,"t":13,"t1":18,"c":[[0.45,0.45001,-0.777,35,1,20,29],[-0.45001,0.45001,-0.777,37,3,19,28],[0.45,-0.083,-0.777,34,13,10,35],[-0.45001,-0.083,-0.777,41,5,12,37],[0.45,0.45,0.462,10,17,22,31],[-0.4500101,0.45,0.462,17,9,24,33],[-0.4500101,-0.45001,0.462,5,11,35,26],[0.45,-0.45001,0.462,4,7,37,26],[0.479,0.45,-0.45,21,11,37,15],[0.479,-0.45001,-0.45,2,31,35,22],[0.479,-0.45001,0.4500101,3,5,63,2],[0.479,0.45,0.4500101,9,11,50,8]],"s":[{"p":[1.845221,0.2145842,0.6791894],"r":[-2.035555E-13,1.001792E-05,180],"s":[-0.0718243,-0.3572397,-1.124227],"c":[0.6899511,0.4641231,0.201395],"t1":{"c":[0.7777778,0.5259259,0.2592592],"x":0.8559718,"y":0.01326916,"a":0.3569937,"m":0.5,"n":0.5,"r":0,"g":0,"o":0.571063,"t":0.740996,"e":0.1475747}}]},{"b":60,"t":13,"t1":18,"v":0,"s":[{"p":[0.9209368,0.2145805,0.6791916],"r":[-2.035555E-13,1.001792E-05,180],"s":[-1.983689,-0.3281954,-1.095696],"c":[0.6899511,0.4641231,0.201395],"t1":{"c":[0.7777778,0.5259259,0.2592592],"x":0.08271568,"y":0.003932476,"a":0.3153129,"m":0.5,"n":0.5,"r":0,"g":0,"o":0.7508449,"t":0.7405206,"e":0.4748366}}]},{"b":60,"t":13,"t1":18,"c":[[0.45,0.45001,-0.777,35,1,20,29],[-0.45001,0.45001,-0.777,37,3,19,28],[0.45,-0.083,-0.777,34,13,10,35],[-0.45001,-0.083,-0.777,41,5,12,37],[0.449995,0.45,0.147995,10,17,22,31],[-0.4500151,0.45,0.147995,17,9,24,33],[-0.4500151,-0.45001,0.147995,5,11,35,26],[0.449995,-0.45001,0.147995,4,7,37,26],[0.479,0.45,-0.45,21,11,37,15],[0.479,-0.45001,-0.45,2,31,35,22],[0.4789953,-0.45001,0.136005,3,5,63,2],[0.4789953,0.45,0.136005,9,11,50,8],[0.45,-0.5,0.136,0,7,54,11],[-0.45001,-0.5,0.136,6,9,47,14],[-0.5000049,-0.450005,0.136,12,7,45,11],[0.45,0.5,0.136,23,1,28,27],[-0.5000049,0.450005,0.136,18,13,34,17],[-0.45001,0.5,0.136,25,3,27,26]],"s":[{"p":[2.014505,0.2145813,0.6689758],"r":[0,8.14222E-12,180],"s":[-0.07184289,-0.3573181,-1.124732],"c":[0.6899511,0.4641231,0.2013949],"t1":{"c":[0.7777778,0.5259259,0.2592592],"x":0.8559718,"y":0.01326916,"a":0.3569937,"m":0.5,"n":0.5,"r":0,"g":0,"o":0.571063,"t":0.740996,"e":0.1475747}}]},{"b":60,"t":13,"t1":18,"c":[[0.45,0.45001,-0.777,35,1,20,29],[-0.45001,0.45001,-0.777,37,3,19,28],[0.45,-0.083,-0.777,34,13,10,35],[-0.45001,-0.083,-0.777,41,5,12,37],[0.449995,0.45,0.1489949,10,17,22,31],[-0.4500151,0.45,0.1489949,17,9,24,33],[-0.4500151,-0.45001,0.1489949,5,11,35,26],[0.449995,-0.45001,0.1489949,4,7,37,26],[0.479,0.45,-0.45,21,11,37,15],[0.479,-0.45001,-0.45,2,31,35,22],[0.4789948,-0.45001,0.137005,3,5,63,2],[0.4789948,0.45,0.137005,9,11,50,8],[0.45,-0.5,0.144,0,7,54,11],[-0.5000051,-0.450005,0.137,12,7,45,11],[-0.45,-0.5,0.143,6,9,47,14],[-0.5000051,0.450005,0.137,18,13,34,17],[-0.45001,0.4999999,0.137,25,3,27,26],[0.45,0.4999999,0.137,23,1,28,27]],"s":[{"p":[1.940265,0.2145793,0.679193],"r":[-2.035555E-13,1.001792E-05,180],"s":[-0.1406667,-0.3283405,-1.096579],"c":[0.6899511,0.4641231,0.2013949],"t1":{"c":[0.4444444,0.3485008,0.2469135],"x":0.03242367,"y":0.002030849,"a":0,"m":0.5,"n":0.5,"r":0,"g":0,"o":0.7508449,"t":0.8678769,"e":0.5535312}}]},{"b":60,"t":13,"t1":18,"t2":162,"v":2,"s":[{"p":[2.048038,0.2145793,0.6689763],"r":[0,8.14222E-12,180],"s":[-0.04796642,-0.3772594,-1.14603],"c":[0.6899511,0.4641231,0.2013949],"t1":{"c":[0.7777778,0.5259259,0.2592592],"x":0.0445416,"y":0.02894759,"a":0.3569937,"m":0.5,"n":0.5,"r":0,"g":0,"o":0.571063,"t":0.740996,"e":0.1877613},"t2":{"c":[0.7777778,0.7037037,0.2592592],"x":0.5,"y":0.5,"a":0.6826332,"m":0,"n":0,"r":0,"g":0,"o":0.5,"t":0.5,"e":0.5}}]},{"b":60,"t":13,"t1":18,"v":0,"s":[{"p":[-5.295174E-05,0.2145816,0.6791897],"r":[-2.035555E-13,1.001792E-05,180],"s":[-0.1836422,-0.3570486,-1.12328],"c":[0.6899511,0.4641231,0.201395],"t1":{"c":[0.7777778,0.5259259,0.2592592],"x":0.8559718,"y":0.01326916,"a":0.3569937,"m":0.5,"n":0.5,"r":0,"g":0,"o":0.571063,"t":0.740996,"e":0.1475747}}]}]}