{"v":7,"p":[{"b":2,"s":[{"p":[0,0,0],"r":[0,0,0],"s":[0.1250002,0.1250007,0.1250005],"c":[1,1,1]}]}]}