{"v":7,"a":[12,32,49],"p":[{"b":3,"t":21,"s":[{"p":[0,0,0],"r":[0,0,0],"s":[0.01928528,0.01928301,0.04918753],"c":[0,0.7428566,1],"b":["when starts then become next in 0.5s","when starts then set repel 20"]},{"p":[0,0,0],"r":[0,0,0],"s":[1.012558,1.012555,0.2382458],"c":[0,0.7428566,1]}]}]}