{"n":"people board","v":7,"p":[{"b":103,"e":"[people names]","s":[{"p":[0.3953205,-0.06614913,-0.09545487],"r":[-2.442666E-12,270,2.003583E-05],"s":[0.003000015,0.003000109,0.003000107],"c":[0,0,0]}]},{"t":4,"s":[{"p":[0.3028216,-0.4405417,0.1109444],"r":[-2.442666E-12,270,2.003583E-05],"s":[0.4756821,0.8205535,0.1750046],"c":[1,0,0]}]}]}