{"v":7,"p":[{"b":14,"t":1,"pr":22,"t1":60,"t2":19,"s":[{"p":[0,0,0],"r":[0,0,0],"s":[0.06000003,0.06000001,0.06000004],"c":[1,0,0.3428572],"t1":{"c":[0,0,0],"x":0.5,"y":0.5,"a":0.8925,"m":0,"n":0,"r":0,"g":0,"o":0.5,"t":0.5,"e":0.5},"t2":{"c":[0,0,0],"x":0.17,"y":0.17,"a":0.8925,"m":0.5,"n":0.5,"r":0,"g":0,"o":0.5,"t":0.5,"e":0.5},"pr":{"c":[0,0.2285713,1],"m":0.25,"a":0.25,"s":0.15,"z":0.25,"g":0.5,"h":0.25}}]}]}