{"n":"ground","v":7,"a":[7,18],"p":[{"a":[23],"s":[{"p":[0,0,0],"r":[0,0,0],"s":[23.27677,25.12417,0.1750138],"c":[0.1488535,0.02469136,0.2222221]}]},{"b":179,"s":[{"p":[11.09155,-11.0393,0.480216],"r":[-5.122642E-06,90.00001,270],"s":[3.091639,3.040884,0.2151756],"c":[0,1,0.9142858]}]}]}