{"v":7,"p":[{"b":166,"s":[{"p":[0,0,0],"r":[0,0,0],"s":[0.03000004,0.03000001,0.03000001],"c":[1,1,1]}]},{"b":150,"s":[{"p":[-0.3029965,-0.6147895,-0.1715577],"r":[31.94734,346.8438,218.5511],"s":[0.06,0.05999998,0.05999999],"c":[1,1,1]}]}]}