{"n":"bob","v":7,"a":[2],"p":[{"s":[{"p":[0.2437613,1.28383,1.211878],"r":[338.125,34.37499,4.60008E-07],"s":[0.175,0.175,0.175],"c":[1,1,1]}]}]}