{"v":7,"a":[2,7,18,19,31],"p":[{"b":68,"a":[23],"s":[{"p":[-0.007751465,-0.005630493,-0.0139122],"r":[0,0,0],"s":[0.07742523,0.05049348,0.006082991],"c":[0,0.02539662,0.4444443],"b":["when any part consumed then play carrot bite, destroy all parts"]}]},{"b":5,"s":[{"p":[0.03686523,0.02485657,-0.006633759],"r":[0,0,8.537737E-06],"s":[0.005240599,0.00524281,0.005243092],"c":[1,0.6857142,0]}]},{"b":5,"s":[{"p":[0.02737427,0.02485657,-0.006633759],"r":[0,0,0],"s":[0.005240835,0.005243042,0.005243278],"c":[1,0,0.3428572]}]}]}