{"n":"streamer","v":7,"a":[21,48],"inc":[["firework yellow","5c7cb9bb7c36457253271e2d"]],"p":[{"b":10,"a":[14,18],"pr":6,"s":[{"p":[0,0,0],"r":[0,0,-3.735259E-07],"s":[0.03200486,0.03200488,0.03200492],"c":[1,1,1],"b":["when starts then become next in 2"],"pr":{"c":[1,1,1],"m":0.7095059,"a":0.1615928,"s":0,"z":0.25,"g":0.5,"h":0.25}},{"p":[0,0,0],"r":[0,0,-3.735259E-07],"s":[0.03200486,0.03200488,0.03200492],"c":[1,1,1],"b":["when starts then emit gravity-free firework yellow","when starts then become next"],"pr":{"c":[1,1,1],"m":0.7095059,"a":0.1615928,"s":0,"z":0.25,"g":0.5,"h":0.25}},{"p":[0,0,0],"r":[0,0,-3.735259E-07],"s":[0.03200486,0.03200488,0.03200492],"c":[1,1,1],"pr":{"c":[1,1,1],"m":0,"a":0,"s":0,"z":0.25,"g":0.5,"h":0.25}}]}]}