{"v":7,"p":[{"b":46,"s":[{"p":[0,0,0],"r":[0,0,8.537737E-07],"s":[0.1250001,0.125,0.125],"c":[1,1,1]}]},{"b":46,"s":[{"p":[0.121077,0.001417175,-0.1291524],"r":[3.874238,269.1649,0.8966544],"s":[0.1250001,0.1250001,0.1250001],"c":[1,1,1]}]},{"b":46,"s":[{"p":[0.2610614,0.01191342,-0.02567295],"r":[5.376033,192.8317,358.6365],"s":[0.125,0.1250001,0.1250001],"c":[1,1,1]}]},{"b":46,"s":[{"p":[0.1581196,0.01938027,0.1264731],"r":[357.7357,97.82051,346.0516],"s":[0.1250001,0.1250002,0.1250003],"c":[1,1,1]}]}]}