{"n":"tennis racket","v":7,"a":[7,18,49],"p":[{"b":5,"a":[12,38],"s":[{"p":[0,0,0],"r":[-7.065229E-06,-4.07111E-12,2.510074E-19],"s":[0.1121429,0.07566957,0.01000287],"c":[1,1,1],"b":["when touches tennis ball then tell a"]}]}]}