{"v":7,"a":[22],"p":[{"b":14,"t":1,"s":[{"p":[-0.008070103,-0.3848935,-0.4105715],"r":[315,1.000674E-05,-1.523434E-05],"s":[0.06000877,0.06000989,0.1953509],"c":[0.9873015,1,0.5555556]}]},{"b":19,"e":"R.I.P","s":[{"p":[-0.02749796,0.04978929,0.05343037],"r":[90,-4.829673E-06,0],"s":[0.003001318,0.003000697,0.003001213],"c":[0.9555555,1,0.7777778]}]},{"t":1,"s":[{"p":[0.006242132,0.03566462,-0.02211626],"r":[0,0,0],"s":[0.306738,0.02795303,0.1706858],"c":[0.9873015,1,0.5555556]}]},{"b":19,"e":"THIS STATUE IS A\nREMINDER TO EVERY ONE \nTHAT THERE ARE NO GIRLS\nON THE INTERNET","s":[{"p":[-0.1433687,0.05443368,0.007646285],"r":[90,-9.659346E-06,0],"s":[0.002275562,0.002275095,0.002275594],"c":[0.9555555,1,0.7777778]}]}]}