{"v":7,"p":[{"b":105,"e":"14","s":[{"p":[0,0,0],"r":[0,0,0],"s":[0.003240355,0.003242577,0.003242177],"c":[1,1,1]}]}]}