{"n":"csb","v":7,"a":[1,7,12],"p":[{"s":[{"p":[0,0,0],"r":[0,0,0],"s":[0.17502,0.174978,0.1750218],"c":[1,1,1]}]}]}