{"n":"endroom","v":7,"a":[7],"p":[{"s":[{"p":[0,0,0],"r":[0,0,0],"s":[0.1750224,0.1750154,0.1750348],"c":[1,1,1]}]}]}