{"v":7,"a":[7,18],"p":[{"t":12,"t1":93,"s":[{"p":[0,0,0],"r":[0,0,0],"s":[37.00824,0.1556966,4.239095],"c":[1,0.984127,0.8888889],"t1":{"c":[0.1111111,0.1093474,0.09876538],"x":0.412731,"y":0.05578697,"a":0.8925,"m":0,"n":0,"r":0.2383187,"g":0,"o":0.5,"t":0.5,"e":0.5}}]}]}