{"v":7,"a":[22],"p":[{"b":225,"c":[[0.345,0.103,0.478,32,40,3],[0.262,0.215,0.489,33,41],[0.058,0.264,0.489,35,49],[-0.148,0.285,0.494,37,52],[-0.352,0.278,0.48,39,55],[-0.435,0.133,0.447,41,3,55],[-0.475,-0.254,0.478,25,15,3],[0.296,-0.187,0.486,1,30,42],[-0.564,0.266,0.245,45,55],[-0.142,0.556,0.252,90],[-0.383,0.477,0.253,95],[0.099,0.561,0.257,85],[0.392,0.415,0.269,77],[0.578,0.118,0.27,70,6],[-0.555,0.29,-0.006,47,54],[0.586,0.165,-0.002,68,10],[-0.529,0.299,-0.263,49,53],[0.574,0.239,-0.268,64,16],[0.489,0.101,-0.51,62,5,15],[-0.466,0.096,-0.501,51,4,48],[0.505,-0.364,0.271,0,71],[0.485,-0.393,-0.01,4,65],[0.583,-0.404,-0.251,6,59],[0.469,-0.299,-0.493,8,55,3],[-0.5,-0.349,0.23,26,16],[-0.502,-0.364,-0.009,27,19],[-0.495,-0.341,-0.262,28,20],[-0.43,-0.122,-0.502,29,21,4],[-0.303,-0.39,0.497,20,18],[-0.098,-0.457,0.51,15,21],[0.12,-0.469,0.505,10,24],[0.235,-0.332,0.496,2,28],[0.274,-0.553,0.257,3],[0.05,-0.565,0.253,11],[-0.117,-0.507,0.252,16],[0.287,-0.534,-0.008,5],[0.085,-0.548,-0.006,12],[-0.119,-0.556,-0.005,17],[-0.3,-0.544,0.006,22],[0.292,-0.546,-0.258,7],[0.09,-0.564,-0.253,13],[-0.088,-0.529,-0.254,18],[-0.302,-0.544,-0.256,23],[0.102,-0.36,-0.534,14,45],[-0.074,-0.384,-0.532,19,38],[0.291,-0.383,-0.525,9,52],[-0.261,-0.352,-0.523,24,29],[-0.083,0.414,-0.549,56,37],[0.108,0.401,-0.551,58,30],[0.226,0.337,-0.534,60,23],[-0.283,0.298,-0.543,52,46]],"s":[{"p":[-0.02255018,0.003601784,-0.00311668],"r":[0,0,-1.707547E-06],"s":[0.07384799,0.07008573,0.2332861],"c":[0.3456784,0.4021159,0.4444439]}]},{"b":209,"c":[[0.253,-0.505,0.573,2],[-0.482,-0.278,0.475,8,10,3],[-0.48,0.32,0.439,22,-3,27],[0.466,0.263,0.419,12,22,5],[0.46,0.342,-0.572,32,5,3],[-0.471,0.392,-0.484,23,4,20],[0.474,-0.299,0.573,1,10,24],[0.504,-0.299,-0.429,0,33,3],[-0.483,-0.299,-0.474,9,11,6],[0.272,-0.499,0.578,10]],"s":[{"p":[-0.02030192,-0.000681241,-0.05620114],"r":[-1.707547E-06,-1.908333E-13,1.28066E-05],"s":[0.09259649,0.0841817,0.0360364],"c":[0.2222221,0.2222221,0.2222221]}]}]}