{"v":7,"a":[7,18],"p":[{"b":5,"t":2,"s":[{"p":[2.210503,-0.1384863,-8.875475E-07],"r":[1.001791E-05,1.001791E-05,1.690016E-12],"s":[0.03929882,0.03929839,3.534465],"c":[1,1,1]}]},{"b":5,"t":2,"s":[{"p":[-1.228918E-08,-0.1405709,-5.014153E-07],"r":[1.001791E-05,1.001791E-05,1.690016E-12],"s":[0.03928597,0.03928583,3.534016],"c":[1,1,1]}]}]}