{"n":"telepad","v":7,"a":[7,18,20,31],"p":[{"b":15,"t1":102,"s":[{"p":[0.02319336,-0.02527997,-0.365357],"r":[0,0,90],"s":[0.7284647,0.7284735,0.7284774],"c":[0,0,0],"t1":{"c":[0,1,1],"x":0.5,"y":0.5,"a":0.672021,"m":0,"n":0,"r":0,"g":0,"o":0.5,"t":0.5,"e":0.5}}]},{"s":[{"p":[0.06510541,-0.4728968,2.045983],"r":[0,0,270],"s":[0.1750115,0.1750149,0.1750188],"c":[1,1,1]}]},{"a":[12,37],"pr":34,"s":[{"p":[-0.03260804,-0.006351531,0.7433787],"r":[0,0,270],"s":[0.1750176,0.1750084,0.1750149],"c":[1,1,1],"b":["when told by any telepad then become 2, then is area.room4 = 1"],"pr":{"c":[0,1,1],"m":0,"a":0.25,"s":0,"z":0,"g":0.5,"h":0.25}},{"p":[-0.03260804,-0.006351531,0.7433787],"r":[0,0,270],"s":[0.1750176,0.1750084,0.1750149],"c":[1,1,1],"b":["when starts then become previous in 5s","when starts then play electro wobble dubstep 3 with 300 stretched"],"pr":{"c":[0,1,1],"m":0.1537189,"a":0.25,"s":0.09406281,"z":1,"g":0.5,"h":0.25}}]}]}