{"v":7,"p":[{"b":117,"e":"NEXGEN LOUNGE","s":[{"p":[0,0,0],"r":[0,0,0],"s":[0.05000416,0.05000588,0.05001224],"c":[1,1,1]}]}]}