{"v":7,"a":[22,12],"p":[{"b":60,"t":2,"c":[[0.114,0.45,-0.5,35,1,20,29],[0.163995,0.45,-0.4500051,21,11,37,15],[0.114,0.499995,-0.4500051,22,17,14,33],[0.114,-0.45001,-0.5,34,13,10,35],[0.163995,-0.45001,-0.4500051,2,31,35,22],[0.114,-0.500005,-0.4500051,1,43,16,31],[-0.179,0.45,-0.5,37,3,19,28],[-0.228995,0.45,-0.4500051,30,13,23,22],[-0.179,0.499995,-0.4500051,29,9,16,35],[-0.179,-0.45001,-0.5,41,5,12,37],[-0.228995,-0.45001,-0.4500051,13,29,25,27],[-0.179,-0.500005,-0.4500051,14,31,18,30]],"s":[{"p":[-0.004947793,0.01572835,0.1202778],"r":[270,180,0],"s":[0.06467714,0.2281621,0.05948567],"c":[0.8,0,1]}]},{"b":60,"v":0,"s":[{"p":[-0.0047471,0.02357984,0.1183728],"r":[270,180,0],"s":[0.06203429,0.2395795,0.05949266],"c":[0.6666667,0.6666667,0.6666667]}]},{"b":205,"a":[12],"s":[{"p":[0,0,0],"r":[-2.035555E-13,1.819928E-20,4.07111E-13],"s":[0.04501253,0.04500644,0.04501202],"c":[1,1,1],"b":["when starts then all parts face nearest w1"]}]}]}