{"n":"blood","v":7,"a":[7,12,16,18,38,39],"p":[{"b":3,"t":9,"s":[{"p":[0,0,0],"r":[0,0,7.656432E-20],"s":[0.01888871,0.01702728,0.01283102],"c":[0.4444443,0,0],"b":["when touched then project with alignment, become next in 0.2s, play splosh with 0.25s skip"]},{"p":[0,0,0],"r":[0,0,7.656432E-20],"s":[0.1250003,0.1404788,0.01096311],"c":[0.4444443,0,0]}]}]}