{"n":"3","v":7,"a":[2,15,21],"p":[{"b":10,"t":2,"s":[{"p":[0,0,0],"r":[0,0,0],"s":[0.01507825,0.01507828,0.01507827],"c":[0,0.7428569,1],"b":["when touched then tell nearby player"]}]}]}