{"n":"bd drill","v":7,"a":[22],"p":[{"b":4,"s":[{"p":[-0.002515798,0.00409399,-0.003661099],"r":[359.0775,358.9637,359.7525],"s":[0.1250015,0.1250012,0.1250006],"c":[0.4444439,0.3047613,0]}]},{"b":4,"t1":75,"s":[{"p":[-0.004816649,-0.0005525817,0.1125036],"r":[359.0775,358.9637,269.7525],"s":[0.1437197,0.143714,0.2212036],"c":[0.444444,0.3047614,0],"t1":{"c":[0,0,0],"x":0.3787398,"y":0.05103469,"a":1,"m":0,"n":0,"r":0.1949458,"g":0,"o":0.5,"t":0.5,"e":0.5}}]}]}