{"n":"mind stone","v":7,"a":[7,21],"p":[{"b":9,"t":11,"s":[{"p":[0,0,0],"r":[0,0,0],"s":[0.008636317,0.01988979,0.0315659],"c":[0.9714286,1,0]}]},{"b":9,"t":14,"pr":2,"s":[{"p":[0,0,0],"r":[-8.142219E-13,-1.001791E-05,7.118153E-20],"s":[0.01352269,0.02477845,0.03646228],"c":[0.647619,0.6666667,0],"pr":{"c":[0.9714286,1,0],"m":0.25,"a":0.25,"s":0.07053268,"z":0.542068,"g":0.4965002,"h":0.2091855}}]}]}