{"n":"vanilla ice cream","v":7,"a":[2],"tp_d": 5,"p":[{"b":3,"t1":155,"s":[{"p":[0,0,0],"r":[0,0,0],"s":[0.1250001,0.125,0.1250001],"c":[0.9968254,1,0.8888889],"b":["when touches cone then destroy all parts","when touches icct then destroy all parts"],"t1":{"c":[0.9968254,1,0.8888889],"x":0.5,"y":0.5,"a":0.8925,"m":0,"n":0,"r":0,"g":0,"o":0.5,"t":0.5,"e":0.5}}]}]}