{"n":"ss2","v":7,"a":[22,18],"p":[{"a":[12],"s":[{"p":[0,0,0],"r":[0,0,0],"s":[0.005945111,0.1435692,0.04993819],"c":[1,1,1]}]}]}