{"n":"item tile","v":7,"a":[1,22,18],"p":[{"b":5,"t":2,"s":[{"p":[0,0,0],"r":[0,0,0],"s":[0.247096,0.2470964,0.02515441],"c":[0.9809523,1,0.3333331]}]},{"b":202,"t":1,"s":[{"p":[0,0,0],"r":[1.024528E-05,90.00001,90.00001],"s":[0.1867988,0.01301084,0.1867988],"c":[0.9714286,1,0]}]}]}