{"v":7,"p":[{"b":170,"s":[{"p":[0.02248477,-0.1514696,-0.05117101],"r":[305.5834,39.19044,331.1342],"s":[0.1630116,0.04500023,0.04500025],"c":[0.3333332,0.3100528,0.2592592]}]},{"b":170,"s":[{"p":[0.2830592,-0.3362187,-0.1510877],"r":[75.11169,259.4164,66.28258],"s":[0.163012,0.04500034,0.04500032],"c":[0.3333332,0.3100528,0.2592592]}]},{"b":170,"s":[{"p":[0.2422058,-0.1081169,-0.004907951],"r":[317.7624,28.57693,339.8975],"s":[0.1630122,0.0450004,0.04500036],"c":[0.3333332,0.3100528,0.2592592]}]}]}