{"v":7,"p":[{"b":60,"t":2,"s":[{"p":[0,0,0],"r":[0,0,0],"s":[0.511507,0.00467004,0.5115077],"c":[0.4571431,0,1],"b":["when starts then become next in 4s"]},{"p":[0,0,0],"r":[0,0,0],"s":[0.511507,0.00467004,0.5115077],"c":[0.1523809,0,0.3333332],"b":["when starts then become next in 4s"]}]}]}