{"n":"uncooked food bar","v":7,"a":[2,7],"p":[{"b":7,"s":[{"p":[0,0,0],"r":[0,0,0],"s":[0.0230003,0.05771175,0.0245003],"c":[0.8804233,0.8888889,0.5925926],"b":["when touches cervtech food bakealyzer then become 2 in 0.1s","when consumed then play splat crunch hit, destroy all parts,"]},{"p":[0,0,0],"r":[0,0,0],"s":[0.0230003,0.05771175,0.0245003],"c":[0.8804233,0.8888889,0.5925926],"b":["when starts then destroy all parts"]}]},{"b":134,"t":2,"e":"FOOD","s":[{"p":[0.01006603,-0.02870608,0.010687],"r":[-1.162597E-06,180,90],"s":[0.001900577,0.001900714,0.001900677],"c":[0,0,0]}]}]}