{"v":7,"a":[7],"p":[{"s":[{"p":[0,0,0],"r":[0,0,0],"s":[0.1750123,0.175006,2.469058],"c":[0.4444443,0.07619032,0]}]}]}