{"n":"1","v":7,"a":[2,14,15,21],"p":[{"b":10,"t":2,"s":[{"p":[0,0,0],"r":[0,0,0],"s":[0.02031999,0.0203199,0.02031997],"c":[1,0,0],"b":["when touched then tell nearby player"]}]}]}