{"n":"bowl","v":7,"a":[2,31],"p":[{"b":86,"t1":10,"s":[{"p":[0,0,0],"r":[0,0,0],"s":[0.04755646,0.04755443,0.04755611],"c":[0.5555556,0.5555556,0.5555556],"b":["when told by any bowlfill then tell ready"],"t1":{"c":[0,0,0],"a":0.4824424}}]},{"b":3,"s":[{"p":[-6.102046E-05,0.03800321,-0.09213877],"r":[0,0,0],"s":[0.003291095,0.001000009,0.003290191],"c":[0.5555556,0.5202822,0.3086417],"b":["when told ready then become untweened 2"]},{"p":[-0.0002393678,0.02606249,0.00150913],"r":[1.001791E-05,-1.628444E-12,-1.423631E-19],"s":[0.08833659,0.008921916,0.08833583],"c":[0.5555556,0.5202822,0.3086416],"b":["when consumed then play drink sip, become 1 in 0.3s"]}]}]}