{"n":"pincer aa","v":7,"a":[12],"p":[{"t":7,"a":[12],"i":[{"t":"5c85e9d545f62d39439224c1","p":[-0.009053872,0.0362739,-0.02278752],"r":[58.21314,8.984928,274.6831]}],"s":[{"p":[0.001486802,0.003443177,0.001260108],"r":[5.211716,357.8083,357.9575],"s":[0.009515893,0.01729443,0.1750013],"c":[0.8,0,1],"b":["when told by body hand triggered right then become 2 in .1s"]},{"p":[0.001091409,-1.177297E-05,-0.0001231128],"r":[322.9836,4.87511,357.2324],"s":[0.009515906,0.01729448,0.1750016],"c":[0.8,0,1],"b":["when told by body hand trigger let go right then become 1 in .1s"]}]}]}