{"n":"cervtech 4d remote","v":7,"a":[7,18],"p":[{"s":[{"p":[0,0,0],"r":[0,0,0],"s":[0.09424024,0.01017282,0.2126711],"c":[0,0,0]}]},{"t":2,"s":[{"p":[-3.074792E-10,-0.001758576,-2.328306E-10],"r":[0,0,-1.001791E-05],"s":[0.1208219,0.01017378,0.2566411],"c":[0.285714,0,1]}]},{"b":2,"t":2,"s":[{"p":[0.0062418,0.008802891,0.004887344],"r":[-9.659345E-06,270,4.07111E-13],"s":[0.0334706,0.00530903,0.05579246],"c":[0.285714,0,1],"b":["when touches hand then play button click power socket with 200%, send one nearby onto tele1"]}]}]}