{"v":7,"a":[7],"p":[{"b":3,"t":3,"s":[{"p":[0,0,0],"r":[0,0,0],"s":[0.1250284,0.125022,0.1250156],"c":[1,1,1]}]}]}