{"n":"rusty forehead","v":7,"a":[7],"p":[{"s":[{"p":[0,0,0],"r":[0,0,0],"s":[0.3266493,0.00379703,0.1533662],"c":[1,1,1]}]}]}