{"n":"cube---","v":7,"p":[{"c":[[-0.505,0.515,-0.5,5,6,7],[-0.518,0.403,0.494,3,6,8]],"s":[{"p":[0,0,0],"r":[0,0,8.537735E-07],"s":[0.175,0.1750002,0.1750002],"c":[0.1142857,0,1],"b":["when touched then become 2 in 1s"]},{"p":[0.05584745,0.08165285,0.1208086],"r":[15.77054,124.9164,351.6444],"s":[0.3298078,0.3049366,0.3380678],"c":[0.3950615,0.8888889,0.5925926],"b":["when starts then become 3 in 1s"]},{"p":[-0.14626,0.3479457,0.1689208],"r":[6.961756,70.70044,349.2332],"s":[0.6356031,0.3049369,0.5307416],"c":[1,0,0],"b":["when starts then become 1 in 1s"]}]}]}