{"n":"saw blade","v":7,"a":[2,22,13,18],"p":[{"t":1,"a":[33],"s":[{"p":[3.72529E-09,0,-0.03527069],"r":[1.884444E-06,-9.473743E-06,292.5],"s":[10.28042,0.2100899,0.03665919],"c":[0.8888889,0.8888889,0.8888889]}]},{"b":4,"a":[12],"i":[{"t":"5c84849cc30d722c0b70d942","p":[9.4159E-07,-0.2646999,-8.940697E-08],"r":[270,157.5,0]}],"s":[{"p":[1.483743,-3.58207,0.2647004],"r":[292.5,270,270],"s":[0.125033,0.001,0.1250106],"c":[1,1,1],"b":["when starts then become next in 2.5"]},{"p":[-1.501556,3.625074,0.2646995],"r":[292.5,270,270],"s":[0.1250952,0.001000557,0.1250308],"c":[1,1,1],"b":["when starts then become next in 2.5"]}]}]}