{"n":"fireball","v":7,"a":[2,12,15,38,49],"p":[{"b":17,"t":4,"a":[38],"s":[{"p":[0.003167413,-0.0109021,0.1383735],"r":[32.30691,130.9565,247.8924],"s":[0.0463789,0.0463907,0.04638958],"c":[1,0.342857,0],"b":["when high speed then play by a small fire","when destroyed then play retro 8bit explosion"]}]},{"b":17,"t":18,"s":[{"p":[0.006170629,-0.01605282,0.1089176],"r":[341.4527,53.20547,325.6856],"s":[0.06005302,0.06006226,0.06002937],"c":[1,0.6857142,0]}]},{"b":175,"t":18,"pr":44,"s":[{"p":[0.01490381,0.001772756,0.1081351],"r":[291.8783,199.8766,166.393],"s":[0.05121218,0.05127359,0.0512724],"c":[1,0.8571429,0],"pr":{"c":[1,1,1],"m":0.5616161,"a":0.5305649,"s":0,"z":0.1871601,"g":0.6357908,"h":0.5}}]}]}