{"v":7,"a":[7],"p":[{"b":129,"e":"STEP 1","s":[{"p":[0,0,0],"r":[0,0,0],"s":[0.01252003,0.01251643,0.01252013],"c":[1,0.8571429,0]}]}]}