{"v":7,"a":[7,12,31],"p":[{"b":205,"s":[{"p":[0,0,0],"r":[0,0,0],"s":[0.01411019,0.01411064,0.01411062],"c":[1,1,1],"b":["when starts then become next in 2.8s"]},{"p":[0,0,0],"r":[0,0,0],"s":[0.01411019,0.01411064,0.01411062],"c":[1,1,1],"b":["when starts then become next"]},{"p":[0,0,0],"r":[0,0,0],"s":[0.01411093,0.01411156,0.01411225],"c":[1,1,1],"b":["when starts then propel forward with 18"]}]}]}