{"v":7,"a":[22],"p":[{"b":65,"t1":140,"s":[{"p":[0,0,0],"r":[0,0,0],"s":[0.692896,0.09236042,0.6927088],"c":[0.4444442,0.276543,0.09876525],"t1":{"c":[0.3333333,0.2074073,0.07407402],"x":0.5,"y":0.5,"a":0.8925,"m":0,"n":0,"r":0,"g":0,"o":0.5,"t":0.5,"e":0.5}}]},{"b":5,"s":[{"p":[-0.4500336,-0.4516422,0.464035],"r":[270,157.5,0],"s":[0.03102901,0.03102689,1.031459],"c":[0.333333,0.333333,0.333333]}]}]}