{"n":"loser sign","v":7,"a":[7,18,21],"p":[{"b":136,"a":[36],"e":"Loser!","s":[{"p":[-2.435273E-07,4.257967E-14,0.05843735],"r":[0,0,-1.001791E-05],"s":[0.1596723,0.15954,0.1596691],"c":[1,0,0],"b":["when told by any loser then become untweened next","when told by any stopsigns then become untweened 3"]},{"p":[0,0,0],"r":[0,0,0],"s":[0.159666,0.1595386,0.1596644],"c":[1,0,0],"b":["when starts then tell any stopsigns","when told by any newgame then become untweened 1","when told by any resetgame then become untweened 1"]},{"p":[-3.455163E-08,6.041199E-15,0.3952246],"r":[1.001791E-05,-1.690016E-12,-1.001791E-05],"s":[0.1596738,0.1595387,0.1596709],"c":[1,0,0],"b":["when told by any newgame then become untweened 1","when told by any resetgame then become untweened 1"]}]}]}