{"v":7,"a":[1,22,13,21],"p":[{"t1":45,"s":[{"p":[0,0,0],"r":[0,0,-1.707547E-06],"s":[5.801208,4.871896,0.3237526],"c":[1,1,1],"t1":{"c":[0.8888889,0.8888889,0.8888889],"x":0.5,"y":0.5,"a":0.8925,"m":0,"n":0,"r":0,"g":0,"o":0.5,"t":0.5,"e":0.5}}]},{"c":[[-0.464,0.691,-0.202,5,6,7],[-0.003,1.084,-0.202,4,6,11]],"s":[{"p":[-0.05342603,2.869442,-0.07185793],"r":[0,0,180],"s":[3.563683,0.9539456,0.4530043],"c":[0.222222,0.222222,0.222222]}]},{"b":41,"c":[[0.126,0.241,0.539,1,53,18],[0.134,0.242,0.337,2,55],[0.123,0.242,0.189,4,55],[0.12,0.243,0.112,6,55],[0.107,0.241,0,8,55],[0.11,0.243,-0.109,10,55],[0.144,0.243,-0.224,12,55],[0.261,0.243,-0.502,16,55,7],[0.196,0.241,-0.348,14,55],[-0.009,0.157,-0.703,52,18,9],[-0.135,0.145,-0.585,50,18],[-0.228,0.133,-0.388,48,18],[-0.285,0.096,-0.178,46,18],[-0.301,0.059,0.013,44,18],[-0.021,0.243,0.778,37,18,20],[-0.134,0.142,0.524,36,20],[-0.282,0.052,0.196,42,18],[-0.224,0.074,0.372,40,18]],"s":[{"p":[-1.574046,2.056246,-0.4673245],"r":[45.00003,270,270],"s":[4.74844,1.249991,1.850102],"c":[0.222222,0.222222,0.222222]}]},{"b":5,"c":[[-0.57,-1.353,0.011,30,20],[-0.015,-1.435,0.017,13,19,8,9,5],[0.622,-1.314,0.03,11,42],[0.995,-1.01,0.016,9,36,7],[1.626,-1.33,0.026,5,39],[-0.013,0.013,-0.044,34],[-1.004,-0.945,-0.044,28,14,9],[-1.341,-0.508,-0.09,26,15],[-1.392,0.131,-0.118,24,15],[-1.444,0.843,-0.148,22,16],[-1.01,1.063,-0.17,20,17],[-0.55,1.316,-0.167,18,17],[0.044,1.414,-0.167,16,20],[0.552,1.204,-0.185,14,32],[1.065,0.946,-0.248,6,41],[1.245,0.456,-0.265,2,46],[1.458,-0.091,-0.176,1,42],[1.256,0.518,0.405,3,66,5]],"s":[{"p":[2.054569,2.673738,-0.1754813],"r":[1.706514E-07,5.80448E-07,337.5],"s":[0.6435777,0.4456118,0.8093433],"c":[0.2222221,0.2222221,0.2222221]}]}]}