{"v":7,"a":[22],"p":[{"t1":46,"s":[{"p":[0,0,0],"r":[0,0,0],"s":[3.395373,0.1750126,699.7422],"c":[0.111111,0.111111,0.111111],"t1":{"c":[0.2222221,0.2222221,0.2222221],"x":0.5,"y":0.5,"a":0.8925,"m":0,"n":0,"r":0,"g":0,"o":0.5,"t":0.5,"e":0.5}}]},{"t1":149,"s":[{"p":[-1.841312,0.01954211,-1.030092],"r":[-1.151484E-12,90,4.853141E-20],"s":[592.2806,0.1750467,0.3313372],"c":[0.5555556,0.5555556,0.5555556],"t1":{"c":[0.5555556,0.5555556,0.5555556],"x":0.5,"y":0.5,"a":0.8925,"m":0,"n":0,"r":0,"g":0,"o":0.5,"t":0.5,"e":0.5}}]},{"t1":149,"s":[{"p":[1.783444,0.01316432,-1.22462],"r":[-8.14222E-13,90,-1.001791E-05],"s":[592.292,0.1750321,0.3313006],"c":[0.5555556,0.5555556,0.5555556],"t1":{"c":[0.5555556,0.5555556,0.5555556],"x":0.5,"y":0.5,"a":0.8925,"m":0,"n":0,"r":0,"g":0,"o":0.5,"t":0.5,"e":0.5}}]}]}