{"v":7,"p":[{"b":13,"t":7,"s":[{"p":[-0.2314929,-0.002431169,-0.03541613],"r":[7.244704,355.5959,339.1436],"s":[0.06000047,0.06000036,0.06000041],"c":[0.15873,0.5555556,0]}]},{"b":6,"t":2,"s":[{"p":[-0.2353945,-0.007299297,-0.08008921],"r":[10.95979,354.8646,302.9635],"s":[0.06411438,0.06170485,0.08622779],"c":[0.2857141,1,0],"b":["when starts then become next in 1s"]},{"p":[-0.2331442,0.007538751,-0.02916849],"r":[4.483638,349.1306,301.21],"s":[0.06411449,0.06170488,0.08622786],"c":[0.285714,1,0],"b":["when starts then become next in 1s"]}]}]}