{"v":7,"a":[2,7],"p":[{"b":161,"t1":168,"t2":65,"s":[{"p":[0,0,0],"r":[0,0,6.830189E-06],"s":[0.05958601,0.05958561,0.009840357],"c":[0.5555556,0.5555556,0.5555556],"t1":{"c":[0,0,0],"a":0.05},"t2":{"c":[0.7777778,0.4419752,0.08641972],"x":0.7184252,"y":0.6860259,"a":1,"m":0,"n":0,"r":0,"g":0,"o":0.5,"t":0.5,"e":0.5}}]}]}