{"v":7,"a":[22],"p":[{"t1":54,"s":[{"p":[0,0,0],"r":[0,0,0],"s":[0.05471798,0.1750827,2.094447],"c":[0.222222,0.1622572,0.09876522],"t1":{"c":[0.3333333,0.2433861,0.1481481],"x":0.5,"y":0.5,"a":0.8925,"m":0,"n":0,"r":0,"g":0,"o":0.5,"t":0.5,"e":0.5}}]}]}