{"v":7,"p":[{"b":166,"s":[{"p":[0,0,0],"r":[0,0,0],"s":[0.03000005,0.02320859,0.03000006],"c":[1,0.952381,0.6666666]}]}]}