{"v":7,"a":[7],"p":[{"b":9,"t":3,"s":[{"p":[0,0,0],"r":[0,0,0],"s":[0.2626156,0.2926606,0.2336144],"c":[1,1,1],"b":["when starts then set light range 100"]}]}]}