{"n":"photon greatsaber","v":7,"a":[2,3],"p":[{"b":14,"t":1,"c":[[0.1,0.1,2.5,26,2,12,10],[0.2,-0.2,-2.5,32,6,8,6]],"s":[{"p":[0.001720488,-0.0008869171,0.5198071],"r":[3.415095E-06,-1.707547E-06,180],"s":[0.02817853,0.03668306,0.1625263],"c":[0.4444442,0.4444442,0.4444442]}]},{"b":14,"t":21,"c":[[0.6,0,2.5,26,2,12,10]],"s":[{"p":[0.001720667,-0.0008869171,0.5416054],"r":[0,180,0],"s":[0.003016161,0.001211633,0.1129973],"c":[1,1,1],"b":["when triggered then play lightsword on","when triggered then become next in 0.2s"]},{"p":[0.001720667,-0.0008869171,0.5416054],"r":[0,180,0],"s":[0.003016161,0.1455424,0.1666191],"c":[0.8888889,0.1975307,0.1975307],"b":["when touched then play lightsword hit 1","when shaken then play lightsword swing 4","when triggered then become next in 0.2s","when triggered then play lightsword off"]}]},{"b":5,"t":1,"s":[{"p":[0.002741575,-0.0003375113,-0.004095018],"r":[0,0,8.537737E-06],"s":[0.01079098,0.01611017,0.2863222],"c":[0.6666667,0.6666667,0.6666667]}]}]}