{"v":7,"a":[22,50],"p":[{"b":63,"s":[{"p":[0,0,0],"r":[0,0,0],"s":[0.03839133,0.7515842,0.03839002],"c":[0,0,0]}]},{"b":122,"e":" CHANCELLOR","s":[{"p":[0.03114637,0.08514404,0.01256821],"r":[0,270,270],"s":[0.003709628,0.003709191,0.003709767],"c":[1,1,1]}]}]}