{"n":"sun","v":7,"a":[20,21],"p":[{"b":73,"t":19,"pr":33,"s":[{"p":[0,0,0],"r":[0,0,0],"s":[205.1432,205.1432,205.1372],"c":[0.9714286,1,0],"b":["when told by any sun then become 2 in 0.5s"],"pr":{"c":[0.8,1,0],"m":0.1527174,"a":0.645787,"s":0.3573694,"z":0.5420401,"g":0.5669365,"h":0.3370073}},{"p":[0,0,0],"r":[0,0,0],"s":[205.1432,205.1432,205.1372],"c":[1,1,1],"b":["when starts then become next in 2"],"pr":{"c":[1,1,1],"m":0.6560001,"a":1,"s":0.15,"z":1,"g":0.6005917,"h":0.3438625}},{"p":[0,0,0],"r":[0,0,0],"s":[205.1432,205.1432,205.1372],"c":[0.9714286,1,0],"b":["when starts then become 1 in 0.2s"],"pr":{"c":[0.8,1,0],"m":0.6560001,"a":1,"s":0.15,"z":1,"g":0.6005917,"h":0.3438625}}]}]}