{"v":7,"a":[22,18,20,32],"p":[{"b":14,"a":[12,37],"i":[{"t":"5c8c449dd8ee786d5287302c","p":[1.529899E-07,0.8749999,-1.529899E-07],"r":[270,180,0]}],"s":[{"p":[0,0,0],"r":[0,0,0],"s":[0.3552355,0.4969579,0.3552497],"c":[1,1,1],"b":["when starts then become next in 20"]},{"p":[-92.3875,1.615354E-05,-8.076772E-06],"r":[1.001791E-05,-1.628444E-12,-1.423631E-19],"s":[0.3553026,0.4969571,0.3553738],"c":[1,1,1],"b":["when starts then become next in 1"]},{"p":[-92.4125,1.615791E-05,-8.078957E-06],"r":[1.001791E-05,180,2.003582E-05],"s":[0.355364,0.4969767,0.3554417],"c":[1,1,1],"b":["when starts then become next in 20"]},{"p":[0.0625,-1.092785E-08,5.463924E-09],"r":[8.757937E-13,180,2.003582E-05],"s":[0.3554131,0.4969911,0.3554879],"c":[1,1,1],"b":["when starts then become next in 1"]}]}]}