{"n":"tread projector","v":7,"a":[7,12,18,49],"p":[{"t":7,"a":[12,37,36],"s":[{"p":[0,0,0],"r":[0,0,1.001791E-05],"s":[0.0399328,0.03993067,0.08843617],"c":[1,1,1]}]},{"t":7,"a":[12,37],"i":[{"t":"5c866c7a1ebe230d905eb061","p":[0.03261099,-0.4084826,-0.2168247],"r":[90,180,0]}],"s":[{"p":[0,0,0],"r":[0,0,0],"s":[0.06392509,0.06392473,0.06392489],"c":[1,1,1],"b":["when starts then turn sub-thing rusty treads off, project with 1000% reach","when told by body armorup then turn sub-thing rusty treads visible, project with 100% reach","when told by body armordown then turn sub-thing rusty treads off, project with 1000% reach"]}]}]}