{"v":7,"p":[{"b":129,"t":2,"e":"DONT PRESS","t1":24,"s":[{"p":[-0.06027741,0.01320443,0.01703983],"r":[87.77077,137.58,137.8976],"s":[0.003000007,0.003000002,0.003000007],"c":[0.3333332,0.1714284,0],"t1":{"c":[0,0.05714262,1],"x":0.5,"y":0.5,"a":0.8925,"m":0,"n":0,"r":0,"g":0,"o":0.5,"t":0.5,"e":0.5}}]},{"s":[{"p":[-0.0008359289,-0.001300001,-0.003681826],"r":[1.263774,0.2137522,359.5214],"s":[0.1726788,0.01720523,0.07091849],"c":[1,1,1]}]}]}