{"v":7,"p":[{"t1":24,"s":[{"p":[0,0,0],"r":[0,0,-8.671139E-08],"s":[0.1750006,1.050462,0.1750006],"c":[0.3333332,0.1714284,0],"t1":{"c":[1,1,1],"x":0.5,"y":0.5,"a":0.8925,"m":0,"n":0,"r":0,"g":0,"o":0.5,"t":0.5,"e":0.5}}]}]}