{"n":"ice bit","v":7,"a":[2,7,12,15,18,31],"inc":[["magic missile","5c87740d482c373ec331203f"]],"p":[{"b":10,"t":18,"s":[{"p":[0,0,0],"r":[6.222898E-27,-1.628444E-12,4.378975E-13],"s":[0.05421732,0.05420992,0.05420952],"c":[0.5555556,1,0.9619048],"b":["when starts then become 2 in 1s"]},{"p":[0,0,0],"r":[0,0,0],"s":[0.05421732,0.05420992,0.05420952],"c":[0.5555556,1,0.9619048],"b":["when starts then emit gravity-free magic missile with 10","when starts then all parts face forward","when starts then become 3 in 0.5s"]},{"p":[0,0,0],"r":[0,0,0],"s":[0.05465497,0.05464756,0.05464716],"c":[0.5555556,1,0.9619048],"b":["when starts then emit gravity-free magic missile with 10","when starts then become 2 in 0.5s","when starts then all parts face nearest bit-tgt"]}]}]}