{"v":7,"a":[22],"p":[{"t":9,"s":[{"p":[0,0,0],"r":[0,0,0],"s":[0.6910724,0.1750867,0.1750686],"c":[0.6666667,0.6666667,0.6666667]}]},{"b":14,"t":9,"s":[{"p":[-0.3093761,0.0433934,-0.2667714],"r":[0,0,-1.536792E-05],"s":[0.06000817,0.06000523,0.08489706],"c":[0.4444443,0.4444443,0.4444443]}]}]}