{"v":7,"a":[22,18],"p":[{"b":60,"s":[{"p":[0.04432891,-0.01836164,-7.450581E-09],"r":[0,0,3.415094E-06],"s":[0.0311873,2.99241,0.09262923],"c":[0.5555556,0.5555556,0.5555556]}]},{"b":60,"s":[{"p":[-0.01663294,0.006889849,-1.173466E-07],"r":[0,0,3.415094E-06],"s":[0.03314573,2.992359,0.09262811],"c":[0.5555556,0.5555556,0.5555556]}]}]}