{"n":"slimer","v":7,"a":[1,7,12,18],"p":[{"b":69,"i":[{"t":"5c8e9392dbfe794be0245e79","p":[-0.002876024,-0.1409797,8.940697E-08],"r":[-1.321557E-05,180,270]}],"t1":27,"s":[{"p":[-1.537873E-14,-1.192093E-07,0.1162224],"r":[-1.195283E-05,270,89.99999],"s":[0.0421834,0.06510124,0.04265667],"c":[0.6740741,0.7777778,0.2592583],"t1":{"c":[0.4567901,0.5555556,0.06172834],"x":0.5,"y":0.5,"a":0.8925,"m":0,"n":0,"r":0,"g":0,"o":0.5,"t":0.5,"e":0.5}}]},{"b":4,"t":7,"a":[12],"s":[{"p":[0,0,0],"r":[-4.853141E-20,-3.431689E-20,1.461274E-41],"s":[0.03926936,0.0271552,0.04192704],"c":[0.4063487,0.8888889,0],"b":["when starts then all parts face nearest sledl"]}]}]}