{"v":7,"a":[2,19,25,27,45,50],"p":[{"b":179,"s":[{"p":[-0.4773433,-0.01114453,-0.1636877],"r":[357.9581,305.2117,357.3152],"s":[0.2150003,0.2150017,0.2150009],"c":[1,1,1]}]},{"b":179,"a":[6],"s":[{"p":[0,0,0],"r":[4.472655E-16,8.004127E-08,-6.403302E-07],"s":[0.2607765,0.2150019,0.2407373],"c":[1,1,1],"b":["when touched then play "]},{"p":[0,0,0],"r":[4.472655E-16,8.004127E-08,-6.403302E-07],"s":[0.2150003,0.2150019,0.2150009],"c":[1,1,1]}]}]}