{"n":"wave","v":7,"a":[7,18],"p":[{"b":73,"t":4,"s":[{"p":[0,0,0],"r":[0,0,0],"s":[0.04605346,0.04604115,0.04604552],"c":[0.7777778,0.9428571,1]}]},{"b":49,"t":4,"s":[{"p":[-0.01229096,-0.0002937391,0.0694536],"r":[270,90.00001,0],"s":[0.1250564,0.1250522,0.08207485],"c":[0.7777778,0.9428571,1]}]},{"b":49,"t":4,"s":[{"p":[-0.01229096,-0.0002937466,0.15081],"r":[270,90.00002,0],"s":[0.1573,0.1250673,0.1537114],"c":[0.7777778,0.9428571,1]}]}]}