{"v":7,"a":[22,12],"p":[{"a":[1],"s":[{"p":[0,0,0],"r":[0,0,0],"s":[1.327832,0.001000112,0.9194853],"c":[1,1,1]}]}]}