{"v":7,"a":[7,18,29,32],"p":[{"b":60,"t":1,"s":[{"p":[0,0,-1.1],"r":[0,0,1.024528E-05],"s":[0.7720796,0.3614636,0.06041119],"c":[0,0.412698,0.5555556]}]},{"b":60,"s":[{"p":[0,0,-1.3],"r":[0,0,1.024528E-05],"s":[0.7294846,0.3203017,0.4087183],"c":[0.2222221,0.2222221,0.2222221]}]},{"b":60,"t":1,"s":[{"p":[0,0.1999998,-1.1],"r":[337.5,-9.241178E-07,90],"s":[0.01815242,0.6342085,0.8138063],"c":[0.222222,0.222222,0.222222]}]},{"b":60,"t":1,"s":[{"p":[0,0.2697592,-0.8714631],"r":[337.5,-9.241178E-07,90],"s":[0.04116317,0.5981416,0.255218],"c":[0,0.412698,0.5555556]}]}]}