{"n":"wall","v":7,"a":[6,14,23,45,48,49],"inc":[["lost soul left face","5c60c947f09c02055d243b54"],["lostsoul horn","5c60c94fd31dc60554bbcfcd"],["lost sould jaw","5c60c9213a15a1054ec2f484"],["thing","5c60d3d795a9cd054c9cb14a"],["thing 2","5c60d4667c252e055381429b"],["wall","5c61a3c88212e905470d213a"],["pe body","5c61aa018212e905470d213e"],["pe arm","5c61aa2d8212e905470d213f"],["pe jaw","5c61aa618c83a6054e344953"],["pain elemental face","5c61a9e80930f7054d2083b5"],["thing 3","5bd6208b8909a03a00744551"],["wall 2","5c61a97b8212e905470d213d"],["wall 3","5c61bfffddf761055b0bf83a"],["wall 4","5c61d315d98ec9055c5a2e47"],["wall 5","5c61d3e7d98ec9055c5a2e49"],["cacodemon","5c61ffe73366c505542254e7"],["cacodemon 2","5c61ffed3366c505542254e8"],["cacodemon 3","5c61fff3f2a3220564e81333"],["thing 4","5c61fff87466b0054e2075dd"]],"tp_d": 5,"tp_ad": 0.01,"tp_d": 5,"tp_ad": 0.01,"tp_lr": [1,1,1],"p":[{"a":[12,37],"i":[{"t":"5c60cc52d31dc60554bbcfdd","p":[-0.0624743,-10.44396,-0.08996677],"r":[272.545,79.71582,190.3668],"a":[48,49]}],"s":[{"p":[1.557756E-08,0.1781865,3.115512E-08],"r":[-1.366038E-05,270,89.99999],"s":[0.1750124,0.175012,0.1750007],"c":[1,1,1],"b":["when told canturnright then rotate forward with 1","when told canturnleft then rotate forward with -1","when told done then rotate forward with 0.0000001","when any part touches wall then tell finish","when any part touches ground then tell finish","when told by nearby player then is enemy = 1","when any part touches doomguy then tell finish, then tell nearby 2, then become next in 0.5s","when told flinch then tell finish","when told spotted then is enemy = 1"]},{"p":[1.557756E-08,0.1781865,3.115512E-08],"r":[-1.707547E-05,270,90],"s":[0.1750124,0.175012,0.1750007],"c":[1,1,1],"b":["when starts then become previous"]}]},{"s":[{"p":[-0.120493,-0.05810687,-0.07266234],"r":[0,0,6.157171E-14],"s":[0.03227013,0.03035332,0.0009999995],"c":[1,1,1],"b":["when is initiative < 10 and is enemy = 0 then tell canturnleft","when is initiative > 90 and is enemy = 0 then tell canturnright","when is initiative > 10 and is initiative < 45 then tell walk","when is initiative > 45 and is initiative < 55 and is enemy = 0 then tell stopwalk","when is initiative > 49 and is initiative < 55 then play baby laugh with 200 reversal","when is initiative > 75  and is enemy = 1 then tell attack","when is initiative > 49 and is initiative < 55 then play monster scream 3 with 200 reversal"]},{"p":[-0.120493,-0.05810687,-0.07266234],"r":[0,0,6.157171E-14],"s":[0.03227013,0.03035332,0.0009999995],"c":[1,1,1],"b":["when starts then become previous","when starts then is initiative = random(0 100)"]}]},{"b":18,"e":"[INITIATIVE VALUE]","s":[{"p":[-0.147769,-0.02762911,-0.08790587],"r":[1.001791E-05,1.001791E-05,180],"s":[0.003000134,0.003000162,0.003000037],"c":[1,1,1],"b":["when starts then become next in 0.5s"]},{"p":[-0.147769,-0.02762911,-0.08790587],"r":[1.001791E-05,1.001791E-05,180],"s":[0.003000134,0.003000162,0.003000037],"c":[1,1,1],"b":["when starts then become previous","when starts then is initiative = random(0 100)"]}]},{"s":[{"p":[-0.120493,-0.09473488,-0.07266235],"r":[1.252119E-12,1.001791E-05,1.690016E-12],"s":[0.03227215,0.03035512,0.00100001],"c":[1,1,1],"b":["when starts then become next in 0.5s"]},{"p":[-0.120493,-0.09473488,-0.07266235],"r":[1.252119E-12,1.001791E-05,1.690016E-12],"s":[0.03227215,0.03035512,0.00100001],"c":[1,1,1],"b":["when starts then tell tick","when starts then become previous"]}]},{"a":[12,37],"i":[{"t":"5c89a9a25d86047efd199184","p":[0.01086615,-0.3105327,0.5019772],"r":[273.7475,355.2084,4.546669],"a":[48]},{"t":"5c8e68846b223649e9968ddd","p":[-0.06459205,-0.6780834,0.1241686],"r":[344.9178,272.4526,265.551],"a":[48,49]}],"s":[{"p":[-1.557364E-08,-0.1781417,-3.114729E-08],"r":[270,2.227137E-05,0],"s":[0.1750463,0.1750372,0.1750214],"c":[1,1,1],"b":["when told top then propel forward with 1","when told bottom then propel forward with 0","when told tick and is enemy = 1 then tell nearby player"]}]},{"s":[{"p":[-0.1561804,-0.05810687,-0.07266233],"r":[1.001791E-05,1.001791E-05,1.690016E-12],"s":[0.03227219,0.03035512,0.001000009],"c":[1,1,1],"b":["when told flip then become next","when starts then tell top"]},{"p":[-0.1561804,-0.05810687,-0.07266233],"r":[1.001791E-05,1.001791E-05,1.690016E-12],"s":[0.03227219,0.03035512,0.001000009],"c":[0.9714286,1,0],"b":["when told flip then become next","when starts then tell bottom"]}]},{"s":[{"p":[-0.1555309,-0.09473488,-0.07266234],"r":[1.001791E-05,1.001791E-05,1.690016E-12],"s":[0.03227604,0.03035841,0.001000023],"c":[1,1,1],"b":["when starts then become next in 1s"]},{"p":[-0.1555309,-0.09473488,-0.07266234],"r":[1.001791E-05,1.001791E-05,1.690016E-12],"s":[0.03227604,0.03035841,0.001000023],"c":[1,1,1],"b":["when starts then tell flip","when starts then become previous"]}]},{"b":18,"e":"[BLOCKED VALUE]","s":[{"p":[-0.147769,0.03457704,-0.08790585],"r":[1.001791E-05,1.001791E-05,180],"s":[0.003000205,0.003000214,0.003000058],"c":[1,1,1]}]},{"b":18,"e":"[ENEMY VALUE]","s":[{"p":[-0.147769,0.06423332,-0.08790588],"r":[-8.757937E-13,-1.001791E-05,180],"s":[0.003000209,0.003000216,0.003000053],"c":[1,1,1]}]},{"a":[36],"s":[{"p":[-0.4040356,0.08828799,-0.08657265],"r":[-8.757937E-13,-1.001791E-05,7.656432E-20],"s":[0.03228277,0.03036392,0.001000065],"c":[1,1,1],"b":["when is enemy = 1 then all parts face someone, then become next"]},{"p":[-0.4040356,0.08828799,-0.08657265],"r":[-8.757937E-13,-1.001791E-05,7.656432E-20],"s":[0.03228277,0.03036392,0.001000065],"c":[1,1,1],"b":["when is initiative > 93 then tell charge, then become next"]},{"p":[-0.4040356,0.08828799,-0.08657265],"r":[-8.757937E-13,-1.001791E-05,7.656432E-20],"s":[0.03228277,0.03036392,0.001000065],"c":[1,1,1],"b":["when told finish then become previous"]}]},{"s":[{"p":[0,0,0],"r":[0,0,6.157171E-14],"s":[0.1168533,0.08127712,0.001],"c":[0.9714286,1,0],"b":["when told walk and is enemy = 0 then propel forward with 7","when told stopwalk then propel forward with 0","when told charge then propel forward with 15","when told finish then set speed 0, then propel forward with 7"]}]},{"a":[36],"s":[{"p":[-0.4417524,0.1192315,-0.08657255],"r":[0,0,6.157171E-14],"s":[0.03228548,0.03036613,0.001000076],"c":[1,1,1],"b":["when told charge then is counter = random (10 20)"]}]},{"b":18,"a":[36],"e":"[HEALTH VALUE]","s":[{"p":[-0.147769,0.1252428,-0.08790584],"r":[0,0,180],"s":[0.003000222,0.003000248,0.003000082],"c":[1,1,1],"b":["when starts then become next in 0.3s","when starts then is health = 400"]},{"p":[-0.147769,0.1252428,-0.08790584],"r":[0,0,180],"s":[0.003000222,0.003000248,0.003000082],"c":[1,1,1],"b":["when is health <= 0 then tell dead","when told gore then destroy all parts , then play firework crack with 200","when told gore then play sharp explosion pop with 500","when told gore then play sharp explosion pop 2 with 500, then tell any cacodemondeath"]}]},{"b":18,"e":"[COUNTER VALUE]","s":[{"p":[-0.147769,0.09421411,-0.08790585],"r":[1.001791E-05,-1.252119E-12,180],"s":[0.003000188,0.003000197,0.003000074],"c":[1,1,1],"b":["when told tick and is counter > 0 then is counter -= 1","when is counter = 0 then tell finish"]}]},{"b":18,"e":"[COUNTER VALUE]","s":[{"p":[-0.147769,0.002636818,-0.08790586],"r":[1.001791E-05,1.001791E-05,180],"s":[0.003000165,0.00300017,0.003000059],"c":[1,1,1],"b":["when told canturnleft then is counter = random(5 10)","when told tick and is counter > 0 then is counter -= 1","when told canturnright then is counter = random(5 10)","when is counter = 0 then tell done","when told left then is counter = 10","when told right then is counter = 10"]}]},{"b":18,"a":[36],"e":"[DAMAGE VALUE]","s":[{"p":[-0.147769,0.153486,-0.08790586],"r":[8.757937E-13,1.001791E-05,180],"s":[0.003000268,0.003000288,0.003000114],"c":[1,1,1],