{"n":"projectile","v":7,"a":[2,15],"p":[{"b":3,"t":3,"s":[{"p":[0,0,0],"r":[0,0,7.47052E-07],"s":[0.0992226,0.09319362,0.09503438],"c":[1,0,0],"b":["when starts then all parts face backward"]}]}]}