{"v":8,"a":[7,18],"p":[{"s":[{"p":[0,0,0],"r":[0,0,0],"s":[0.4172543,0.1044032,3.390173],"c":[1,1,1]}]}]}