{"v":7,"p":[{"b":13,"s":[{"p":[0,0,0],"r":[0,0,-3.415095E-06],"s":[0.5939649,0.06000013,0.499045],"c":[0.5209877,0.08641968,0.7777778]}]},{"b":136,"e":"PORTAL","s":[{"p":[0.713472,0.2336912,0.3732615],"r":[85.90873,354.8864,266.4413],"s":[0.01954557,0.01954558,0.01954558],"c":[1,1,1]}]},{"b":14,"s":[{"p":[0.8360498,0.4421992,-0.1638327],"r":[343.022,15.60342,15.32944],"s":[0.128786,0.01359112,0.1023434],"c":[1,1,1]}]}]}