{"v":7,"a":[7,18,21],"p":[{"b":7,"s":[{"p":[0,0,0],"r":[0,0,0],"s":[1.454793,0.4804536,0.5303501],"c":[0.5555556,0.09523798,0]}]},{"b":7,"s":[{"p":[0,-5.960464E-08,0.4171343],"r":[-3.685546E-21,-8.431546E-14,-5.008957E-06],"s":[1.235447,0.4210657,0.5304298],"c":[0.5555556,0.09523798,0]}]},{"b":7,"t":1,"s":[{"p":[1.366815E-09,0.01563454,-0.01386595],"r":[0,0,1.001791E-05],"s":[1.41841,0.4853744,0.348648],"c":[0.6666667,0.5714286,0]}]},{"b":7,"t":1,"s":[{"p":[1.125826E-09,0.01287788,0.4171343],"r":[-3.685546E-21,-8.431546E-14,-5.008957E-06],"s":[1.198186,0.4226907,0.3404955],"c":[0.6666667,0.5714286,0]}]}]}