{"v":8,"a":[7,18],"p":[{"s":[{"p":[0,0,0],"r":[0,0,0],"s":[5.416868,0.1755725,3.955894],"c":[0.7777778,0.7530864,0.6049383]}]}]}