{"v":8,"a":[7,18],"p":[{"s":[{"p":[0,0,0],"r":[0,0,0],"s":[2.030274,0.1757009,3.349055],"c":[0.7777778,0.7530864,0.6049383]}]}]}