{"v":8,"p":[{"b":9,"t":1,"s":[{"p":[0,0,0],"r":[0,0,5.336085E-08],"s":[0.1250005,0.1250004,0.1250004],"c":[1,0,0]}]},{"b":14,"t":1,"s":[{"p":[0.001087423,0.07262154,-0.06124816],"r":[348.0415,283.8344,40.60587],"s":[0.03410432,0.06000033,0.04568737],"c":[0.3333332,0.2962962,0.2962962]}]}]}