{"n":"csb","v":8,"a":[7,48],"p":[{"s":[{"p":[0,0,0],"r":[0,0,0],"s":[0.1750014,0.1750023,0.1750048],"c":[1,1,1]}]}]}