{"v":8,"p":[{"b":3,"s":[{"p":[0.0642249,-0.007650778,0.1613026],"r":[354.6682,6.979979,2.393189],"s":[0.1401899,0.14019,0.2849126],"c":[1,1,1]}]},{"b":3,"s":[{"p":[0.06514265,0.1360703,0.1947652],"r":[290.318,275.5172,6.836073],"s":[0.06929435,0.04594597,0.01904136],"c":[0,0,0]}]},{"b":3,"s":[{"p":[-0.03080396,0.08662389,0.2180339],"r":[303.2706,277.093,359.3646],"s":[0.06929439,0.04594598,0.01904138],"c":[0,0,0]}]},{"b":37,"s":[{"p":[0.007556047,0.09014568,0.08019281],"r":[11.48202,233.6349,338.4709],"s":[0.1250003,0.125,0.1250002],"c":[0,0,0]}]}]}