{"n":"test","v":8,"p":[{"b":60,"s":[{"p":[0,0,0],"r":[0,0,0],"s":[0.2345963,0.1250003,0.3747897],"c":[1,1,1]}]},{"b":60,"s":[{"p":[0.07360481,0.04929406,-0.04924091],"r":[358.2523,0.1959938,1.282887],"s":[0.06295981,0.07236072,0.1250004],"c":[1,1,1],"b":["when gets power then play doorbell"]}]}]}