{"v":8,"a":[7,18],"p":[{"s":[{"p":[0,0,0],"r":[0,0,0],"s":[2.602558,0.1044432,3.390882],"c":[1,1,1]}]}]}