{"v":8,"p":[{"b":18,"e":"FREE PUPPET","s":[{"p":[0,0,0],"r":[3.415095E-06,0,0],"s":[0.003000008,0.003000002,0.003000007],"c":[1,1,1]}]}]}