{"v":8,"a":[7,18],"p":[{"s":[{"p":[0,0,0],"r":[0,0,0],"s":[4.733716,0.1753956,3.35338],"c":[1,1,1]}]}]}