{"v":8,"a":[21,31],"p":[{"s":[{"p":[0,0,0],"r":[6.670106E-08,1.087103E-16,1.86763E-07],"s":[0.1825668,0.01593134,0.189103],"c":[0,0,0]}]}]}