{"n":"wet2","v":8,"a":[31],"p":[{"s":[{"p":[0,0,0],"r":[0,0,0],"s":[0.01552378,0.01552425,0.01552421],"c":[1,1,1]}]}]}