{"v":8,"a":[7,31],"p":[{"b":25,"t":9,"a":[13],"s":[{"p":[0,0,0],"r":[0,0,0],"s":[2.000028,1.000008,2.000019],"c":[0.1142854,1,0]}]},{"b":3,"t":1,"a":[3],"s":[{"p":[-0.001865757,-0.1401682,0.01069082],"r":[0,0,270],"s":[0.5023978,0.5023894,0.5023867],"c":[0.1142855,1,0],"b":["when consumed then send one nearby to the apple"]}]},{"b":50,"t":1,"a":[3],"s":[{"p":[-0.08095961,-0.1448898,0.5264198],"r":[0,0,180],"s":[0.3808575,0.3808479,0.3808526],"c":[0.5555556,0.5026451,0.185185]}]}]}