{"v":8,"a":[27],"p":[{"b":3,"i":[{"t":"5c903813abc2ca74b50dace5","p":[-0.03888355,0.008508666,-0.02764844],"r":[325.2406,318.1306,8.030199],"a":[48]},{"t":"5c9037f85d1e404a7a5a25f3","p":[-0.2124721,0.01919504,-0.1676429],"r":[322.4404,321.6479,359.7554],"a":[48]}],"s":[{"p":[0,0,0],"r":[0,0,0],"s":[0.04695781,0.04695763,0.04695781],"c":[0.9809523,1,0.3333327]}]},{"a":[12],"s":[{"p":[-0.1454203,0.05571094,-0.08625545],"r":[344.5286,241.6252,107.2906],"s":[0.1191157,0.1191155,0.3443755],"c":[1,1,1]}]}]}