{"v":8,"p":[{"s":[{"p":[0,0,0],"r":[0,0,1.067217E-07],"s":[0.718567,0.1750001,0.703617],"c":[1,1,1]}]}]}