{"n":"the walking bear arm","v":8,"a":[7,18],"p":[{"b":3,"i":[{"t":"5c9030570c530c05552b6a14","p":[-1.490116E-08,-0.1241134,7.450581E-09],"r":[90,180,0]}],"s":[{"p":[-1.490117E-08,-5.960464E-08,0.1251969],"r":[270,-4.829672E-06,0],"s":[0.05855153,0.1486641,0.06178436],"c":[0.4444443,0.2285713,0]}]},{"b":205,"a":[12,37],"s":[{"p":[0,0,0],"r":[0,0,0],"s":[0.04501318,0.04501475,0.001000053],"c":[1,1,1],"b":["when starts then all parts face nearest pbel"]}]}]}