{"v":8,"p":[{"b":59,"t":12,"id":"5c90ff8235bac021a46c5479","s":[{"p":[0.005985696,-0.03980596,0.002351388],"r":[358.8793,0.1763412,357.3921],"s":[0.142849,0.1429216,0.1429305],"c":[1,1,1]}]},{"b":59,"t":12,"ac":{"id":"5c90ff8235bac021a46c5479","c":50},"s":[{"p":[0.01287316,0.05388298,0.00535056],"r":[358.0027,200.0093,359.864],"s":[0.1510864,0.3471424,0.1510025],"c":[1,1,1]}]}]}