{"v":9,"a":[24],"bod":{"ht": {"i":"5c91a877d53ae6291dbea244","p":[0.03940817,-0.08307739,0.04207645],"r":[3.321478,174.5591,1.674513]}},"p":[{"b":3,"s":[{"p":[0,0,0],"r":[0,0,0],"s":[0.3484517,0.2595674,0.2329987],"c":[1,1,1]}]},{"b":3,"s":[{"p":[-0.1610958,0.1721667,-0.08803385],"r":[38.42283,323.4335,11.65973],"s":[0.05078307,0.05298562,0.0553734],"c":[0,0,0]}]},{"b":3,"s":[{"p":[0.154571,0.1699924,-0.08593343],"r":[24.41097,351.3741,14.53423],"s":[0.05078309,0.05298565,0.05537347],"c":[0,0,0]}]},{"b":3,"s":[{"p":[-0.008175805,0.194724,-0.1006546],"r":[45.91987,325.1865,17.33295],"s":[0.05078316,0.05298562,0.05537351],"c":[0,0,0]}]}]}