{"v":9,"p":[{"b":73,"im":"938329658124465244/02B8D4075AC20745706A459385349920A5FE3D92/","s":[{"p":[0,0,0],"r":[0,0,0],"s":[0.2250016,0.2250011,0.2250019],"c":[1,1,1]}]}]}