{"v":9,"a":[1,2,7],"p":[{"b":14,"i":[{"t":"5c91d0ec188342055b8a457f","p":[0,0,0],"r":[0,0,8.537737E-06]},{"t":"5c91d0e0449ddd5a73892390","p":[0,0,0.125],"r":[0,0,8.537737E-06]},{"t":"5c91d0e6ce7a1258c85672e7","p":[0,0,-0.125],"r":[0,0,8.537737E-06]}],"s":[{"p":[-0.001796253,0.267585,-0.05586439],"r":[270,9.659347E-06,0],"s":[0.06000159,0.06000622,0.06001487],"c":[1,1,1]},{"p":[0,0,0],"r":[0,0,0],"s":[0.05999863,0.06000438,0.06001301],"c":[1,1,1]}]}]}