{"v":9,"a":[22,36],"p":[{"b":17,"t1":120,"s":[{"p":[0,0,0],"r":[0,0,3.415095E-06],"s":[0.002608448,2500,2500],"c":[0.6666667,0.6666667,0.6666667],"t1":{"c":[0.1111111,0.1111111,0.1111111],"x":0.04492188,"y":0.03320313,"a":0.8925,"m":0,"n":0,"r":0,"g":0,"o":0.5,"t":0.5,"e":0.5}}]}]}