{"n":"space111","v":9,"a":[22],"p":[{"s":[{"p":[0,0,0],"r":[0,0,0],"s":[0.004067972,0.1750019,0.1750036],"c":[1,1,1]}]}]}