{"v":9,"a":[22],"p":[{"b":205,"s":[{"p":[0,0,0],"r":[-8.537737E-07,4.268868E-07,8.537737E-07],"s":[0.04500011,0.04500014,0.04500007],"c":[1,0.6857142,0]}]}]}