{"v":9,"a":[48],"p":[{"a":[12,37],"s":[{"p":[0,0,0],"r":[0,0,0],"s":[0.1750007,0.1750011,0.1750011],"c":[1,1,1],"b":["when starts then loop bubbles 2"]}]}]}