{"v":9,"a":[7,18],"p":[{"t1":44,"s":[{"p":[0,0,0],"r":[0,0,0],"s":[4.508152,0.001000624,5.392398],"c":[0,0,0],"t1":{"c":[0.4444444,0.1171075,0.04938267],"x":0.5,"y":0.2887066,"a":0.8925,"m":0,"n":0,"r":0,"g":0,"o":0.5,"t":0.5,"e":0.5}}]}]}