{"v":9,"a":[1,7,18],"p":[{"b":60,"t1":38,"s":[{"p":[0,0,0],"r":[0,0,0],"s":[0.7828826,0.225003,0.02500207],"c":[0.3333331,0.3333331,0.3333331],"t1":{"c":[0,0,0],"x":0.5,"y":0.5,"a":0.8925,"m":0,"n":0,"r":0,"g":0,"o":0.5,"t":0.5,"e":0.5}}]},{"b":144,"t":12,"s":[{"p":[-0.3176116,-0.007583529,-0.1299434],"r":[90,270,0],"s":[0.2090241,0.02027033,0.02028897],"c":[0.6666667,0.6666667,0.6666667]}]},{"b":144,"t":12,"s":[{"p":[0.3141156,-0.007583618,-0.130497],"r":[90,270,0],"s":[0.2095546,0.02026545,0.02028372],"c":[0.6666667,0.6666667,0.6666667]}]}]}