{"v":9,"p":[{"s":[{"p":[0,0,0],"r":[0,0,0],"s":[0.2624646,0.1750004,0.2648037],"c":[0.3111109,1,0.2222221]}]}]}