{"n":"me  irl","v":9,"p":[{"b":4,"s":[{"p":[0.03511411,-0.09223153,0.3524822],"r":[5.784025,3.618298,335.0457],"s":[0.1539016,0.158697,0.1985832],"c":[0.3650792,1,0.111111]}]},{"s":[{"p":[0.01708459,-0.06504217,-0.009860644],"r":[7.1461,2.499996,1.035747],"s":[0.3538781,0.3056775,0.3305974],"c":[1,1,1]}]},{"s":[{"p":[0.07717333,0.08291716,0.01645096],"r":[2.24824,2.329239,3.563019],"s":[0.0414502,0.03048991,0.08111086],"c":[0,0,0]}]},{"s":[{"p":[-0.03331595,0.07559098,0.0175994],"r":[4.991348,3.722765,5.799501],"s":[0.04145023,0.03048992,0.081111],"c":[0,0,0]}]}]}