{"v":9,"a":[1,2],"p":[{"s":[{"p":[0.02241043,-0.001921311,-0.2402361],"r":[8.022918,268.0288,268.1901],"s":[0.0233306,0.07716513,0.02994331],"c":[0.2222221,0.1523808,0]}]},{"s":[{"p":[0.01294053,-0.006232724,-0.1955048],"r":[7.687847,355.1789,276.2332],"s":[0.02333069,0.1560432,0.02994343],"c":[0.222222,0.1523808,0]}]},{"b":5,"s":[{"p":[0.01839107,-0.007190816,-0.02740762],"r":[1.781633,0.3486548,9.894917],"s":[0.01274463,0.001000017,0.4929908],"c":[0,0.7428569,1]}]},{"b":6,"s":[{"p":[0.02186624,-0.01256704,0.1813592],"r":[1.094389,358.8972,13.62168],"s":[0.01880183,0.001000006,0.01124244],"c":[0,0.7428569,1]}]}]}