{"n":"gblsh","v":9,"a":[7,12,18,31],"p":[{"b":4,"a":[12,37],"i":[{"t":"5c9425fefb2b943bb7e471f4","p":[0.001707554,0.00137186,-0.001855612],"r":[7.656436E-20,1.001791E-05,-4.37897E-13],"a":[49]},{"t":"5c94831351f49d6f083045b9","p":[0.001659871,0.0004185846,0.2217377],"r":[4.829672E-06,-9.838631E-06,-8.293343E-13]}],"s":[{"p":[0,0,0],"r":[0,0,0],"s":[0.04896631,0.04899708,0.04891212],"c":[1,1,1],"b":["when starts then all parts face nearest gblhp"]}]}]}