{"v":9,"a":[24,27],"bod":{"ht": {"i":"5c91a877d53ae6291dbea244","p":[0.03940817,-0.08307739,0.04207645],"r":[3.321478,174.5591,1.674513]},"al": {"i":"5c91afef8706f12917d8b837","p":[0.1573729,0.1191476,0.03824352],"r":[12.5635,24.32174,47.54141]},"ar": {"i":"5c91afef8706f12917d8b837","p":[-0.03938501,0.1904145,0.06266282],"r":[354.9299,6.978007,109.2053]},"lt": {"i":"5c91ac0f99e2a158c12250f4","p":[0.01103416,0.1422795,-0.1134515],"r":[356.1275,233.502,273.4936]}},"p":[{"b":3,"s":[{"p":[0.2879761,0.05555803,-0.4691289],"r":[52.72472,141.1506,139.7882],"s":[0.0478622,0.03121129,0.05103927],"c":[1,1,1]}]},{"b":5,"s":[{"p":[0.3006504,-0.07007994,-0.2479209],"r":[30.5478,6.405846,23.22659],"s":[0.01560431,0.01397504,0.725723],"c":[1,1,1]}]},{"b":5,"s":[{"p":[0.3364746,-0.2320185,0.02173413],"r":[24.46754,2.856845,6.657035],"s":[0.04264583,0.05268978,0.1],"c":[1,1,1]}]}]}