{"v":9,"p":[{"a":[1],"s":[{"p":[0,0,0],"r":[0,0,0],"s":[0.8784379,0.003197804,0.7429937],"c":[1,1,1]}]}]}