{"v":9,"a":[2,7,15,31],"p":[{"b":183,"t":3,"s":[{"p":[-0.0003020778,0.00964433,0.01632249],"r":[0,90,90],"s":[0.004936023,0.008246375,0.004936023],"c":[0.9714286,1,0]}]},{"b":205,"a":[12],"s":[{"p":[0,0,0],"r":[0,-5.008956E-06,0],"s":[0.01614006,0.01613907,0.01614002],"c":[1,1,1]}]}]}