{"v":9,"p":[{"a":[1],"s":[{"p":[0,0,0],"r":[0,0,0],"s":[1.727128,0.175,1.236843],"c":[1,1,1]}]}]}