{"n":"rusty forehead","v":9,"a":[2,14],"p":[{"t":11,"t1":167,"s":[{"p":[0,0,0],"r":[0,0,0],"s":[0.07117705,0.01331738,0.07035258],"c":[1,0.5142855,0],"t1":{"c":[0,0,0],"a":0.75}}]}]}