{"v":9,"p":[{"t":2,"t1":168,"s":[{"p":[0,0,0],"r":[0,0,0],"s":[0.7711355,0.1750001,0.5247151],"c":[0.3703702,0.590476,0.6666667],"t1":{"c":[0,0,0],"a":0.05}}]},{"b":20,"t":2,"e":"W.I.P.","s":[{"p":[-0.1682659,0.1028878,0.08462605],"r":[89.00299,341.1216,340.3825],"s":[0.01880352,0.01880351,0.01880351],"c":[0,0,0]}]}]}