{"n":"50aebullet","v":9,"a":[2,22,16,21],"tp_m": 3,"tp_ad": 0.1,"p":[{"b":202,"t":11,"s":[{"p":[0.0001413245,-0.0003073932,-0.01526189],"r":[22.49999,270,270],"s":[0.004013747,0.01183634,0.00398016],"c":[1,0.895238,0.6666666]}]},{"b":5,"t":11,"s":[{"p":[-1.71518E-05,-0.0002631009,-0.02788377],"r":[-1.207418E-06,1.207418E-06,270],"s":[0.006426272,0.006336475,0.00453825],"c":[1,0.895238,0.6666666]}]},{"b":3,"t":11,"c":[[0.697,0.032,-0.536,3,35],[-0.211,0.071,-0.576,0],[-0.0755446,0.5199952,-0.5606544,4],[-0.6633227,0.3290113,-0.5606542,5],[-0.6633227,-0.2890114,-0.5606542,2],[-0.0755446,-0.4799948,-0.5606544,1,38]],"s":[{"p":[0,0,0],"r":[0,0,0],"s":[0.007913408,0.007566949,0.010434],"c":[1,0.6349206,0.4444443]},{"p":[0,0,0],"r":[0,0,0],"s":[0.006664968,0.008516003,0.001495987],"c":[1,0.7904761,0.3333331],"b":["when starts then play harsh metallic noise with very-low-pitch 0.75s duration ","when starts then destroy all parts"]}]}]}