{"v":9,"a":[22,18],"p":[{"t":1,"s":[{"p":[0,0,0],"r":[0,0,1.017778E-13],"s":[1.179192,0.1750004,1.21771],"c":[0.3333331,0.3333331,0.3333331]}]}]}