{"v":9,"a":[13],"p":[{"c":[[13.052,5.758998,-36.757,4,6,11],[13.052,4.759,-36.757,6,6,8],[12.052,5.758998,-36.757,5,6,7],[12.052,4.759,-36.757,7,8,4]],"s":[{"p":[0,0,0],"r":[0,0,0],"s":[0.02701796,0.03511505,0.1750006],"c":[0.3333332,0.3333332,0.3333332]}]},{"c":[[37.834,-5.93,-37.752,4,6,11],[37.834,-6.929996,-37.752,6,6,8],[36.834,-5.93,-37.752,5,6,7],[37.135,-6.677999,-37.793,7,8,4],[20.356,1.193,-0.188,2,6,14],[20.356,0.193,-0.188,0,13,10],[19.356,0.193,-0.188,1,13,2],[19.356,1.193,-0.188,3,6,8]],"s":[{"p":[0.5934829,0.02594194,0.08395287],"r":[3.526994,1.040497,4.264585],"s":[0.02701802,0.0351152,0.1750012],"c":[0.3333332,0.3333332,0.3333332]}]}]}