{"v":9,"a":[2,3,22,14,16,18,21],"p":[{"t":2,"s":[{"p":[-0.0003888757,-9.823591E-05,0.05634934],"r":[0,0,0],"s":[0.00966759,0.01551109,0.08922101],"c":[0,0.5714284,1]}]},{"b":200,"t":2,"s":[{"p":[-0.0003888757,-9.798631E-05,-0.02586919],"r":[0,0,0],"s":[0.02086547,0.007732837,0.02086066],"c":[0,0.5714284,1]}]},{"t":2,"s":[{"p":[0.01170103,-9.823591E-05,0.09069855],"r":[0,135,0],"s":[0.009668375,0.01551184,0.04486961],"c":[0,0.5714284,1]}]},{"t":2,"s":[{"p":[-0.013561,-9.823591E-05,0.09069855],"r":[0,225,0],"s":[0.009671123,0.01551626,0.04489797],"c":[0,0.5714284,1]}]}]}