{"v":9,"p":[{"b":86,"s":[{"p":[0,0,0],"r":[0,0,0],"s":[0.07500012,0.07500009,0.07500003],"c":[1,1,1]}]}]}