{"v":9,"p":[{"b":137,"e":"CHEESE SLICE\n   1.50/SLICE\n    4/PIE","s":[{"p":[0,0,0],"r":[0,0,0],"s":[0.003000013,0.003000011,0.00300001],"c":[0,0,0]}]}]}