{"n":"turbolaser blast","v":9,"a":[7,12,18],"inc":[["thing","5c96c532c921f67b439df8b0"],["thing 2","5c96c597565bc7054f01c4de"],["thing 3","5c96c5c12bd72e0548a97a01"]],"p":[{"b":69,"t":2,"s":[{"p":[-0.003044605,0.005536079,3.849392],"r":[-1.707547E-06,270,90.00001],"s":[0.0975026,1.869954,0.09797339],"c":[0.5238094,1,0.3333332]}]},{"b":73,"a":[12],"s":[{"p":[0,0,7.57407],"r":[5.122642E-06,90,90],"s":[0.2250034,0.2250043,0.2250038],"c":[1,1,1],"b":["when touched then emit thing 3 with 0","when touched then destroy all parts"]}]},{"b":4,"pr":28,"s":[{"p":[-0.003044605,0.005536079,5.615273],"r":[-1.162598E-06,180,270],"s":[0.07576396,0.07665791,0.1270511],"c":[1,1,1],"pr":{"c":[0,1,0.3999999],"m":1,"a":0.25,"s":0.7165022,"z":0.2837152,"g":0.5,"h":0.51934}}]}]}