{"v":9,"a":[22,13,20],"p":[{"t1":157,"s":[{"p":[-1.171335,-0.09693691,0.2835678],"r":[0,0,0],"s":[0.8379937,0.0847581,0.1798111],"c":[0.4444442,0.4444442,0.4444442],"t1":{"c":[0.7777778,0.7777778,0.7777778],"x":0.5,"y":0.5,"a":0.8925,"m":0,"n":0,"r":0,"g":0,"o":0.5,"t":0.5,"e":0.5}}]},{"b":92,"e":"TORSOS","s":[{"p":[-1.332027,-0.05090451,0.3460714],"r":[90,-1.77377E-05,0],"s":[0.01307557,0.01305734,0.01307475],"c":[1,1,1]}]}]}