{"v":9,"p":[{"b":180,"s":[{"p":[0,0,0],"r":[6.830188E-06,-2.035554E-13,-3.415094E-06],"s":[0.1250001,0.1250001,0.1250001],"c":[0.111111,0.111111,0.111111]}]}]}