{"n":"11","v":9,"a":[22],"p":[{"s":[{"p":[0,0,0],"r":[0,0,0],"s":[0.1750013,0.1750014,0.001],"c":[1,1,1]}]}]}