{"n":"resort jesus floor","v":9,"a":[7,13,18,48,49],"p":[{"b":153,"t":7,"t1":58,"t2":58,"s":[{"p":[0,0,0],"r":[0,0,0],"s":[2500.549,0.09207429,2500.58],"c":[1,1,1],"t1":{"c":[1,1,1],"x":0,"y":0,"a":0.5919199,"m":0.3458966,"n":0,"r":0,"g":0,"o":0.5,"t":0.5,"e":0.5},"t2":{"c":[0.4444444,0.6666664,1],"x":0,"y":0,"a":0.68075,"m":0,"n":0,"r":0.09914517,"g":0,"o":0.5,"t":0.5,"e":0.5}}]}]}