{"v":9,"p":[{"b":17,"s":[{"p":[0,0,0],"r":[0,0,8.537735E-07],"s":[0.02194612,0.03200565,0.03491394],"c":[0.4444443,0.4444443,0.4444443]}]},{"b":137,"e":"SAUGAGE\n 1.60/SLICE\n   5/PIE","s":[{"p":[-0.008834533,-0.1402717,0.1075622],"r":[1.903837,90.82722,105.5483],"s":[0.003000011,0.003000015,0.003000018],"c":[0,0,0]}]}]}