{"v":9,"a":[21],"p":[{"b":9,"t":3,"s":[{"p":[0,0,0],"r":[0,0,0],"s":[0.1362894,0.1362896,0.1362895],"c":[1,0.5682539,0.111111]}]}]}