{"n":"minerexit","v":9,"a":[7,18],"p":[{"s":[{"p":[0,0,0],"r":[0,0,0],"s":[0.1750047,0.1750024,0.1750071],"c":[1,1,1]}]}]}