{"v":9,"a":[2,3,7,18],"inc":[["orbital strike","5c97189c1b84cf4a48fbedd1"]],"p":[{"s":[{"p":[0.001478196,0.005645767,-0.1644248],"r":[-1.195283E-05,270,270],"s":[0.1750136,0.1750015,0.1750134],"c":[1,1,1]}]},{"b":4,"s":[{"p":[0,-1.490116E-08,0.1472551],"r":[0,0,-1.001791E-05],"s":[0.1250058,0.1250112,0.1186535],"c":[1,1,1],"b":["when triggered then emit gravity-free orbital strike with 0","when starts then project with counter-alignment"]}]}]}