{"v":9,"a":[7],"p":[{"t1":43,"s":[{"p":[0,0,0],"r":[0,0,0],"s":[5.63991,0.1290917,4.200954],"c":[0.5555556,0.5555556,0.5555556],"t1":{"c":[0.7777778,0.7777778,0.7777778],"x":0.5,"y":0.5,"a":0.8925,"m":0,"n":0,"r":0,"g":0,"o":0.5,"t":0.5,"e":0.5}}]}]}