{"n":"lucky charm - star","v":9,"a":[22,18,21],"p":[{"b":71,"s":[{"p":[-9.770258E-16,-3.958121E-09,0.001716614],"r":[1.609983E-05,90,-1.072955E-06],"s":[0.008597402,0.002836482,0.008603676],"c":[0.8888889,0.5530863,0.1975307]}]},{"b":71,"s":[{"p":[-9.770258E-16,-3.958121E-09,0.001649142],"r":[-1.609983E-05,270,-1.072955E-06],"s":[0.008600364,0.002834951,0.008598436],"c":[0.8888889,0.5530863,0.1975307]}]},{"b":40,"s":[{"p":[-0.01279831,-0.002356474,0.0003215077],"r":[1.420691E-05,67.5,-6.235277E-06],"s":[0.02682302,0.009708836,0.02655274],"c":[1,1,1]}]},{"b":43,"s":[{"p":[-0.01060486,-0.002379266,-0.002505302],"r":[1.420691E-05,67.5,-6.235277E-06],"s":[0.02323915,0.009894026,0.02296341],"c":[0.8888889,0.5530863,0.1975307]}]}]}