{"n":"lucky charm - rainbow","v":9,"a":[7,18,21],"p":[{"b":64,"s":[{"p":[0,0,0],"r":[0,0,0],"s":[0.005044512,0.00504457,0.005044667],"c":[0.8888889,0.691358,0.8606702]}]},{"b":64,"s":[{"p":[0,-0.0001857581,-0.001852513],"r":[0,0,0],"s":[0.007553401,0.004322299,0.007555924],"c":[0.9714286,1,0]}]},{"b":64,"s":[{"p":[0,-0.0001266454,-0.004189253],"r":[0,0,0],"s":[0.01044515,0.003589974,0.01044785],"c":[0.1975307,0.7111107,0.8888889]}]}]}