{"n":"jelly bean p","v":9,"a":[2,3,12,38,40],"p":[{"b":3,"t":19,"s":[{"p":[0,0,0],"r":[0,0,0],"s":[0.01347186,0.01105818,0.009834481],"c":[1,0.7777778,0.7777778]}]},{"b":3,"t":19,"s":[{"p":[0.006040955,-0.0002392981,-0.002484643],"r":[356.4994,39.02322,177.6792],"s":[0.01347203,0.01105803,0.00983453],"c":[1,0.7777778,0.7777778],"b":["when consumed then destroy all parts","when consumed then add crumbles for all parts"]}]}]}