{"v":9,"a":[21,31],"p":[{"b":12,"sa":50,"s":[{"p":[0,0,0],"r":[0,0,5.336085E-08],"s":[0.3970535,0.1650053,0.1936252],"c":[0.4444443,0.3964725,0.3456789]}]},{"b":68,"s":[{"p":[0.5852695,0.07331676,-0.01833676],"r":[346.1882,89.44671,4.85514],"s":[0.1896421,0.1094658,0.1348392],"c":[1,1,1]}]},{"b":168,"s":[{"p":[-0.1464774,0.08086254,0.006484255],"r":[0.9411272,1.262683,359.3986],"s":[0.1401805,0.1401803,0.1401806],"c":[0.4444443,0.1975307,0.2821868]}]}]}