{"v":9,"a":[22],"p":[{"s":[{"p":[0,0,0],"r":[0,0,0],"s":[0.1749992,0.03406787,0.1750057],"c":[1,1,1]}]},{"s":[{"p":[-0.0009523397,0.01293115,-0.009907365],"r":[0,0,0],"s":[0.05615089,0.02577034,0.04910164],"c":[1,0,0],"b":["when touches hand then tell nearby hc"]}]},{"b":139,"e":"HC","s":[{"p":[-0.01803813,0.01977501,0.06711269],"r":[90,-2.414837E-06,0],"s":[0.003000105,0.00300015,0.002999998],"c":[0,0,0]}]}]}