{"v":9,"a":[7],"p":[{"b":117,"e":"2","s":[{"p":[0,0,0],"r":[0,0,0],"s":[0.008564299,0.008562501,0.008564199],"c":[1,0,0]}]}]}