{"n":"pine","v":9,"a":[5],"p":[{"b":4,"s":[{"p":[-0.2314069,0.2387957,0.09494513],"r":[358.6221,355.9144,281.0322],"s":[0.2363543,0.236353,0.2363364],"c":[0,0.3333332,0.07619045]}]},{"b":5,"s":[{"p":[-0.1849767,0.2397288,-0.2809664],"r":[358.6221,355.9144,11.03222],"s":[0.02129912,0.0222163,0.3473287],"c":[0.4444443,0.3809522,0]}]}]}