{"v":9,"p":[{"s":[{"p":[0,0,0],"r":[0,0,0],"s":[0.02832176,0.09349115,0.01894289],"c":[1,1,1]}]}]}