{"n":"water","v":9,"a":[7,12],"tp_d": 1,"tp_ad": 1,"tp_d": 1,"tp_ad": 1,"tp_lr": [1,1,1],"p":[{"b":10,"t":7,"c":[[0,0,2.439,29,1,5,1,1,1]],"s":[{"p":[0,0,0],"r":[0,0,0],"s":[0.0169024,0.0169026,0.03313452],"c":[0,0.3999996,1]}]}]}