{"v":9,"a":[22],"p":[{"t1":148,"s":[{"p":[0,0,0],"r":[0,0,0],"s":[1.709478,0.25867,0.5886533],"c":[0.5555556,0.4391532,0.185185],"t1":{"c":[0.6666667,0.5968254,0.4444444],"x":0.5,"y":0.5,"a":0.8925,"m":0,"n":0,"r":0,"g":0,"o":0.5,"t":0.5,"e":0.5}}]}]}