{"v":9,"a":[22,31],"p":[{"b":166,"t":9,"s":[{"p":[-0.00402359,-0.01254225,0.1514048],"r":[45.00002,89.99999,270],"s":[0.05110435,0.03401756,0.05110277],"c":[1,0.8571429,0],"b":["when starts then all parts face nearest doggo2"]}]},{"b":4,"a":[12],"s":[{"p":[0,0,0],"r":[3.415095E-06,-1.707547E-06,-3.415095E-06],"s":[0.07448202,0.07447972,0.07447499],"c":[1,1,1]}]}]}