{"v":9,"a":[7,18],"p":[{"s":[{"p":[0,0,0],"r":[0,0,0],"s":[0.2543133,1791.578,60.88208],"c":[0.6666667,0.5714286,0]}]}]}