{"v":9,"a":[7],"p":[{"t1":154,"s":[{"p":[-0.003429472,-0.2302246,0.09376809],"r":[0,0,89.99999],"s":[0.02738055,0.8598002,0.3945648],"c":[0.3333332,0.2285713,0],"t1":{"c":[1,0.8253968,0.4444444],"x":0.5,"y":0.5,"a":0.8925,"m":0,"n":0,"r":0,"g":0,"o":0.5,"t":0.5,"e":0.5}}]},{"b":11,"t":1,"t1":105,"s":[{"p":[-0.001251265,-0.206007,0.01425672],"r":[0,0,-8.537737E-06],"s":[0.432998,0.02566435,0.008958472],"c":[1,0.8603175,0.5555556],"t1":{"c":[1,1,1],"x":0.5,"y":0.5,"a":0.8925,"m":0,"n":0,"r":0,"g":0,"o":0.5,"t":0.5,"e":0.5}}]}]}