{"v":9,"p":[{"s":[{"p":[-10.11886,0.8950942,0.1008959],"r":[358.2098,9.36307,9.755736],"s":[0.5700735,0.1750001,1.122785],"c":[1,1,1]}]},{"s":[{"p":[1.264671,-1.906958,-1.863385],"r":[358.2042,11.58064,345.8542],"s":[23.34929,0.1750001,0.5770581],"c":[1,1,1]}]},{"s":[{"p":[7.369097,-5.588229,-14.32169],"r":[15.03293,296.8058,4.131475],"s":[23.34933,0.1750002,0.5770583],"c":[1,1,1]}]}]}