{"v":9,"a":[2,3,7,14,18,31],"p":[{"b":62,"t":2,"t1":14,"s":[{"p":[0,0,0],"r":[0,0,0],"s":[0.125018,0.1250123,0.1250071],"c":[1,1,1],"b":["when starts then loop synth ambience with 10"],"t1":{"c":[0,0,0],"x":0,"y":0,"a":0.9750956,"m":0.5,"n":0.5,"r":0,"g":0,"o":0.5313959,"t":0.5078266,"e":0.5}}]},{"b":251,"t":1,"a":[23],"s":[{"p":[0,0,0],"r":[0,0,1.024528E-05],"s":[0.1467716,0.146759,0.1467496],"c":[0.4444443,0.4444443,0.4444443]}]}]}