{"v":9,"a":[2,9,17],"p":[{"b":14,"s":[{"p":[0,0,0],"r":[0,0,-2.668042E-08],"s":[0.06000006,0.06000009,0.06000017],"c":[0,1,0.9142858]}]}]}