{"v":9,"p":[{"b":5,"a":[8,42],"s":[{"p":[0,0,0],"r":[0,0,7.970778E-07],"s":[0.0130022,0.009745532,0.0289523],"c":[1,1,1]}]}]}