{"n":"test-tele","v":9,"p":[{"s":[{"p":[0,0,0],"r":[0,0,-3.710247E-08],"s":[0.175,0.1750001,0.1750001],"c":[1,1,1]}]}]}