{"n":"millennium lasertarget","v":9,"a":[1,7],"p":[{"s":[{"p":[0.01364899,-0.01081824,-0.009273532],"r":[90,180,0],"s":[0.07957485,0.1209219,0.1451973],"c":[1,1,1],"b":["when starts then set constant rotation to 90 90 45","when starts then become 2 in 2"]},{"p":[-0.1947356,-0.2528918,0.3964728],"r":[90,180,0],"s":[0.07957952,0.1209301,0.1452125],"c":[1,1,1],"b":["when starts then become previous in 2"]}]},{"b":4,"a":[37,18],"pr":2,"s":[{"p":[-0.2002965,-0.2355311,0.4883276],"r":[1.162598E-06,-1.082194E-05,270],"s":[0.01716141,0.01716432,0.01715937],"c":[1,0.1714285,0],"b":["when starts then project with 8 default, show line with 0.05 width"],"pr":{"c":[1,0,0.5142857],"m":0.6603023,"a":0.5379802,"s":0.15,"z":0.25,"g":0.5,"h":0.25}}]}]}