{"v":9,"a":[7,18,45,49],"p":[{"a":[38],"s":[{"p":[0,0,0],"r":[0,0,0],"s":[1.244953,0.02230407,1.391264],"c":[0.5555556,0.3121692,0.1851851]}]}]}