{"v":9,"a":[31],"p":[{"b":3,"t":3,"s":[{"p":[0,0,0],"r":[0,0,-4.268868E-07],"s":[0.03586002,0.03585996,0.0358601],"c":[1,1,1]}]}]}