{"v":9,"p":[{"b":3,"t":3,"a":[41],"s":[{"p":[0,0,0],"r":[0,0,0],"s":[0.06166061,0.104539,0.05248416],"c":[1,0.6857142,0]}]}]}