{"v":9,"p":[{"s":[{"p":[0,0,0],"r":[0,0,-2.134434E-07],"s":[2.136041,1.118466,0.1750001],"c":[0.4444443,0.3047618,0]}]}]}