{"v":9,"a":[2,27],"p":[{"b":5,"t":19,"t1":168,"s":[{"p":[0.07645929,0.1147031,-0.0196555],"r":[350.3785,358.9867,324.3373],"s":[0.01475031,0.01543412,0.170731],"c":[0.07407401,0.4126982,0.6666667],"t1":{"c":[1,1,1],"a":0.02203731}}]},{"b":5,"t":19,"t1":168,"s":[{"p":[0.07784384,0.1035455,-0.08571089],"r":[350.3785,358.9867,54.3373],"s":[0.0147521,0.01543168,0.004195977],"c":[1,1,1],"t1":{"c":[1,1,1],"a":0.02203731}}]},{"b":5,"t":19,"t1":168,"s":[{"p":[0.07496975,0.1258281,0.05160376],"r":[350.3785,358.9867,54.3373],"s":[0.01475119,0.01543072,0.004195799],"c":[1,1,1],"t1":{"c":[1,1,1],"a":0.02203731}}]}]}