{"v":9,"a":[7,12,31],"p":[{"b":57,"t":9,"i":[{"t":"5c9eb5db85bde60ab7415acd","p":[0.0008819103,0.0001411438,-0.04595256],"r":[0,0,7.930818]}],"s":[{"p":[0,0,0],"r":[0,0,0],"s":[0.02354139,0.02354269,0.02354226],"c":[0.9809523,1,0.3333331],"b":["when starts then all parts face up"]}]}]}