{"n":"dart","v":9,"a":[2,7,16,21,49],"p":[{"b":184,"s":[{"p":[0,0,0],"r":[0,0,0],"s":[0.00193322,0.04031745,0.001933131],"c":[0.3333332,0.2973544,0.2592592]}]},{"b":175,"c":[[1.527,3.421,-6.432,79,128,5],[-2.119,1.83,-3.629,70,47,6],[-2.735,5.857,-5.618,82,70,94,5],[0.305,6.23,4.842,63,170,25,5],[5.264,4.26,-2.851,193,61,16,4],[3.548,4.818,3.274,98,117,5],[-5.032,4.539,2.432,61,173,5],[-4.589,4.196,-1.901,57,84,5],[1.87,3.324,6.371,115,108,4],[3.962,1.211,2.89,94,9,27],[4.331,1.43,-2.786,84,42]],"s":[{"p":[0.0002504335,-0.01530731,0.0009560493],"r":[1.723991,252.1848,180.2975],"s":[0.003768333,0.007852859,0.004156084],"c":[0.6560846,0.2962961,0.6666667]}]},{"b":5,"a":[3,12,36,38],"s":[{"p":[-0.0003122644,0.03637278,-9.926734E-06],"r":[90,67.49998,0],"s":[0.004422718,0.004338456,0.1044292],"c":[1,1,1],"b":["when touched then become next","when starts then play arrow shot"]},{"p":[-0.0003122644,0.03637278,-9.926734E-06],"r":[90,67.49998,0],"s":[0.004422718,0.004338456,0.1044292],"c":[1,1,1],"b":["when starts then play arrow impact with very-high-pitch varied-pitch 0.1s skip"]}]}]}