{"v":9,"a":[48],"p":[{"t":3,"s":[{"p":[0,0,0],"r":[0,0,0],"s":[0.1750002,0.1749999,0.1750001],"c":[0.8888889,0.7026455,0.2962961]}]}]}