{"v":9,"a":[12],"p":[{"b":10,"s":[{"p":[0.0007340373,0.001614109,0.0179926],"r":[86.83968,355.8821,353.4312],"s":[0.02213963,0.01712411,0.02213954],"c":[0,0.7428569,1]}]},{"b":10,"s":[{"p":[0.001832397,0.003962167,0.03007664],"r":[78.74793,13.56913,9.691832],"s":[0.01431209,0.008034792,0.01431196],"c":[0.111111,0.111111,0.111111]}]},{"b":10,"s":[{"p":[0,0,0],"r":[1.707544E-06,-1.408726E-05,-2.90283E-05],"s":[0.03224673,0.03224672,0.03224669],"c":[1,1,1],"b":["when starts then all parts face someone else"]}]}]}