{"v":9,"a":[1],"p":[{"b":56,"c":[[-0.7078972,0.003999975,-0.7073171,67],[-0.9246701,0.003999975,-0.3828931,73],[-1.00079,0.003999975,-0.0002100468,3],[-0.9246701,0.003999975,0.382473,2],[-0.7078972,0.003999975,0.706897,8],[-0.383473,0.003999975,0.9236699,14],[-0.0007900298,0.003999975,0.99979,19],[0.381893,0.003999975,0.9236699,25],[0.7063168,0.003999975,0.706897,30],[0.9230899,0.003999975,0.382473,35],[0.9992099,0.003999975,-0.0002100468,40],[0.9230899,0.003999975,-0.3828931,44],[0.7063168,0.003999975,-0.7073171,50],[0.381893,0.003999975,-0.92409,55],[-0.0007900298,0.003999975,-1.00021,60],[-0.383473,0.003999975,-0.92409,63],[-0.325754,-0.006192008,-0.785388,65,204],[-0.6015141,-0.006192008,-0.601131,69],[-0.785771,-0.006192008,-0.325371,75],[-0.850473,-0.006192008,-9.000301E-05,4,78],[-0.785771,-0.006192008,0.325191,5,74],[-0.6015141,-0.006192008,0.600951,10],[-0.325754,-0.006192008,0.785208,16],[-0.0004730523,-0.006192008,0.84991,21],[0.3248079,-0.006192008,0.785208,26],[0.6005679,-0.006192008,0.600951,31],[0.784825,-0.006192008,0.325191,36,194],[0.849527,-0.006192008,-9.000301E-05,41,190],[0.784825,-0.006192008,-0.325371,45],[0.6005679,-0.006192008,-0.601131,51],[0.3248079,-0.006192008,-0.785388,56,208],[-0.0004730523,-0.006192008,-0.85009,61,204],[-0.0004730523,-0.006192008,-1.15009,59],[0.439613,-0.006192008,-1.06255,54],[0.8126999,-0.006192008,-0.813263,49],[1.061987,-0.006192008,-0.440176,43],[1.149527,-0.006192008,-9.000301E-05,39],[1.061987,-0.006192008,0.439996,34],[0.8126999,-0.006192008,0.813083,29],[0.439613,-0.006192008,1.06237,24],[-0.0004730523,-0.006192008,1.14991,20],[-0.4405591,-0.006192008,1.06237,15],[-0.8136461,-0.006192008,0.813083,9],[-1.062933,-0.006192008,0.439996,1],[-1.150473,-0.006192008,-9.000301E-05,0],[-1.062933,-0.006192008,-0.440176,74],[-0.8136461,-0.006192008,-0.813263,68],[-0.4405591,-0.006192008,-1.06255,64],[0.482,0.002,-1.164,58,224],[-0.0001070201,0.002,-1.2599,62,223],[0.8907109,0.002,-0.890908,53,202,26],[1.163803,0.002,-0.482197,48,204],[1.259703,0.002,-9.000301E-05,42,207],[1.163803,0.002,0.482017,38,208],[0.8907109,0.002,0.890728,33,188,24],[0.482,0.002,1.16382,28,190],[-0.0001070201,0.002,1.25972,23,192],[-0.482214,0.002,1.16382,18,193],[-0.890925,0.002,0.890728,13,172,27],[-1.164017,0.002,0.482017,7,174],[-1.259917,0.002,-9.000301E-05,6,176],[-1.164017,0.002,-0.482197,77,113],[-0.890925,0.002,-0.890908,72,119,100],[-0.482214,0.002,-1.164,66,222],[-0.283366,0.002,-0.683939,70,200],[-0.0001070201,0.002,-0.740282,263],[0.283152,0.002,-0.683939,57,202],[0.523288,0.002,-0.523485,52,187,19],[0.6837419,0.002,-0.283349,46,190],[0.740085,0.002,-9.000301E-05,47,182],[0.6837419,0.002,0.283169,37,188],[0.523288,0.002,0.523305,32,173,19],[0.283152,0.002,0.683759,27,175],[-0.0001070201,0.002,0.740102,22,176],[-0.283366,0.002,0.683759,17,175],[-0.523502,0.002,0.523305,12,77,106],[-0.683956,0.002,0.283169,11,69],[-0.740299,0.002,-9.000301E-05,78,3],[-0.683956,0.002,-0.283349,76,17],[-0.523502,0.002,-0.523485,71,24,179]],"s":[{"p":[0,0,0],"r":[0,0,0],"s":[0.1250004,0.2166205,0.1250001],"c":[1,1,1]}]}]}