{"v":9,"p":[{"t":1,"s":[{"p":[0,0,0],"r":[0,0,0],"s":[2.072767,2.351815,0.08351538],"c":[0.04938262,0.2222221,0.2222221]}]}]}