{"v":9,"a":[7],"p":[{"t":1,"s":[{"p":[0,0,0],"r":[0,0,0],"s":[0.0866365,0.04886708,0.03837946],"c":[0,0.05714247,1]}]}]}