{"n":"churro","v":9,"a":[2,3],"p":[{"b":13,"t1":89,"s":[{"p":[0,0,0],"r":[0,0,0],"s":[0.05646132,0.006919867,0.008293463],"c":[0.4444443,0.3809522,0],"b":["when consumed then destroy all parts","when consumed then say hmm chewrros"],"t1":{"c":[1,1,1],"x":0.5,"y":0.4532967,"a":0.6007005,"m":0,"n":0,"r":0,"g":0,"o":0.5,"t":0.5,"e":0.5}}]}]}