{"v":9,"p":[{"b":9,"s":[{"p":[0,0,0],"r":[0,0,1.280661E-06],"s":[0.125,0.125,0.125],"c":[1,1,1]}]},{"b":10,"s":[{"p":[0.4021598,-0.1794824,0.001906127],"r":[350.0949,8.953881,76.44182],"s":[0.1250001,0.1250001,0.1250002],"c":[1,1,1]}]},{"b":16,"s":[{"p":[0.5359985,0.004179925,-0.2105792],"r":[12.82314,80.34333,114.5622],"s":[0.1,0.09999997,0.09999999],"c":[1,1,1]}]},{"b":8,"s":[{"p":[0.3384567,-0.2078782,-0.2346163],"r":[29.42808,322.4546,52.45866],"s":[0.125,0.125,0.125],"c":[1,1,1]}]}]}