{"n":"bullet556eject","v":9,"a":[7,12,18],"p":[{"b":5,"t":11,"s":[{"p":[3.72529E-09,-0.02811575,2.457957E-09],"r":[90,-9.659345E-06,0],"s":[0.006848157,0.006188848,0.06515855],"c":[0.7777778,0.6666667,0]}]},{"b":16,"t":1,"s":[{"p":[-0.0004363056,-0.003156186,-0.000116348],"r":[0,0,0],"s":[0.005415895,0.02028055,0.005581335],"c":[0.111111,0.111111,0.111111]}]}]}