{"n":"lshc","v":9,"a":[7,12,31,32],"p":[{"b":3,"s":[{"p":[0,0,0],"r":[0,0,0],"s":[0.01318655,0.01318305,0.01318668],"c":[1,1,1]}]}]}