{"n":"nail","v":9,"a":[2,3,7,12,16,18,31],"p":[{"b":60,"a":[12],"i":[{"t":"5c9fe1e5a087090575ea853c","p":[-7.450581E-09,0.07700808,0],"r":[9.659346E-06,90.00002,1.628444E-12]}],"s":[{"p":[0,0,0],"r":[0,270,90],"s":[0.013092,0.01309073,0.01309199],"c":[1,1,1],"b":["when told 1 then become next in .1","when told 1 then play hammer nail"]},{"p":[0,3.72529E-09,0.04160351],"r":[0,270,90.00002],"s":[0.01309262,0.01309086,0.01309249],"c":[1,1,1],"b":["when told 1 then become next in .1","when told 1 then play hammer nail"]},{"p":[0,7.450581E-09,0.0717305],"r":[0,270,90],"s":[0.01309297,0.01309094,0.01309282],"c":[1,1,1],"b":["when told 2 then become next in .4"]},{"p":[0,0,0],"r":[0,270,90],"s":[0.01309297,0.01309094,0.01309282],"c":[1,1,1],"b":["when starts then destroy all parts with 1s restore"]}]}]}