{"v":9,"p":[{"b":9,"c":[[-0.603,1.487,-0.908,29,69,2,3,43,1],[-0.7654538,0.9869998,-1.232917,13,58,2,3,20,3],[-0.1776758,1.177984,-1.232917,10,4,73,3,11,1],[-0.06374323,1.528638,-0.8294822,24,15,49,16,45],[-0.3401312,1.677989,-0.3822623,40,103,2,3,29,3],[-0.9279168,1.487005,-0.3822623,28,16,97,3,47,1],[-1.063739,1.203714,-0.8294818,27,15,28,27,16]],"s":[{"p":[0,0,0],"r":[0,0,0],"s":[0.1250003,0.1250007,0.1250006],"c":[1,1,1]}]},{"b":9,"t1":162,"s":[{"p":[-0.08266269,-0.001908764,0.07970379],"r":[71.82251,325.9829,7.112358],"s":[0.02363255,0.02897332,0.0481987],"c":[1,0,0.3428571],"t1":{"c":[1,0,0.3428573],"x":0.5,"y":0.5,"a":0.8925,"m":0,"n":0,"r":0,"g":0.3106694,"o":0.5,"t":0.5,"e":0.5}}]},{"b":9,"t1":162,"s":[{"p":[-0.0542981,0.01720837,0.09612208],"r":[22.93033,44.14213,74.95419],"s":[0.02363274,0.02897348,0.04819906],"c":[0,0.0571425,1],"t1":{"c":[0.1142858,0,1],"x":0.5,"y":0.5,"a":0.8925,"m":0,"n":0,"r":0,"g":0.3106694,"o":0.5,"t":0.5,"e":0.5}}]}]}