{"v":9,"a":[2],"p":[{"s":[{"p":[0,0,0],"r":[0,0,0],"s":[0.009639099,0.0937847,0.1079236],"c":[0,0,0]}]},{"s":[{"p":[-0.004401585,0.03284836,0.0931925],"r":[357.4603,356.6978,3.201636],"s":[0.005675802,0.0166214,0.09368832],"c":[0,0,0]}]},{"s":[{"p":[0.02479863,-0.010823,0.09528446],"r":[358.3053,29.66939,0.9734709],"s":[0.005675802,0.0166214,0.09368835],"c":[0,0,0]}]}]}