{"v":9,"a":[22,12,31,32],"p":[{"b":3,"s":[{"p":[0.05000001,-4.37114E-09,-4.37114E-09],"r":[45,225,157.5],"s":[0.009037553,0.009036723,0.009038828],"c":[1,1,1]}]},{"b":4,"a":[12],"i":[{"t":"5c9ffe5a2ceadd65e1667fbb","p":[0,0,0],"r":[45.00002,180,270]},{"t":"5ca040e2b00a1f65db7207e4","p":[0,0,0],"r":[1.628444E-12,-9.706283E-20,-5.785397E-27]}],"s":[{"p":[0,0,0],"r":[1.001791E-05,-8.450078E-13,-7.387293E-20],"s":[0.01843734,0.01843675,0.01844531],"c":[1,1,1],"b":["when starts then all parts face nearest lshc"]}]}]}