{"n":"lightspot","v":9,"a":[31,48,49],"p":[{"a":[23],"s":[{"p":[0,0,0],"r":[0,0,0],"s":[0.01688963,0.01686921,0.01687412],"c":[1,1,1]}]}]}