{"v":9,"a":[2,7,12,16],"p":[{"b":137,"e":"KICK ME","s":[{"p":[-0.1142144,0.02449562,0.02822053],"r":[90,-9.659346E-06,0],"s":[0.006164,0.006163504,0.006163974],"c":[1,0,0]}]},{"s":[{"p":[0.001003265,0.0122323,-0.001601338],"r":[270,5.008956E-06,0],"s":[0.307771,0.1440777,0.0224564],"c":[0.285714,1,0]}]}]}