{"n":"grass","v":9,"a":[7,31,49],"p":[{"b":174,"sa":9,"s":[{"p":[0,0,0],"r":[0,0,0],"s":[0.09132573,0.07802947,0.0913257],"c":[0.1728389,0.5555556,0.1234563]}]}]}