{"v":9,"a":[1,22,18,21],"p":[{"b":10,"t":1,"c":[[0,-0.7,0.1,19],[0,0.05000001,0.3499999,29,1,5,1,1,1],[0,0.8,0.1,10],[0,0.8,-0.2,14],[0,0.05000001,-0.4499999,27,1,3,1,1,1],[0,-0.7,-0.2,26]],"s":[{"p":[0,0,0],"r":[0,0,0],"s":[0.01206118,0.002874716,0.01206111],"c":[0.5555556,0.5555556,0.5555556]}]},{"b":15,"t":1,"s":[{"p":[0,0,-0.01766038],"r":[0,0,-8.537737E-06],"s":[0.001243547,0.001243537,0.05722509],"c":[0.5555556,0.3809522,0]}]},{"b":10,"s":[{"p":[0,0,0.005263925],"r":[0,0,0],"s":[0.002241679,0.002458889,0.0009338845],"c":[0.2222221,0.2222221,0.2222221]}]}]}