{"v":9,"a":[1,2,3],"p":[{"s":[{"p":[0.05082265,0.005476117,-0.1810836],"r":[2.866781,1.749488,358.9846],"s":[0.1750002,0.175,0.175],"c":[1,1,1]}]},{"s":[{"p":[0,0,0],"r":[0,0,0],"s":[0.06054714,0.04678121,0.1750001],"c":[1,1,1],"b":["when told by body hand triggered right then become untweened next"]},{"p":[0.001105677,-0.07169372,-0.02272245],"r":[52.33969,359.4636,2.149618],"s":[0.0605472,0.04678123,0.1750003],"c":[1,1,1],"b":["when told by body hand trigger let go right then become untweened 1"]}]}]}