{"v":9,"a":[31,50],"p":[{"i":[{"t":"5ad104a304776a0fec86c2a2","p":[0.01898645,-0.002823383,0.2385688],"r":[354.5748,0.5392536,358.0826]}],"s":[{"p":[0,0,0],"r":[0,0,0],"s":[0.04158771,0.04158765,0.04158762],"c":[1,1,1]}]}]}