{"n":"el","v":9,"a":[1,7,12,18,31],"p":[{"b":4,"s":[{"p":[0,0,0],"r":[352.0023,28.47983,355.6835],"s":[0.03815382,0.03815544,0.03813563],"c":[1,1,1],"b":["when starts then all parts face nearest hand"]}]},{"b":4,"t":2,"s":[{"p":[0.01610896,0.004746111,0.02969399],"r":[352.0023,28.47983,355.6835],"s":[0.005687966,0.005688059,0.005687861],"c":[1,0.6761904,0.3333332],"b":["when starts then project, show line with 0.02 width","when starts then face nearest hand"]}]}]}