{"v":9,"a":[2,12,15,38,40],"p":[{"a":[12,37],"s":[{"p":[0,0,0],"r":[353.6483,359.8364,9.347245],"s":[0.02138366,0.01045056,0.04126693],"c":[1,1,1]}]},{"s":[{"p":[0,0,0],"r":[278.1963,348.932,299.8707],"s":[0.02138376,0.01045059,0.04126706],"c":[1,0,0]}]}]}