{"v":9,"a":[7,18,31],"p":[{"b":4,"t1":13,"t2":14,"s":[{"p":[0,0,0],"r":[0,0,0],"s":[0.1662287,0.166232,0.1662327],"c":[0,0.7428569,1],"t1":{"c":[0,0.7428566,1],"x":0.4374695,"y":0.1594646,"a":1,"m":0.5,"n":0.5,"r":0,"g":0.4220288,"o":0.5,"t":0.5,"e":0.5},"t2":{"c":[0.9714286,1,0],"x":0.6728558,"y":0.7334635,"a":0,"m":0.5,"n":0.8018305,"r":0,"g":1,"o":0.5,"t":0.5,"e":0.5}}]},{"b":17,"s":[{"p":[0.004140615,0.0006732941,0.1566799],"r":[90,-1.931869E-05,0],"s":[0.02156726,0.02156406,0.02156674],"c":[1,1,1]}]}]}