{"v":9,"a":[22,21],"p":[{"b":166,"s":[{"p":[0,0,0],"r":[0,0,0],"s":[0.004517305,0.004517201,0.004517211],"c":[0.6666667,0.4571426,0]}]},{"b":166,"s":[{"p":[0.002070204,-0.002684117,-0.001095355],"r":[0,0,45],"s":[0.004518658,0.004518179,0.004518134],"c":[0.6666667,0.4571426,0]}]},{"b":166,"s":[{"p":[0.000633225,7.820124E-05,-0.00086087],"r":[0,0,315],"s":[0.004517724,0.004517491,0.004517468],"c":[0.6666667,0.4571426,0]}]},{"b":166,"pr":40,"s":[{"p":[-0.00013417,-0.001487732,-9.566569E-05],"r":[-5.99227E-06,180,89.99999],"s":[0.004518076,0.004517907,0.004517882],"c":[0.6666667,0.4571426,0],"pr":{"c":[1,1,1],"m":0.25,"a":0.25,"s":0.02450481,"z":0.07648203,"g":0.5,"h":0.5}}]}]}