{"v":9,"a":[12,31],"p":[{"b":69,"i":[{"t":"5ca3aeb6cd2c242cc0583ab2","p":[-0.0002224284,-0.0350561,0.001371343],"r":[87.60371,64.18724,242.3494]}],"s":[{"p":[8.98093E-05,-0.0007007122,0.2179111],"r":[90,180,0],"s":[0.06393959,0.02417803,0.06544383],"c":[0.5555556,0.2486767,0.1851848]}]},{"b":69,"a":[23],"s":[{"p":[8.97944E-05,-0.0007007122,0.1176706],"r":[90,180,0],"s":[0.05605175,0.07193461,0.06059306],"c":[0.5555556,0.2486767,0.1851847]}]},{"b":4,"a":[12],"s":[{"p":[0,0,0],"r":[1.024528E-05,6.830189E-06,-5.122641E-06],"s":[0.03002572,0.03002468,0.03002622],"c":[1,1,1],"b":["when starts then all parts face nearest arm 1"]}]}]}