{"v":9,"a":[31],"p":[{"s":[{"p":[0,0,0],"r":[0,0,5.336085E-08],"s":[0.07640879,0.07640889,0.0764088],"c":[1,1,1],"b":["when touches hand then tell any send1"]}]},{"s":[{"p":[0.008224229,0.1144782,-0.001514934],"r":[358.9271,4.212517,349.0064],"s":[0.07640882,0.07640893,0.07640886],"c":[1,1,1],"b":["when touches hand then tell any eat1"]}]},{"s":[{"p":[-0.003770422,-0.1160405,-0.0008020401],"r":[359.1444,4.709445,5.072214],"s":[0.07640889,0.076409,0.07640895],"c":[1,1,1],"b":["when touches hand then tell any raise1"]}]}]}