{"v":9,"p":[{"a":[12],"s":[{"p":[0,0,0],"r":[0,0,0],"s":[0.1750002,0.1750002,0.1750002],"c":[1,1,1],"b":["when someone new in vicinity then say someone joined the area"]}]},{"b":129,"e":"WHEN SOMEONE JOINS","s":[{"p":[-0.07799268,-0.0406616,0.2450616],"r":[42.82279,88.57249,87.97768],"s":[0.003000004,0.003000003,0.003000003],"c":[0,0,0]}]},{"s":[{"p":[0.003175857,0.03490141,0.2264481],"r":[359.7286,1.525263,46.82089],"s":[0.2396013,0.001000006,0.05454702],"c":[1,1,1]}]}]}