{"v":9,"a":[31],"p":[{"b":167,"s":[{"p":[0,0,0],"r":[0,0,0],"s":[0.004495888,0.004495889,0.004495891],"c":[0,0,0]}]},{"b":166,"s":[{"p":[-0.001792308,-0.01819026,-0.002698875],"r":[7.255873,15.29944,177.2494],"s":[0.004225524,0.004225535,0.004225533],"c":[0,0,0]}]},{"b":166,"s":[{"p":[-0.003171999,-0.05476082,-0.007649636],"r":[356.9346,10.7048,192.0925],"s":[0.004225525,0.004225535,0.004225534],"c":[0,0,0]}]}]}