{"v":9,"a":[21],"p":[{"b":18,"t":2,"e":"7-ELEVEN\nMADE BY\nSLOPPY MCFLOPPY","s":[{"p":[0,0,0],"r":[0,0,-6.670106E-09],"s":[0.005961698,0.005961678,0.0059617],"c":[1,0,0]}]}]}