{"v":9,"a":[7],"p":[{"s":[{"p":[0,0,0],"r":[0,0,0],"s":[2500,0.001000064,375.2562],"c":[0.5185186,0.6666667,0.6666667]}]}]}