{"v":9,"p":[{"b":3,"s":[{"p":[0,0,0],"r":[0,0,0],"s":[0.09262329,0.1250001,0.125],"c":[0.222222,0.2476188,0.3333331]}]},{"b":3,"s":[{"p":[-0.03948265,-0.04147117,0.02275918],"r":[10.10668,44.79727,41.16949],"s":[0.09262332,0.09645843,0.101536],"c":[0.2222219,0.2476187,0.3333331]}]}]}