{"v":9,"a":[2,7,15],"p":[{"b":61,"s":[{"p":[0,0,0],"r":[0,0,0],"s":[0.0157279,0.006243004,0.07702591],"c":[0.9714286,1,0]}]}]}