{"n":"photo","v":9,"a":[7,18,21,31],"p":[{"b":205,"a":[8],"s":[{"p":[0.0004741848,0.4354649,-0.000621438],"r":[90,0,0],"s":[0.004934952,0.004934851,0.00493494],"c":[0.1615549,0.1615549,0.1615549]}]},{"t":19,"s":[{"p":[-5.960464E-08,-0.1187015,0],"r":[0,0,8.537737E-06],"s":[0.8826889,0.009479096,0.4966653],"c":[0.9714286,1,0]}]},{"im":"909072456345304250/85813ACBDC1830968468063AFD860CFB650122CA/","s":[{"p":[5.960464E-08,-0.110605,0],"r":[0,0,0],"s":[0.8595993,0.001000083,0.4836703],"c":[1,1,1]}]}]}