{"v":9,"a":[7,32],"p":[{"s":[{"p":[0.1375001,0.07499991,-1.092768E-09],"r":[-1.001791E-05,2.035555E-12,89.99999],"s":[0.007185337,0.1210971,0.1578584],"c":[0,0.7428569,1]}]},{"b":29,"s":[{"p":[0.1750001,0.04999992,-0.06249999],"r":[-1.024528E-05,270,90.00001],"s":[0.05531404,0.0477212,0.05531339],"c":[0.4444443,0.8571426,1]}]},{"b":29,"s":[{"p":[0.1750001,0.04999992,0.05000021],"r":[-1.024528E-05,270,90.00001],"s":[0.05531412,0.04772117,0.05531336],"c":[0.4444443,0.8571426,1]}]}]}