{"v":9,"a":[24],"bod":{"al": {"i":"5ca3ac9996a4622cc6b2df0e","p":[-0.0250344,-0.02903807,-0.08863058],"r":[59.37847,285.8442,211.9337]},"ar": {"i":"5ca3af17ed8ed42cbf10208f","p":[0.007198561,-0.03998588,-0.08039589],"r":[315.2291,20.8251,88.48653]},"lt": {"i":"5ca3afaf03ae9a25334def3b","p":[-0.02250772,0.1353348,-0.06348415],"r":[278.2246,359.7531,189.4223]}},"p":[{"b":196,"s":[{"p":[-0.008692659,-0.005807493,0.003625603],"r":[353.3129,8.338887,348.7373],"s":[0.02880006,0.0305257,0.03659819],"c":[0.8888889,0.8888889,0.8888889]}]},{"b":196,"s":[{"p":[0,0,0],"r":[1.152595E-05,-1.195283E-05,2.390566E-05],"s":[0.02340803,0.03739477,0.04553093],"c":[0,1,1]}]}]}