{"v":9,"p":[{"b":18,"e":"1. EAT\n2. MY ASS","s":[{"p":[0,0,0],"r":[1.067217E-07,-2.981769E-16,-3.20165E-07],"s":[0.003000001,0.003000001,0.003000001],"c":[1,1,1]}]}]}