{"v":9,"a":[22,21,31],"p":[{"b":60,"t":2,"s":[{"p":[0,0,0],"r":[0,0,0],"s":[0.01179507,0.0006079208,0.04588417],"c":[1,0,0]}]},{"b":60,"t":2,"s":[{"p":[0.001240256,0.0008087158,-0.001500301],"r":[0,90,0],"s":[0.01179773,0.0006079744,0.0458907],"c":[1,0,0]}]}]}