{"v":9,"p":[{"b":118,"e":"'You were working as a waitress in a cocktail bar...'","s":[{"p":[0,0,0],"r":[0,0,0],"s":[0.007808869,0.007809041,0.007808885],"c":[0,0,0]}]}]}