{"v":9,"a":[7,18,31],"p":[{"b":10,"t":19,"a":[12,37],"s":[{"p":[0,0,0],"r":[0,0,0],"s":[0.02355142,0.02355583,0.02355467],"c":[1,1,1],"b":["when starts then trail start with thick-end 1.8s"]}]},{"b":10,"t":19,"a":[12,37],"s":[{"p":[0,-7.450581E-09,0.0525024],"r":[0,0,0],"s":[0.007663513,0.00766873,0.007667366],"c":[0.4444443,0.4444443,0.4444443],"b":["when starts then become next in 1.8s"]},{"p":[0,-7.450581E-09,0.0525024],"r":[0,0,0],"s":[0.007663513,0.00766873,0.007667366],"c":[0.4444443,0.4444443,0.4444443],"b":["when starts then destroy all parts"]}]}]}