{"n":"ground","v":9,"a":[22,36,37],"p":[{"b":17,"s":[{"p":[0,0,0],"r":[0,0,0],"s":[3.363346,0.11062,3.201102],"c":[0.9019608,0.8509804,0.7215686]}]},{"t1":4,"s":[{"p":[-0.1809525,0.1444927,-1.587171],"r":[270,135,0],"s":[18.9184,16.23063,0.1655519],"c":[0.3333332,0.3333332,0.3333332],"b":["when starts then become 2 in"],"t1":{"c":[0.2222221,0.2222221,0.2222221],"x":0.01472944,"y":0.8254288,"a":0.69625,"m":0.2655203,"n":0.6331483,"r":0,"g":0,"o":0.5,"t":0.5,"e":0.5}},{"p":[-0.1809525,0.1444927,-1.587171],"r":[270,135,0],"s":[98.12437,2500,0.1655519],"c":[0.3333332,0.3333332,0.3333332],"b":["when starts then become 1 in 40s"],"t1":{"c":[0.2222221,0.2222221,0.2222221],"x":0.01472944,"y":0.3866268,"a":0.69625,"m":0.2655203,"n":0.6331483,"r":0,"g":0,"o":0.5,"t":0.5,"e":0.5}}]}]}