{"v":9,"p":[{"b":11,"s":[{"p":[0,0,0],"r":[0,0,0],"s":[0.1000003,0.1000002,0.1000002],"c":[1,1,1]}]},{"b":9,"s":[{"p":[0.00571331,-0.03662904,0.2391988],"r":[10.7795,30.38578,329.9498],"s":[0.125,0.125,0.1250001],"c":[1,1,1]}]}]}