{"v":9,"a":[1,7,13,18,36],"p":[{"t1":58,"t2":60,"s":[{"p":[0,0,0],"r":[0,0,0],"s":[10.32445,10.32416,0.1297762],"c":[0.3492063,0,0.5555556],"t1":{"c":[0,0,0],"x":0.1299567,"y":0.106053,"a":0.8925,"m":0,"n":0,"r":0,"g":0,"o":0.5,"t":0.5,"e":0.5},"t2":{"c":[0,0,0],"x":0,"y":0,"a":0.8925,"m":0,"n":0,"r":0,"g":0,"o":0.5,"t":0.5,"e":0.5}}]}]}