{"v":9,"a":[2,3,14],"p":[{"b":69,"t":3,"s":[{"p":[0,0,0],"r":[0,0,-4.268868E-07],"s":[0.01313449,0.03225103,0.01313437],"c":[0,0,0],"b":["when blown at then become 2 in 1s"]},{"p":[0,0,0],"r":[0,0,-4.268868E-07],"s":[0.01313449,0.03225103,0.01313437],"c":[1,1,1],"b":["when starts then become 3 in 100s"]},{"p":[0,0,0],"r":[0,0,-4.268868E-07],"s":[0.01313449,0.03225103,0.01313437],"c":[0.5555556,0.5555556,0.5555556],"b":["when starts then destroy all parts"]}]}]}