{"v":9,"a":[31],"p":[{"b":4,"i":[{"t":"5ca649b2567df515eb5ec7b3","p":[-0.01832582,-0.008792158,-0.03693831],"r":[0,270,270]}],"s":[{"p":[0,0,0],"r":[0,0,0],"s":[0.05063872,0.05063872,0.05063872],"c":[1,1,1],"b":["when starts then set constant rotation to 0 0 100"]}]}]}