{"v":9,"a":[2,9,16],"p":[{"b":5,"s":[{"p":[0,0,0],"r":[-2.442666E-12,1.735618E-26,-8.142219E-13],"s":[0.005755365,0.006145492,0.06865996],"c":[1,0.6857142,0]}]},{"b":16,"s":[{"p":[-0.000535015,0.0003945279,0.02702654],"r":[6.830189E-06,270,270],"s":[0.006014316,0.006005412,0.006010846],"c":[0.2222221,0.2476187,0.6666667]}]}]}