{"v":9,"p":[{"b":68,"s":[{"p":[0,0,0],"r":[0,0,0],"s":[0.1000002,0.1000004,0.1000004],"c":[1,1,1]}]}]}