{"v":9,"a":[2,15],"p":[{"b":249,"s":[{"p":[0,0,0],"r":[0,0,0],"s":[0.2200008,0.2200029,0.220003],"c":[0.7777778,0.3802468,0.1728394]}]}]}