{"n":"light","v":9,"p":[{"t":3,"s":[{"p":[0,0,0],"r":[0,0,-8.537737E-07],"s":[0.175,0.175,0.175],"c":[0.9714285,0,1]}]}]}