{"n":"eggplant","v":9,"a":[21],"p":[{"b":46,"t":2,"s":[{"p":[0,0,0],"r":[0,0,8.537737E-07],"s":[0.05579371,0.05579372,0.0557937],"c":[0.5629629,0.148148,0.6666667]}]},{"b":5,"t":2,"s":[{"p":[0.04236712,0.003009483,0.06607766],"r":[337.9336,55.7882,322.3312],"s":[0.003495394,0.003495402,0.01149445],"c":[0.2857141,1,0]}]},{"b":3,"t":2,"s":[{"p":[0.01877692,0.0002062414,-0.04148616],"r":[41.88074,206.8838,37.32175],"s":[0.02822371,0.02822397,0.02822396],"c":[0.5629629,0.148148,0.6666667]}]},{"b":3,"t":2,"s":[{"p":[0.0215603,-0.0007861853,0.04393334],"r":[24.34991,108.0113,345.8165],"s":[0.0292207,0.02922084,0.0292209],"c":[0.5629629,0.148148,0.6666667]}]}]}