{"n":"sws revolver","v":9,"a":[2,3,22,12,18],"p":[{"a":[12],"i":[{"t":"5ca7ea8507fcae22ae567049","p":[-0.0002306707,-0.008112732,0.02390504],"r":[0,0,270]}],"s":[{"p":[0,0,0],"r":[0,0,0],"s":[0.05593194,0.07898547,0.1385351],"c":[1,0.2634919,0.111111],"b":["when told shoot then become untweened next"]},{"p":[3.45321E-09,0.03950011,-0.007858936],"r":[337.5,-2.074777E-06,1.043061E-05],"s":[0.05594605,0.07900305,0.1385564],"c":[1,0.2634917,0.1111108],"b":["when starts then become unsoftened next"]}]}]}