{"v":9,"p":[{"b":3,"t":2,"s":[{"p":[0,0,0],"r":[0,0,0],"s":[0.1223086,0.001,0.1250001],"c":[0.9714286,1,0]}]},{"b":3,"t":2,"s":[{"p":[-0.1000875,0.006015837,0.1308496],"r":[357.4711,348.4653,358.9575],"s":[0.07853016,0.001,0.07369861],"c":[0.9714286,1,0]}]},{"b":3,"t":2,"s":[{"p":[-0.1556571,-0.0004886389,-0.1266119],"r":[8.569365,335.7758,359.3907],"s":[0.04016068,0.001000001,0.03998125],"c":[0.9714286,1,0]}]},{"b":3,"t":2,"s":[{"p":[0.1442895,0.01357189,0.1299092],"r":[3.629474,350.1184,17.75897],"s":[0.02208789,0.001000001,0.02381173],"c":[0.9714286,1,0]}]}]}