{"v":9,"p":[{"b":5,"s":[{"p":[0,0,0],"r":[0,0,-4.268868E-07],"s":[0.01300168,0.01186156,0.1],"c":[1,0,0]}]}]}