{"v":9,"a":[7],"p":[{"b":51,"s":[{"p":[0,0,0],"r":[0,0,0],"s":[0.160634,0.10525,0.1895204],"c":[0.3333332,0.3333332,0.3333332]}]},{"s":[{"p":[0.003623314,0.001511309,-0.1401489],"r":[313.7707,180.534,288.0715],"s":[0.01667348,0.01637718,0.02744501],"c":[0.6666667,0.6666667,0.6666667]}]}]}