{"v":9,"a":[22,48],"p":[{"t":4,"s":[{"p":[0,0,0],"r":[0,0,0],"s":[0.4238108,0.5410181,0.1750173],"c":[1,1,1]}]}]}