{"v":9,"a":[31],"p":[{"b":2,"s":[{"p":[0,0,0],"r":[0,0,0],"s":[1.513271,1.513266,1.513267],"c":[1,0.8571429,0]}]}]}