{"v":9,"a":[7],"p":[{"b":60,"s":[{"p":[0,0,0],"r":[0,0,0],"s":[0.8992187,0.0824434,1.146848],"c":[1,1,1]}]}]}