{"v":9,"a":[32],"p":[{"id":"5ca806951d3270434c35e4c9","s":[{"p":[0,0,0],"r":[-1.001791E-05,8.757938E-13,-1.001791E-05],"s":[0.2456059,0.1750014,1.201851],"c":[0.3333332,0.3333332,0.3333332]}]},{"ac":{"id":"5ca806951d3270434c35e4c9","c":10},"s":[{"p":[-0.2375002,0.07500009,-4.470348E-08],"r":[-1.001791E-05,8.757938E-13,-1.001791E-05],"s":[0.2456503,0.3512815,1.202037],"c":[0.3333332,0.3333332,0.3333332]}]},{"ac":{"id":"5ca806881d3270434c35e4c7","c":10},"s":[{"p":[-0.2375002,0.25,-7.450581E-08],"r":[0,0,0],"s":[0.2646767,0.02729888,1.209108],"c":[0.4320984,0.5449735,0.5555556]}]},{"id":"5ca806881d3270434c35e4c7","s":[{"p":[1.529898E-08,0.08749998,-1.529898E-08],"r":[-1.001791E-05,8.757938E-13,-1.001791E-05],"s":[0.2646491,0.02729882,1.209001],"c":[0.4320984,0.5449735,0.5555556]}]}]}