{"v":9,"p":[{"t":2,"s":[{"p":[0,0,0],"r":[3.415094E-06,-6.403302E-07,8.537735E-07],"s":[0.05329401,0.05432934,0.2489115],"c":[0.7901235,0.8888889,0.8888889]}]},{"t":2,"s":[{"p":[-0.01902171,-0.07507557,-0.2336026],"r":[39.39862,192.8737,285.2465],"s":[0.05329419,0.05432925,0.2190685],"c":[0.7901235,0.8888889,0.8888889]}]},{"b":73,"t":2,"s":[{"p":[-0.001097705,-0.002938867,-0.1386246],"r":[22.10225,233.3056,105.9266],"s":[0.05356827,0.05356833,0.0535685],"c":[0.7901235,0.8888889,0.8888889]}]},{"b":73,"t":2,"s":[{"p":[-0.003429711,-0.003987312,0.1376886],"r":[17.03957,209.6487,99.28976],"s":[0.05356826,0.05356833,0.05356849],"c":[0.7901235,0.8888889,0.8888889]}]}]}