{"n":"outsidestudio","v":9,"a":[7,12,18],"p":[{"s":[{"p":[0,0,0],"r":[0,0,0],"s":[0.4958512,0.3691806,0.1750505],"c":[1,1,1]}]}]}