{"v":9,"p":[{"b":164,"s":[{"p":[0,0,0],"r":[0,0,0],"s":[0.005067267,0.005804025,0.1],"c":[0.3333332,0.2285713,0]}]},{"b":151,"s":[{"p":[0.003124312,0.01733048,-0.112844],"r":[310.4443,253.4908,108.7887],"s":[0.06000009,0.06000002,0.06000008],"c":[0,0.5555556,0.1269841]}]}]}