{"v":9,"a":[7,18],"p":[{"s":[{"p":[0,0,0],"r":[0,0,0],"s":[14.44731,0.1768045,10.64602],"c":[0.6049383,0.7777778,0.6740741]}]},{"s":[{"p":[-4.739747E-10,-0.005421639,2.388842E-07],"r":[0,0,-5.008957E-06],"s":[14.44983,0.1768137,10.64662],"c":[0.9714285,0,1]}]}]}