{"v":9,"a":[20,21,31],"p":[{"b":10,"s":[{"p":[0,0,0],"r":[0,0,0],"s":[15.09237,4.443563,11.39357],"c":[0.8888889,0.8268077,0.691358]}]},{"b":10,"s":[{"p":[-0.1038895,1.368405,1.490116E-08],"r":[0,0,9.659346E-06],"s":[12.59227,3.975832,8.761343],"c":[0.2962961,0.6666667,0.5079361]}]},{"b":147,"s":[{"p":[-0.1787415,3.33586,0.002197281],"r":[0,270,270],"s":[3.675208,3.564063,5.341444],"c":[0.2962961,0.6666667,0.5079361]}]}]}