{"v":9,"p":[{"b":115,"e":"JOHN SUCKS","s":[{"p":[0,0,0],"r":[0,0,1.067217E-07],"s":[0.003000003,0.003,0.003000002],"c":[1,1,1]}]}]}