{"v":9,"a":[7,18],"p":[{"s":[{"p":[0,0,0],"r":[0,0,0],"s":[0.1751603,0.1752484,0.175192],"c":[1,1,1]}]}]}