{"v":9,"a":[49],"p":[{"b":68,"i":[{"t":"5ca93f5b83de1b7d8460b096","p":[0.07008273,0.0982575,-0.1219639],"r":[301.5843,157.1994,287.7357],"a":[48]},{"t":"5ca93f5b83de1b7d8460b096","p":[-0.05524559,0.08535524,-0.1360117],"r":[316.7197,209.9686,244.0548],"a":[48]}],"t1":168,"s":[{"p":[0.003447892,-0.01211051,-0.09031172],"r":[359.3407,0.8002628,1.955271],"s":[0.08818646,0.05570418,0.06278027],"c":[1,0,0],"t1":{"c":[0,0,0],"a":0.05}}]},{"b":68,"i":[{"t":"5ca93f5b83de1b7d8460b096","p":[-0.1377452,0.03040449,-0.1731203],"r":[326.9559,261.3966,223.9803],"a":[48]}],"t1":168,"s":[{"p":[0.0022113,0.006293804,0.008122517],"r":[358.6443,1.095348,0.6160499],"s":[0.1117822,0.1000001,0.151682],"c":[0.6666667,0.6666667,0.6666667],"b":["when touches fist then become next in 0.2s","when touches fist then play punch"],"t1":{"c":[0,0,0],"a":0.05}},{"p":[0,0,0],"r":[0,0,5.336085E-08],"s":[0.1117821,0.1000001,0.1516819],"c":[0.7777778,0.5185185,0.5185185],"b":["when starts then become next in 1s"],"t1":{"c":[0,0,0],"a":0.05}}]}]}