{"n":"mk8 wii mario circuit","v":9,"a":[1,2,7,18,49],"p":[{"b":201,"t1":59,"s":[{"p":[-2.328306E-10,0,-0.001602054],"r":[0,0,0],"s":[0.03178152,0.003093345,0.0317813],"c":[1,0,0],"t1":{"c":[1,1,1],"x":0.5391203,"y":0.2035282,"a":0.8409966,"m":0,"n":0,"r":0.1013502,"g":0.9204208,"o":0.5,"t":0.5,"e":0.5}}]},{"b":201,"t":1,"s":[{"p":[-5.820766E-11,0,-0.0003859997],"r":[0,0,0],"s":[0.04786688,0.001520647,0.0478665],"c":[0.222222,0.222222,0.222222]}]},{"b":201,"t":1,"a":[38],"s":[{"p":[0,0,0],"r":[0,0,0],"s":[0.09369077,0.001,0.09368441],"c":[0.222222,0.222222,0.222222],"b":["when touches jukeboxslot then show video [youtube: s2hiVfl2OC4], destroy all parts"]}]},{"b":132,"e":"MK8","s":[{"p":[0.05383331,0.004009247,0.01803552],"r":[90,90,0],"s":[0.001000216,0.001000396,0.001000602],"c":[0,0,0]}]}]}