{"v":9,"a":[7],"p":[{"s":[{"p":[0.06595289,-0.2164579,-0.03767669],"r":[359.1533,0.2696854,332.1898],"s":[0.8477289,0.6845997,0.1750039],"c":[1,1,1]}]},{"s":[{"p":[-0.4074001,-0.304375,-0.4497975],"r":[297.8221,91.87454,178.1855],"s":[0.684907,0.06624556,0.04563042],"c":[1,1,1]}]}]}