{"n":"area-room","v":9,"a":[7,18],"p":[{"s":[{"p":[0,0,0],"r":[0,0,0],"s":[0.1750297,0.1750077,0.1750232],"c":[0,0,0]}]}]}