{"v":9,"p":[{"s":[{"p":[0,0,0],"r":[1.024528E-05,-1.707548E-06,-1.707548E-06],"s":[0.1197369,0.06733685,0.07516424],"c":[1,1,1]}]},{"s":[{"p":[0.001182043,0.02367352,0.002822443],"r":[0.2213954,0.2330557,359.7445],"s":[0.07666381,0.06733698,0.05646796],"c":[1,1,1],"b":["when touches hand then tell pressed "]}]},{"a":[36],"i":[{"t":"5caa8e968f048f7d90bd83b4","p":[-0.001632395,0.005835131,0.08399714],"r":[70.74504,177.0744,177.1205]}],"s":[{"p":[8.488399,-5.591019,169.5081],"r":[2.473408,359.9629,0.4811494],"s":[0.03175605,0.0199731,0.08039545],"c":[1,1,1],"b":["when told pressed then become untweened next"]},{"p":[-0.003077793,-0.0006751567,0.04401986],"r":[1.044549,3.710927,358.1359],"s":[0.03175609,0.01997314,0.08039559],"c":[1,1,1],"b":["when told pressed then become untweened next"]}]}]}