{"v":9,"a":[7,18],"p":[{"s":[{"p":[0,0,0],"r":[0,0,0],"s":[2.764386,0.09324804,0.5441269],"c":[0.6666666,0.9142855,1]}]}]}