{"v":9,"a":[1,2,3,7,18,31],"p":[{"b":53,"t":1,"c":[[-0.8,0.5,0,9,19,33],[0,0.8,0,56],[0,0.5,-0.8,10,1,44,-43,3,42],[0.1,0.5,0.8,24,3,33,-40,3,36],[0.1,0.3,0.9,25,5,15,3,-27,5,15,3],[0,0.3,-0.9,7,7,18,21,-40,5,15,3],[0,-0.5,-0.9,2,29,23,-54,34,1],[0.1,-0.5,0.9,5,41,1,-43,38,1]],"s":[{"p":[0,0,0],"r":[0,0,0],"s":[0.01909759,0.3940176,0.04523521],"c":[0.5555556,0.5555556,0.5555556],"b":["when high speed then play swiping hit with very-varied-pitch"]}]},{"b":42,"t":1,"c":[[0,0.2,-0.7,34,19,23,-24,18,9],[0.2,0.2,-0.5,17,18,42,-61,55,7],[0.2,0.2,0.5,0,20,53,-72,53,18],[0,0.2,0.7,19,19,36,-37,18,20]],"s":[{"p":[0.02006054,-0.1933187,3.380091E-08],"r":[1.151484E-12,0,90],"s":[0.1250959,0.07959832,0.1250192],"c":[1,0.6857142,0]}]},{"b":56,"t":1,"s":[{"p":[0,-0.2884806,5.043956E-08],"r":[1.001791E-05,90,1.221333E-12],"s":[0.01554962,0.2471074,0.01554998],"c":[0.4444443,0.3047618,0]}]},{"b":10,"t":9,"s":[{"p":[0,-0.3694676,6.459976E-08],"r":[270,90.00002,0],"s":[0.02621755,0.02621856,0.02621448],"c":[0,0.7428569,1]}]}]}