{"v":9,"a":[7,18,31],"p":[{"b":68,"i":[{"t":"5cabc9bb2fe1dd1d295bbbe1","p":[-0.1317115,0.0003571511,-0.0003966838],"r":[-1.001791E-05,270,-1.221333E-12]}],"s":[{"p":[-0.0008545009,-0.002200586,0.09906816],"r":[-1.063956E-12,89.99999,9.325355E-13],"s":[0.1203267,0.05033906,0.05034219],"c":[1,1,1]}]},{"b":4,"a":[12],"s":[{"p":[0,0,0],"r":[5.607755E-20,-5.008956E-06,8.757937E-13],"s":[0.04659612,0.04659321,0.04659658],"c":[1,1,1],"b":["when starts then all parts face nearest 14"]}]}]}