{"v":9,"a":[1,20,31,34],"p":[{"b":4,"t":3,"a":[12,37],"s":[{"p":[0,0,0],"r":[0,0,0],"s":[1.042311,1.042311,1.042311],"c":[1,0.8253968,0.4444443]}]}]}