{"v":9,"a":[31],"p":[{"s":[{"p":[0,0,0],"r":[0,0,0],"s":[0.1750001,0.175,0.1750001],"c":[1,1,1]}]},{"b":3,"s":[{"p":[-0.0410729,0.08583331,0.032102],"r":[9.176334,0.9181439,355.8034],"s":[0.0399754,0.03997534,0.03997542],"c":[0,0,0]}]},{"b":3,"s":[{"p":[0.04414191,0.08410458,0.03703792],"r":[3.666161,2.235227,9.367402],"s":[0.03997543,0.03997536,0.03997543],"c":[0,0,0]}]},{"b":48,"s":[{"p":[0.0008279793,0.09315465,-0.04246903],"r":[1.036616,271.3829,358.532],"s":[0.06528697,0.06528698,0.06528696],"c":[0,0,0]}]}]}