{"v":9,"a":[1,2,3,7,18,31],"p":[{"b":56,"t":1,"s":[{"p":[0,-0.2884806,5.043956E-08],"r":[1.001791E-05,90,1.221333E-12],"s":[0.01554962,0.2471074,0.01554998],"c":[0.4444443,0.3047618,0]}]},{"b":10,"t":9,"s":[{"p":[0,-0.3694676,6.459976E-08],"r":[270,90.00002,0],"s":[0.02621755,0.02621856,0.02621448],"c":[0,0.7428569,1]}]},{"b":75,"t":1,"c":[[0.7,7,0,25,305],[0.6318499,7,-0.517638,23,306],[2.8,4.6,0.5,27,304],[2.6002,4.6,-1.017638,21,306],[2.96582,4.3,0,323],[2.9,4.3,-0.5,322],[2.9,4.3,0.5,324],[2.707,4.3,-0.965926,320],[2.5,4.3,0.5,26,333],[2.5615,4.3,0.03288379,24,334],[2.5,4.3,-0.434233,22,335],[2.3197,4.3,-0.869516,20,335]],"s":[{"p":[0,-0.2297282,4.016696E-08],"r":[0,270,180],"s":[0.03020347,0.01752193,0.03020409],"c":[1,0.6857142,0]}]},{"b":188,"t":1,"t1":10,"s":[{"p":[0,-0.09360075,1.636568E-08],"r":[1.001791E-05,90,1.221333E-12],"s":[0.00378911,0.106751,0.00378911],"c":[0.4444443,0.4444443,0.4444443],"b":["when high speed then play swiping hit with very-varied-pitch"],"t1":{"c":[0.9714286,1,0],"a":0}}]}]}