{"v":9,"a":[1,7,18],"p":[{"b":58,"t":2,"t1":10,"s":[{"p":[0,0,0],"r":[0,0,0],"s":[0.1250012,0.1250028,0.1250019],"c":[0.1142856,1,0],"b":["when starts then set constant rotation to 0 0 30"],"t1":{"c":[1,1,1],"a":0}}]},{"b":73,"t":2,"t1":10,"s":[{"p":[0,0,0],"r":[0,0,0],"s":[0.09651251,0.09652251,0.09652156],"c":[0.1142856,1,0],"b":["when touches hand then send one nearby onto area-room at -90 degrees"],"t1":{"c":[1,1,1],"a":0}}]},{"b":18,"a":[19],"e":"Backdrop\nRepository","s":[{"p":[0.002741218,0.004781693,0.2141822],"r":[90,-1.001791E-05,0],"s":[0.003000028,0.0030001,0.003000039],"c":[1,1,1]}]}]}