{"n":"turd","v":9,"a":[48,49],"p":[{"b":5,"s":[{"p":[0,0,0],"r":[0,0,0],"s":[0.1000005,0.1000002,0.1000003],"c":[1,1,1]}]}]}