{"n":"ground","v":9,"a":[1,22,18],"p":[{"b":17,"t1":42,"s":[{"p":[0,0,0],"r":[0,0,0],"s":[1.994096,0.1106202,2.296531],"c":[0,0,0],"t1":{"c":[0.4444444,0.4444444,0.4444444],"x":0.5,"y":0.5,"a":0.8925,"m":0,"n":0,"r":0,"g":0,"o":0.5,"t":0.5,"e":0.5}}]},{"b":86,"t":18,"s":[{"p":[0.01303159,1.938079,0.1098389],"r":[1.001791E-05,90,180],"s":[1.506203,2.067541,1.39711],"c":[0,0,0]}]}]}