{"v":9,"p":[{"b":9,"s":[{"p":[0,0,0],"r":[0,0,1.707547E-06],"s":[0.1250009,0.1250011,0.1250004],"c":[1,1,1]}]},{"s":[{"p":[-0.4977769,0.3871602,0.0437788],"r":[325.7506,284.733,57.96048],"s":[0.1749998,0.1750007,0.1750006],"c":[1,1,1]}]},{"s":[{"p":[-0.5206772,0.6993915,-0.06371498],"r":[328.2322,133.5349,199.5687],"s":[0.175,0.1750011,0.1750008],"c":[1,1,1]}]},{"s":[{"p":[-0.3634831,0.5010147,0.05921823],"r":[57.5652,357.8092,163.0975],"s":[0.1750004,0.175001,0.1750013],"c":[1,1,1]}]}]}