{"n":"statue","v":9,"a":[2,50],"inc":[["void singularity","5cad0792dad1980aa05fe946"],["void singularity 2","5cad09b2743db207cae5c551"]],"p":[{"b":182,"t1":59,"t2":43,"s":[{"p":[0,0,0],"r":[0,0,0],"s":[0.06000006,0.06000004,0.0600001],"c":[0.6666667,0.6666667,0.6666667],"t1":{"c":[0.5555556,0.5555556,0.5555556],"x":0.5,"y":0.5,"a":0.8925,"m":0,"n":0,"r":0,"g":0,"o":0.5,"t":0.5,"e":0.5},"t2":{"c":[0,0,0],"x":0.5,"y":0.5,"a":0.8925,"m":0,"n":0,"r":0,"g":0,"o":0.5,"t":0.5,"e":0.5}}]},{"b":250,"t":13,"pr":2,"s":[{"p":[0.01352945,0.3428543,-0.004272159],"r":[359.1084,358.4869,237.9367],"s":[0.2400004,0.2400003,0.2400004],"c":[0.8,0,1],"b":["when touched then emit void singularity 2 with 10%"],"pr":{"c":[0.8,0,1],"m":0.25,"a":0.25,"s":0.15,"z":0.25,"g":0.5,"h":0.25}}]}]}