{"v":9,"a":[12],"p":[{"b":37,"s":[{"p":[0.02312848,-0.04108009,0.5358375],"r":[289.9141,335.7089,294.641],"s":[1.186778,0.3908755,0.5295362],"c":[0,0,0]}]},{"b":205,"a":[12],"s":[{"p":[0,0,0],"r":[1.144999E-13,1.707547E-06,-7.683962E-06],"s":[0.04500008,0.04500014,0.4969853],"c":[1,1,1],"b":["when starts then all parts face nearest hmd"]}]}]}