{"n":"aku-elbow-right","v":9,"a":[31,48,49],"p":[{"b":10,"t":19,"s":[{"p":[0,0,0],"r":[0,0,0],"s":[0.03974904,0.03974906,0.03974903],"c":[0,0,0]}]}]}