{"v":9,"a":[7,18],"p":[{"a":[12],"pr":32,"s":[{"p":[0,0,0],"r":[0,0,0],"s":[0.2154314,0.2145882,0.2342159],"c":[1,1,1],"b":["when touched then destroy all parts","when starts then play success"],"pr":{"c":[0.1111111,0.6190475,1],"a":0.02710176}}]}]}