{"n":"uarml","v":9,"a":[7,12,18,49],"p":[{"b":3,"t":1,"s":[{"p":[-0.003165363,0.005773246,-0.004977227],"r":[1.628444E-12,270,3.380771E-05],"s":[0.09699927,0.09699152,0.09700018],"c":[0.3086416,0.365079,0.5555556]}]},{"b":3,"t":1,"s":[{"p":[9.673215E-05,0.0004206896,0.376327],"r":[1.628444E-12,270,3.380771E-05],"s":[0.06456508,0.06452711,0.06456972],"c":[0.3086418,0.3650792,0.5555556],"b":["when starts then all parts face nearest xr"]}]},{"b":42,"t":1,"s":[{"p":[-0.0009738816,0.0006347895,0.3482709],"r":[270,-1.001791E-05,0],"s":[0.1460086,0.6332233,0.07961597],"c":[1,0.6857142,0]}]},{"t":7,"a":[12,37],"i":[{"t":"5cadd77d8d990f2fb5c2465b","p":[-0.03463268,-0.01137947,-0.01295125],"r":[270,1.46683E-05,0]}],"s":[{"p":[-0.01432926,0.0169844,0.3730254],"r":[270,90,0],"s":[0.001000199,0.1750475,0.1750382],"c":[0.9714285,0,1]}]}]}