{"n":"uarml","v":9,"a":[7,12,18,49],"p":[{"b":3,"t":1,"s":[{"p":[0.002798795,-0.003756999,-0.00755787],"r":[5.008956E-06,90.00001,180],"s":[0.09699927,0.09699152,0.09700018],"c":[0.3086418,0.3650792,0.5555556]}]},{"b":3,"t":1,"s":[{"p":[-0.0004633337,0.001595491,0.3737464],"r":[5.008956E-06,90.00001,180],"s":[0.06456508,0.06452711,0.06456972],"c":[0.3086418,0.3650792,0.5555556],"b":["when starts then all parts face nearest xl"]}]},{"b":42,"t":1,"s":[{"p":[0.0006072824,0.001381396,0.3456903],"r":[90,180,0],"s":[0.1460086,0.6332233,0.07961597],"c":[1,0.6857142,0]}]},{"a":[12,37],"i":[{"t":"5cadc5f268cb6a62f7c4ae98","p":[-0.03394699,-0.004079155,-0.00129379],"r":[-1.502687E-05,270,180]}],"s":[{"p":[0.002951922,0.003166734,0.3490386],"r":[-1.502687E-05,270,180],"s":[0.00100051,0.175006,0.1750816],"c":[1,1,1]}]}]}