{"v":9,"a":[7,18,48],"p":[{"b":4,"a":[36],"i":[{"t":"5ca865fe008c8770b4a9e3f6","p":[-0.01439985,-0.03031159,0.4980997],"r":[4.516388E-13,270,1.792843E-07]},{"t":"5cadb199016be2055efab22f","p":[0.0773193,0.01607347,0.5221736],"r":[90,180,0]}],"s":[{"p":[0,0,0],"r":[0,0,-4.378969E-13],"s":[0.1250196,0.1250184,0.1250037],"c":[1,1,1],"b":["when any part touched then become 2 in .2s"]},{"p":[0,0,0],"r":[270,-9.838628E-06,0],"s":[0.1250238,0.1250211,0.1250051],"c":[1,1,1],"b":["when any part touched then become 1 in .2s"]}]}]}