{"n":"pick","v":9,"a":[31],"p":[{"b":3,"s":[{"p":[0,0,0],"r":[0,0,0],"s":[0.0590246,0.05902459,0.05902457],"c":[1,1,1]}]}]}