{"n":"bullet","v":9,"a":[2,15,21,30,38,52],"p":[{"b":79,"t":1,"s":[{"p":[0.003661522,-0.008080453,-0.002709555],"r":[34.1494,343.8646,11.07048],"s":[0.00333081,0.003330866,0.003330767],"c":[0.4444443,0.4444443,0.4444443],"b":["when touched then play bullet metal impact"]}]},{"b":5,"t":1,"s":[{"p":[-0.001508149,0.004373029,0.004587554],"r":[54.34609,144.0013,344.1188],"s":[0.004805932,0.004806126,0.03004935],"c":[0.9714286,1,0],"b":["when touched then play bullet metal impact"]}]}]}