{"v":9,"a":[1,7,18],"p":[{"b":132,"a":[19],"e":"SHOPPE UPGRADES\nINCREASE THE CHANCES OF NPCS ENTERING THE SHOP,\nMAKING PURCHASES, AND THEIR PRICE TOLERENCE.\n\n-CARPETS\n-WINDOWS\n-LIT PATHWAYS\n-POTTED PLANTS\n-DISPLAY QUALITY","s":[{"p":[1.377653E-09,0.0157585,0.1869502],"r":[90,-1.001791E-05,0],"s":[0.002273584,0.002273434,0.002273545],"c":[0,0,0]}]},{"b":60,"s":[{"p":[0,5.960464E-08,-0.4525447],"r":[0,0,1.001791E-05],"s":[1.447401,0.02944347,1.299912],"c":[1,1,1]}]}]}