{"v":9,"p":[{"b":2,"pr":33,"s":[{"p":[0,0,0],"r":[0,0,7.47052E-07],"s":[0.2688065,0.3051034,0.2319972],"c":[1,1,1],"pr":{"c":[0.9936507,1,0.7777778],"m":0.1093982,"a":0.04678512,"s":0.09358495,"z":1,"g":0.5,"h":0.841024}}]}]}