{"n":"light","v":9,"a":[7,18],"p":[{"b":5,"t":2,"s":[{"p":[0,0,0],"r":[0,0,0],"s":[0.05207664,0.05207635,0.05207705],"c":[0.5555556,0.4761905,0],"b":["when starts then become untweened next in .5"]},{"p":[0,0,0],"r":[0,0,0],"s":[0.05207664,0.05207635,0.05207705],"c":[1,0.8571429,0],"b":["when starts then become untweened next in .5"]}]},{"s":[{"p":[0.001893997,-0.08844185,0.002548218],"r":[1.001791E-05,90.00001,8.142219E-13],"s":[0.03374384,0.081311,0.4902802],"c":[1,1,1]}]},{"t1":70,"s":[{"p":[0.001893997,-0.08644009,0.002548218],"r":[0,90.00001,0],"s":[0.04155684,0.06559663,0.4649706],"c":[1,0,0],"t1":{"c":[1,1,1],"x":0.3973017,"y":0.3123562,"a":1,"m":0,"n":0,"r":0.2104003,"g":1,"o":0.5,"t":0.5,"e":0.5}}]}]}