{"n":"living quarters","v":9,"a":[1,7,18],"p":[{"i":[{"t":"5ca1d3c8f7c19165da42f3b2","p":[0.6300659,1.100183,0.04468517],"r":[270,90.00002,0]}],"s":[{"p":[0,0,0],"r":[0,0,0],"s":[0.1750001,0.1750001,0.1750001],"c":[1,1,1]}]},{"s":[{"p":[-10.79049,-4.768372E-07,-9.329947E-07],"r":[-4.07111E-13,89.99999,1.001791E-05],"s":[8.671022,0.1558246,22.67501],"c":[1,1,1]}]}]}