{"v":9,"a":[7,13,18],"p":[{"s":[{"p":[0,0,0],"r":[0,0,0],"s":[1.38589,0.2106996,1.400282],"c":[0.5555556,0.5555556,0.5555556]}]},{"b":149,"s":[{"p":[2.324581E-06,-28.20848,2.384186E-06],"r":[0,5.757419E-13,270],"s":[49.94264,2.218432,2.197519],"c":[0.3333332,0.3333332,0.3333332]}]}]}