{"v":9,"a":[7,18],"p":[{"t1":59,"s":[{"p":[0,0,0],"r":[0,0,0],"s":[13.22619,0.1750022,28.95765],"c":[0,0.04444399,0.7777778],"t1":{"c":[1,1,1],"x":0.04197645,"y":0.04111719,"a":0.8925,"m":0,"n":0,"r":0,"g":0,"o":0.5,"t":0.5,"e":0.5}}]}]}