{"n":"ice crown","v":9,"a":[22,31],"p":[{"b":58,"t":1,"c":[[0,0.5036026,-1.05,59],[0,0.517,-1,60],[0,0.5036026,-0.95,61],[0,0.467,-0.913397,62,207],[0,0.467,-1.0866,63,222],[0.707,0.336,-0.707,49],[0.671644,0.3226025,-0.671644,50],[0.742355,0.3226025,-0.742355,48],[0.768237,0.286,-0.768237,52,209,20],[0.645762,0.286,-0.645762,51,190,23],[-0.768451,0.286,-0.768237,73,116,102],[-0.742569,0.3226025,-0.742355,70],[-0.707214,0.336,-0.707,69],[-0.645976,0.286,-0.645762,72,19,183],[-0.671858,0.3226025,-0.671644,71],[1.0866,0.242,0,43,208],[1.05,0.2786025,0,39,218],[1,0.292,0,40],[0.913397,0.242,0,42,193],[0.95,0.2786025,0,41],[-0.913397,0.242,0,6,76],[-1.05,0.2786025,0,0,190],[-1.0866,0.242,0,8,170],[-1,0.292,0,3],[-0.95,0.2786025,0,4],[0.768451,0.211,0.768237,32,195,20],[0.707214,0.261,0.707,29],[0.742569,0.2476025,0.742355,28],[0.671858,0.2476025,0.671644,30],[0.645976,0.211,0.645762,31,174,25],[-0.768237,0.211,0.768237,14,167,31],[-0.742355,0.2476025,0.742355,11],[-0.707,0.261,0.707,10],[-0.671644,0.2476025,0.671644,12],[-0.645762,0.211,0.645762,13,72,110],[0,0.19,1.0196,217],[0,0.2266025,0.9830001,21,197],[0,0.19,0.846397,23,175],[0,0.24,0.933,20],[0,0.2266025,0.883,22]],"s":[{"p":[0,0,0],"r":[0,0,0],"s":[0.1250065,0.4963211,0.1250065],"c":[1,0.8571429,0]}]},{"b":53,"t":1,"c":[[0.7,0.5,0,16,3,39],[0.3,0.5,0.6,20,3,36],[0.3,0.5,-0.6,12,3,42],[-0.7,0.5,0,9,19,33],[-0.3,0.5,0.6,24,3,33],[-0.3,0.5,-0.6,10,1,44]],"s":[{"p":[0.001755193,0.02577571,-0.1333301],"r":[0,270,90.00001],"s":[0.05906191,0.02533597,0.0277491],"c":[1,0,0]}]},{"b":7,"t":1,"s":[{"p":[0.09917951,0.009762628,-0.0960772],"r":[8.537737E-06,135,225],"s":[0.02534672,0.02536261,0.02535761],"c":[1,0,0]}]},{"b":7,"t":1,"s":[{"p":[-0.09797046,0.01096414,-0.1018257],"r":[5.122642E-06,225,225],"s":[0.02535327,0.02537419,0.02536413],"c":[1,0,0]}]}]}