{"n":"j3","v":9,"p":[{"b":10,"s":[{"p":[0,0,0],"r":[-2.134434E-07,-2.385417E-15,1.280661E-06],"s":[0.06601626,0.1250001,0.08827622],"c":[1,1,1],"b":["when starts then all parts face nearest j3"]}]},{"b":10,"s":[{"p":[-0.001955763,0.1300248,-0.01423059],"r":[27.97698,9.136172,342.0407],"s":[0.03099228,0.03053933,0.03385768],"c":[1,1,1]}]}]}