{"v":9,"a":[7,21,31,50],"p":[{"s":[{"p":[-0.9886357,0.4252622,0.1366794],"r":[358.5409,359.6106,88.15598],"s":[2.380239,0.09227537,1.436718],"c":[1,1,1]}]},{"t":1,"a":[1],"s":[{"p":[-0.9913819,0.4079596,0.1632537],"r":[358.5409,359.6106,88.15598],"s":[2.165203,0.09226287,1.328025],"c":[0.222222,0.222222,0.222222]}]}]}