{"v":9,"p":[{"s":[{"p":[0,0,0],"r":[0,0,0],"s":[0.3732986,0.007894862,0.3525351],"c":[0.7777778,0.7777778,0.7777778]}]},{"b":2,"s":[{"p":[0.04850291,0.01002082,0.06027479],"r":[354.9681,47.00454,7.864202],"s":[0.01472412,0.004524008,0.08185809],"c":[0.9714286,1,0]}]},{"s":[{"p":[0.03472636,0.01039348,0.001034153],"r":[0.9542548,338.6362,356.4399],"s":[0.02024239,0.001863473,0.08981566],"c":[0.9714286,1,0]}]},{"b":2,"s":[{"p":[0.02945479,0.01121071,-0.05629064],"r":[352.9551,223.687,4.061265],"s":[0.01472412,0.00452401,0.08185812],"c":[0.9714286,1,0]}]}]}