{"n":"btn","v":9,"a":[31],"inc":[["thing","5cb16102fb0ce72671539ec3"]],"p":[{"s":[{"p":[0.0003963653,0.0006951533,0.02929766],"r":[1.927347,0.887866,-0.0008135628],"s":[0.09981541,0.09981542,0.09981538],"c":[0,0,0]}]},{"s":[{"p":[0,0,0],"r":[0,0,5.336085E-08],"s":[0.06804584,0.06804582,0.06804581],"c":[1,0.342857,0],"b":["when touches hand then tell nearby door","when touches hand then become 2 in 0.2s"]},{"p":[-0.001657066,0.001435732,0.01120865],"r":[0.8271853,0.09768163,1.190169],"s":[0.06804588,0.06804588,0.06804584],"c":[1,0.3428569,0],"b":["when starts then become 1 in 0.2s"]}]}]}