{"v":9,"a":[7,18],"p":[{"s":[{"p":[0,0,0],"r":[0,0,0],"s":[12.12064,9.325541,0.1750026],"c":[0.222222,0.2186946,0.1975306]}]}]}