{"v":9,"a":[31],"p":[{"b":251,"t":2,"s":[{"p":[0,0,0],"r":[0,0,0],"s":[0.1376776,0.1376774,0.1376775],"c":[0.984127,1,0.4444442]}]}]}