{"v":9,"p":[{"b":3,"s":[{"p":[0,0,0],"r":[0,0,-4.268868E-07],"s":[0.06765635,0.02965929,0.01749829],"c":[0.6666667,0.6666667,0.6666667]}]},{"b":3,"s":[{"p":[0.01087652,0.04444597,0.003251301],"r":[359.2242,2.398458,326.3787],"s":[0.03856998,0.01944008,0.01749832],"c":[0.6666667,0.6666667,0.6666667]}]}]}