{"v":9,"p":[{"b":14,"s":[{"p":[0,0,0],"r":[0,0,0],"s":[0.6189378,0.6422258,2.647135],"c":[0.6285716,0,1]}]}]}