{"v":9,"a":[7],"p":[{"s":[{"p":[0,0,0],"r":[0,0,7.656432E-20],"s":[9.446088,0.001000393,5.749641],"c":[1,1,1]}]}]}