{"v":9,"p":[{"b":3,"pr":2,"t2":4,"s":[{"p":[-0.02744389,-0.07627696,0.02592074],"r":[359.9247,359.4167,359.719],"s":[0.3185705,0.1250001,0.2622315],"c":[1,1,1],"t2":{"c":[0.7777778,0.5604938,0.08641972],"x":0.17,"y":0.17,"a":0.69625,"m":0.5,"n":0.5,"r":0,"g":0,"o":0.5,"t":0.5,"e":0.5},"pr":{"c":[0.1142858,0,1],"m":0.25,"a":0.25,"s":0.15,"z":0.25,"g":0.5,"h":0.25}}]},{"b":3,"pr":4,"s":[{"p":[-0.3573364,-0.1911478,-0.2756435],"r":[8.348754,315.9113,1.663379],"s":[0.3185708,0.1250002,0.2622318],"c":[1,1,1],"pr":{"c":[0.1142858,0,1],"m":0.25,"a":0.25,"s":0.15,"z":0.25,"g":0.5,"h":0.25}}]}]}