{"n":"fw blast","v":9,"a":[2,14,16,20,45],"p":[{"b":10,"pr":1,"s":[{"p":[0,0,0],"r":[0,0,0],"s":[0.1250009,0.1250008,0.1250004],"c":[1,1,1],"b":["when starts then become 2 in 0.5s","when starts then play firework crack"],"pr":{"c":[1,0,0],"m":1,"a":1,"s":0.8148274,"z":0.8043623,"g":0.5,"h":0.25}},{"p":[0,0,0],"r":[0,0,0],"s":[0.1250009,0.1250008,0.1250004],"c":[1,1,1],"b":["when starts then destroy all parts"],"pr":{"c":[1,0,0],"m":0,"a":1,"s":0.9135432,"z":0.9642401,"g":0.5,"h":0.25}}]}]}