{"n":"wall","v":9,"a":[1,5],"p":[{"b":17,"s":[{"p":[0,0,0],"r":[0,0,0],"s":[0.4389138,1.1877,0.9064246],"c":[0.9019608,0.8509804,0.7215686]}]}]}