{"n":"missiletarget","v":9,"a":[14,16,31,45,48],"p":[{"b":10,"t":7,"s":[{"p":[0,0,0],"r":[-1.707547E-06,3.415095E-06,-5.088888E-14],"s":[0.01279126,0.01279116,0.01279126],"c":[1,0.7777778,0.7777778],"b":["when told by any deltarget then destroy all parts","when touched then become next in 0.1"]},{"p":[0,0,0],"r":[-1.707547E-06,3.415095E-06,-5.088888E-14],"s":[0.01279126,0.01279116,0.01279126],"c":[1,0,0],"b":["when starts then tell any targetlanded","when told by any deltarget then destroy all parts"]}]}]}