{"v":9,"p":[{"a":[12],"pr":35,"s":[{"p":[0,0,0],"r":[0,0,-1.667527E-08],"s":[0.175001,0.1750008,0.1750011],"c":[1,1,1],"pr":{"c":[1,1,1],"m":0.2496271,"a":0.04101563,"s":0,"z":0.3380108,"g":0.6161528,"h":0.5}}]}]}