{"v":9,"p":[{"s":[{"p":[0,0,0],"r":[0,0,4.268868E-07],"s":[0.006682989,0.01026075,0.04658956],"c":[1,1,1]}]}]}