{"v":9,"a":[1,7,12,31],"p":[{"b":5,"i":[{"t":"5cabac597da8fa4e0f066760","p":[0.06801897,0.6744431,0.5260704],"r":[-1.707547E-06,-1.526666E-13,180]},{"t":"5cb535db132d294816c8966a","p":[-0.001271829,0.003788441,0.3625281],"r":[0,0,1.001791E-05]}],"s":[{"p":[0,0,0],"r":[0,0,0],"s":[0.1734315,0.1734338,0.1734248],"c":[1,1,1],"b":["when starts then set constant rotation to 0 0 5"]}]}]}