{"v":9,"a":[7],"p":[{"s":[{"p":[0,0,0],"r":[0,0,0],"s":[0.1751056,4.539608,14.06683],"c":[0.3333332,0.3333332,0.3333332]}]}]}