{"v":9,"p":[{"b":18,"e":"HENROHOME","s":[{"p":[0,0,0],"r":[4.135466E-07,7.702906E-16,2.134434E-07],"s":[0.0429135,0.04291349,0.04291349],"c":[1,1,1],"b":["when touched then say ouch"]}]}]}