{"v":9,"p":[{"b":195,"s":[{"p":[0,0,0],"r":[0,0,-9.338149E-08],"s":[0.05058925,0.06000022,0.07886022],"c":[1,0.6666666,0.8380952]}]},{"b":18,"e":"HENRO","s":[{"p":[0.1106886,-0.03589428,0.02194174],"r":[358.3788,275.493,180.3742],"s":[0.003000009,0.003000006,0.003000011],"c":[1,1,1],"b":["when touched then say henro"]}]}]}