{"v":9,"p":[{"b":10,"s":[{"p":[0,0,0],"r":[0,0,0],"s":[0.03192811,0.03903439,0.04288195],"c":[0.7555555,0,0.7777778],"b":["when touched then send one nearby onto b1a"]}]},{"b":18,"e":"TELEPORT TO THE TOP","s":[{"p":[-0.01385852,-0.09060995,-0.1703226],"r":[30.58092,62.7147,133.8802],"s":[0.003000009,0.003000009,0.00300001],"c":[1,1,1]}]}]}