{"v":9,"a":[2,7,14,16,31,32],"p":[{"b":3,"t":21,"a":[18],"pr":49,"t1":168,"t2":168,"s":[{"p":[-6.322033E-09,-3.278357E-09,0.03750003],"r":[90,270,0],"s":[0.02336949,0.02336601,0.02336993],"c":[0.2857137,1,0],"b":["when starts then trail start with 0.5s","when starts then multiply speed 50","when touched then become next"],"t1":{"c":[0,0,0],"a":0.02794909},"t2":{"c":[0.2857142,1,0],"a":0.02675824},"pr":{"c":[0.2857141,1,0],"m":1,"a":1,"s":0.15,"z":1,"g":0.5,"h":0.25}},{"p":[-6.322033E-09,-3.278357E-09,0.03750003],"r":[90,270,0],"s":[0.3387294,0.3387259,0.3387299],"c":[0.2857136,1,0],"b":["when starts then become next"],"t1":{"c":[0,0,0],"a":0.02794909},"t2":{"c":[0.2857142,1,0],"a":0.02675824},"pr":{"c":[0.2857141,1,0],"m":1,"a":0.25,"s":0.15,"z":1,"g":0.5,"h":0.25}},{"p":[-6.153443E-09,-3.190933E-09,0.03650001],"r":[84.37504,179.9998,269.9998],"s":[0.03725214,0.03725214,0.03725214],"c":[0.2857136,1,0],"b":["when starts then destroy all parts"],"t1":{"c":[0,0,0],"a":0.02794909},"t2":{"c":[0.2857142,1,0],"a":0.02675824},"pr":{"c":[0.2857141,1,0],"m":1,"a":0.25,"s":0.15,"z":1,"g":0.5,"h":0.25}}]},{"b":4,"a":[12,37],"s":[{"p":[0,0,0],"r":[5.008956E-06,-1.845552E-12,1.366038E-05],"s":[0.02179083,0.02179083,0.02179417],"c":[1,1,1]}]}]}