{"v":9,"p":[{"b":6,"t1":43,"s":[{"p":[0,0,0],"r":[0,0,0],"s":[0.9569255,1.168284,0.6250364],"c":[0,0,0],"t1":{"c":[1,1,1],"x":0.5,"y":0.5,"a":0.8925,"m":0,"n":0,"r":0,"g":0,"o":0.5,"t":0.5,"e":0.5}}]},{"b":12,"t1":43,"s":[{"p":[1.789674,1.934709,0.7733619],"r":[63.88859,86.13815,353.1997],"s":[0.351922,0.279141,0.41885],"c":[0.111111,0.111111,0.111111],"t1":{"c":[1,1,1],"x":0.5,"y":0.5,"a":0.8925,"m":0,"n":0,"r":0,"g":0,"o":0.5,"t":0.5,"e":0.5}}]}]}