{"n":"bed","v":9,"a":[22,29],"p":[{"b":68,"t1":150,"s":[{"p":[0,0,0],"r":[0,0,2.035555E-13],"s":[1.271187,1.085088,0.2589155],"c":[0.7777778,0.7777778,0.7777778],"t1":{"c":[0.8888889,0.7647266,0.4938272],"x":0.5,"y":0.5,"a":0.8925,"m":0,"n":0,"r":0,"g":0,"o":0.5,"t":0.5,"e":0.5}}]},{"b":68,"t1":150,"s":[{"p":[-1.092558,0.003267214,0.2074919],"r":[-1.811128E-06,90.00001,-6.037096E-07],"s":[0.4257149,1.018754,0.2252982],"c":[0.7777778,0.7234568,0.6049383],"t1":{"c":[0.8888889,0.7647266,0.4938272],"x":0.5,"y":0.5,"a":0.8925,"m":0,"n":0,"r":0,"g":0,"o":0.5,"t":0.5,"e":0.5}}]},{"t1":38,"s":[{"p":[-0.7566054,0.02258685,0.2090411],"r":[-3.415095E-06,270,270],"s":[1.853217,0.1007767,0.9058164],"c":[0.4444443,0.4444443,0.4444443],"t1":{"c":[0.8888889,0.8888889,0.8888889],"x":0.5,"y":0.5,"a":0.8925,"m":0,"n":0,"r":0,"g":0,"o":0.5,"t":0.5,"e":0.5}}]},{"b":178,"t1":38,"s":[{"p":[0.3606568,0.01443475,0.2502899],"r":[270,180,0],"s":[0.2791012,0.1549695,0.4920973],"c":[0.5555556,0.5555556,0.5555556],"t1":{"c":[0.7777778,0.7777778,0.7777778],"x":0.5,"y":0.5,"a":0.6063234,"m":0,"n":0,"r":0,"g":0,"o":0.5,"t":0.5,"e":0.5}}]}]}