{"v":9,"a":[22,21],"p":[{"b":9,"t":2,"im":"841520017366651929/4F3241BCDE64FB36037E1C1C8365AEEE733371D5/","pr":2,"s":[{"p":[0,0,0],"r":[0,0,0],"s":[0.5490831,0.5485603,0.5494659],"c":[1,1,1],"b":["when starts then set constant rotation to 10 0 0 "],"pr":{"c":[1,1,1],"m":1,"a":0.9939775,"s":0.397035,"z":0.25,"g":0.5,"h":0.25}}]}]}