{"v":9,"p":[{"b":60,"s":[{"p":[0,0,0],"r":[0,0,0],"s":[0.02770654,0.01439537,0.0297616],"c":[0,0.05714257,1]}]}]}