{"n":"mill","v":9,"a":[22,20,21],"p":[{"b":7,"s":[{"p":[0,0,0],"r":[0,0,0],"s":[0.8074734,0.8074945,0.8074681],"c":[1,1,1]}]},{"b":7,"s":[{"p":[-0.02529957,0.04748631,4.52384],"r":[0,0,3.415094E-06],"s":[0.3301005,0.3381933,11.73429],"c":[1,1,1]}]},{"s":[{"p":[-0.05110963,0.0497942,9.687755],"r":[-1.207418E-06,1.207418E-06,90],"s":[0.5996395,1.1308,0.44267],"c":[1,1,1]}]}]}