{"v":9,"a":[22,21],"p":[{"b":9,"t":3,"im":"841520017366651929/4F3241BCDE64FB36037E1C1C8365AEEE733371D5/","pr":2,"s":[{"p":[0,0,0],"r":[0,0,0],"s":[0.549087,0.5485618,0.5494701],"c":[1,1,1],"b":["when starts then set constant rotation to 0 0 10"],"pr":{"c":[1,1,1],"m":1,"a":0.9939775,"s":0.397035,"z":0.25,"g":0.5,"h":0.25}}]}]}