{"v":9,"p":[{"b":54,"c":[[0.6891069,1.1,-0.881107,46],[0.3646831,1.1,-1.09788,52],[-0.018,1.1,-1.174,57],[-0.4006831,1.1,-1.09788,59],[-0.7251071,1.1,-0.881107,62]],"s":[{"p":[0,0,0],"r":[1.067217E-07,4.969617E-17,5.336085E-08],"s":[0.1250001,0.125,0.125],"c":[1,1,1]}]}]}