{"n":"ground","v":9,"a":[22,31],"p":[{"b":17,"t1":4,"s":[{"p":[0,0,0],"r":[0,0,7.656432E-20],"s":[8.207256,0.1106201,6.036758],"c":[0.2857141,1,0],"t1":{"c":[0,0,0],"x":0.17,"y":0.17,"a":0.69625,"m":0.5,"n":0.5,"r":0,"g":0,"o":0.5,"t":0.5,"e":0.5}}]}]}