{"v":9,"p":[{"b":140,"e":"100 DOLERS","s":[{"p":[0,0,0],"r":[0,0,0],"s":[0.008840613,0.008840614,0.008840617],"c":[1,0,0]}]}]}