{"n":"globox head","v":9,"a":[30],"p":[{"b":9,"t1":4,"t2":6,"c":[[-0.035,0.033,2.683,196,9,9,9,9],[0.405,-0.323,1.454,49,155,3,8,2,3],[0.408,0.302,1.621,52,161,3,8,2,3],[-0.183,0.458,1.525,55,167,3,8,2,3],[-0.545,-0.029,1.365,58,139,2,3,29,3],[-0.167,-0.563,1.176,46,149,3,8,2,3],[0.73,0.609,-0.318,25,16,91,3,47,1],[-0.024,0.017,0.22,0,6,3,3,65],[0.1384554,0.5169954,0.3693457,10,4,73,3,11,1],[0.5017299,0.017,0.3693484,7,4,67,3,11,1],[0.1724554,-0.4599953,0.08334589,1,7,52,3,20,1],[-0.4153227,-0.2690114,0.08334613,2,3,60,1,8,1],[-0.4153227,0.3490114,0.08334613,13,58,2,3,20,3],[-0.573,0.744,-0.407,28,16,97,3,47,1],[-0.023,0.905,-0.312,40,103,2,3,29,3],[-0.959,0.306,-0.58,43,64,2,3,74,3],[-1.04,-0.343,-0.676,16,16,73,3,47,1],[-0.586,-0.817,-0.837,31,85,2,3,29,3],[-0.044,-0.857,-0.659,19,16,79,3,47,1],[-0.23,-0.765,0.137,45,70,36,16,45],[0.548,-0.698,-0.344,34,91,2,3,29,3],[0.255,-0.686,0.354,50,111,2,3,43,1],[0.682,-0.483,0.286,48,76,36,16,45],[0.89,-0.242,-0.339,22,16,85,3,47,1],[0.912,0.347,-0.429,37,97,2,3,29,3],[0.243,0.899,-0.621,24,15,49,16,45],[0.223,0.722,0.277,56,123,2,3,43,1],[0.669,0.478,0.371,51,82,36,16,45],[0.773,-0.002,0.346,53,117,2,3,43,1],[-0.235,0.752,0.425,54,88,36,16,45]],"sa":2,"s":[{"p":[-0.03668319,-0.001853816,-0.08499157],"r":[4.291602,182.1884,335.1143],"s":[0.2482485,0.226117,0.05181884],"c":[0.3950613,0.5925922,0.8888889],"t1":{"c":[0.4444444,0.8571426,1],"x":0.03305428,"y":0.05375402,"a":0.6509944,"m":0.5,"n":0.5,"r":0,"g":0,"o":0.5,"t":0.5,"e":0.5},"t2":{"c":[0.06172834,0.2592589,0.5555556],"x":0.1001121,"y":0.1485481,"a":0.69625,"m":0.5,"n":0.5,"r":0,"g":0.01938057,"o":0.5,"t":0.25,"e":0.5}}]},{"b":58,"s":[{"p":[-0.03148641,0.01329354,-0.04215189],"r":[340.5155,93.82041,266.5483],"s":[0.2054581,0.1839761,0.2561338],"c":[0.8888889,0.952381,1],"b":["when talked from then become 2 in 0.1s"]},{"p":[-0.02912478,-0.001843244,0.08362019],"r":[338.9166,95.99733,264.3738],"s":[0.2054582,0.1839767,0.2545995],"c":[0.8888889,0.952381,1],"b":["when starts then become 1 in 0.1s"]}]},{"b":17,"c":[[1.304,-0.627,0.31,221,7,66,5],[0.476,-1.151,0.113,21,5,48,5],[0.418,-1.202,-0.476,18,58,66,5],[0.039,-1.124,-0.095,12,5,2,51],[0.153,-1.217,-0.404,15,8,52],[-0.099,-1.035,-0.407,9,5,51,6],[0.024,-1.159,-0.761,20,49,69,5],[0.731,-1.163,-0.249,77,7,66,5],[0.757,-1.088,0.28,81,7,66,5],[0.495,-1.07,0.158,30,5,51,5],[0.642,-1.138,0.417,85,7,66,5],[0.54,-1.175,0.352,89,7,66,5],[0.535,-1.188,0.054,24,5,49,5],[-0.151,-1.107,0.434,45,5,55,5],[-0.122,-1.095,0.084,1,5,4,3,3,6,3,3,3,3,3,3,3,3,3,3,3],[0.434007,-1.18752,0.3460578,33,5,52,5],[0.471544,-1.19136,0.1170446,27,5,50,5],[0.014,-1.25,0.893,42,5,55,4],[0.126,-1.263,0.655,36,5,53,5],[-0.171,-1.123,-0.127,8,3,50,5],[-0.307,-1.001,-0.196,64,3,62,5],[-0.117,-1.086,-0.163,68,4,61,6],[-0.618,-0.898,-0.826,132,3,66,5],[-0.793,-0.773,-0.436,188,3,66,5],[-0.95,-0.581,-1.244,200,3,66,5],[-0.993,-0.483,-0.429,196,3,66,5],[-0.995,-0.479,-0.164,195,69,2,67],[-0.82,-0.729,-0.276,123,69,2,67],[-0.589,-0.884,-0.032,116,3,66,5],[-0.728,-0.78,0.696,3,117,2,67],[-0.615,-0.856,-0.145,4,55,62,5],[-0.79,-0.807,-0.476,128,3,66,5],[-0.816,-0.746,-0.137,124,3,66,5],[-0.401,-0.985,-0.171,0,7,51],[-0.457,-0.975,0.203,2,52,63],[-0.381,-0.958,0.586,51,5,57,5],[-0.386,-0.985,0.537,48,5,56,5],[-0.351,-0.971,-0.039,5,52,5],[-0.516,-0.787,-0.109,60,3,62,5],[-0.358,-0.99,0.01,112,3,66,5],[-0.445,-1.012,0.121,108,3,66,5],[-0.877,-0.662,-0.53,260,3,66,5],[-0.915,-0.462,-0.293,332,3,66,5],[-0.797,-0.485,-1.32,268,3,66,5],[-1.006,-0.449,-0.921,267,69,2,67],[-0.978,-0.299,-0.968,339,69,2,67],[-0.978,-0.143,-0.875,340,3,66,5],[-1.034,0.227,-0.526,412,3,66,5],[-0.886,-0.237,0.036,400,3,66,5],[1.276,-0.156,-0.054,293,7,66,5],[1.25,0.204,-0.297,365,7,66,5],[1.226,0.691,0.094,441,7,66,5],[0.947,-0.924,-0.125,149,7,66,5],[-1.29,0.141,0.795,396,3,66,5],[-1.285,0.524,0.384,472,3,66,5],[0.354,-1.29,0.883,169,7,66,5],[0.804,-1.113,0.67,161,7,66,5],[0.49,-1.235,1.031,237,7,66,5]],"s":[{"p":[-0.03166088,-0.01003462,-0.05499808],"r":[359.4155,4.207201,33.29124],"s":[0.1755911,0.1382301,0.02381519],"c":[0,0,0]}]},{"b":9,"i":[{"t":"5cb622e5ef5174481d2df3b3","p":[-0.07462741,0.0167252,0.1292083],"r":[37.55401,348.9182,333.3613]},{"t":"5cb622e5ef5174481d2df3b3","p":[0.03573792,0.02845197,0.1320689],"r":[37.03613,0.3621704,345.6958]}],"t1":4,"t2":6,"c":[[-0.035,0.033,2.683,196,9,9,9,9],[0.405,-0.323,1.454,49,155,3,8,2,3],[0.408,0.302,1.621,52,161,3,8,2,3],[-0.183,0.458,1.525,55,167,3,8,2,3],[-0.545,-0.029,1.365,58,139,2,3,29,3],[-0.167,-0.563,1.176,46,149,3,8,2,3],[0.73,0.609,-0.318,25,16,91,3,47,1],[-0.024,0.017,0.22,0,6,3,3,65],[0.1384554,0.5169954,0.3693457,10,4,73,3,11,1],[0.5017299,0.017,0.3693484,7,4,67,3,11,1],[0.1724554,-0.4599953,0.08334589,1,7,52,3,20,1],[-0.4153227,-0.2690114,0.08334613,2,3,60,1,8,1],[-0.4153227,0.3490114,0.08334613,13,58,2,3,20,3],[-0.576,0.749,-0.532,28,16,97,3,47,1],[-0.037,0.94,-0.355,40,103,2,3,29,3],[-1.074,0.194,-0.824,43,64,2,3,74,3],[-1.061,-0.422,-1.333,16,16,73,3,47,1],[-0.588,-0.845,-1.091,31,85,2,3,29,3],[-0.007,-0.875,-1.169,19,16,79,3,47,1],[-0.23,-0.765,0.137,45,70,36,16,45],[0.555,-0.688,-0.876,34,91,2,3,29,3],[0.255,-0.686,0.354,50,111,2,3,43,1],[0.653,-0.469,0.148,48,76,36,16,45],[0.888,-0.156,-0.887,22,16,85,3,47,1],[0.912,0.347,-0.429,37,97,2,3,29,3],[0.243,0.899,-0.621,24,15,49,16,45],[0.223,0.722,0.277,56,123,2,3,43,1],[0.669,0.478,0.371,51,82,36,16,45],[0.773,-0.002,0.346,53,117,2,3,43,1],[-0.235,0.752,0.425,54,88,36,16,45],[0.253,-0.753,-0.63,18,15,28,25,45],[-0.82,0.587,-0.73,27,15,28,27,16],[-0.277,-0.849,-1.112,20,42,2,3,52,1],[0.836,0.013,-0.516,21,15,43,16,45]],"sa":2,"s":[{"p":[-0.007811006,0.01763661,5.511381E-05],"r":[352.2915,3.742668,4.966408],"s":[0.2360531,0.2210547,0.04705987],"c":[0.3950612,0.5925922,0.8888889],"b":["when talked from then become 2 in 0.1s"],"t1":{"c":[0.4444444,0.8571426,1],"x":0.03305428,"y":0.05375402,"a":0.6509944,"m":0.5,"n":0.5,"r":0,"g":0,"o":0.5,"t":0.5,"e":0.5},"t2":{"c":[0.06172834,0.2592589,0.5555556],"x":0.1001121,"y":0.1485481,"a":0.69625,"m":0.5,"n":0.5,"r":0,"g":0.01938057,"o":0.5,"t":0.25,"e":0.5}},{"p":[-0.01201244,0.008382946,0.1230297],"r":[350.2017,1.235249,4.436321],"s":[0.2482481,0.2261167,0.05181874],"c":[0.3950613,0.5925922,0.8888889],"b":["when starts then become 1 in 0.1s"],"t1":{"c":[0.4444444,0.8571426,1],"x":0.03305428,"y":0.05375402,"a":0.6509944,"m":0.5,"n":0.5,"r":0,"g":0,"o":0.5,"t":0.5,"e":0.5},"t2":{"c":[0.06172834,0.2592589,0.5555556],"x":0.1001121,"y":0.1485481,"a":0.69625,"m":0.5,"n":0.5,"r":0,"g":0.01938057,"o":0.5,"t":0.25,"e":0.5}}]},{"b":58,"s":[{"p":[-0.02652474,0.01342868,-0.05615747],"r":[340.1403,93.5191,266.7997],"s":[0.2054586,0.1839773,0.2561355],"c":[0.8888889,0.952381,1]}]}]}