{"n":"lounge floor","v":9,"a":[7],"p":[{"t1":18,"s":[{"p":[0,0,0],"r":[0,0,0],"s":[0.9522054,0.02329141,1.30665],"c":[0.4444443,0.2222221,1],"t1":{"c":[0,0.6666667,0.6666667],"x":0.17,"y":0.17,"a":0.8925,"m":0.5,"n":0.5,"r":0,"g":0,"o":0.5,"t":0.5,"e":0.5}}]},{"t1":49,"s":[{"p":[0.04038706,-0.01505833,3.59382],"r":[1.001791E-05,90.00001,1.001791E-05],"s":[5.90878,0.04314098,5.482419],"c":[1,1,1],"t1":{"c":[1,1,1],"x":0.5,"y":0.5,"a":0.6745204,"m":0,"n":0,"r":0,"g":0.4211448,"o":0.5,"t":0.5,"e":0.5}}]},{"b":7,"t1":49,"s":[{"p":[0.04732255,-0.0168131,7.073195],"r":[-1.001791E-05,0,0],"s":[2.738839,0.02242169,1.454661],"c":[1,1,1],"t1":{"c":[1,1,1],"x":0.5,"y":0.7187099,"a":0.6745204,"m":0,"n":0,"r":0,"g":0.4211448,"o":0.5,"t":0.5,"e":0.5}}]}]}