{"n":"spinner","v":9,"a":[7,18],"p":[{"b":205,"s":[{"p":[0,0,0],"r":[0,0,0],"s":[0.04501737,0.04500436,0.04501526],"c":[1,1,1],"b":["when starts then set constant rotation to 0 0 25"]}]}]}