{"v":9,"a":[31],"p":[{"b":188,"s":[{"p":[0,0,0],"r":[0,0,7.470518E-07],"s":[0.005733468,0.005733512,0.005733479],"c":[1,1,1]}]}]}