{"v":9,"a":[22],"p":[{"b":92,"t":2,"e":"AFTER I LEARNED JAVASCRIPT:","s":[{"p":[-0.003810787,-0.009332219,0.02773903],"r":[357.9447,4.599274,359.7982],"s":[0.003000019,0.003000051,0.003000012],"c":[0.1975303,0.8888889,0.3555551]}]},{"b":60,"t":1,"s":[{"p":[0.2571735,-0.02189816,0.04296391],"r":[272.0652,178.989,185.6066],"s":[0.6207569,0.06562351,0.1250101],"c":[0.111111,0.111111,0.111111]}]}]}