{"v":9,"p":[{"b":64,"t":2,"s":[{"p":[0,0,0],"r":[0,0,0],"s":[0.01375501,0.01916207,0.01335775],"c":[1,1,1]}]},{"b":64,"t":2,"s":[{"p":[0,0.0009136201,1.164153E-10],"r":[0,0,0],"s":[0.01077655,0.01916227,0.007872029],"c":[0.8888889,0.8888889,0.8888889]}]}]}