{"v":9,"a":[22],"p":[{"t":1,"a":[1],"s":[{"p":[0,0,0],"r":[0,0,0],"s":[1.363726,0.006474912,0.7545505],"c":[0,0,0]}]}]}