{"v":9,"a":[22,18,31],"p":[{"b":60,"c":[[0.383,0.286,0.45,23,1,28,27],[-0.418005,0.236,0.4999949,17,9,24,33],[-0.468,0.236,0.45,18,13,34,17],[-0.418005,0.285995,0.45,25,3,27,26],[0.383,0.236005,0.4999949,10,17,22,31],[0.432995,0.236005,0.45,9,11,50,8],[0.433,-0.247,0.45,3,5,63,2],[-0.418,-0.247005,0.4999949,5,11,35,26],[-0.418,-0.297,0.45,6,9,47,14],[-0.467995,-0.247005,0.45,12,7,45,11],[0.383005,-0.247,0.4999949,4,7,37,26],[0.383005,-0.296995,0.45,0,7,54,11]],"s":[{"p":[0,0,0],"r":[0,0,0],"s":[0.3730839,0.3730664,0.4641903],"c":[1,0,0]}]},{"b":60,"c":[[0.383,0.286,0.45,23,1,28,27],[-0.39601,0.236005,0.4999949,17,9,24,33],[-0.446005,0.236005,0.45,18,13,34,17],[-0.39601,0.286,0.45,25,3,27,26],[0.383,0.236005,0.4999949,10,17,22,31],[0.432995,0.236005,0.45,9,11,50,8],[0.433,-0.247,0.45,3,5,63,2],[-0.396005,-0.247,0.4999949,5,11,35,26],[-0.396005,-0.296995,0.45,6,9,47,14],[-0.446,-0.247,0.45,12,7,45,11],[0.383005,-0.247,0.4999949,4,7,37,26],[0.383005,-0.296995,0.45,0,7,54,11],[0.45,-0.365,-0.45,1,43,16,31],[0.499995,-0.315005,-0.45,2,31,35,22],[0.45,-0.315005,-0.4999949,34,13,10,35],[-0.45001,-0.365,-0.45,14,31,18,30],[-0.500005,-0.315005,-0.45,13,29,25,27],[-0.45001,-0.315005,-0.4999949,41,5,12,37],[-0.45,0.354,-0.45,29,9,16,35],[-0.4999949,0.304005,-0.45,30,13,23,22],[-0.45,0.304005,-0.4999949,37,3,19,28],[0.45001,0.354,-0.45,22,17,14,33],[0.500005,0.304005,-0.45,21,11,37,15],[0.45001,0.304005,-0.4999949,35,1,20,29]],"s":[{"p":[-5.960482E-08,-7.152557E-07,-0.1110387],"r":[0,0,0],"s":[0.4089165,0.5339844,0.2452906],"c":[0,0.5777773,0.7777778]}]},{"b":60,"i":[{"t":"5cbac439fb0ce7267153a3dc","p":[0.1478502,-0.00432086,0.0890283],"r":[-0.0002117359,90,270]},{"t":"5cbac50e9a0164790c8edb7b","p":[-0.1608713,-0.004320621,0.0890283],"r":[0.0003124812,270,90]}],"c":[[0.35501,0.218,0.45,23,1,28,27],[-0.38,0.168005,0.4999949,17,9,24,33],[-0.438,0.168,0.45,18,13,34,17],[-0.38,0.218,0.45,25,3,27,26],[0.35501,0.168005,0.499995,10,17,22,31],[0.405005,0.168005,0.45,9,11,50,8],[0.404995,-0.1670049,0.45,3,5,63,2],[-0.38001,-0.1670049,0.4999948,5,11,35,26],[-0.38001,-0.2169999,0.45,6,9,47,14],[-0.433,-0.178,0.45,12,7,45,11],[0.355,-0.1670049,0.4999949,4,7,37,26],[0.355,-0.217,0.45,0,7,54,11],[0.386,-0.3,-0.453,1,43,16,31],[0.435995,-0.250005,-0.453,2,31,35,22],[0.386,-0.250005,-0.5029948,34,13,10,35],[-0.40101,-0.3,-0.453,14,31,18,30],[-0.448,-0.25,-0.453,13,29,25,27],[-0.40101,-0.250005,-0.5029948,41,5,12,37],[-0.401,0.289,-0.45,29,9,16,35],[-0.45,0.245,-0.45,30,13,23,22],[-0.401,0.239005,-0.4999949,37,3,19,28],[0.38601,0.289,-0.45,22,17,14,33],[0.436005,0.239005,-0.45,21,11,37,15],[0.38601,0.239005,-0.4999949,35,1,20,29]],"s":[{"p":[-5.960487E-08,-9.536743E-07,0.1029721],"r":[0,0,0],"s":[0.4056664,0.5267824,0.2453229],"c":[0,0.9142855,1]}]},{"s":[{"p":[-0.002397314,0.1589463,-0.02369201],"r":[288.434,0.1663416,179.9438],"s":[0.3294322,0.02855287,0.008471317],"c":[0,0,0]}]},{"s":[{"p":[-0.0007369965,-0.1636364,-0.0255574],"r":[283.9571,181.7016,358.4877],"s":[0.3294317,0.02855284,0.008471315],"c":[0,0,0]}]},{"s":[{"p":[-0.1859514,-0.002169814,-0.02313107],"r":[359.3609,102.047,89.56902],"s":[0.2823891,0.02855285,0.008471325],"c":[0,0,0]}]},{"s":[{"p":[0.1795887,-0.003925594,-0.02349806],"r":[0.03756946,261.2173,270.0652],"s":[0.2823887,0.02855285,0.00847131],"c":[0,0,0]}]},{"b":63,"s":[{"p":[-0.0082421,-0.1112072,0.2002971],"r":[0.2206029,90.46165,161.7648],"s":[0.04708599,0.04708601,0.04708611],"c":[1,0,0]}]},{"b":63,"s":[{"p":[0.04487565,-0.1205869,0.1812462],"r":[351.5948,57.17048,169.9017],"s":[0.02470399,0.024704,0.05873374],"c":[0,0.9142855,1]}]},{"b":63,"s":[{"p":[-0.06036887,-0.1205304,0.1828272],"r":[9.319623,124.6662,171.2184],"s":[0.02470399,0.02470401,0.0587338],"c":[0,0.9142855,1]}]},{"b":205,"t":7,"a":[12],"i":[{"t":"5cbac6c9a13360482344ac1d","p":[-5.553716E-09,2.533197E-07,-0.06352736],"r":[4.07111E-13,5.008956E-06,89.99999]}],"s":[{"p":[0.09758878,-0.001787096,-0.2439148],"r":[0,180,180],"s":[0.02585519,0.02585579,0.0258569],"c":[1,1,1],"b":["when told by body moving then become next in .1"]},{"p":[0.09758878,-0.001787096,-0.2439148],"r":[22.5,180,180],"s":[0.02585499,0.02585583,0.02585746],"c":[1,1,1],"b":["when starts then become next in .1"]},{"p":[0.09758878,-0.001787096,-0.2439148],"r":[339.2952,170.9928,181.6487],"s":[0.02585475,0.02585632,0.02585874],"c":[1,1,1],"b":["when starts then become next in .1"]}]},{"b":205,"t":7,"a":[12],"i":[{"t":"5cbac6cc346d3c790675d6bb","p":[0.2036285,2.951226E-07,-0.06352738],"r":[4.07111E-13,5.008956E-06,89.99999]}],"s":[{"p":[-0.1060398,-0.005817145,-0.2439148],"r":[0,180,180],"s":[0.02585596,0.02585719,0.025859],"c":[1,1,1],"b":["when told by body moving then become next in .1"]},{"p":[-0.1060398,-0.005817145,-0.2439148],"r":[22.5,180,180],"s":[0.02585628,0.02585817,0.0258603],"c":[1,1,1],"b":["when starts then become next in .1"]},{"p":[-0.1060398,-0.005817145,-0.2439148],"r":[339.2952,170.9928,181.6487],"s":[0.02585708,0.02585861,0.02586146],"c":[1,1,1],"b":["when starts then become next in .1"]}]}]}