{"n":"leg 2","v":9,"p":[{"b":52,"t":9,"a":[23],"s":[{"p":[0,0,0],"r":[0,0,0],"s":[0.06354703,0.247518,0.06354463],"c":[0.9714286,1,0]}]},{"b":203,"t":10,"a":[23],"s":[{"p":[0,-0.1639317,0],"r":[1.34188E-06,90,180],"s":[0.03679766,0.02699333,0.03678798],"c":[0.8888889,0.8465608,0.5925926]}]},{"b":4,"t":1,"a":[23],"s":[{"p":[0,-0.237705,0],"r":[90,270,0],"s":[0.02901264,0.0290137,0.03573748],"c":[0,0,0]}]},{"b":18,"e":"2","s":[{"p":[-0.02586603,0.1343163,-0.05654919],"r":[0,0,0],"s":[0.008713218,0.008711934,0.008711403],"c":[0,0,0]}]}]}