{"v":9,"p":[{"s":[{"p":[0,0,0],"r":[0,0,0],"s":[0.1643398,0.07630037,0.2522286],"c":[0.7777778,0.6148147,0.2592591]}]},{"s":[{"p":[0.008340103,-0.002076127,0.0004900629],"r":[359.074,0.1420948,0.4412368],"s":[0.1652287,0.04145626,0.2549494],"c":[0.6666667,0.6666667,0.6666667]}]}]}