{"v":9,"a":[22,18],"p":[{"b":2,"s":[{"p":[-1.84532E-08,3.690642E-08,0.2110801],"r":[-1.001791E-05,1.65923E-12,180],"s":[0.01725539,0.02265631,0.4582988],"c":[0.7777778,0.5185185,0.6962963]}]},{"b":205,"a":[12],"s":[{"p":[0,0,0],"r":[0,0,0],"s":[0.01578708,0.01768316,0.02051713],"c":[1,1,1],"b":["when starts then all parts face nearest patrik l"]}]}]}