{"n":"large object pedestal","v":9,"a":[22],"p":[{"b":60,"s":[{"p":[0,0,0],"r":[0,0,0],"s":[1.2613,1.261102,0.7038819],"c":[1,1,1]}]}]}