{"v":9,"a":[7],"p":[{"b":5,"t1":25,"s":[{"p":[0,0,0],"r":[0,0,0],"s":[0.03380087,0.03311974,2.07775],"c":[0.3333332,0.2285713,0],"t1":{"c":[0,0,0],"x":0.5,"y":0.5,"a":0.8925,"m":0,"n":0,"r":0,"g":0,"o":0.5,"t":0.5,"e":0.5}}]}]}