{"n":"street","v":9,"a":[7],"p":[{"s":[{"p":[0,0,0],"r":[0,0,0],"s":[26.95794,0.1750246,31.09894],"c":[0.5555556,0.5555556,0.5555556]}]},{"s":[{"p":[2.010726E-06,0.09999991,-11.50001],"r":[0,0,0],"s":[26.95794,0.1750246,8.062862],"c":[0.7777778,0.7777778,0.7777778]}]}]}