{"v":9,"p":[{"b":167,"t":3,"s":[{"p":[0,0,0],"r":[0,0,0],"s":[0.04500011,0.04500007,0.0450001],"c":[0.8776014,0.8888889,0.4938272]}]}]}