{"v":9,"p":[{"s":[{"p":[0,0,0],"r":[0,0,-1.067217E-06],"s":[1.147618,1.051836,0.1750001],"c":[1,1,1]}]}]}