{"v":9,"a":[22,18],"p":[{"b":3,"t":3,"s":[{"p":[0,0,0],"r":[0,0,0],"s":[0.1250077,0.1250029,0.07596678],"c":[0.7777778,0.7654321,0.691358]}]},{"b":5,"s":[{"p":[0,0,0.03824031],"r":[0,0,22.5],"s":[0.1000117,0.100006,0.1000075],"c":[0.5555556,0.5167549,0.4320987]}]},{"b":3,"t":7,"s":[{"p":[0,-1.164153E-10,0.0008186103],"r":[0,0,0],"s":[0.1285115,0.1259968,0.08342456],"c":[1,0.8571429,0]}]}]}