{"n":"armal","v":9,"a":[7,18],"p":[{"b":205,"s":[{"p":[0,0,0],"r":[0,0,-6.157171E-14],"s":[0.008156755,0.008156764,0.008156774],"c":[1,1,1]}]}]}