{"n":"thigh","v":9,"a":[49],"p":[{"b":68,"c":[[-1.250893,-0.2956019,0.03699998,144,26],[-0.962,-0.101,-0.009,146,27],[-1.113,0.608,-0.023,195,26],[-0.967,-0.902,0.012,95,26],[-1.154,-0.693,-0.003,97,26],[-0.887,0.825,0.019,244,26],[-1.051,0.758,-0.012,197,26],[-0.779,0.961,0.02,246,27]],"s":[{"p":[0,0,0],"r":[0,0,-6.403302E-07],"s":[0.05409676,0.05061148,0.1937383],"c":[1,1,1],"b":["when starts then all parts face nearest legboir"]}]}]}