{"v":9,"a":[7,18,29],"p":[{"t":7,"a":[12],"s":[{"p":[-0.3702056,0,0],"r":[0,0,0],"s":[0.3657422,0.4146414,0.04090632],"c":[1,1,1]}]},{"t":7,"a":[12],"s":[{"p":[0.3252046,7.105427E-15,5.960465E-08],"r":[0,0,0],"s":[0.365748,0.4146459,0.04090718],"c":[1,1,1]}]}]}