{"n":"hood","v":9,"a":[7,18],"p":[{"b":11,"s":[{"p":[0,0,0],"r":[0,0,0],"s":[0.3980762,0.09976386,0.02744085],"c":[1,1,1]}]},{"s":[{"p":[-0.000315845,-0.3826744,0.004398525],"r":[0,0,1.001791E-05],"s":[0.7951659,0.6486955,0.05549807],"c":[1,1,1]}]}]}