{"v":9,"a":[7,18,42],"p":[{"b":3,"a":[33],"s":[{"p":[-0.1036932,0.5915108,-0.02943586],"r":[-2.239111E-12,270,180],"s":[6.744309,0.001000514,8.284192],"c":[1,0.952381,0.6666666]}]}]}