{"v":9,"p":[{"s":[{"p":[0.02247692,0.03344099,0.00674824],"r":[2.051893,3.394558,353.4096],"s":[2.323617,0.001000001,1.959314],"c":[0.1382715,0.4444443,0.09876534]}]},{"b":134,"e":"LAND OF\nFAR FAR AWAY","s":[{"p":[-0.6651902,0.12479,0.8664734],"r":[81.34967,247.5114,243.2474],"s":[0.01838332,0.01838326,0.01838332],"c":[1,1,1]}]}]}