{"v":9,"p":[{"b":3,"c":[[2.166,-2.409,1.168,31],[0.019,-0.983,0.029,25,16,2,4,7,2],[-0.112,-0.223,0.376,23],[-1.73,-2.337,-0.95,10],[-0.666,-0.51,0.526,24],[1.156,-2.118,-2.479,40],[-1.721,-0.468,-2.875,2],[1.199,1.603,-2.686,3,35],[-1.096,2.527,-2.934,17],[-3.649,0.892,0.687,19],[-0.334,2.87,1.789,21],[-2.001,0.542,3.948,28],[1.974,1.115,2.565,49],[0.173,0.214,-0.023,37],[3.802,5.096,-1.127,15,30],[2.92,-0.974,-0.438,34]],"s":[{"p":[0,0,0],"r":[0,0,0],"s":[0.1029404,0.1096808,0.1250023],"c":[0.8888889,0,0.7619046]}]}]}