{"v":9,"p":[{"b":12,"s":[{"p":[0,0,0],"r":[0,0,0],"s":[0.9441173,0.3450427,0.9370866],"c":[0.1181656,0.5555556,0.06172825]}]}]}