{"n":"tele0","v":9,"a":[7,48,49],"p":[{"s":[{"p":[0,0,0],"r":[0,0,0],"s":[0.1750031,0.1750014,0.1750017],"c":[1,1,1]}]}]}