{"n":"liqui","v":9,"p":[{"b":3,"t":7,"a":[5,12],"s":[{"p":[0,0,0],"r":[0,0,0],"s":[0.125,0.1250001,0.1250001],"c":[0.2222221,0.07619039,0],"b":["when starts then become next in 0.2"]},{"p":[0,0,0],"r":[0,0,0],"s":[0.125,0.1250001,0.1250001],"c":[0.2222221,0.07619039,0],"b":["when starts then destroy all parts with 0.1 restore"]}]}]}