{"n":"real space limit","v":9,"a":[7],"p":[{"b":14,"s":[{"p":[0,0,0],"r":[0,0,0],"s":[0.04485341,0.0374001,0.5352727],"c":[0.7777778,0,0]}]}]}