{"v":9,"a":[2,24],"bod":{},"p":[{"b":15,"s":[{"p":[0,0,0],"r":[0,0,-4.268868E-07],"s":[0.125,0.125,0.125],"c":[1,1,1]}]},{"s":[{"p":[-0.01981247,0.4797653,-0.1002496],"r":[338.2881,90.73949,166.8096],"s":[0.1750002,0.1750001,0.1750001],"c":[1,1,1]}]}]}