{"n":"mega note","v":9,"a":[7],"p":[{"b":31,"s":[{"p":[0,0,0],"r":[0,0,0],"s":[0.1250231,1.456892,0.006574182],"c":[1,1,1]}]},{"b":137,"e":"NOTES","s":[{"p":[0.04515098,0.1707659,-0.005003476],"r":[-5.757419E-13,2.302967E-12,270],"s":[0.01212501,0.01212347,0.01212514],"c":[0.4444442,0.4444442,0.4444442],"b":["when "]}]},{"b":14,"t":7,"a":[12],"s":[{"p":[-0.009312897,0.002113329,-0.1609278],"r":[-2.035555E-13,1.424888E-12,-2.53111E-27],"s":[0.06000489,0.06000438,0.06000775],"c":[0.4444443,0.4444443,0.4444443]}]}]}