{"v":9,"p":[{"b":3,"t":7,"s":[{"p":[0.003094329,0.1014708,-0.005235188],"r":[12.91203,347.0699,153.4729],"s":[0.05778102,0.001,0.05846373],"c":[0.5079362,0.4444443,1]}]},{"b":69,"t":7,"s":[{"p":[-0.1310823,-0.09455816,0.008061029],"r":[26.14242,2.359222,259.3481],"s":[0.006433417,0.05784031,0.006433485],"c":[0.313227,0.2962959,0.4444439]}]},{"b":3,"t":7,"s":[{"p":[-0.2414927,-0.0786913,0.02191044],"r":[4.450144,328.2818,219.8061],"s":[0.02895648,0.02895637,0.02895641],"c":[0.5079361,0.4444441,1]}]},{"b":69,"t":7,"s":[{"p":[-0.008010529,-0.002979597,5.375431E-05],"r":[5.290106,0.7252658,353.3802],"s":[0.006433416,0.05784027,0.006433477],"c":[0.3132271,0.2962959,0.444444]}]}]}