{"v":9,"p":[{"b":9,"t":3,"s":[{"p":[0,0,0],"r":[0,0,-6.136498E-07],"s":[1.572316,0.125,1.934061],"c":[1,1,1]}]}]}