{"n":"propellor","v":9,"a":[22,12,31,41],"p":[{"b":5,"a":[22],"s":[{"p":[0,0,0],"r":[0,0,-3.828216E-20],"s":[0.01728943,0.01728924,0.01728775],"c":[1,1,1]}]},{"b":205,"t":1,"a":[32],"s":[{"p":[0.2731442,-2.387903E-08,0],"r":[-1.366038E-05,270,89.99999],"s":[0.04691294,0.01036655,0.09609032],"c":[0.8888889,0.8888889,0.8888889]}]}]}