{"v":9,"a":[7,18],"p":[{"s":[{"p":[0,0,0],"r":[0,0,0],"s":[3.355448,0.175019,3.117438],"c":[0.7777778,0.6419752,0.3456789]}]}]}