{"v":9,"a":[22,18],"p":[{"s":[{"p":[0,0,0],"r":[0,0,0],"s":[0.3693804,0.01224757,0.6025259],"c":[0.8888889,0.8747795,0.7901235]}]},{"s":[{"p":[2.980232E-08,-5.226274E-08,0.298908],"r":[1.001791E-05,-4.378969E-13,-3.828217E-20],"s":[0.3800708,0.01838579,0.0100482],"c":[0.2222219,0.1502643,0.07407386],"b":["when touches hand then tell any ow"]}]}]}