{"v":9,"p":[{"s":[{"p":[0,0,0],"r":[0,0,0],"s":[0.6587348,1.352065,0.1750005],"c":[0.8888889,0.733686,0.3950616]}]}]}