{"v":9,"a":[7,18,21],"p":[{"s":[{"p":[0,0,0],"r":[0,0,0],"s":[0.03273201,0.1094986,0.02159072],"c":[0.4444443,0.3470898,0.2962962]}]},{"s":[{"p":[0,-7.450581E-09,0.0481515],"r":[0,0,0],"s":[0.01739118,0.09712964,0.09645417],"c":[0.4444443,0.3470898,0.2962962]}]},{"b":139,"e":"RIP","s":[{"p":[0.01336813,0.02313827,0.09493937],"r":[0,270,270],"s":[0.002654015,0.002653908,0.002654018],"c":[1,1,1]}]},{"b":140,"e":"19 KILLS","s":[{"p":[0.01203013,0.03476429,0.0397886],"r":[0,270,270],"s":[0.001506294,0.001506103,0.00150628],"c":[1,1,1]}]}]}