{"v":9,"p":[{"b":9,"t":3,"s":[{"p":[0,0,0],"r":[0,0,0],"s":[0.1965114,0.1687764,0.188909],"c":[0,1,0.2285714]}]}]}