{"n":"blade","v":9,"a":[2,3],"inc":[["thing","5cc4b3de9a0164790c8edf1b"]],"p":[{"b":180,"t":7,"s":[{"p":[0.06008912,0.01304447,-0.01856302],"r":[356.1778,358.4021,350.8067],"s":[0.008915502,0.01041699,0.008395311],"c":[1,1,1],"b":["when triggered then become next in 0.2s"]},{"p":[0.08038751,0.09699106,0.01606869],"r":[1.601125,0.5481174,348.1381],"s":[0.05297953,0.05402511,0.07623356],"c":[0.07407395,0.3333332,0.3333332]}]}]}