{"v":9,"a":[32],"p":[{"b":144,"t":12,"s":[{"p":[0,0,0],"r":[0,0,0],"s":[0.02843226,0.1432952,0.1433076],"c":[1,1,1]}]},{"b":144,"t":11,"s":[{"p":[0,0,0],"r":[0,1.001791E-05,0],"s":[0.02923594,0.1413424,0.1413573],"c":[1,1,1]}]},{"b":145,"t":12,"s":[{"p":[-0.03749991,-3.72529E-09,0.01250029],"r":[90,9.659346E-06,0],"s":[0.07181151,0.07181185,0.07181168],"c":[1,1,1]}]},{"b":148,"t":11,"s":[{"p":[-0.5000001,-5.960464E-08,0.01250029],"r":[90,9.659346E-06,0],"s":[0.6872926,0.05384319,0.05384253],"c":[1,1,1]}]}]}