{"n":"blade","v":9,"a":[2,3,7,18],"p":[{"s":[{"p":[0,0,0],"r":[0,0,0],"s":[0.01605523,0.0539015,0.008199349],"c":[0.2222221,0.2222221,0.2222221]}]},{"t":1,"c":[[0.31,0.5,0.392,2,6,14],[-0.6899999,0.5,0.392,3,6,8]],"s":[{"p":[0,-7.450581E-09,0.07851807],"r":[0,0,1.001791E-05],"s":[0.007335457,0.04917253,0.1583129],"c":[0.4444443,0.4444443,0.4444443]}]},{"s":[{"p":[0,3.72529E-09,-0.02359677],"r":[0,0,1.001791E-05],"s":[0.0107566,0.01691916,0.04670805],"c":[0.2222221,0.2222221,0.2222221],"b":["when trigger let go then destroy all parts"]}]}]}