{"v":9,"a":[2,3],"p":[{"b":14,"t1":77,"s":[{"p":[-0.01956111,-0.1768745,-0.7679371],"r":[358.2444,7.588756,354.3492],"s":[0.01376031,0.01086057,0.02670541],"c":[0,1,1],"b":["when triggered then become 2 in 0.2s"],"t1":{"c":[0,0.8888889,0.3555555],"x":0.5,"y":0.5,"a":0.8925,"m":0,"n":0,"r":0,"g":0,"o":0.5,"t":0.5,"e":0.5}},{"p":[0.02806054,-0.1801174,-0.414915],"r":[358.3507,8.81741,78.71281],"s":[0.03644721,0.09779716,0.1555173],"c":[0,1,1],"b":["when triggered then become 1 in 0.2s"],"t1":{"c":[0,0.8888889,0.3555555],"x":0.5,"y":0.5,"a":0.8925,"m":0,"n":0,"r":0,"g":0,"o":0.5,"t":0.5,"e":0.5}}]},{"s":[{"p":[-0.00976406,-0.174781,-0.6947833],"r":[2.29729,7.461852,353.7041],"s":[0.0176522,0.01516072,0.02670547],"c":[0,1,1],"b":["when triggered then become 2 in 0.2s"]},{"p":[0.08258294,-0.175853,-0.001668066],"r":[1.488254,10.26084,344.2328],"s":[0.393705,0.1299613,0.2009677],"c":[0,1,1],"b":["when triggered then become 1 in 0.2s"]}]}]}