{"n":"big bullet","v":9,"a":[7,18],"p":[{"b":16,"s":[{"p":[0.003051637,0.07016792,-0.003779016],"r":[357.702,307.7065,1.460204],"s":[0.09312379,0.09312446,0.09312184],"c":[0.4444443,0.3513226,0.148148]}]},{"b":5,"s":[{"p":[0.007129043,-0.006794319,-0.0003151358],"r":[272.7224,160.1517,327.5841],"s":[0.1008112,0.1008061,0.1891615],"c":[0.6666667,0.5502645,0.2962962]}]},{"b":5,"s":[{"p":[0.005977249,-0.07812962,0.002875396],"r":[272.7224,160.1517,327.5841],"s":[0.1066737,0.1066737,0.05182725],"c":[0.4444443,0.3513226,0.148148]}]},{"b":5,"t":2,"s":[{"p":[0.0054865,-0.1085299,0.004235208],"r":[272.7224,160.1518,327.584],"s":[0.07000826,0.07000908,0.04112442],"c":[1,0.5142855,0]}]}]}