{"v":9,"a":[7,18,21],"p":[{"b":148,"s":[{"p":[0.02150434,-1.490116E-08,-1.15364E-07],"r":[0,0,0],"s":[0.03489008,0.03489036,0.0348906],"c":[0.3333332,0.3333332,0.3333332]}]},{"b":148,"i":[{"t":"5cc4aea896f2850561096b89","p":[-0.02306015,0.01692402,0.0009953964],"r":[270,270,0]}],"s":[{"p":[0,0,0],"r":[0,0,0],"s":[0.02929933,0.02929934,0.02929952],"c":[0,0.9142855,1],"b":["when touches hand then become next in 0.2s"]},{"p":[0.01353753,1.862645E-09,-1.168423E-07],"r":[-6.222889E-27,-1.628444E-12,-4.37897E-13],"s":[0.02930018,0.02930032,0.0292998],"c":[0,0.9142855,1],"b":["when starts then become next in 1s"]}]}]}