{"v":9,"a":[7,18,21],"p":[{"b":148,"s":[{"p":[0.02150434,-1.490116E-08,-1.15364E-07],"r":[0,0,0],"s":[0.03489008,0.03489036,0.0348906],"c":[0.3333332,0.3333332,0.3333332]}]},{"b":148,"i":[{"t":"5cc4aeaffb0ce7267153a7a6","p":[-0.02126199,0.02124262,0.001291517],"r":[270,270,0]}],"s":[{"p":[0,0,0],"r":[0,0,0],"s":[0.02929933,0.02929934,0.02929952],"c":[0,0.9142855,1],"b":["when touches hand then become next in 0.2s"]},{"p":[0.01296222,1.862645E-09,-1.192093E-07],"r":[-1.001791E-05,1.001791E-05,-8.757938E-13],"s":[0.02930077,0.02930124,0.02929988],"c":[0,0.9142855,1],"b":["when starts then become next in 1s"]}]}]}