{"n":"btball","v":9,"a":[2],"p":[{"b":9,"t":21,"t1":168,"t2":26,"s":[{"p":[0,0,0],"r":[0,0,0],"s":[0.125,0.1249999,0.125],"c":[0,0,0],"b":["when starts then trail start with 0.5s thick-end"],"t1":{"c":[0,0,0],"a":0.1811239},"t2":{"c":[1,0.1714285,0],"x":0.5,"y":0.5,"a":0.8925,"m":0,"n":0,"r":0,"g":0,"o":0.5,"t":0.5,"e":0.5}}]}]}