{"n":"stroopwafel","v":9,"p":[{"b":149,"s":[{"p":[-0.03732608,-0.00118765,-0.0004798727],"r":[356.0356,358.5891,356.9035],"s":[0.02534672,0.03431504,0.03428766],"c":[0.8888889,0.7957672,0.5925926],"b":["when consumed then destroy all parts","when consumed then play multi chew"]}]},{"b":149,"s":[{"p":[-0.03515314,-0.0007233806,-0.002321531],"r":[346.288,0.6734349,357.9906],"s":[0.008202471,0.03738314,0.03661001],"c":[0.6666667,0.526984,0.2222221]}]}]}