{"v":9,"a":[7,18,21],"p":[{"b":148,"s":[{"p":[0.02150434,-1.490116E-08,-1.15364E-07],"r":[0,0,0],"s":[0.03489008,0.03489036,0.0348906],"c":[0.3333332,0.3333332,0.3333332]}]},{"b":148,"i":[{"t":"5cc4aec7981488266be4c2a8","p":[-0.02047766,0.02292955,0.00428009],"r":[270,90,0]}],"s":[{"p":[0,0,0],"r":[0,0,0],"s":[0.02929933,0.02929934,0.02929952],"c":[0,0.9142855,1],"b":["when touches hand then become next in 0.2s"]},{"p":[0.01362276,1.862645E-09,-1.168274E-07],"r":[-1.001791E-05,-1.001791E-05,4.378971E-13],"s":[0.02930142,0.02930195,0.02930011],"c":[0,0.9142855,1],"b":["when starts then become next in 1s"]}]}]}