{"v":9,"a":[7,18,21],"p":[{"b":148,"s":[{"p":[0.02150434,-1.490116E-08,-1.15364E-07],"r":[0,0,0],"s":[0.03489008,0.03489036,0.0348906],"c":[0.3333332,0.3333332,0.3333332]}]},{"b":148,"i":[{"t":"5cc4ae629a0164790c8edf16","p":[-0.02098132,0.03124476,-0.0005944949],"r":[270,90,0]}],"s":[{"p":[0,0,0],"r":[0,0,0],"s":[0.02929933,0.02929934,0.02929952],"c":[1,0.3428571,0],"b":["when touches hand then become next in 0.2s"]},{"p":[0.0118835,1.862645E-09,-1.171315E-07],"r":[-1.001791E-05,-1.628444E-12,-8.757938E-13],"s":[0.02930009,0.02930028,0.02929975],"c":[1,0.342857,0],"b":["when starts then become next in 1s"]}]}]}