{"v":9,"p":[{"a":[12],"pr":19,"s":[{"p":[0,0,0],"r":[0,0,0],"s":[0.09114051,0.1750005,0.04697737],"c":[1,1,1],"b":["when told by any shower then become 2"],"pr":{"c":[0,0.2285713,1],"m":0,"a":0,"s":0.15,"z":0.25,"g":0.5,"h":0.25}},{"p":[0,0,0],"r":[0,0,0],"s":[0.09114051,0.1750005,0.04697737],"c":[1,1,1],"b":["when told by any shower then become 1"],"pr":{"c":[0,0.2285713,1],"m":0.4228966,"a":1,"s":0.15,"z":0.25,"g":0.5,"h":0.25}}]}]}