{"v":9,"a":[22,18,27],"p":[{"b":73,"s":[{"p":[0,0,0],"r":[0,0,0],"s":[0.09660064,0.09660048,0.09660067],"c":[0.3333326,0.3333326,0.3333326]}]},{"a":[12],"s":[{"p":[-0.2291085,0.06920498,0.04241183],"r":[57.91016,225.016,37.17269],"s":[0.3335311,0.0132373,0.02092406],"c":[1,1,1]}]}]}