{"v":9,"a":[22],"p":[{"s":[{"p":[0,0,0],"r":[0,0,0],"s":[0.1733488,0.02695172,0.02695096],"c":[1,1,1]}]},{"t":7,"s":[{"p":[-0.003953593,0.006531011,0.08857196],"r":[0,0,0],"s":[0.1629363,0.001000022,0.1563528],"c":[0.5555556,0.9619047,1]}]}]}