{"n":"dabody","v":9,"a":[1,2,22],"p":[{"b":5,"i":[{"t":"5cc65282ef5174481d2dfa95","p":[-0.06656377,-0.2796755,-0.005819317],"r":[0,0,337.5]},{"t":"5cc65282ef5174481d2dfa95","p":[0.1658999,-0.2037198,-0.006328553],"r":[0,0,337.5]},{"t":"5cc65282ef5174481d2dfa95","p":[0.2272794,0.1408061,-0.005744919],"r":[0,0,22.50001]}],"c":[[-0.005,1.362,0.081,16,20],[-0.395,1.481,-0.348,18,17],[0.287,1.569,-0.34,14,32],[1.164,0.835,0.374,7,61],[1.433,0.511,0.395,3,66,5],[1.443,0.109,0.174,0,72]],"s":[{"p":[0,0,0],"r":[0,0,0],"s":[0.03955102,0.04694512,0.001000082],"c":[0.222222,0.160141,0.02469136]}]}]}