{"v":9,"p":[{"b":3,"t":7,"a":[5],"s":[{"p":[0,0,0],"r":[0,0,0],"s":[0.1250001,0.1250001,0.1250001],"c":[0,1,1]}]}]}