{"v":9,"a":[2,3],"p":[{"b":14,"s":[{"p":[0,0,0],"r":[0,0,0],"s":[0.06000007,0.0600001,0.06000008],"c":[1,1,1],"b":["when triggered then tell any gg"]}]},{"b":14,"s":[{"p":[0.1314419,0.001977816,0.1320308],"r":[0.9058394,93.27245,1.968331],"s":[0.06000004,0.06000008,0.06000004],"c":[1,1,1]}]}]}