{"v":9,"p":[{"b":17,"s":[{"p":[0,0,0],"r":[0,0,0],"s":[0.6217062,0.6050361,0.06000013],"c":[0.2857141,1,0]}]}]}