{"v":9,"p":[{"b":9,"s":[{"p":[0,0,0],"r":[0,0,-8.537737E-07],"s":[0.125,0.1250001,0.1250001],"c":[1,1,1]}]},{"b":9,"s":[{"p":[0.1829888,0.2542006,-0.1000659],"r":[328.9301,24.93486,3.948345],"s":[0.125,0.1250001,0.1250001],"c":[1,1,1]}]}]}