{"v":9,"p":[{"b":5,"s":[{"p":[0,0,0],"r":[-0.0002322264,-8.196227E-05,3.41526E-06],"s":[0.01969304,0.0196931,0.2040363],"c":[0,0,0]}]},{"b":55,"s":[{"p":[0.003305573,-0.001673847,-0.08145202],"r":[66.77122,97.20158,95.60047],"s":[0.03218192,0.03218184,0.03218194],"c":[0.3333332,0.2402115,0.03703704]}]},{"b":69,"s":[{"p":[-0.02354027,0.04495096,-0.1303118],"r":[18.56401,195.4957,328.6696],"s":[0.05154973,0.05154976,0.05154966],"c":[0.3333332,0.2402115,0.03703704]}]},{"b":69,"s":[{"p":[-0.01547355,0.03892742,-0.1723522],"r":[2.659784,175.8226,142.2743],"s":[0.03789824,0.04232422,0.01364437],"c":[0,0,0]}]}]}