{"n":"curved desk","v":9,"a":[7,31],"p":[{"b":41,"t1":46,"s":[{"p":[0,0,0],"r":[0,0,0],"s":[0.125009,0.01622137,0.1250083],"c":[0.2222221,0.07619039,0],"t1":{"c":[0.3333333,0.1386243,0.03703704],"x":0.4378346,"y":0.6504154,"a":0.8925,"m":0,"n":0,"r":0.3083483,"g":0,"o":0.5,"t":0.5,"e":0.5}}]},{"b":45,"t1":46,"s":[{"p":[-1.068367E-08,-0.06110346,0],"r":[0,0,0],"s":[0.1246917,0.1246494,0.1246856],"c":[0.2222221,0.07619039,0],"t1":{"c":[0.3333333,0.1386243,0.03703704],"x":0.4378346,"y":0.6504154,"a":0.8925,"m":0,"n":0,"r":0.06148124,"g":0,"o":0.5,"t":0.5,"e":0.5}}]}]}