{"v":9,"a":[7],"p":[{"b":61,"s":[{"p":[0,0,0],"r":[0,0,0],"s":[0.02796542,0.02672024,0.1250056],"c":[0,0.7428569,1]}]}]}