{"v":9,"a":[31],"p":[{"b":205,"t":7,"a":[12,37],"i":[{"t":"5ccb8ad02ebabd05630061ca","p":[0.0002288233,-0.002119571,0.1456667],"r":[60.99214,267.8985,266.8176],"a":[48,49]}],"s":[{"p":[0,0,0],"r":[0,0,-5.336085E-08],"s":[0.00441636,0.00441636,0.00441636],"c":[0.8888889,0.8888889,0.8888889],"b":["when starts then all parts face up"]}]}]}