{"n":"tp 2","v":9,"a":[2,16,31],"p":[{"b":3,"t":21,"t1":168,"s":[{"p":[0,0,0],"r":[0,0,0],"s":[0.03621693,0.036217,0.036217],"c":[0.2469134,0.5555556,0.3174602],"b":["when told by any 1 then destroy all parts"],"t1":{"c":[0.2962962,0.4444444,0.3301587],"a":0.05}}]}]}