{"n":"1","v":9,"a":[22,18,41,42],"p":[{"b":205,"t":2,"a":[32,33],"s":[{"p":[-0.04206849,0,-0.04073429],"r":[1.024528E-05,247.5,270],"s":[0.004997025,0.04502171,0.04502941],"c":[0.3333332,0.3333332,0.3333332]}]},{"b":205,"t":2,"a":[32,33],"s":[{"p":[-0.00595189,0,-0.05417443],"r":[0,225,270],"s":[0.004996962,0.04502148,0.04502972],"c":[0.3333332,0.3333332,0.3333332]}]},{"b":205,"t":2,"a":[32,33],"s":[{"p":[0.01378154,0,-0.04906274],"r":[0,202.5,270],"s":[0.004998758,0.04503839,0.04505403],"c":[0.3333332,0.3333332,0.3333332]}]},{"b":205,"t":2,"a":[32,33],"s":[{"p":[0.0620947,0,0.007740013],"r":[0,112.5,270],"s":[0.005000379,0.04505465,0.04506538],"c":[0.3333332,0.3333332,0.3333332]}]}]}