{"v":9,"p":[{"b":2,"s":[{"p":[0,0,0],"r":[0,0,0],"s":[0.1250001,0.1250001,0.1250001],"c":[1,1,1]}]},{"s":[{"p":[-0.003705698,0.01134234,-0.1326564],"r":[359.6078,1.514266,356.8222],"s":[0.1750002,0.1750001,0.1750001],"c":[1,1,1]}]}]}