{"v":9,"a":[1,12],"p":[{"b":5,"s":[{"p":[0,0,0],"r":[0,0,2.868146E-07],"s":[0.1000003,0.1000001,1.681275],"c":[0.4444443,0.3047618,0]}]},{"b":5,"s":[{"p":[1.084142,0.2508554,-1.185863],"r":[346.2588,94.64206,336.6106],"s":[0.1000004,0.1,1.681278],"c":[0.4444443,0.3047618,0]}]},{"b":5,"s":[{"p":[2.008519,0.5368849,-0.001313719],"r":[3.438369,179.5081,310.4736],"s":[0.1000008,0.1000002,1.681284],"c":[0.4444443,0.3047618,0]}]}]}