{"v":9,"a":[22,18,29,45],"p":[{"b":159,"t1":52,"t2":29,"s":[{"p":[0.004747392,0.07383633,-0.001991523],"r":[0,0,0],"s":[0.2936153,0.1590554,0.2822655],"c":[0.222222,0.1601409,0.02469136],"t1":{"c":[0.3333333,0.2857142,0],"x":0.5,"y":0.5,"a":0.8925,"m":0,"n":0,"r":0,"g":0,"o":0.5,"t":0.5,"e":0.5},"t2":{"c":[0.1111111,0.07619045,0],"x":0.5,"y":0.5,"a":0.8925,"m":0,"n":0,"r":0,"g":0,"o":0.5,"t":0.5,"e":0.5}}]},{"b":5,"t1":66,"s":[{"p":[0.00511551,0.1933231,-0.006152187],"r":[270,315,0],"s":[0.1701576,0.1610882,0.1000332],"c":[0.4444443,0.3358023,0.09876534],"t1":{"c":[0.4444444,0.3047618,0],"x":0.4979763,"y":0.5,"a":0.8925,"m":0,"n":0,"r":0,"g":0,"o":0.5,"t":0.5,"e":0.5}}]},{"b":157,"t1":52,"t2":29,"s":[{"p":[4.313134E-07,-0.05277061,-1.73251E-07],"r":[-1.001791E-05,-5.338617E-20,6.106665E-13],"s":[0.324127,0.2610786,0.3208116],"c":[0.222222,0.1601409,0.02469136],"t1":{"c":[0.3333333,0.2857142,0],"x":0.5,"y":0.5,"a":0.8925,"m":0,"n":0,"r":0,"g":0,"o":0.5,"t":0.5,"e":0.5},"t2":{"c":[0.1111111,0.07619045,0],"x":0.5,"y":0.5,"a":0.8925,"m":0,"n":0,"r":0,"g":0,"o":0.5,"t":0.5,"e":0.5}}]}]}