{"v":9,"a":[7,18,31],"tp_lp": [1,1,1],"tp_lp": [1,1,1],"tp_lr": [1,1,1],"p":[{"b":247,"t":21,"s":[{"p":[0,0,0],"r":[0,0,0],"s":[0.09795547,0.09796134,0.09794252],"c":[1,0.9206349,0.4444443],"b":["when told by any blackcandle then destroy all parts"]}]},{"b":247,"t":3,"a":[12,37],"s":[{"p":[3.564358E-05,0,2.980232E-08],"r":[0,0,0],"s":[2.978243,2.978248,2.978226],"c":[1,0.984127,0.8888889]}]}]}