{"v":9,"p":[{"a":[1],"s":[{"p":[0,0,0],"r":[0,0,0],"s":[1.076977,0.007160384,0.8916476],"c":[1,1,1]}]}]}