{"v":9,"a":[7,12,18],"p":[{"b":4,"a":[12],"s":[{"p":[0,0,0],"r":[0,0,6.157171E-14],"s":[0.125036,0.1250327,0.1250009],"c":[1,1,1]}]},{"b":140,"t":2,"e":"[typed]","s":[{"p":[0.08867154,-0.02941237,-0.1320295],"r":[0,0,180],"s":[0.004692848,0.004692893,0.004692853],"c":[1,1,1],"b":["when starts then all parts face view"]}]}]}