{"v":9,"p":[{"a":[1],"s":[{"p":[0,0,0],"r":[0,0,5.336085E-08],"s":[1.459333,0.001000002,1.111246],"c":[1,1,1]}]}]}