{"n":"ground","v":9,"a":[1],"p":[{"b":17,"s":[{"p":[0,0,0],"r":[0,0,0],"s":[2281.534,0.11062,731.5201],"c":[0.9019608,0.8509804,0.7215686]}]}]}