{"v":9,"p":[{"b":5,"s":[{"p":[0,0,0],"r":[0,0,0],"s":[0.1000004,0.1000004,0.1000004],"c":[1,1,1]}]},{"b":5,"s":[{"p":[-5.960464E-08,-7.450581E-09,0.07264186],"r":[0,0,1.001791E-05],"s":[0.01083062,0.01083289,0.232664],"c":[1,1,1]}]},{"b":5,"t":2,"s":[{"p":[2.980232E-08,9.313226E-10,-0.007780672],"r":[0,0,1.001791E-05],"s":[0.09152124,0.0915268,0.09152686],"c":[0.8888889,0.8183421,0.3950616]}]},{"b":4,"t":4,"a":[12],"s":[{"p":[0.01137054,0.01070143,-0.07421375],"r":[0,180,5.008957E-06],"s":[0.2177196,0.3004441,0.1250219],"c":[0.8888889,0.8183421,0.3950616],"b":["when starts then set light intensity 12.5"]}]}]}