{"n":"slime card","v":9,"a":[1,2,3,7,18],"p":[{"b":60,"t":1,"a":[23],"s":[{"p":[-0.005575182,-0.009159922,0.00171572],"r":[5.122642E-06,90,90],"s":[0.0497055,0.02000675,0.001000073],"c":[0.6666667,0.6666667,0.6666667]}]},{"b":60,"t":2,"t1":10,"s":[{"p":[-0.006083375,-0.02160668,0.001878917],"r":[5.122642E-06,90,90],"s":[0.01199606,0.01199145,0.000504621],"c":[1,0.2222218,0.2222218],"t1":{"c":[1,0.4444444,0.4444444],"a":0}}]},{"b":60,"t":2,"t1":10,"s":[{"p":[-0.006012856,0.003287078,0.001878917],"r":[6.830189E-06,90,90],"s":[0.01199974,0.01199181,0.0005047834],"c":[1,0.2222218,0.2222218],"t1":{"c":[1,0.4444444,0.4444444],"a":0}}]}]}