{"v":9,"p":[{"b":3,"t":3,"s":[{"p":[0.5780998,1.769968,-0.5929485],"r":[346.9886,83.87051,252.7955],"s":[0.1250001,0.1250001,0.1250001],"c":[0,1,0.5714287]}]},{"b":3,"t":4,"s":[{"p":[-0.8598645,-0.282988,0.5032416],"r":[25.61077,333.4791,319.6207],"s":[0.1250007,0.1250007,0.1250007],"c":[0,1,0.5714287]}]},{"b":3,"t":4,"s":[{"p":[0.06147157,0.2971061,0.9685313],"r":[293.0033,249.2241,94.04018],"s":[0.1250012,0.1250009,0.1250008],"c":[0,1,0.5714287]}]}]}