{"v":9,"p":[{"s":[{"p":[0,0,0],"r":[0,0,0],"s":[0.04719599,1.576176,1.19116],"c":[0,0,0]}]},{"s":[{"p":[0.6035224,-0.3892859,1.192093E-07],"r":[0,0,270],"s":[0.04723277,1.577376,1.19178],"c":[0,0,0]}]},{"s":[{"p":[0.5771295,0.5736389,-3.576279E-07],"r":[0,0,90],"s":[0.04724794,1.57852,1.19233],"c":[0,0,0]}]}]}