{"n":"ground","v":9,"a":[1],"p":[{"b":17,"s":[{"p":[0,0,0],"r":[0,0,0],"s":[3.363346,0.11062,3.201102],"c":[0.9019608,0.8509804,0.7215686]}]},{"b":9,"s":[{"p":[4.417871,2.426335,9.316005],"r":[353.6037,60.77993,307.796],"s":[0.125,0.125,0.1250002],"c":[1,1,1]}]}]}