{"n":"groundi","v":9,"a":[7,18],"p":[{"a":[12,37],"s":[{"p":[0,0,0],"r":[0,0,0],"s":[0.1750027,0.1750164,0.1750189],"c":[1,1,1]}]}]}