{"n":"ammo","v":9,"a":[2,7,18],"p":[{"b":52,"t":1,"s":[{"p":[0,0,0],"r":[0,0,0],"s":[0.009546727,0.05834615,0.009546936],"c":[0.8888889,0.8183421,0.3950616]}]}]}