{"v":9,"a":[7,18,21],"p":[{"b":63,"t":1,"s":[{"p":[2.419839E-05,0.0002035499,0.01250339],"r":[1.832E-12,270,180],"s":[0.002264525,0.002265244,0.00226439],"c":[1,0.8571429,0]}]},{"t":1,"s":[{"p":[-3.56346E-10,0,0.004076123],"r":[-1.001791E-05,-1.366038E-05,1.001791E-05],"s":[0.002000739,0.001067825,0.01515269],"c":[1,0.8571429,0]}]}]}