{"v":9,"a":[7,18,21],"p":[{"b":63,"t":1,"s":[{"p":[0,0,0],"r":[0,0,-3.828216E-20],"s":[0.01494288,0.002273475,0.0004024817],"c":[1,0.1714285,0]}]}]}