{"n":"liddle rotatie","v":9,"a":[7,18,48,49],"p":[{"b":205,"a":[12,37],"i":[{"t":"5cd2272bdc207e05697bfe2b","p":[-0.07560829,0.2920709,-0.113858],"r":[270,180,0]}],"s":[{"p":[-0.02288944,-0.01767433,-2.402812E-07],"r":[0,0,0],"s":[0.2031184,0.2031102,0.2031172],"c":[1,1,1],"b":["when starts then set constant rotation to 500 0 0"]}]},{"b":205,"s":[{"p":[-0.02288944,-0.01767433,-2.384186E-07],"r":[0,0,0],"s":[0.3070901,0.3195408,0.1307733],"c":[1,1,1]}]}]}