{"v":9,"p":[{"b":139,"e":"PAY DAY PIXAL COMING SOON...","s":[{"p":[0,0,0],"r":[0,0,-2.134434E-07],"s":[0.003000007,0.003000007,0.003000008],"c":[0,0.2285712,1]}]},{"b":139,"e":"PAY DAY COMING SOON...","s":[{"p":[0.02590086,0.03461201,0.004502914],"r":[351.3437,1.611991,0.7694466],"s":[0.003000006,0.003000008,0.003000006],"c":[0.1142856,1,0]}]}]}