{"v":9,"p":[{"a":[8],"s":[{"p":[0,0,0],"r":[0,0,0],"s":[0.02015966,0.01378737,0.02422735],"c":[1,1,1]}]}]}