{"n":"pad9","v":9,"p":[{"b":70,"s":[{"p":[0,0,0],"r":[0,0,0],"s":[0.01224944,0.001000001,0.01884797],"c":[1,1,1]}]}]}