{"v":9,"a":[31],"p":[{"b":157,"s":[{"p":[0,0,0],"r":[0,0,-3.335053E-09],"s":[0.9135445,0.9135445,0.9135446],"c":[0.3333332,0.3026453,0.2962962]}]}]}