{"v":9,"a":[31],"p":[{"b":3,"i":[{"t":"5cd49c037e42753a268bf78f","p":[0.001490448,-0.1327836,-0.2471848],"r":[354.146,254.1109,140.2334]},{"t":"5cd49c21d1e16d5d97c44d4c","p":[0.2006183,-0.1056462,-0.06275015],"r":[27.7306,144.2573,254.7551]}],"s":[{"p":[0,0,0],"r":[0,0,8.537737E-07],"s":[0.2885216,0.2885215,0.2885216],"c":[0.4444443,0.4444443,0.4444443]}]}]}