{"v":9,"p":[{"s":[{"p":[0,0,0],"r":[0,0,0],"s":[0.03810271,0.6171509,0.04654194],"c":[1,1,1]}]},{"s":[{"p":[-0.0003886456,0.1837351,-0.0009818906],"r":[87.47788,308.6587,307.9675],"s":[0.0408114,0.1750008,0.05602866],"c":[1,1,1]}]}]}