{"n":"table2","v":9,"p":[{"t":1,"s":[{"p":[1.862645E-09,-0.01862907,5.960464E-08],"r":[0,0,2.049057E-05],"s":[0.8897622,0.9141983,1.148894],"c":[0.2222221,0.2222221,0.2222221]}]},{"t":1,"s":[{"p":[0.2538567,-0.04031461,-0.5879721],"r":[0,180,89.99999],"s":[0.5064826,0.33303,0.1750302],"c":[0.2222221,0.2222221,0.2222221]}]},{"b":7,"t":2,"s":[{"p":[0.2652893,-0.03694481,-0.6654502],"r":[0,0,90.00001],"s":[0.2375745,0.1250057,0.1636092],"c":[0,0.9142855,1]}]}]}