{"v":9,"p":[{"i":[{"t":"5cd62df4b02ecf0eb36ee552","p":[-0.05081864,-0.003571704,0.09373584],"r":[86.59395,260.6517,339.8797]}],"s":[{"p":[0,0,0],"r":[0,0,0],"s":[0.2548541,0.3573244,0.1750012],"c":[0.03809522,0.3333332,0]}]},{"b":8,"t":3,"s":[{"p":[0.002806105,0.2213932,0.03200874],"r":[308.9058,359.4288,270.7961],"s":[0.1032779,0.09030507,0.005594455],"c":[1,0.8571429,0],"b":["when touched then send one nearby onto cab1"]}]},{"b":3,"t":3,"s":[{"p":[-0.1448885,0.1245334,0.3116893],"r":[40.3211,10.30211,22.6391],"s":[0.02810049,0.02810831,0.02876101],"c":[1,1,1]}]}]}