{"n":"bup","v":9,"a":[31],"p":[{"b":3,"t":2,"s":[{"p":[0,0,0],"r":[0,0,0],"s":[0.0217292,0.02172922,0.02172917],"c":[0.6666667,0,0.5714284],"b":["when touched then destroy all parts with 1s restore"]}]}]}