{"v":9,"a":[2,3,31],"inc":[["thing","5cd767e18e5c280eb475423d"],["thing 2","5cd76833d7ef540560292615"]],"p":[{"b":4,"s":[{"p":[0,0,0],"r":[0,0,-3.201651E-07],"s":[0.03392693,0.03392692,0.03392686],"c":[1,1,1],"b":["when triggered then emit gravity-free thing 2 with 20"]}]}]}