{"v":9,"a":[7,18],"p":[{"s":[{"p":[0,0,0],"r":[0,0,0],"s":[22.43058,0.04268806,9.1172],"c":[0.5555556,0.5202822,0.3086419]}]}]}