{"v":9,"a":[31],"p":[{"b":86,"t":21,"s":[{"p":[0,0,0],"r":[0,0,-1.707547E-06],"s":[0.2333972,0.2333972,0.2333971],"c":[0.5555556,0.5167549,0.4320987]}]},{"b":86,"t":21,"s":[{"p":[0.09903212,0.3938836,0.1513568],"r":[315.14,203.777,185.0907],"s":[0.2333978,0.2333977,0.2333975],"c":[0.5555556,0.5167549,0.4320987]}]}]}