{"n":"bup","v":9,"a":[2,7,14,18,31],"p":[{"b":3,"t":2,"s":[{"p":[0,0,0],"r":[0,0,0],"s":[0.01455937,0.01455951,0.01455981],"c":[0.6666667,0,0.5714284],"b":["when touched then destroy all parts with 30s restore"]}]}]}