{"v":9,"a":[22,18,21],"p":[{"b":5,"s":[{"p":[0,0,0],"r":[0,0,0],"s":[0.3796522,0.3796727,0.1107739],"c":[0.3333332,0.3026453,0.2962961]}]},{"b":31,"s":[{"p":[-0.2613196,-0.01708508,0.5381427],"r":[0,0,0],"s":[0.4620844,0.1323678,1.047371],"c":[0.3333332,0.3026453,0.2962961]}]},{"b":31,"s":[{"p":[0.2390895,-0.0170849,0.5381427],"r":[-8.537735E-07,-2.544443E-14,180],"s":[0.4623869,0.1324304,1.047632],"c":[0.3333332,0.3026453,0.2962961]}]},{"b":3,"s":[{"p":[-0.002038563,-0.02532673,1.025987],"r":[0,0,0],"s":[0.08258998,0.08259501,0.08258802],"c":[0.3333332,0.3026453,0.2962961]}]}]}