{"v":9,"a":[1,48],"p":[{"b":5,"t":7,"i":[{"t":"5cd75a4a56db2c0eba66cfb2","p":[0.006416296,0.01610367,0.01210587],"r":[18.92818,273.5257,299.4079]}],"s":[{"p":[0.004193704,-0.02404882,-0.01198727],"r":[0,0,-4.268868E-07],"s":[0.1000001,0.1000003,0.05004091],"c":[0.2469133,0.4444442,0.4444442],"b":["when starts then set constant rotation to 0 0 -30"]}]}]}