{"v":9,"p":[{"t":3,"a":[1],"s":[{"p":[0,0,0],"r":[0,0,0],"s":[0.4935986,0.008429719,0.5840256],"c":[1,0,0]}]}]}