{"v":9,"a":[1,7,18,27],"p":[{"b":247,"c":[[-0.276,0,-0.405,0,5,2,2,5],[0.276,0,-0.387,2,10,5,2,2],[0.447,0.276,0.231,20,3,1,30,3],[-0.447428,0.276,0.231,3,3,23,12,3],[-0.447428,-0.276786,0.231,8,3,22,9,3],[0.447,-0.276786,0.231,15,3,14,21,3]],"s":[{"p":[0,0,0],"r":[0,0,0],"s":[0.1424544,0.08181614,0.2343208],"c":[0.6666667,0.4571425,0]}]},{"b":247,"v":0,"s":[{"p":[0.02063751,-0.001977924,-0.06634999],"r":[1.001791E-05,90,0],"s":[0.05890423,0.03894419,0.1515343],"c":[0.6666667,0.4571425,0]}]}]}