{"n":"o","v":9,"a":[31],"p":[{"s":[{"p":[0,0,0],"r":[0,0,0],"s":[0.05324414,0.05324388,0.05324394],"c":[1,1,1]}]}]}