{"v":9,"a":[7,12,18,31],"p":[{"b":205,"t":21,"a":[12],"s":[{"p":[0,0,0],"r":[2.442666E-12,-1.213285E-19,2.035555E-13],"s":[0.02396874,0.02396871,0.02396844],"c":[0.5555556,0.5555556,0.5555556],"b":["when starts then all parts face nearest othergunface"]}]},{"b":225,"c":[[-0.498,-0.491,0.536,43,-3,-15],[-0.521,0.51,0.005,47,54],[-0.143,-0.559,-0.003,17],[-0.481,-0.506,-0.017,46,-19],[-0.476,0.509,0.278,45],[-0.097,-0.493,0.506,15],[-0.339,-0.554,-0.288,23],[-0.497,-0.494,-0.437,50,-21,25],[0.263,-0.473,0.1,5],[0.276,-0.463,0.302,3],[0.041,-0.416,0.448,10,24],[0.276,-0.5,-0.434,9,52],[0.013,-0.623,-0.162,13],[0.234,-0.397,-0.153,7],[-0.142,-0.608,0.306,16],[-0.155,-0.506,-0.416,19,38],[-0.046,0.331,-0.201,92],[0.165,0.533,-0.186,87],[0.344,0.479,0.074,79],[0.103,0.47,0.022,86],[0.047,0.566,0.276,85],[-0.106,0.548,0.058,91],[-0.298,0.471,0.005,96],[-0.288,0.438,-0.217,97],[-0.495,0.449,-0.244,49,53],[-0.492,0.459,0.462,41,3,55],[0.136,0.389,0.499,35,49],[-0.254,0.518,0.486,39,55],[-0.295,0.489,-0.458,52,46],[-0.064,0.503,-0.511,56,37],[0.105,0.493,-0.497,58,30],[0.302,0.495,-0.517,60,23],[0.46,-0.494,0.515,1,30,42],[-0.294,0.502,0.278,95],[-0.497,0.514,0.283,100],[0.511,-0.44,-0.436,8,55,3],[0.433,-0.477,-0.06,6,59],[0.619,0.405,-0.479,62,5,15],[0.469,0.559,-0.246,64,16],[0.564,0.503,0.015,68,10],[0.446,0.551,0.449,32,40,3],[0.559,0.545,0.242,70,6]],"s":[{"p":[-1.11133E-07,0.01231986,2.278512E-08],"r":[89.44187,275.5396,271.6703],"s":[0.02541931,0.04750163,0.02541992],"c":[0.7777778,0.4320987,0.4320987]}]}]}