{"v":9,"a":[1,48],"p":[{"b":5,"t":7,"i":[{"t":"5cd758eb391fcd6e872c235f","p":[0.03240485,-0.04968883,0.1046382],"r":[31.89405,56.06836,7.97472]}],"s":[{"p":[0.005543958,-0.017448,0.01057738],"r":[0,0,0],"s":[0.09999999,0.1,0.0552737],"c":[0.2469134,0.4444442,0.4444442],"b":["when starts then set constant rotation to 0 0 20"]}]}]}