{"n":"bup","v":9,"a":[2,6,7,12,15,18,31],"p":[{"b":193,"t":3,"t1":10,"s":[{"p":[-0.0004024582,0.0006976151,0.05871678],"r":[90,180,0],"s":[0.002817793,0.02134286,0.002898214],"c":[0.6666667,0,0.5714284],"t1":{"c":[1,1,1],"a":0}}]},{"b":4,"a":[12,37],"s":[{"p":[0,0,0],"r":[0,0,8.142219E-13],"s":[0.008092842,0.008092351,0.008093343],"c":[1,1,1]}]}]}