{"v":9,"p":[{"b":23,"e":"EAT TO COME HERE","s":[{"p":[0,0,0],"r":[0,0,0],"s":[0.008094005,0.008094008,0.008094009],"c":[0,1,1]}]}]}