{"v":9,"a":[22],"p":[{"s":[{"p":[-0.01066304,-0.02442836,0.03197682],"r":[0,0,0],"s":[0.04270127,0.07630953,0.1356978],"c":[0.4444443,0.4444443,0.4444443]}]},{"b":14,"i":[{"t":"5a8a566c45deaadf13314a73","p":[-0.3358727,-0.1560738,1.230546],"r":[337.5,90.00001,180]}],"s":[{"p":[-0.05224897,-0.04578017,-0.008414149],"r":[-4.268868E-06,270,337.5],"s":[0.00957458,0.0600374,0.00432765],"c":[0.6666667,0.6666667,0.6666667],"b":["when told ogo then become 2 in 1s"]},{"p":[-0.04665518,-0.01240801,0.08474529],"r":[-3.415095E-06,270,67.49999],"s":[0.009578499,0.06005911,0.004328415],"c":[1,1,1],"b":["when told ogo then become 1 in 1s"]}]},{"s":[{"p":[0.09788799,0.007941467,0.01001835],"r":[0,0,225],"s":[0.02390822,0.02511532,0.05916121],"c":[0.8888889,0.2962962,0.2962962],"b":["when touched then tell ogo"]}]}]}