{"v":9,"p":[{"b":18,"e":"LEVEL 2","s":[{"p":[0,0,0],"r":[0,0,-1.067217E-07],"s":[0.007378035,0.007378033,0.007378034],"c":[1,1,1]}]},{"b":18,"e":"50$","s":[{"p":[0.06078723,-0.06034529,-0.001479669],"r":[1.822622,359.5761,358.7705],"s":[0.009912542,0.009912539,0.009912539],"c":[0.06349192,0.5555556,0]}]},{"b":18,"e":"BUY AGAIN 60$","s":[{"p":[-0.1137916,-0.1499082,-0.005821713],"r":[7.63468,359.2649,359.2474],"s":[0.007716154,0.007716153,0.007716157],"c":[0,0.5555556,0.1269841]}]}]}