{"v":9,"a":[7,18],"p":[{"a":[12],"s":[{"p":[0,0,0],"r":[0,0,0],"s":[0.5715675,0.009222663,0.6659415],"c":[1,1,1]}]}]}