{"v":9,"p":[{"b":18,"t":2,"e":"NERF\nBIG","s":[{"p":[0,0,0],"r":[0,0,4.268868E-07],"s":[0.00300001,0.003000005,0.003000008],"c":[0,0.9142855,1]}]},{"b":18,"t":2,"e":"NERF\nSMALL","s":[{"p":[0.09430002,0.002101831,0.004348181],"r":[1.544619,356.5789,358.9988],"s":[0.003000021,0.003000006,0.003000021],"c":[0,0.9142855,1]}]}]}