{"n":"beam","v":9,"a":[7,18],"p":[{"t1":3,"s":[{"p":[0,0,0],"r":[0,0,0],"s":[8.129849,0.3520709,0.2193131],"c":[0.4444442,0.3880069,0.04938257],"t1":{"c":[0,0,0],"x":0.17,"y":0.17,"a":0.69625,"m":0.5,"n":0.5,"r":0,"g":0,"o":0.5,"t":0.5,"e":0.5}}]}]}