{"n":"standing desk","v":9,"a":[7,18],"p":[{"s":[{"p":[0.0318062,0.3814953,-0.1725218],"r":[270,90.00002,0],"s":[0.8744547,0.5575075,0.01064859],"c":[0,0,0]}]},{"a":[32,33],"s":[{"p":[0.234355,-0.1172058,-0.2551003],"r":[270,270,0],"s":[0.01963198,0.01772012,0.9796997],"c":[1,1,1]}]}]}