{"v":9,"a":[2],"p":[{"s":[{"p":[-0.01332908,-0.02264071,0.005836005],"r":[5.855597,8.391575,17.18127],"s":[0.06956197,0.04027995,0.1190591],"c":[1,1,1]},{"p":[-0.02555305,0.004524193,-0.004985722],"r":[348.5532,350.976,349.9397],"s":[0.06955595,0.04027846,0.1190568],"c":[1,1,1]}]},{"s":[{"p":[-0.02183858,-0.01711315,-0.06573582],"r":[71.87685,116.6525,289.1462],"s":[0.05323,0.04508305,0.03279308],"c":[1,1,1]}]},{"s":[{"p":[0.0459086,-0.005997643,0.05978386],"r":[71.87685,116.6525,289.1462],"s":[0.273805,0.04773007,0.07504493],"c":[1,1,1]}]}]}