{"n":"boxxor","v":9,"a":[22],"p":[{"b":189,"t":9,"s":[{"p":[0.004106293,0.1037975,0.001906311],"r":[0.0001148326,-1.707538E-05,180.0001],"s":[0.01573432,0.02267876,0.02454991],"c":[1,0,0]}]},{"b":196,"t":9,"s":[{"p":[0.04249956,0.02981445,0.01232868],"r":[90,337.5,0],"s":[0.0136034,0.01681575,0.01719641],"c":[1,0,0]}]},{"b":182,"t":9,"s":[{"p":[0,0,0],"r":[-9.071342E-07,-3.575177E-06,5.976415E-06],"s":[0.01812791,0.0306899,0.03169953],"c":[1,0,0]}]},{"b":196,"t":9,"s":[{"p":[0.03740073,-0.00180203,-0.005475994],"r":[-2.003583E-05,180,180],"s":[0.02167868,0.0155914,0.05133987],"c":[1,0,0]}]}]}