{"v":9,"p":[{"b":152,"s":[{"p":[-0.03022505,0.3916164,-0.2435248],"r":[325.2171,24.06797,255.6495],"s":[0.04000006,0.04000006,0.04],"c":[1,1,1]}]},{"b":17,"s":[{"p":[-0.2624991,0.298889,-0.1542906],"r":[314.2591,289.5236,76.30595],"s":[0.06000003,0.06000006,0.06000004],"c":[1,1,1]}]},{"b":152,"s":[{"p":[0.02106496,0.1699799,0.02272642],"r":[340.64,5.335077,347.4082],"s":[0.04000011,0.04000008,0.04000003],"c":[1,1,1]}]},{"b":152,"s":[{"p":[-0.01418934,-0.1443836,0.04445494],"r":[16.42029,356.6437,3.168675],"s":[0.04000011,0.04000007,0.04000003],"c":[1,1,1]}]}]}