{"v":9,"a":[7,18],"p":[{"b":4,"a":[12,36],"i":[{"t":"5ce0b74ad62b6a0e3de29b56","p":[0.1812526,-0.001628518,0.05389905],"r":[66.19592,0.007180528,179.373]},{"t":"5ce0f203e38b3431e80bc376","p":[0.2780629,0.1412693,0.1443068],"r":[47.68337,36.01408,198.6588]}],"s":[{"p":[0,0,0],"r":[0,0,0],"s":[0.05027341,0.02865497,0.05056329],"c":[1,1,1],"b":["when told by any poweroff then become untweened next in 0s"]},{"p":[0,-1.682962,0],"r":[0,0,8.537737E-06],"s":[0.0502794,0.02865884,0.05056982],"c":[1,1,1],"b":["when told by any poweron then become untweened previous in 0s"]}]}]}