{"n":"window","v":9,"a":[7,18],"p":[{"t":17,"s":[{"p":[0,0,0],"r":[0,0,0],"s":[1.0969,0.06183087,1.920983],"c":[0.333333,0.333333,0.333333]}]}]}