{"n":"dead","v":9,"p":[{"b":5,"a":[12],"s":[{"p":[0,0,0],"r":[0,0,0],"s":[0.1000008,0.1000022,0.0495607],"c":[1,1,1]}]}]}