{"v":9,"p":[{"b":17,"t":9,"s":[{"p":[0,0,0],"r":[0,0,0],"s":[0.1602078,0.06000023,0.06000023],"c":[1,0,0.3428572]}]}]}