{"n":"freddys microphone","v":9,"p":[{"b":4,"a":[12,36],"i":[{"t":"5ce284b55a7bcf0558b4215f","p":[-0.5681379,0.3629955,0.1987345],"r":[34.72197,100.8388,211.7278]}],"s":[{"p":[0,0,0],"r":[0,0,0],"s":[0.0400637,0.0404241,0.07494837],"c":[1,1,1],"b":["when told by any fstand then become untweened 2 in 0s"]},{"p":[0.1068788,0.0797435,1.245812],"r":[347.1949,13.1469,357.0335],"s":[0.04006374,0.04042416,0.07494844],"c":[1,1,1],"b":["when told by any fstandno then become untweened 1 in 0s"]}]}]}