{"n":"bonnies guitar","v":9,"a":[7,18,20],"p":[{"b":4,"a":[12,36],"i":[{"t":"5ce28494ba93cc529e907c07","p":[0.8599088,-0.3182658,1.712135],"r":[354.6129,181.4183,290.0506]}],"s":[{"p":[0,0,0],"r":[0,0,0],"s":[0.07672255,0.04824656,0.1250169],"c":[1,1,1],"b":["when told by any bstand then become untweened 2 in 0s"]},{"p":[-2.980232E-08,0,1.761967],"r":[0,0,8.537737E-06],"s":[0.07672794,0.04824955,0.1250249],"c":[1,1,1],"b":["when told by any bstandno then become untweened 1 in 0s"]}]}]}