{"v":9,"a":[22,18,31],"p":[{"b":5,"s":[{"p":[0,0,0],"r":[0,0,0],"s":[1.539225,1.539423,1.539566],"c":[1,1,1]}]}]}