{"v":9,"p":[{"b":14,"s":[{"p":[0,0,0],"r":[0,0,5.502838E-08],"s":[0.05999997,0.06000003,0.1115385],"c":[0.5396825,0,0.5555556]}]},{"b":14,"s":[{"p":[0.01136069,-0.482892,-0.01644349],"r":[358.7628,356.0287,356.5436],"s":[0.06000023,0.06000026,0.1115388],"c":[0.5396825,0,0.5555556]}]},{"b":14,"s":[{"p":[0.4179704,-0.4520501,0.0003250241],"r":[1.678561,354.5676,91.26687],"s":[0.06000052,0.06000051,0.1115391],"c":[0.5396825,0,0.5555556]}]},{"b":14,"s":[{"p":[0.4005515,0.01396136,0.007006995],"r":[1.008141,355.9037,5.589215],"s":[0.06000042,0.06000037,0.1115389],"c":[0.5396825,0,0.5555556]}]}]}