{"n":"ground","v":9,"a":[1],"p":[{"b":17,"s":[{"p":[0,0,0],"r":[0,0,0],"s":[3.363346,0.11062,3.201102],"c":[0.9019608,0.8509804,0.7215686]}]},{"b":78,"s":[{"p":[4.297462,1.762778,-0.5758749],"r":[342.5807,250.933,11.47294],"s":[0.07500003,0.0750001,0.07500009],"c":[1,1,1]}]},{"b":88,"s":[{"p":[4.670265,1.9621,-0.8698073],"r":[63.69582,77.34116,112.3156],"s":[0.08000009,0.08000015,0.08000002],"c":[1,1,1]}]}]}