{"v":9,"p":[{"s":[{"p":[0,0,0],"r":[0,0,0],"s":[0.06280865,0.2908984,0.06788296],"c":[1,0,0.5142856]}]},{"s":[{"p":[0.06467169,0.07787044,-0.00242641],"r":[0.5267482,357.3255,43.88839],"s":[0.06280867,0.1585813,0.06788297],"c":[1,0,0.5142856]}]},{"s":[{"p":[0.1605999,0.04970517,0.000178514],"r":[4.475349,1.581788,314.6806],"s":[0.06280872,0.1585813,0.06788303],"c":[1,0,0.5142856]}]},{"s":[{"p":[0.2207894,-0.03693756,0.01072191],"r":[1.720907,3.677484,0.7728218],"s":[0.06280871,0.2908985,0.06788303],"c":[1,0,0.5142856]}]}]}