{"n":"ground","v":9,"a":[1],"p":[{"b":17,"s":[{"p":[0,0,0],"r":[0,0,5.336085E-08],"s":[291.5227,0.9800502,190.8688],"c":[0.9019608,0.8509804,0.7215686]}]}]}