{"v":9,"p":[{"b":18,"e":"M SWORD","s":[{"p":[0,0,0],"r":[0,0,0],"s":[0.003000015,0.003000005,0.003000013],"c":[1,1,1]}]}]}