{"v":9,"a":[1,7,18],"p":[{"b":214,"c":[[0.3,-0.5,0,5,33],[-0.3,-0.3,0,11,21],[0,-0.5,-0.3,8,28],[-0.3,0.5,0,31,27],[0.3,0.5,0,37,15,-2],[0,0.5,-0.3,35,20],[-0.2,0.5,0.1,22,34],[0,0.5,-0.1,20,33,1],[0.2,0.5,0.1,18,29],[-0.2,-0.5,0.1,9,12],[0,-0.5,0,6,13,-12],[0.2,-0.5,0.1,2,13]],"s":[{"p":[0,0,0],"r":[0,0,0],"s":[0.1750041,0.03064228,0.1750024],"c":[1,1,1]}]}]}