{"v":9,"a":[31],"p":[{"b":14,"s":[{"p":[0,0,0],"r":[0,0,0],"s":[0.481526,0.4703079,0.9255591],"c":[1,0.7777778,0.9682539]}]}]}