{"v":9,"a":[22,18],"p":[{"a":[1,4],"s":[{"p":[0,0,0],"r":[0,0,0],"s":[0.9998713,0.001,0.6710248],"c":[0,0,0]}]}]}