{"v":9,"a":[7],"p":[{"s":[{"p":[0,0,0],"r":[0,0,0],"s":[23.44191,0.4828711,16.24232],"c":[0.7777778,0.5333333,0]}]}]}