{"v":9,"a":[31],"inc":[["star orb","5ceafedaa6c19e06258848e9"],["star orb 2","5cec4f5988d12c0e372cf202"]],"p":[{"b":205,"s":[{"p":[-0.01792794,0.2038418,0.07656516],"r":[8.538765,90.28931,96.42581],"s":[0.01287986,0.01287984,0.01287982],"c":[1,1,1],"b":["when triggered then become untweened next"]},{"p":[-0.01792815,0.2038421,0.07656521],"r":[8.538765,90.28931,96.4258],"s":[0.01287986,0.01287984,0.01287982],"c":[1,1,1],"b":["when told fire then emit gravity-free star orb 2 with 10","when trigger let go then become untweened next"]}]}]}