{"v":9,"a":[7,12,18,31],"p":[{"b":205,"t":2,"s":[{"p":[0,0,0],"r":[0,0,0],"s":[0.01661165,0.01660708,0.01661107],"c":[1,1,1]}]},{"b":205,"t":2,"a":[12],"s":[{"p":[0,0,0],"r":[-1.001791E-05,-8.757939E-13,1.001791E-05],"s":[0.0166137,0.01660728,0.01661312],"c":[1,1,1],"b":["when starts then show line with 0.020 width","when starts then project with 100% reach"]}]}]}