{"v":9,"a":[7],"p":[{"s":[{"p":[0,0,0],"r":[0,0,0],"s":[0.5822609,0.05309032,0.6545391],"c":[0.2222221,0.1248676,0.07407398]}]}]}