{"v":9,"p":[{"b":18,"e":"$10.00","s":[{"p":[0,0,0],"r":[-8.537738E-07,3.415095E-06,-2.544444E-14],"s":[0.006613831,0.006613831,0.006613831],"c":[1,0,0]}]}]}