{"v":9,"a":[7,18],"p":[{"s":[{"p":[2.980232E-07,1.862645E-09,-0.01669082],"r":[0,0,0],"s":[1.589922,0.5331379,0.007628161],"c":[0.4444441,0.3724865,0.296296]}]},{"s":[{"p":[2.980232E-07,-1.862645E-09,0.01301897],"r":[0,0,1.001791E-05],"s":[1.589996,0.5332574,0.007629526],"c":[0.4444441,0.3724865,0.296296]}]},{"s":[{"p":[3.251575E-08,0.3719368,-2.980232E-08],"r":[0,0,0],"s":[1.586304,1.274152,0.03895023],"c":[0.5555556,0.4656082,0.3703691]}]}]}