{"n":"good question","v":9,"a":[51],"p":[{"b":192,"t":2,"t1":168,"s":[{"p":[0.208319,-0.04014084,0.0025554],"r":[90,-9.659347E-06,0],"s":[0.1228932,0.004140021,0.03324047],"c":[1,1,1],"t1":{"c":[0,0,0],"a":0.02724956}}]},{"b":97,"e":"Who is he?","s":[{"p":[0,0,0],"r":[0,0,0],"s":[0.007424986,0.007424919,0.007424973],"c":[0,0,0]}]},{"b":137,"e":"H","s":[{"p":[0.3810762,0.01718533,-0.0001149548],"r":[0.02834011,0.9021774,335.2046],"s":[0.01303612,0.01303612,0.01303612],"c":[0,0,0]}]}]}