{"v":9,"p":[{"b":117,"e":"TOUCH THIS IF I AM  INACTIVE!","s":[{"p":[0,0,0],"r":[0,0,0],"s":[0.003000002,0.003000001,0.003000002],"c":[0,0.111111,0.111111]}]}]}