{"n":"bule5t","v":9,"p":[{"b":14,"s":[{"p":[0,0,0],"r":[0,0,0],"s":[0.006984079,0.1140526,0.001000002],"c":[0.9746031,1,0.111111]}]}]}