{"v":9,"a":[31],"p":[{"b":17,"s":[{"p":[0,0,0],"r":[0,0,0],"s":[0.0166708,0.01667083,0.01667082],"c":[1,1,1]}]}]}