{"v":9,"p":[{"b":3,"s":[{"p":[0,0,0],"r":[0,0,-1.334021E-08],"s":[0.03405539,0.02180897,0.05407571],"c":[1,1,1]}]},{"b":14,"s":[{"p":[0.001912262,0.02171837,-0.02669873],"r":[274.9989,250.4021,193.0451],"s":[0.008650357,0.02901595,0.001000001],"c":[0,0,0]}]},{"b":14,"s":[{"p":[-0.003054714,0.02340399,-0.005783441],"r":[272.0563,243.1153,201.5193],"s":[0.00865037,0.02901598,0.001000003],"c":[0,0,0]}]},{"b":3,"s":[{"p":[-0.01676684,0.1122473,0.02341654],"r":[277.872,248.7908,147.9027],"s":[0.03207694,0.0289925,0.1250002],"c":[0.09876534,0.4444443,0.4444443]}]}]}