{"v":9,"p":[{"b":3,"s":[{"p":[0,0,0],"r":[0,0,-1.334021E-08],"s":[0.03405539,0.02180897,0.05407571],"c":[1,1,1]}]},{"b":14,"s":[{"p":[0.001912262,0.02171837,-0.02669873],"r":[274.9989,250.4021,193.0451],"s":[0.008650357,0.02901595,0.001000001],"c":[0,0,0]}]},{"b":14,"s":[{"p":[-0.003054714,0.02340399,-0.005783441],"r":[272.0563,243.1153,201.5193],"s":[0.00865037,0.02901598,0.001000003],"c":[0,0,0]}]},{"b":3,"s":[{"p":[-0.01585315,0.1192637,0.01893251],"r":[275.7405,256.1009,139.0102],"s":[0.03207696,0.02899252,0.1250003],"c":[0.09876532,0.4444443,0.4444443]}]}]}