{"v":9,"a":[22],"p":[{"s":[{"p":[0.05992319,-0.002339341,0.025486],"r":[-9.172329E-06,90,1.623388E-07],"s":[0.1751514,0.0234176,0.02968014],"c":[1,1,1]}]},{"s":[{"p":[-0.01406861,-0.001702301,-0.04683876],"r":[2.596731E-13,180,-1.548161E-05],"s":[0.1751698,0.02342123,0.02968125],"c":[1,1,1]}]},{"b":42,"s":[{"p":[-0.01693917,0.01135829,0.0471573],"r":[6.963721E-06,225,180],"s":[0.1222982,0.04634257,0.1252196],"c":[1,1,1]}]},{"s":[{"p":[0,0,0],"r":[-8.956711E-13,5.008957E-06,1.821233E-06],"s":[0.09168088,0.02342438,0.02973982],"c":[1,1,1]}]}]}