{"v":9,"p":[{"s":[{"p":[0,0,0],"r":[0,0,0],"s":[0.01146737,1.672516,0.9657871],"c":[0.5555556,0.5555556,0.5555556]}]}]}