{"v":9,"a":[22],"p":[{"b":42,"s":[{"p":[0.02462484,-0.01149466,-0.07623482],"r":[-1.496651E-05,225,7.676851E-06],"s":[0.1221084,0.04630466,0.1251868],"c":[1,1,1]}]},{"s":[{"p":[0,0,0],"r":[-1.642064E-12,5.008957E-06,5.23633E-06],"s":[0.1750908,0.02341195,0.02967662],"c":[1,1,1]}]},{"b":42,"s":[{"p":[-0.02455616,-0.01175214,0.07693673],"r":[1.028025E-05,45,-3.603994E-06],"s":[0.122143,0.04631328,0.1252061],"c":[1,1,1]}]},{"s":[{"p":[0.05143453,-0.0004043728,0.09432413],"r":[-2.404944E-05,270,1.57692E-06],"s":[0.09165079,0.02342025,0.02972796],"c":[1,1,1]}]}]}