{"v":9,"a":[22],"p":[{"b":42,"s":[{"p":[-0.02306747,-0.01124287,0.07570839],"r":[1.121139E-07,45,-9.19474E-06],"s":[0.1221217,0.04631331,0.125165],"c":[1,1,1]}]},{"s":[{"p":[0,0,0],"r":[1.366038E-05,0,0],"s":[0.1750526,0.02340852,0.02967156],"c":[1,1,1]}]},{"s":[{"p":[0.07243538,-0.0005922019,-0.04332924],"r":[-8.964177E-08,90,9.748988E-06],"s":[0.05790898,0.02341469,0.02970713],"c":[1,1,1]}]},{"s":[{"p":[0.04231453,-0.0004462898,-0.08729649],"r":[-1.366038E-05,180,0],"s":[0.09162229,0.02341465,0.02970788],"c":[1,1,1]}]}]}