{"v":9,"p":[{"b":3,"s":[{"p":[-0.01014329,-0.01962263,0.01258162],"r":[11.59571,4.976579,348.0484],"s":[0.02698898,0.03125845,0.08049258],"c":[0.6666667,0.2772483,0.07407386]}]},{"b":3,"s":[{"p":[0.163914,0.2336525,0.09509645],"r":[29.28699,344.2577,280.5956],"s":[0.02698897,0.03125847,0.08049256],"c":[0.6666667,0.2772483,0.07407386]}]}]}