{"n":"b","v":9,"a":[7],"p":[{"b":4,"s":[{"p":[-0.0008742811,-0.0007095276,-0.07183553],"r":[-5.008957E-06,180,90.00001],"s":[0.01098121,0.01071127,0.03681175],"c":[0.6666667,0.5714286,0]}]}]}