{"v":9,"a":[7],"p":[{"b":5,"t":1,"s":[{"p":[-0.0001430511,0.0001983643,0.08324248],"r":[0,0,0],"s":[0.0207038,0.02055253,0.04797846],"c":[1,0.8571429,0]}]}]}