{"v":9,"p":[{"s":[{"p":[0.09131104,-0.2436424,-0.1042552],"r":[353.7884,351.0996,334.5007],"s":[0.7007099,0.02682632,0.02525243],"c":[0,0,0]}]},{"s":[{"p":[0.0589781,-0.04175431,0.3700687],"r":[336.467,356.029,335.0725],"s":[0.700709,0.02682626,0.02525238],"c":[0,0,0]}]},{"s":[{"p":[0.3888633,-0.2907345,0.1815244],"r":[29.33696,74.51497,335.5385],"s":[0.6258562,0.02682631,0.02525245],"c":[0,0,0]}]},{"s":[{"p":[-0.2110494,-0.03267486,0.02670513],"r":[31.86276,74.09232,333.5817],"s":[0.625857,0.02682634,0.02525246],"c":[0,0,0]}]}]}