{"v":9,"p":[{"s":[{"p":[-0.1457893,-0.6120274,0.1739833],"r":[358.9201,162.4325,235.6812],"s":[0.696357,0.009801294,0.5245588],"c":[0,0,0]}]}]}