{"v":9,"a":[7],"p":[{"b":5,"t":1,"s":[{"p":[0,0,0.01991272],"r":[0,0,0],"s":[0.0207,0.0205545,0.1163089],"c":[1,0,0]}]}]}