{"n":"bedroom wall 2","v":9,"a":[7,18],"p":[{"a":[23],"s":[{"p":[0,0,0],"r":[0,0,-4.378969E-13],"s":[2.181878,0.1750782,0.9166634],"c":[1,1,1]}]}]}