{"n":"radio label","v":9,"a":[7],"p":[{"b":131,"e":"TOTALLY\n REAL\nRADIO!!!!","s":[{"p":[0,0,0],"r":[0,0,0],"s":[0.003000433,0.003000291,0.002999509],"c":[1,1,1]}]}]}