{"v":9,"a":[1,7,18],"p":[{"b":60,"t":1,"i":[{"t":"5cf42192b92d51062cee5406","p":[0.0008994962,-0.1108027,-0.1070242],"r":[1.124554E-05,89.99999,180]}],"c":[[0.45,0.634,-0.45,22,17,14,33],[0.45,0.634,0.4500101,23,1,28,27],[-0.45001,0.634,0.4500101,25,3,27,26],[-0.45001,0.634,-0.45,29,9,16,35]],"s":[{"p":[0,0,0],"r":[-4.853141E-20,8.14222E-13,6.830189E-06],"s":[0.1211629,0.0222768,0.09539171],"c":[0.6666667,0.6666667,0.6666667]}]}]}