{"n":"sik","v":9,"p":[{"s":[{"p":[0,0,0],"r":[0,0,2.134434E-07],"s":[0.3264978,0.175,0.1970288],"c":[1,1,1]}]}]}