{"n":"bedroomblock","v":9,"a":[7],"p":[{"s":[{"p":[0,0,0],"r":[0,0,0],"s":[2.209841,0.1750079,0.08778027],"c":[1,1,1]}]}]}