{"n":"paper","v":9,"a":[2,7],"tp_m": 0.1,"tp_d": 8,"p":[{"s":[{"p":[0,0,0],"r":[0,0,0],"s":[0.1750271,0.004401161,0.2570415],"c":[1,1,1]}]},{"b":114,"e":"THIS IS AN IMPORTANT\nDOCUMENT. PLEASE DO\nNOT EAT OR BURN OR\nOTHERWISE DESTROY.","s":[{"p":[-0.05924417,0.002709896,0.1165452],"r":[90,-2.003582E-05,0],"s":[0.001535963,0.001536082,0.001534037],"c":[0,0,0]}]}]}