{"v":9,"a":[2,12],"tp_d": 7,"tp_d": 7,"tp_lr": [1,1,1],"p":[{"b":205,"a":[12,38],"i":[{"t":"5cf45ff53144b7062fd33c6b","p":[0,0,0],"r":[-3.16947E-06,6.830189E-06,7.697288E-06],"a":[49]}],"s":[{"p":[0,0,0],"r":[-1.139911E-11,-1.024528E-05,1.01916E-18],"s":[0.01699379,0.01699376,0.004556997],"c":[1,1,1]}]}]}