{"n":"gg5","v":9,"a":[7],"p":[{"s":[{"p":[0,0,0],"r":[0,0,0],"s":[1.358417,0.1750004,2.81941],"c":[1,1,1]}]}]}