{"v":9,"p":[{"b":139,"e":"SIKE YOUR FREE TO GO","s":[{"p":[3.292779,-3.710944,2.174749],"r":[345.9564,228.3416,349.8051],"s":[0.01677267,0.01677267,0.01677267],"c":[1,0.1714283,0],"b":["when told by any 6 then become 2 in 0.1s"]},{"p":[0,0,0],"r":[0,0,2.668043E-08],"s":[0.003,0.003,0.003],"c":[1,0.1714283,0],"b":["when starts then become next in 2s"]},{"p":[0,0,0],"r":[0,0,2.668043E-08],"s":[0.003,0.003,0.003],"c":[1,0.1714283,0],"b":["when starts then send one nearby onto sik"]}]}]}