{"v":9,"a":[7,12,14,18,31,48],"tp_d": 7,"tp_d": 7,"tp_lp": [1,1,1],"tp_d": 7,"tp_d": 7,"tp_lp": [1,1,1],"tp_lr": [1,1,1],"p":[{"a":[12,37],"i":[{"t":"5cf46151906663062e27ee38","p":[7.436746E-16,0.05228317,-9.144358E-09],"r":[2.003583E-05,180,-1.574234E-12]}],"s":[{"p":[-1.164153E-10,-0.05228317,-0.0007958918],"r":[2.003583E-05,180,0],"s":[0.02386615,0.02383685,0.02386134],"c":[1,1,1]}]},{"a":[12,37],"s":[{"p":[-1.164153E-10,0.02775264,-0.0007959058],"r":[1.001791E-05,180,1.001791E-05],"s":[0.02230539,0.02228113,0.02229872],"c":[1,1,1]}]},{"b":5,"a":[5],"s":[{"p":[-1.164153E-10,-1.391598E-10,-0.0007959009],"r":[-8.14222E-13,1.735619E-26,-2.442666E-12],"s":[0.001,0.001,0.001],"c":[1,1,1],"b":["when told unlock then become next in 1s"]},{"p":[-1.164153E-10,-1.391598E-10,-0.0007959009],"r":[-8.14222E-13,1.735619E-26,-2.442666E-12],"s":[0.2360534,0.2360534,0.04396763],"c":[1,1,1]}]}]}