{"v":9,"a":[2,16],"p":[{"b":174,"s":[{"p":[0,0,0],"r":[0,0,8.537737E-07],"s":[0.01027369,0.001,0.01101669],"c":[1,0,0]}]},{"b":158,"s":[{"p":[-0.00150848,-0.003093571,-0.0002265585],"r":[347.0405,5.041255,2.54238],"s":[0.008355912,0.0109176,0.01135986],"c":[0,0,0]}]}]}