{"v":9,"a":[2,16],"p":[{"b":175,"s":[{"p":[0,0,0],"r":[0,0,0],"s":[0.008491095,0.001,0.008115593],"c":[1,0,0]}]},{"b":69,"s":[{"p":[-0.001754053,0.001631838,-0.0008450327],"r":[13.97286,18.98427,175.0649],"s":[0.008697598,0.002019742,0.008871495],"c":[0,0,0]}]}]}