{"v":9,"a":[7],"p":[{"s":[{"p":[0,0,0],"r":[0,0,0],"s":[12.32084,0.2866184,9.707108],"c":[0.6666667,0.5820107,0.07407401]}]}]}