{"v":9,"p":[{"s":[{"p":[0,0,0],"r":[0,0,-1.707547E-06],"s":[0.1750014,0.9760299,1.474977],"c":[1,1,1]}]}]}