{"v":9,"a":[22],"p":[{"b":180,"s":[{"p":[-0.0004987717,-0.0004489431,0.006156922],"r":[67.50004,270,270],"s":[0.009366293,0.00230634,0.009369739],"c":[0,0,0]}]},{"b":60,"s":[{"p":[0,0,0],"r":[0,0,0],"s":[0.02949392,0.02883863,0.01254322],"c":[0.7777778,0.9428571,1]}]},{"b":5,"s":[{"p":[-0.0005317252,0.002423951,-0.01955372],"r":[309.9619,288.9039,337.9533],"s":[0.01301554,0.01295057,0.02071551],"c":[0.7777778,0.9428571,1]}]}]}