{"v":9,"p":[{"a":[12],"s":[{"p":[0,0,0],"r":[0,0,-1.334021E-08],"s":[0.1750003,0.175,0.3269664],"c":[1,1,1],"b":["when starts then destroy all parts with 0s restore"]}]}]}