{"n":"blue light","v":9,"a":[48,49],"p":[{"b":73,"t":3,"s":[{"p":[0,0,0],"r":[0,0,0],"s":[0.9395329,0.9395333,0.9395332],"c":[0.1142857,0,1]}]},{"b":73,"t":3,"a":[12,37],"s":[{"p":[-2.149298,-0.2238052,1.74105],"r":[343.5264,329.8349,303.9256],"s":[0.9395332,0.9395338,0.9395334],"c":[0,0.9142855,1]}]}]}