{"v":9,"a":[22,18,32],"p":[{"b":14,"a":[11,12,37],"i":[{"t":"5c8c449dd8ee786d5287302c","p":[-0.154981,0.8750004,2.108641],"r":[270,0,0]}],"s":[{"p":[0,0,0],"r":[0,0,0],"s":[0.3552804,0.4969606,0.3552942],"c":[1,1,1],"b":["when starts then become next in 5"]},{"p":[-0.06183263,1.958863E-08,0.1120339],"r":[1.001791E-05,90,-1.001791E-05],"s":[0.3553093,0.4969814,0.3553373],"c":[1,1,1],"b":["when starts then become next in 5"]},{"p":[-1.490116E-08,2.622686E-08,0.1500001],"r":[1.001792E-05,180,0],"s":[0.3553146,0.496975,0.355331],"c":[1,1,1],"b":["when starts then become next in 5"]},{"p":[-0.00326997,2.717554E-08,0.155426],"r":[-8.14222E-13,270,1.001791E-05],"s":[0.3553317,0.4969853,0.3553466],"c":[1,1,1],"b":["when starts then become next in 5"]}]}]}