{"v":9,"a":[22,31,34],"p":[{"b":60,"s":[{"p":[0,0,0],"r":[0,0,0],"s":[1.852486,0.5655624,0.05482133],"c":[0.2222221,0.1382715,0.04938262]}]},{"b":16,"t":1,"s":[{"p":[-0.02086234,-0.1096796,-0.5539306],"r":[89.98022,-9.659347E-06,0],"s":[0.06862184,0.004552168,0.06861967],"c":[0.6666667,0.6666667,0.6666667]}]},{"b":16,"t":21,"s":[{"p":[-0.01333082,-0.1014937,-0.6004359],"r":[90,-9.659345E-06,0],"s":[0.03745338,0.03744008,0.0374531],"c":[0.02469136,0.1714283,0.222222]}]}]}