{"n":"good","v":9,"a":[2],"p":[{"b":57,"t":1,"s":[{"p":[0.0201457,-0.06576931,0.08838215],"r":[17.42584,0.05748264,351.9867],"s":[0.4843949,0.07998803,0.4843976],"c":[0,0.9142855,1],"b":["when any part touches bag then destroy all parts","when grabbed then become untweened next in 0","when told by any planetfall then turn on","when told by any worldstart then turn off"]},{"p":[0.0201457,-0.06576931,0.08838215],"r":[17.42584,0.05748264,351.9867],"s":[0.4843949,0.07998803,0.4843976],"c":[0,0.9142855,1],"b":["when starts then destroy all parts with 30s restore"]}]}]}