{"n":"vscam00","v":9,"a":[32],"p":[{"a":[12,37],"i":[{"t":"5cf9faa414e3cd06262379ff","p":[0,-0.1625003,-0.8750002],"r":[0,270,270]}],"s":[{"p":[0,0,0],"r":[0,0,0],"s":[0.2936214,1.422432,0.1750021],"c":[1,1,1],"b":["when starts then become next in 3"]},{"p":[0,0,0],"r":[0,0,0],"s":[0.2936214,1.422432,0.1750021],"c":[1,1,1],"b":["when starts then become untweened next in 8"]},{"p":[0,0,0],"r":[0,0,0],"s":[0.2936214,1.422432,0.1750021],"c":[1,1,1],"b":["when starts then become next in 3"]},{"p":[0,0,0],"r":[0,0,0],"s":[0.2936214,1.422432,0.1750021],"c":[1,1,1],"b":["when starts then become untweened next in 8"]}]}]}