{"v":9,"a":[31],"p":[{"a":[21,22],"s":[{"p":[0,0,0],"r":[0,0,0],"s":[0.1749999,0.1749999,0.1749998],"c":[0,0,0]}]},{"b":134,"e":"NO U","s":[{"p":[-0.04359353,0.09081462,0.02744303],"r":[84.37486,158.13,161.2969],"s":[0.002999998,0.002999996,0.002999998],"c":[1,1,1]}]},{"b":5,"s":[{"p":[3.352761E-08,-3.72529E-08,0.08541801],"r":[-3.329718E-05,-1.024528E-05,-2.561321E-05],"s":[0.04095458,0.04095452,0.04095445],"c":[1,0,0],"b":["when touches hand then say \"no u\"","when touched then become next in 0.5s"]},{"p":[-2.188608E-08,5.960464E-08,0.07525086],"r":[-1.017778E-12,-6.830189E-06,-1.707547E-05],"s":[0.04095465,0.04095456,0.04095448],"c":[1,0,0],"b":["when starts then become next in 0.5s"]}]}]}