{"v":9,"a":[31],"p":[{"b":196,"t":9,"s":[{"p":[-0.02933555,-0.0730058,0.01385924],"r":[354.869,11.04692,162.1869],"s":[0.1316449,0.1653343,0.1316449],"c":[0.2962961,0.5079361,0.6666667]}]},{"b":16,"t":9,"s":[{"p":[0,0,0],"r":[0,0,0],"s":[0.1000047,0.1878829,0.1000053],"c":[0.2962962,0.5079361,0.6666667]}]}]}