{"n":"wall - gray","v":9,"a":[7],"p":[{"s":[{"p":[0,0,0],"r":[0,0,0],"s":[0.1500182,5.723153,5.389914],"c":[0.4444443,0.4444443,0.4444443]}]}]}