{"n":"dungeon start","v":9,"a":[7,18],"p":[{"b":60,"s":[{"p":[0,0,0],"r":[0,0,0],"s":[0.1250002,0.1250002,0.1250056],"c":[1,1,1]}]}]}