{"v":9,"p":[{"b":3,"t1":157,"s":[{"p":[0,0,0],"r":[0,0,0],"s":[0.2219921,0.2219919,0.2219919],"c":[0.654321,0.6049383,0.7777778],"t1":{"c":[0.5608466,0.5185186,0.6666667],"x":0.5,"y":0.5,"a":0.8925,"m":0,"n":0,"r":0,"g":0,"o":0.5,"t":0.5,"e":0.5}}]},{"b":3,"t1":157,"s":[{"p":[-0.05415356,0.05391736,-0.2403622],"r":[61.20257,270.0881,194.4084],"s":[0.1905078,0.05455548,0.06130861],"c":[0.654321,0.6049383,0.7777778],"t1":{"c":[0.5608466,0.5185186,0.6666667],"x":0.5,"y":0.5,"a":0.8925,"m":0,"n":0,"r":0,"g":0,"o":0.5,"t":0.5,"e":0.5}}]},{"b":3,"t1":157,"s":[{"p":[0.1553568,0.002628133,-0.2106436],"r":[82.05394,286.46,212.3892],"s":[0.190508,0.05455552,0.0613087],"c":[0.654321,0.6049383,0.7777778],"t1":{"c":[0.5608466,0.5185186,0.6666667],"x":0.5,"y":0.5,"a":0.8925,"m":0,"n":0,"r":0,"g":0,"o":0.5,"t":0.5,"e":0.5}}]}]}