{"n":" stone floor","v":9,"a":[7],"p":[{"t1":43,"s":[{"p":[0,0,0],"r":[0,0,0],"s":[5.304075,0.1752031,5.741826],"c":[1,0.7301587,0.4444443],"t1":{"c":[0,0,0],"x":0.5,"y":0.5,"a":0.8925,"m":0,"n":0,"r":0,"g":0.5675493,"o":0.5,"t":0.5,"e":0.5}}]}]}