{"n":"basic lamp","v":9,"a":[7],"p":[{"b":7,"s":[{"p":[0.02146436,0.05869865,-0.004653702],"r":[270,90.00002,0],"s":[0.1249976,0.1250779,0.1250573],"c":[0,0,0]}]},{"s":[{"p":[0.02061279,0.4047658,-0.007957291],"r":[270,90.00002,0],"s":[0.0261604,0.02830376,0.6456206],"c":[0.9714286,1,0]}]},{"b":194,"t":3,"s":[{"p":[0.0201093,0.7268013,-0.007779725],"r":[3.828216E-20,-1.673366E-27,180],"s":[0.0600865,0.06007997,0.06001161],"c":[1,1,1]}]}]}