{"n":"epic fruit","v":9,"a":[2,21],"p":[{"b":181,"a":[18],"pr":2,"c":[[0,0.6,0,22,23,-45,26,-3,23,51,1,2,-57,58,-57,-19,-22,24,-3,4,1,12,-32,24,-1,2,-21,24,89,-90,93,-91,96,-9,5,3,-94,22,77,-1,7,-84,83,-87,-21,22,-26,20,-3,1,19,-38,20,-10,29,-27,61,-56,23,35,-38,40,-5,2,2]],"s":[{"p":[0,0,0],"r":[0,0,0],"s":[0.03580532,0.05313418,0.03672118],"c":[0.02539681,0.2222221,0],"b":["when consumed then tell eat","told eat then is person.level += 1","when told eat then play epic horns with 200% ","when told eat then resize nearby to 125","when told eat then destroy all parts with burst 2 force bouncy slidy self-uncollidable 0.5 shrink"],"pr":{"c":[0.984127,1,0.4444444],"m":0.08472872,"a":0.25,"s":0.0745174,"z":1,"g":0.5,"h":0.25}}]},{"b":181,"v":0,"s":[{"p":[0.0002727513,0.002391756,-0.0005378723],"r":[1.001791E-05,7.118155E-20,8.142219E-13],"s":[0.0340579,0.05138185,0.03497375],"c":[0.626455,0.8888889,0.5925926]}]},{"b":3,"s":[{"p":[2.670817E-05,0.03007632,-0.0002365113],"r":[1.001791E-05,7.118155E-20,8.142219E-13],"s":[0.03381833,0.04257563,0.02978342],"c":[0.6666667,0.5502645,0.2962962]}]}]}