{"v":9,"a":[7,12,18,31],"p":[{"b":16,"s":[{"p":[0.0007996697,-0.000160575,0.1654663],"r":[-5.122642E-06,90,270],"s":[0.03791335,0.1160306,0.04087371],"c":[0.333333,0.333333,0.333333]}]},{"b":4,"a":[12,37],"s":[{"p":[0,0,0],"r":[0,0,0],"s":[0.03043436,0.03043428,0.03044806],"c":[1,1,1],"b":["when starts then all parts face nearest birel"]}]},{"b":69,"i":[{"t":"5cfc77a9b89f811412fe6b03","p":[0.001526811,-0.1051025,0.001287527],"r":[89.23895,331.0161,61.01823]}],"s":[{"p":[0.0007845385,-0.0009250641,0.2541981],"r":[-8.537737E-06,90,270],"s":[0.04580092,0.0642131,0.04580238],"c":[0.4938272,0.8888889,0.584127]}]}]}