{"n":"respawn point","v":9,"a":[7],"p":[{"s":[{"p":[0,0,0],"r":[0,0,0],"s":[0.7579609,0.7586163,0.02118284],"c":[1,1,1]}]}]}