{"v":9,"a":[7,18,31,48,49],"p":[{"b":205,"i":[{"t":"5ce9bdb804545a31e71848bd","p":[2.377909E-07,-0.003589695,0.3107433],"r":[270,90.00002,0],"n":"knee2","a":[48,49]}],"s":[{"p":[0,0,0],"r":[0,0,0],"s":[0.02198799,0.02198796,0.02198792],"c":[1,1,1],"b":["when starts then project"]}]},{"b":205,"s":[{"p":[0,-7.450581E-09,-0.09229601],"r":[0,0,0],"s":[0.02198841,0.02198896,0.02198863],"c":[1,1,1]}]}]}