{"v":9,"p":[{"b":5,"s":[{"p":[0,0,0],"r":[0,0,-1.707547E-06],"s":[0.006987536,0.006987475,0.06174547],"c":[1,0.8571429,0]}]}]}