{"v":9,"a":[22],"p":[{"s":[{"p":[0.001784336,0.002227496,-0.05476123],"r":[-1.707548E-06,-5.122642E-06,-5.122642E-06],"s":[0.08600146,0.02346113,0.02974674],"c":[1,1,1]}]},{"s":[{"p":[0,0,0],"r":[-1.707548E-06,-5.122642E-06,-5.122642E-06],"s":[0.1751151,0.02342959,0.02968238],"c":[1,1,1]}]},{"s":[{"p":[0.04417933,-0.001362145,0.04988164],"r":[-1.707548E-06,-5.122642E-06,-5.122642E-06],"s":[0.08600742,0.02346217,0.02975177],"c":[1,1,1]}]},{"s":[{"p":[-0.07311029,-0.0007006712,0.05796978],"r":[-1.207418E-06,270,6.037091E-06],"s":[0.08602679,0.02346386,0.02975836],"c":[1,1,1]}]}]}