{"v":9,"a":[31,48],"p":[{"b":3,"t":3,"s":[{"p":[0,0,0],"r":[0,0,-1.067217E-06],"s":[0.3560344,0.3560342,0.3560343],"c":[1,1,1]}]}]}