{"v":9,"a":[2],"p":[{"b":14,"t":7,"s":[{"p":[0,0,0],"r":[0,0,4.268868E-07],"s":[0.06000064,0.06000069,0.06000048],"c":[0.5555556,0.0617281,0.4003523]}]}]}