{"v":9,"a":[4,29],"tp_lr": [0,1,0],"p":[{"b":101,"e":"THEFVHOUSE","s":[{"p":[0,0,0],"r":[0,0,0],"s":[0.05000007,0.04999998,0.05000005],"c":[1,1,1]}]}]}