{"n":"power cell","v":9,"a":[2,7,18,49],"p":[{"b":144,"t":1,"s":[{"p":[-1.245365E-05,0.02705765,-0.0007266976],"r":[-4.829676E-06,180,270],"s":[0.0606461,0.01769221,0.0176927],"c":[0.3333332,0.3333332,0.3333332]}]},{"b":144,"t":1,"s":[{"p":[-1.245365E-05,0.02676964,-0.0007266976],"r":[-4.829676E-06,180,270],"s":[0.07129955,0.0163092,0.01631044],"c":[0.3333332,0.3333332,0.3333332]}]},{"b":144,"t":2,"s":[{"p":[-1.245551E-05,0.01951218,-0.0007266983],"r":[-4.829676E-06,180,270],"s":[0.06451106,0.009520223,0.009521489],"c":[0.2857141,1,0]}]},{"a":[12,38],"s":[{"p":[-0.001489219,0.02957154,-0.003059386],"r":[5.757419E-13,4.853141E-20,90.00001],"s":[0.09731669,0.04494485,0.04494242],"c":[1,1,1],"b":["when touches slot then destroy all parts"]}]}]}