{"v":9,"a":[5,7,18],"p":[{"s":[{"p":[0,0,0],"r":[0,0,0],"s":[1.179629,0.03420594,1.190776],"c":[0.222222,0.222222,0.222222]}]}]}