{"v":9,"a":[7,18,48],"p":[{"s":[{"p":[0,0,0],"r":[0,0,0],"s":[23.04121,0.0280743,14.27818],"c":[0.05079354,0.4444443,0]}]}]}