{"n":"door hinge","v":9,"a":[7],"p":[{"b":63,"a":[12,37,36],"i":[{"t":"5d04ca4e4b4dcb062a896d4b","p":[-0.4199867,-0.0002326965,-0.04718781],"r":[0,0,180]}],"s":[{"p":[0,0,0],"r":[0,0,0],"s":[0.1250525,0.174943,0.1250628],"c":[1,1,1],"b":["when told by any pd-interactsuccess then become 2 in 1s"]}]}]}