{"v":9,"a":[1,2,3,7,12,18,45],"p":[{"a":[12,37],"s":[{"p":[0.005599977,-0.0008093115,-1.164153E-10],"r":[0,0,90],"s":[0.08320305,0.08320232,0.083217],"c":[1,1,1],"b":["when told slower then rotate forward with 10","when told faster then rotate forward with 20","when told fast then rotate forward with 1000"]}]},{"b":146,"s":[{"p":[0,-0.001391888,0],"r":[0,0,270],"s":[0.07143857,0.08012528,0.08012446],"c":[0.8,0,1],"b":["when touches fatrc then tell faster","when touches slotrc then tell slower","when touches ramrc then tell fast"]}]}]}