{"v":9,"a":[2,7,12,18,21,45],"p":[{"b":56,"s":[{"p":[0,0,0],"r":[2.035555E-13,-5.008957E-06,270],"s":[0.07943521,0.07943571,0.07943858],"c":[1,1,1]}]},{"s":[{"p":[0,0,0],"r":[-1.900031E-13,-1.593862E-06,2.642766E-21],"s":[0.03653124,0.03652319,0.03653068],"c":[1,1,1],"b":["when starts then rotate forward with 100"]}]}]}