{"v":9,"p":[{"b":13,"s":[{"p":[0,0,0],"r":[0,0,0],"s":[0.1097261,0.06000012,0.06000015],"c":[1,1,1]}]},{"b":68,"s":[{"p":[0.002369691,-0.004032254,-0.2290977],"r":[4.070478,359.1765,1.088318],"s":[0.1000004,0.1000004,0.1615569],"c":[1,1,1]}]}]}