{"v":9,"a":[7,18],"p":[{"s":[{"p":[0,0,0],"r":[0,0,7.656432E-20],"s":[4.832905,0.1223827,2.742572],"c":[0.3333332,0.2433861,0.148148]}]}]}