{"n":"rail","v":9,"a":[1,2,12,15],"p":[{"a":[12,37],"s":[{"p":[0,0,0],"r":[5.122643E-06,-1.366038E-05,9.818396E-06],"s":[0.03847245,0.05994693,0.06331775],"c":[1,1,1]}]},{"b":195,"t":3,"t1":75,"s":[{"p":[0.01264055,-0.009619467,-0.03293768],"r":[354.0438,88.76669,84.50671],"s":[0.008357896,0.054128,0.008362098],"c":[0.7777778,0.5876543,0.1728393],"t1":{"c":[0.2222221,0.1262786,0.02469136],"x":0.5,"y":0.5,"a":0.8925,"m":0,"n":0,"r":0,"g":0,"o":0.5,"t":0.5,"e":0.5}}]}]}