{"n":"increment secret","v":9,"p":[{"s":[{"p":[0,0,0],"r":[0,0,0],"s":[0.08063896,0.07984248,0.1750005],"c":[0,1,0.5714287],"b":["when touched then is area.secret++, become next in 0.5s"]},{"p":[-0.0007092449,0.001245584,0.01419693],"r":[358.3976,359.4193,44.38169],"s":[0.04887477,0.04979583,0.1750005],"c":[0,1,0.5714287],"b":["when starts then become next in 0.2s"]}]}]}