{"n":"secret text1","v":9,"a":[7],"p":[{"b":132,"e":"[AREA.SECRET VALUE]","s":[{"p":[0,0,0],"r":[0,0,-1.600826E-07],"s":[0.003,0.003000004,0.003000002],"c":[0,1,0.2285714]}]}]}