{"v":9,"a":[7,18],"p":[{"i":[{"t":"5d057487eade992adedc95aa","p":[0.1579734,0.006002935,0.001795486],"r":[-3.001548E-06,0.305485,90.38463],"a":[48,49]}],"s":[{"p":[-0.001521096,-0.00316167,0.1580666],"r":[90,270,0],"s":[0.3220068,0.07962209,0.03200943],"c":[0,0.1269839,0.5555556]}]},{"b":4,"a":[12],"s":[{"p":[2.130456E-10,0.002436877,5.960465E-08],"r":[-1.001791E-05,4.378969E-13,-3.828217E-20],"s":[0.04182311,0.03822777,0.01831953],"c":[1,1,1],"b":["when starts then all parts face nearest elbowr"]}]}]}