{"v":9,"a":[7,18,21,31],"p":[{"i":[{"t":"5d057317b668ff063315c34f","p":[0.1758821,0.002669796,-0.005039543],"r":[-4.82967E-06,-1.931869E-05,270],"a":[48,49]}],"s":[{"p":[-0.01452063,-0.004817963,0.1547133],"r":[90,270,0],"s":[0.323875,0.08008359,0.03219483],"c":[0,0.1269839,0.5555556]}]},{"b":4,"a":[12],"s":[{"p":[-0.004713059,4.120287E-10,-4.656613E-10],"r":[-1.001791E-05,4.378969E-13,-3.828217E-20],"s":[0.04206481,0.03844871,0.01842538],"c":[1,1,1],"b":["when starts then all parts face nearest elbow"]}]}]}