{"n":"t1","v":9,"a":[31],"p":[{"b":3,"t":7,"s":[{"p":[0,0,0],"r":[0,0,0],"s":[0.01982358,0.01982349,0.01982354],"c":[0.5555556,0.1851851,0.1851851]}]}]}