{"v":9,"a":[31,49],"p":[{"b":3,"t":2,"s":[{"p":[0,0,0],"r":[0,0,0],"s":[0.006311176,0.006311167,0.006311197],"c":[1,0,0.3428572],"b":["when starts then trail start with thick-end 0.1"]}]}]}