{"v":9,"a":[22,31],"p":[{"b":205,"t":11,"a":[32],"s":[{"p":[-0.07053423,0.005285501,-0.0464418],"r":[9.659347E-06,0,270],"s":[0.04512228,0.04515183,0.07042836],"c":[0.04938262,0.2074071,0.4444443]}]},{"b":205,"t":11,"s":[{"p":[0.0009324701,0.02022374,-0.151048],"r":[0,180,180],"s":[0.04502572,0.02522601,0.1304832],"c":[0.04938262,0.2074071,0.4444443]}]},{"b":62,"t":2,"s":[{"p":[0.0001873896,-0.001032829,0.09023739],"r":[0,90,270],"s":[0.0307445,0.03075077,0.03079613],"c":[1,0.6857142,0]}]}]}