{"v":9,"a":[50],"p":[{"b":60,"a":[42],"su":[{"i":"5d06a2ccd51b5f3a6ca7b9ac","t":"5d069a46d7e1467e737b7ab0","p":[0.0435427,-0.407737,-0.206429],"r":[32.29226,4.084145,7.231885]}],"s":[{"p":[0,0,0],"r":[0,0,0],"s":[0.07423788,0.06590971,0.0727402],"c":[1,1,1]}]}]}