{"v":9,"a":[22,20],"p":[{"t1":27,"s":[{"p":[0,0,0],"r":[0,0,0],"s":[1.52492,0.1759612,2.526646],"c":[0.5555556,0.3809521,0],"t1":{"c":[0,0,0],"x":0.6636176,"y":0.689828,"a":0.8925,"m":0,"n":0.1306468,"r":0,"g":0,"o":0.5,"t":0.5,"e":0.5}}]},{"t1":27,"s":[{"p":[-8.419897,-0.004081249,-0.1047316],"r":[0,0,0],"s":[1.526956,0.1760938,2.528445],"c":[0.5555556,0.3809521,0],"t1":{"c":[0,0,0],"x":0.6636176,"y":0.689828,"a":0.8925,"m":0,"n":0.1306468,"r":0,"g":0,"o":0.5,"t":0.5,"e":0.5}}]},{"b":5,"t":9,"id":"5b5dd7a22126fc09e8b6f054","t1":27,"s":[{"p":[-5.099334,0.00665307,1.026963],"r":[-8.537737E-06,90,315],"s":[0.02052601,0.02053183,12.78708],"c":[0,0,0],"t1":{"c":[0,0,0],"x":0.5,"y":0.5,"a":0.8925,"m":0,"n":0,"r":0,"g":0,"o":0.5,"t":0.5,"e":0.5}}]},{"b":5,"t":9,"t1":27,"ac":{"id":"5b5dd7a22126fc09e8b6f054","c":15},"s":[{"p":[-5.164762,0.005681992,0.9017007],"r":[-1.451415E-05,90,337.5],"s":[0.02055933,0.02057815,12.8257],"c":[0,0,0],"t1":{"c":[0,0,0],"x":0.5,"y":0.5,"a":0.8925,"m":0,"n":0,"r":0,"g":0,"o":0.5,"t":0.5,"e":0.5}}]}]}