{"v":9,"p":[{"s":[{"p":[0.2968098,0.2600056,-0.04066394],"r":[333.8738,42.26509,51.22282],"s":[0.1750014,0.1750015,0.1750015],"c":[1,1,1]}]},{"s":[{"p":[0.2206492,0.2958242,0.1246639],"r":[304.1569,338.3759,71.07451],"s":[0.1750015,0.1766438,0.177695],"c":[1,1,1]}]},{"s":[{"p":[-0.2406658,-0.1688453,0.1786398],"r":[40.50369,311.593,8.865958],"s":[0.1750013,0.1750012,0.1750011],"c":[1,1,1]}]},{"s":[{"p":[0.1387793,0.08053386,0.1320186],"r":[356.6945,25.7684,7.024263],"s":[0.1750013,0.1750012,0.1750013],"c":[1,1,1]}]}]}