{"v":9,"p":[{"b":4,"s":[{"p":[0,0,0],"r":[0,0,4.268868E-07],"s":[0.1250002,0.1250002,0.1250003],"c":[1,1,1]}]}]}