{"v":9,"a":[5,7,18],"p":[{"b":20,"e":"Hey, I said you'll NEED it.","s":[{"p":[-0.1363449,0.01502228,0.2086141],"r":[90,-1.001791E-05,0],"s":[0.002999883,0.003000177,0.003000668],"c":[0,0,0]}]},{"b":13,"s":[{"p":[-0.01651955,-2.980232E-08,0.1891864],"r":[0,0,0],"s":[0.08651701,0.008731833,0.03257134],"c":[0.7777778,0.6962963,0.5185185]}]},{"s":[{"p":[0.04936029,0.01450345,0.1819739],"r":[0,0,0],"s":[0.05323509,0.000999974,0.001495971],"c":[0.111111,0.111111,0.111111]}]}]}