{"v":9,"p":[{"b":5,"s":[{"p":[-0.09849283,0.03408879,0.0675393],"r":[20.66167,65.65002,346.9583],"s":[0.05948769,0.06442487,0.1590622],"c":[0,0.3809522,0.6666667]}]},{"b":5,"s":[{"p":[0.007989834,-0.002568255,-0.004257306],"r":[1.510539,358.2987,1.9899],"s":[0.0594877,0.06442484,0.1590625],"c":[0,0.3809522,0.6666667]}]},{"b":5,"s":[{"p":[0.008703147,0.004099742,-0.06466393],"r":[1.351414,358.1256,339.7728],"s":[0.06521633,0.06751086,0.01902203],"c":[1,1,1]}]},{"b":5,"s":[{"p":[-0.1387054,0.05784373,0.04781827],"r":[15.89581,61.67035,323.1242],"s":[0.06521634,0.06751088,0.01902203],"c":[1,1,1]}]}]}