{"v":9,"a":[7,18],"p":[{"s":[{"p":[0,0,0],"r":[0,0,0],"s":[2500,0.02399447,2500],"c":[0.03809522,0.3333332,0]}]}]}