{"n":"ground","v":9,"a":[1,22,18],"p":[{"b":17,"t1":162,"s":[{"p":[0,0,0],"r":[0,0,3.335053E-07],"s":[2.490971,0.001000001,1.570596],"c":[0.9019608,0.8509804,0.7215686],"b":["when "],"t1":{"c":[0.3456789,0.7777778,0.1728395],"x":0.5,"y":0.5,"a":0.8925,"m":0,"n":0,"r":0,"g":0,"o":0.5,"t":0.5,"e":0.5}}]}]}