{"v":9,"a":[7,31],"p":[{"b":114,"t":2,"e":"PLAYER 2","s":[{"p":[0.1042887,-0.0362829,0.0132837],"r":[2.442666E-12,3.256888E-12,180],"s":[0.007100429,0.007100273,0.007100204],"c":[1,0,0.5142856],"b":["when starts then all parts face view"]}]},{"b":205,"a":[12,37],"s":[{"p":[0,0,0],"r":[6.157142E-14,-6.157151E-14,1.001791E-05],"s":[0.02517335,0.02516439,0.02517092],"c":[1,1,1]}]}]}