{"n":"keysproj","v":9,"a":[2,7,15,18,21],"p":[{"b":73,"t":2,"pr":28,"s":[{"p":[0,0,0.002271652],"r":[0,0,8.537737E-06],"s":[0.06617367,0.06617323,0.06617428],"c":[1,0.5142855,0],"pr":{"c":[0.7777778,0.1728395,0.1728395],"m":0.3695545,"a":0.25,"s":0.15,"z":0.25,"g":0.5,"h":0.25}}]},{"b":73,"t":7,"pr":28,"s":[{"p":[0,0,0.001819611],"r":[0,0,0],"s":[0.07969457,0.07969502,0.07969521],"c":[1,0,0],"pr":{"c":[0.7777778,0.1728395,0.1728395],"m":0.3695545,"a":0.25,"s":0.15,"z":0.25,"g":0.5,"h":0.25}}]}]}