{"v":9,"a":[7],"p":[{"s":[{"p":[0,0,0],"r":[0,0,0],"s":[2.98252,3.361876,0.2175851],"c":[0.626455,0.8888889,0.5925926]}]}]}