{"v":9,"a":[7,18],"p":[{"s":[{"p":[0,0,0],"r":[0,0,0],"s":[17.00163,0.06719874,6.242154],"c":[0.3333332,0.2433861,0.148148]}]}]}