{"v":9,"p":[{"b":139,"e":"LAB IDEAS","s":[{"p":[0,0,0],"r":[0,0,-5.336085E-08],"s":[0.01108343,0.01108344,0.01108344],"c":[0,0,0]}]}]}