{"v":9,"p":[{"b":36,"t1":29,"t2":13,"s":[{"p":[0,0,0],"r":[0,0,0],"s":[0.3100196,0.2241296,1.22612],"c":[0.06349195,0.2222221,0],"t1":{"c":[0.1516754,0.2222221,0.1234567],"x":0.5,"y":0.5,"a":0.8925,"m":0,"n":0,"r":0,"g":0,"o":0.5,"t":0.5,"e":0.5},"t2":{"c":[0,0,0],"x":0.17,"y":0.17,"a":0.8925,"m":0.5,"n":0.5,"r":0,"g":0,"o":0.5,"t":0.5,"e":0.5}}]},{"b":36,"t1":29,"t2":13,"s":[{"p":[-0.6876386,-0.1157547,-1.084223],"r":[0.9514285,256.981,159.7393],"s":[0.2771558,0.335954,1.107363],"c":[0.06349195,0.2222221,0],"t1":{"c":[0.1516754,0.2222221,0.1234567],"x":0.5,"y":0.5,"a":0.8925,"m":0,"n":0,"r":0,"g":0,"o":0.5,"t":0.5,"e":0.5},"t2":{"c":[0,0,0],"x":0.17,"y":0.17,"a":0.8925,"m":0.5,"n":0.5,"r":0,"g":0,"o":0.5,"t":0.5,"e":0.5}}]},{"b":36,"t1":29,"t2":13,"s":[{"p":[-0.6800968,0.0469259,-0.965104],"r":[332.1806,267.0287,142.3944],"s":[0.3100219,0.5169266,1.358201],"c":[0.06349195,0.2222221,0],"t1":{"c":[0.1516754,0.2222221,0.1234567],"x":0.5,"y":0.5,"a":0.8925,"m":0,"n":0,"r":0,"g":0,"o":0.5,"t":0.5,"e":0.5},"t2":{"c":[0,0,0],"x":0.17,"y":0.17,"a":0.8925,"m":0.5,"n":0.5,"r":0,"g":0,"o":0.5,"t":0.5,"e":0.5}}]}]}