{"v":9,"a":[22,18],"p":[{"t1":34,"s":[{"p":[-0.2545338,-0.1322937,0.05372524],"r":[7.075837E-06,45,-8.158508E-06],"s":[0.177791,0.08811177,0.04341255],"c":[0.3333332,0.1714284,0],"t1":{"c":[0.6666667,0.4507936,0.2222221],"x":0.5,"y":0.5,"a":0.8925,"m":0,"n":0,"r":0,"g":0,"o":0.5,"t":0.5,"e":0.5}}]},{"t1":34,"s":[{"p":[-0.2545339,-0.5301208,0.05372518],"r":[7.075837E-06,45,-8.158508E-06],"s":[0.1777951,0.08811668,0.04341634],"c":[0.3333332,0.1714284,0],"b":["when told by nearby a then destroy all parts with burst"],"t1":{"c":[0.6666667,0.4507936,0.2222221],"x":0.5,"y":0.5,"a":0.8925,"m":0,"n":0,"r":0,"g":0,"o":0.5,"t":0.5,"e":0.5}}]}]}