{"n":"drawer","v":9,"a":[2],"p":[{"s":[{"p":[0.01423403,-0.6435023,-0.09958982],"r":[4.07111E-13,270,180],"s":[0.008212183,0.3695586,0.1068158],"c":[0.7777778,0.7407408,0.5185185]}]}]}