{"v":9,"p":[{"b":3,"s":[{"p":[0,0,0],"r":[0,0,0],"s":[0.2183407,0.2200598,0.1891514],"c":[1,1,1]}]}]}