{"n":"bullet hand","v":9,"a":[27],"p":[{"t1":168,"s":[{"p":[0,0,0],"r":[0,0,0],"s":[0.1128487,0.1750046,0.08470953],"c":[1,0.9047619,0.3333328],"t1":{"c":[0,0,0],"a":0.05}}]}]}