{"v":9,"p":[{"b":95,"e":"MILK","s":[{"p":[-0.04151918,0.06591032,0.04678011],"r":[90,0,0],"s":[0.003000956,0.003000105,0.003000967],"c":[1,1,1]}]},{"b":5,"t1":128,"s":[{"p":[-0.002895355,0.001409531,0.09130824],"r":[0,0,337.5],"s":[0.0095763,0.009576719,0.0870669],"c":[0.5555556,0.5555556,0.5555556],"t1":{"c":[1,1,1],"x":0.5,"y":0.6700208,"a":0.8925,"m":0,"n":0,"r":0,"g":0,"o":0.5,"t":0.5,"e":0.5}}]},{"b":60,"t1":128,"s":[{"p":[0,0,0],"r":[0,0,0],"s":[0.1250441,0.1250315,0.1858426],"c":[0.5555556,0.5555556,0.5555556],"t1":{"c":[1,1,1],"x":0.5,"y":0.6700208,"a":0.8925,"m":0,"n":0,"r":0,"g":0,"o":0.5,"t":0.5,"e":0.5}}]},{"b":95,"e":"WHOLE","s":[{"p":[0.0009384155,0.06258011,0.08045018],"r":[90,-9.659345E-06,0],"s":[0.00146638,0.001463465,0.001466249],"c":[1,1,1]}]}]}