{"v":9,"p":[{"b":3,"a":[12],"i":[{"t":"5d0d8d818f25512ea6c33cb3","p":[0.0617668,0.1727035,0.2468999],"r":[300.276,359.1563,39.26808]},{"t":"5d0d8d427ae1052e9a56356d","p":[0.8428704,0.1436575,0.7370478],"r":[290.8878,342.3253,57.51853]},{"t":"5d0d8d349942ef062b2c0cc5","p":[1.286753,-0.1182443,1.668478],"r":[287.3937,343.9001,54.40926]}],"s":[{"p":[0,0,0],"r":[0,0,0],"s":[0.1250003,0.1250003,0.1250003],"c":[1,1,1]}]}]}