{"v":9,"a":[31],"inc":[["thing","5d0d464cde95277ec47236b3"]],"p":[{"b":3,"s":[{"p":[-0.01989273,-0.02675058,0.01016976],"r":[4.754762,3.649934,345.145],"s":[0.1025965,0.1025965,0.1025965],"c":[0,0,0],"b":["when touched then emit gravity-free thing"]}]},{"b":37,"s":[{"p":[-0.01591344,0.02501343,0.01510159],"r":[33.938,264.3964,171.7341],"s":[0.04430253,0.04430249,0.04430265],"c":[0.3333332,0.2518517,0.07407392]}]},{"b":3,"t":7,"s":[{"p":[-0.01739001,-0.0303068,0.01227458],"r":[335.7688,331.2538,13.31368],"s":[0.1250005,0.1250001,0.1250002],"c":[0,0,0]}]}]}