{"v":9,"a":[2],"p":[{"b":198,"s":[{"p":[0,0,0],"r":[0,0,0],"s":[0.06000002,0.06000001,0.06000004],"c":[0,1,1]}]},{"b":42,"s":[{"p":[-0.07466201,-0.01761131,0.06581515],"r":[71.30495,2.946781,270.2125],"s":[0.1250001,0.2975591,0.1250001],"c":[0,1,1]}]},{"b":73,"s":[{"p":[0.1894617,0.06262027,0.005076021],"r":[292.2767,158.815,179.7704],"s":[0.07086794,0.07086787,0.0708679],"c":[0,0,0]}]},{"b":73,"s":[{"p":[-0.1885068,0.04411767,0.009484038],"r":[323.3388,190.265,178.7909],"s":[0.07086802,0.07086793,0.07086797],"c":[0,0,0]}]}]}