{"v":9,"a":[2,7,18],"p":[{"b":56,"t":21,"t1":168,"t2":167,"s":[{"p":[0,0,0],"r":[0,0,0],"s":[0.09522572,0.09522583,0.09522571],"c":[0,0,0],"t1":{"c":[0,0,0],"a":0.05},"t2":{"c":[0,0,0],"a":0.75}}]},{"b":56,"t":21,"t1":168,"t2":167,"s":[{"p":[0,0.008160591,0],"r":[0,0,0],"s":[0.1802231,0.09522701,0.163797],"c":[0,0,0],"t1":{"c":[0,0,0],"a":0.05},"t2":{"c":[0,0,0],"a":0.75}}]},{"b":56,"t":21,"t1":168,"t2":167,"s":[{"p":[0.00294733,0,0],"r":[0,0,8.537737E-06],"s":[0.05829932,0.09522706,0.07437936],"c":[0,0,0],"t1":{"c":[0,0,0],"a":0.05},"t2":{"c":[0,0,0],"a":0.75}}]},{"b":60,"t":21,"t1":168,"s":[{"p":[0.006826878,0.01730251,0.001208544],"r":[90,-9.659346E-06,0],"s":[0.1250152,0.1250012,0.0147292],"c":[0,0,0],"b":["when touches face then send one nearby to thedarkness in my soul"],"t1":{"c":[0,0,0],"a":0.05}}]}]}