{"v":9,"a":[5,7,18],"p":[{"s":[{"p":[0,0,0],"r":[0,0,0],"s":[24.38991,3.144303,0.04513094],"c":[0.3333332,0.3333332,0.3333332]}]}]}