{"v":9,"a":[5,7,13,18],"p":[{"t1":66,"s":[{"p":[-0.08949185,-0.3122929,9.927409],"r":[2.003584E-05,180,0],"s":[10.98631,1.752622,0.6919542],"c":[0.4444443,0.3456789,0.3456789],"t1":{"c":[0.8888889,0.8888889,0.8888889],"x":0.5399733,"y":0.689064,"a":1,"m":0,"n":0,"r":0,"g":0,"o":0.5,"t":0.5,"e":0.5}}]},{"t1":66,"s":[{"p":[-5.898811,-0.3096958,4.781103],"r":[-1.628444E-12,90,-1.001792E-05],"s":[10.98631,1.752622,0.6919543],"c":[0.4444443,0.3456789,0.3456789],"t1":{"c":[0.8888889,0.8888889,0.8888889],"x":0.5399733,"y":0.689064,"a":1,"m":0,"n":0,"r":0,"g":0,"o":0.5,"t":0.5,"e":0.5}}]}]}