{"v":9,"a":[48,49],"p":[{"a":[36,39],"s":[{"p":[0,0,0],"r":[0.0001366037,0.0001468491,3.585867E-05],"s":[0.1750004,0.1750003,0.1750004],"c":[1,1,1],"b":["when neared then tell nearby b, become next in 1s"]},{"p":[-0.4462202,-0.01050662,-0.05932474],"r":[359.2524,4.180744,355.3189],"s":[0.1750002,0.1750003,0.1750003],"c":[1,1,1],"b":["when starts then tell nearby a"]}]}]}