{"v":9,"p":[{"s":[{"p":[0,0,0],"r":[-1.707547E-06,1.053558E-14,-7.070312E-07],"s":[0.05867636,0.09056917,0.250149],"c":[1,1,1]}]},{"b":14,"s":[{"p":[0.2436844,0.2732311,-0.1606743],"r":[329.7072,298.8658,324.4298],"s":[0.00283825,0.003337093,0.0113918],"c":[1,1,1]}]}]}