{"n":"ggb hand","v":9,"a":[7,21,29],"p":[{"b":73,"t":14,"c":[[0.299,0.317,-0.206,95,157],[0.077,0.398,-0.236,107],[0.249,0.348,-0.212,94],[0.1907042,0.2645001,-0.2259395,486],[0.181,0.39,-0.227,102],[0.123,0.2,-0.252,493],[0.02900001,0.2001619,-0.2351855,494],[-0.075,0.205,-0.252,513],[0.01524749,0.2809746,-0.2531782,490],[0.1057663,0.2763042,-0.2463984,488],[-0.082,0.342,-0.255,167,333],[0.349,0.248,-0.22,251],[0.266,0.276,-0.245,92,162,230],[0.023,0.343,-0.265,113,378],[0.161,0.332,-0.255,103,384],[-0.006,0.419,-0.246,112],[-0.103,0.392,-0.245,168],[-0.178,0.378,-0.235,166],[-0.264,0.332,-0.236,162],[-0.313,0.292,-0.232,161,260],[0.087,0.341,-0.249,108,381],[-0.192,0.354,-0.249,165,337],[-0.173,0.269,-0.243,501],[-0.07527124,0.2763042,-0.2463984,499],[-0.151,0.182,-0.256,511],[-0.26,0.177,-0.249,508],[-0.247,0.254,-0.254,503],[-0.294,0.246,-0.23,418,87],[-0.28,0.281,-0.22,164,256,86],[-0.355,0.239,-0.227,419],[-0.4,0.165,-0.246,417],[-0.411,0.074,-0.25,414],[-0.321,0.168,-0.245,416,91],[-0.337127,0.08450674,-0.2301274,415,94],[-0.342691,-0.003883616,-0.2356914,397,58],[-0.17,0.119,-0.252,512],[-0.2612267,0.09042957,-0.2463984,510],[-0.064,0.122,-0.266,514],[0.04,0.112,-0.253,497],[-0.157,0.018,-0.259,456],[0.042,0.014,-0.239,458],[-0.265902,-0.0001312094,-0.2531782,454],[-0.3359698,-0.09106027,-0.2289702,395,55],[-0.412,-0.004,-0.247,398],[-0.411581,-0.09141712,-0.2172632,396],[-0.3912367,-0.1760826,-0.2054761,394],[-0.3595863,-0.2497081,-0.190271,390],[-0.311,-0.308,-0.201,36,353],[-0.249,-0.353,-0.207,35],[-0.1808779,-0.3864416,-0.2054761,42],[-0.09621253,-0.4067858,-0.2172632,45],[-0.006000052,-0.413568,-0.2219263,8],[0.08421227,-0.4067858,-0.2172632,6],[0.185,-0.401,-0.223,4],[0.262,-0.351,-0.208,2],[0.315,-0.298,-0.217,0,182,288],[0.174,-0.342,-0.245,5,468],[0.103,-0.348,-0.249,7,469],[0.01100017,-0.3555146,-0.2345147,9,434],[-0.0770602,-0.3499702,-0.2289702,44,397],[-0.157,-0.335,-0.222,41,398],[-0.228,-0.31,-0.227,37,400],[-0.268,-0.278,-0.227,38,354,42],[-0.289,-0.247,-0.22,391,44],[-0.3203472,-0.1731415,-0.2133476,393,52],[-0.2484606,-0.1741254,-0.2246675,444],[-0.221,-0.234,-0.223,436],[-0.154,-0.264,-0.238,438],[-0.07496484,-0.2747431,-0.2450117,440],[0.0152477,-0.2794062,-0.2517939,442],[0.107,-0.272,-0.255,477],[0.213,-0.257,-0.246,474],[0.262,-0.245,-0.244,467],[0.21,-0.183,-0.249,462],[0.122,-0.182,-0.251,460],[0.02900021,-0.1909025,-0.2338965,448],[-0.14,-0.164,-0.246,446],[-0.06550731,-0.1872966,-0.2256054,447],[-0.137,-0.064,-0.255,451],[-0.2602476,-0.08945996,-0.2450117,449],[-0.055,-0.076,-0.24,452],[0.04200026,-0.08679525,-0.2272324,453],[0.148,-0.09,-0.233,459],[-0.062,0.01,-0.237,457],[0.14,0.02,-0.244,498],[0.1410876,0.1122379,-0.218956,496],[0.216,0.105,-0.251,495],[0.218,-0.001,-0.246,475],[0.228,-0.082,-0.237,461],[0.308,-0.087,-0.236,463],[0.326,0.077,-0.254,479],[0.331,-0.016,-0.25,472],[0.318,-0.24,-0.236,183,285],[0.35,-0.159,-0.246,193,273],[0.374,-0.09,-0.244,198,267],[0.366,-0.005,-0.241,203,268],[0.381,0.083,-0.229,257,221],[0.342,0.148,-0.249,255,225],[0.28,0.215,-0.261,253,229],[0.3805089,0.1734474,-0.2064112,256],[0.399,0.069,-0.214,258],[0.409,-0.003,-0.223,202],[0.3995812,-0.09141712,-0.2172632,197],[0.3792369,-0.1760838,-0.2054761,192],[0.349,-0.247,-0.207,184],[0.306,-0.31,-0.202,1,184],[0.27,-0.164,-0.251,464],[0.27,0.179,-0.252,481],[0.246,0.244,-0.254,483],[0.201,0.177,-0.25,492],[0.228,0.335,-0.236,93,392],[-0.227,0.288,-0.247,163,341],[0.278,-0.313,-0.229,3,466],[0.419,0.176,-0.192,259]],"s":[{"p":[-0.000518799,-0.0006446837,0.001289368],"r":[0,0,-8.537737E-06],"s":[1.751763,1.751741,1.751089],"c":[0.6067019,0.4938272,0.8888889]}]},{"b":73,"t":14,"v":0,"s":[{"p":[-0.0007553103,-0.0008583068,0.001365662],"r":[0,0,-8.537737E-06],"s":[1.774438,1.774415,1.773733],"c":[0.6067019,0.4938272,0.8888889]}]},{"b":3,"t":7,"s":[{"p":[0.02670288,-0.01374054,-0.347538],"r":[0,0,180],"s":[0.7837576,0.7836551,0.1095061],"c":[0.2680773,0.1975306,0.4444442]}]}]}