{"v":9,"a":[48],"inc":[["thing","5d0f03ad3ec26c100c45d608"]],"p":[{"b":205,"a":[14],"s":[{"p":[0,0,0],"r":[0,0,1.067217E-07],"s":[0.04500553,0.04500203,0.04500201],"c":[1,1,1],"b":["when told by nearby stayahead then emit thing with 0, play voice scream with 140"]}]}]}