{"v":9,"a":[7],"p":[{"s":[{"p":[0,0,0],"r":[0,0,0],"s":[3.764597,0.2684124,3.955566],"c":[1,0.8380952,0.6666666]}]}]}