{"v":9,"a":[7,18],"p":[{"t":1,"s":[{"p":[0,0,0],"r":[0,0,0],"s":[2.020347,0.0672035,1.690216],"c":[0.6666667,0.6666667,0.6666667]}]}]}