{"v":9,"a":[7,18],"p":[{"s":[{"p":[0,0,0],"r":[0,0,0],"s":[0.1600705,3.441534,3.945654],"c":[1,0.8380952,0.6666666]}]}]}