{"v":9,"p":[{"b":174,"s":[{"p":[0.190713,0.02996989,-0.0653203],"r":[13.47163,140.1474,337.6912],"s":[0.03256377,0.04919744,0.03011537],"c":[0.2910051,0.5555556,0.1851851]}]}]}