{"v":9,"p":[{"s":[{"p":[0,0,0],"r":[0,0,0],"s":[0.1750004,0.1750001,0.1750002],"c":[1,1,1]}]},{"b":4,"s":[{"p":[0.007554202,-0.01674429,0.2059127],"r":[7.059883,359.5269,349.7399],"s":[0.1250003,0.1250002,0.1250001],"c":[1,1,1]}]}]}