{"n":"ground","v":9,"a":[7,18],"p":[{"b":12,"t1":4,"t2":28,"s":[{"p":[0,0,0],"r":[0,0,0],"s":[7.024539,0.06000047,8.833715],"c":[0.2031744,0.4444443,0],"t1":{"c":[0.2031745,0.4444444,0],"x":0.01759517,"y":0.0599163,"a":0.69625,"m":0.5,"n":0.5,"r":0,"g":0,"o":0.5,"t":0.5,"e":0.5},"t2":{"c":[0.2031745,0.4444444,0],"x":0.5,"y":0.5,"a":0.8925,"m":0,"n":0,"r":0,"g":0,"o":0.5,"t":0.5,"e":0.5}}]}]}