{"n":"emitted light","v":9,"a":[7,18,48],"inc":[["thing","5cfd0a06191c33141189fffa"]],"p":[{"i":[{"t":"5cfd0a527355cf252ae4bcf4","p":[5.960466E-08,-9.313226E-10,0.006545425],"r":[0,0,270]}],"s":[{"p":[1.192093E-07,-3.72529E-09,0.03367252],"r":[0,0,1.001791E-05],"s":[0.08349107,0.08697352,0.008384099],"c":[1,1,1],"b":["when told emit1 then tell emit2"]}]},{"s":[{"p":[1.78814E-07,-3.72529E-09,0.03822923],"r":[-6.171555E-06,270,-1.162596E-06],"s":[0.02667403,0.02667408,0.02667394],"c":[1,1,1],"b":["when starts then tell emit1, become next in 30s"]},{"p":[1.78814E-07,-3.72529E-09,0.03822923],"r":[-6.171555E-06,270,-1.162598E-06],"s":[0.03024522,0.03024503,0.03024499],"c":[1,1,1],"b":["when starts then become next"]}]},{"b":205,"s":[{"p":[1.78814E-07,-7.450581E-09,0.07300282],"r":[0,180,5.008957E-06],"s":[0.01292681,0.01292687,0.01292687],"c":[1,1,1],"b":["when told emit2 then emit thing"]}]}]}