{"v":9,"p":[{"s":[{"p":[0,0,0],"r":[0,0,1.387382E-06],"s":[0.01893368,0.04096103,0.1001936],"c":[0.6666667,0.6349207,0.4444443]}]}]}