{"v":9,"p":[{"s":[{"p":[0,0,0],"r":[0,0,6.403302E-07],"s":[0.1750011,0.4063092,0.05189878],"c":[1,1,1]}]},{"s":[{"p":[0.002505992,0.1751742,0.1775577],"r":[271.3743,27.84434,333.1466],"s":[0.1750016,0.4135103,0.04846467],"c":[1,1,1]}]},{"s":[{"p":[-0.005027412,-0.1693177,0.1870285],"r":[273.3251,140.2341,218.3672],"s":[0.1750017,0.4135106,0.04846472],"c":[1,1,1]}]},{"s":[{"p":[-0.0141898,0.001660571,0.3510882],"r":[359.7701,5.738956,356.1952],"s":[0.1750017,0.3510687,0.05189886],"c":[1,1,1]}]}]}