{"n":"tree trunk bunch","v":9,"a":[20],"p":[{"b":52,"s":[{"p":[0,0,0],"r":[0,0,0],"s":[0.4210136,2.38186,0.4210452],"c":[0.222222,0.160141,0.02469136]}]},{"b":52,"s":[{"p":[-0.4360847,-0.3865018,-0.2900051],"r":[326.6317,53.92561,3.507221],"s":[0.4210144,2.38186,0.4210464],"c":[0.222222,0.160141,0.02469136]}]}]}