{"v":9,"a":[7,18],"p":[{"b":73,"t":21,"s":[{"p":[0,0,0],"r":[0,0,0],"s":[0.05618879,0.05618677,0.05618662],"c":[1,0.936508,0.5555556]}]},{"b":73,"t":21,"s":[{"p":[0,0.007402242,-9.313226E-10],"r":[0,0,270],"s":[0.05618922,0.05618705,0.05618681],"c":[1,0.936508,0.5555556]}]},{"b":73,"t":21,"s":[{"p":[0,-0.01421878,1.862645E-09],"r":[0,0,0],"s":[0.05619502,0.05619032,0.0561894],"c":[1,0.936508,0.5555556],"b":["when starts then destroy all parts with burst 10 force"]}]}]}