{"v":9,"a":[7,18],"p":[{"s":[{"p":[0,0,0],"r":[0,0,0],"s":[3.486589,0.175047,7.70268],"c":[1,0.111111,0.111111]}]},{"t":1,"s":[{"p":[-2.558022,-0.04801273,0.214689],"r":[82.20927,184.9487,343.4218],"s":[1.972964,0.1846886,0.1751953],"c":[0.3111109,0.222222,1]}]},{"t":1,"s":[{"p":[-2.496602,-0.1825171,-0.7656429],"r":[9.940701,148.3027,350.1312],"s":[1.972352,0.184779,0.1751897],"c":[0.3111109,0.222222,1]}]},{"t":1,"a":[1,4],"s":[{"p":[-0.08158541,-0.001097679,-0.04521278],"r":[90,270,0],"s":[7.133862,2.961742,0.2015753],"c":[0,0,0]}]}]}