{"n":"ground","v":9,"a":[7,18],"p":[{"t":1,"t1":112,"t2":108,"s":[{"p":[0,0,0],"r":[0,0,-4.378969E-13],"s":[0.03210457,59.16713,53.80083],"c":[0.07407398,0.6666667,0.2095238],"t1":{"c":[1,0.8571429,0],"x":0.06499624,"y":0.0559411,"a":0.8925,"m":0,"n":0,"r":0,"g":0,"o":0.5,"t":0.5,"e":0.5},"t2":{"c":[1,0,0],"x":0.02548814,"y":0.02950764,"a":0.8925,"m":0,"n":0,"r":0,"g":0,"o":0.5,"t":0.5,"e":0.5}}]}]}