{"v":9,"a":[7,18],"p":[{"b":142,"a":[19],"e":"ACCEPT","s":[{"p":[0,0,0],"r":[0,0,0],"s":[0.003000057,0.003000024,0.003000046],"c":[0,0,0]}]},{"b":142,"a":[19],"e":"DENY","s":[{"p":[0.228382,3.490929E-15,1.996579E-08],"r":[-1.001791E-05,-6.157171E-14,1.001791E-05],"s":[0.003000122,0.003000056,0.00300011],"c":[0,0,0]}]}]}