{"n":"asteroid","v":9,"p":[{"b":151,"t":2,"a":[3],"s":[{"p":[0,0,0],"r":[0,0,0],"s":[0.01050193,0.01050194,0.01050196],"c":[0.2222219,0.1862431,0.1481479],"b":["when starts then become next in 0.1s"]},{"p":[0,0,0],"r":[0,0,0],"s":[0.01050193,0.01050194,0.01050196],"c":[1,0.1714285,0],"b":["when starts then become next in 0.1s"]},{"p":[0,0,0],"r":[0,0,0],"s":[0.01050193,0.01050194,0.01050196],"c":[0.2222218,0.186243,0.1481478],"b":["when starts then become next in 0.5s"]}]},{"b":3,"a":[3,12],"s":[{"p":[0,0,0],"r":[330.6003,359.4558,332.8301],"s":[0.0186453,0.0186453,0.0186453],"c":[1,1,1],"b":["when touched then destroy all parts"]}]}]}