{"v":9,"a":[7,18],"p":[{"t":7,"s":[{"p":[0,0,0],"r":[0,0,0],"s":[0.1704732,1.520623,0.01614413],"c":[0,1,1]}]},{"b":144,"a":[34],"s":[{"p":[0.316363,0.7187035,-0.02288586],"r":[90,-9.659346E-06,0],"s":[0.6389522,0.0131812,0.01318363],"c":[1,1,1]}]}]}