{"v":9,"p":[{"b":176,"s":[{"p":[0.2201167,-0.09808847,-0.2314117],"r":[20.59424,93.89431,43.37013],"s":[0.2288733,0.04500004,0.04500022],"c":[1,1,1]}]},{"b":176,"s":[{"p":[0.3977998,-0.1330391,-0.1713801],"r":[11.32925,68.74937,42.3162],"s":[0.2288731,0.04500004,0.04500014],"c":[1,1,1]}]},{"b":176,"s":[{"p":[0.4611379,-0.0328519,-0.03087166],"r":[341.558,23.29252,50.80466],"s":[0.2288742,0.04500012,0.0450004],"c":[1,1,1]}]},{"b":193,"s":[{"p":[0.05525898,0.002286649,0.003955491],"r":[34.62829,7.712314,304.8155],"s":[0.06000002,0.06000001,0.06000004],"c":[1,1,1]}]}]}