{"v":9,"a":[31],"p":[{"t1":48,"s":[{"p":[0,0,0],"r":[0,0,0],"s":[0.1499304,0.1499299,0.1499299],"c":[0.2222216,0.2222216,0.2222216],"t1":{"c":[0.2222221,0.2222221,0.2222221],"x":0.5,"y":0.5,"a":0.8925,"m":0,"n":0,"r":0,"g":0,"o":0.5,"t":0.5,"e":0.5}}]}]}