{"v":9,"p":[{"b":3,"i":[{"t":"5cc0fc0c132d294816c89c12","p":[0.01404758,0.1434602,0.04251456],"r":[330.3521,258.3778,109.8253]},{"t":"5cc0fbd0ef5174481d2df898","p":[-0.03343502,-0.1040166,0.04659573],"r":[48.96025,293.7506,107.1442]}],"t1":151,"s":[{"p":[0,0,0],"r":[0,0,-5.336085E-08],"s":[0.1549193,0.125,0.2516624],"c":[0.5481482,0.5185185,0.7777778],"t1":{"c":[0.3132275,0.2962962,0.4444444],"x":0.5,"y":0.5,"a":0.8925,"m":0,"n":0,"r":0,"g":0,"o":0.5,"t":0.5,"e":0.5}}]},{"b":3,"t1":151,"s":[{"p":[-0.07458752,-0.005628377,-0.212208],"r":[346.408,48.12314,39.87234],"s":[0.1549197,0.1250004,0.2516633],"c":[0.5481482,0.5185185,0.7777778],"t1":{"c":[0.3132275,0.2962962,0.4444444],"x":0.5,"y":0.5,"a":0.8925,"m":0,"n":0,"r":0,"g":0,"o":0.5,"t":0.5,"e":0.5}}]}]}