{"v":9,"a":[22],"p":[{"b":148,"t1":23,"s":[{"p":[0.0003744026,-0.001328294,-0.001139622],"r":[-5.464151E-05,-1.024528E-05,-6.830184E-06],"s":[4.401388,0.09000147,0.09001239],"c":[0.222222,0.1601409,0.02469136],"t1":{"c":[0.3333333,0.2285714,0],"x":0.17,"y":0.03669791,"a":0.69625,"m":0.5,"n":0.7433217,"r":0,"g":0,"o":0.5,"t":0.5,"e":0.5}}]},{"b":148,"t1":23,"s":[{"p":[0,0,0],"r":[-3.927359E-05,-1.366038E-05,4.681777E-12],"s":[4.41029,0.08063566,0.07799628],"c":[0.5555556,0.4585538,0.2469133],"t1":{"c":[0.3333333,0.2285714,0],"x":0.17,"y":0.6948118,"a":0.69625,"m":0.5,"n":0.9047836,"r":0,"g":0,"o":0.5,"t":0.5,"e":0.5}},{"p":[-0.02923517,-0.04685472,-0.02348885],"r":[29.13438,4.563625,8.140934],"s":[2.330597,0.08064649,0.07801551],"c":[0.5555556,0.4585538,0.2469133],"t1":{"c":[0.5555556,0.4585538,0.2469135],"x":0.1834839,"y":0.7078874,"a":0.5905654,"m":0.6056354,"n":0.1916152,"r":0,"g":0.1021823,"o":0.04947615,"t":1,"e":0.5}}]}]}