{"n":"tree trunk bunch","v":9,"a":[20],"p":[{"b":52,"s":[{"p":[0,0,0],"r":[0,0,0],"s":[0.4210136,2.38186,0.4210452],"c":[0,0.9142855,1]}]},{"b":52,"s":[{"p":[-0.6747191,-0.5122988,-0.5839606],"r":[307.3939,59.61176,352.1476],"s":[0.4210154,2.381861,0.4210475],"c":[0,0.9142855,1]}]},{"b":52,"s":[{"p":[-0.1711666,-0.05705284,-0.8364764],"r":[332.4216,60.83383,330.042],"s":[0.421017,2.381863,0.4210489],"c":[0,0.9142855,1]}]}]}