{"v":9,"a":[7,18],"p":[{"s":[{"p":[0,0,0],"r":[0,0,0],"s":[4.31939,0.2564454,4.370787],"c":[1,1,1]}]}]}