{"v":9,"a":[7],"p":[{"s":[{"p":[0,0,0],"r":[0,0,0],"s":[0.02069655,0.5501285,0.8489633],"c":[1,1,1]}]}]}