{"v":9,"a":[7],"p":[{"s":[{"p":[-0.006839932,-0.1864759,0.2658384],"r":[-1.001791E-05,0,0],"s":[10.39614,0.5756812,26.98904],"c":[0.1216929,0.3333331,0.03703704]}]},{"s":[{"p":[0.03226177,0.08639037,0.05794202],"r":[-1.001791E-05,-8.75794E-13,1.001791E-05],"s":[2.146164,0.1750131,2.994469],"c":[1,1,1]}]}]}