{"v":9,"a":[7,20],"p":[{"s":[{"p":[0,0,0],"r":[0,0,0],"s":[2.240728,0.5062677,0.1750245],"c":[1,0.7301587,0.4444443]}]}]}