{"v":9,"a":[22,13],"p":[{"b":60,"t1":23,"s":[{"p":[0,0,0],"r":[0,0,0],"s":[0.187853,0.04533308,0.9443374],"c":[0.2222216,0.1601405,0.02469136],"t1":{"c":[0.3333333,0.2285714,0],"x":0.17,"y":0.6948118,"a":0.69625,"m":0.5,"n":0.9047836,"r":0,"g":0,"o":0.5,"t":0.5,"e":0.5}}]},{"b":60,"t1":23,"s":[{"p":[-0.005798176,0.4865049,-0.4363012],"r":[270,1.46683E-05,0],"s":[0.1878716,0.04535995,1.106296],"c":[0.2222216,0.1601405,0.02469136],"t1":{"c":[0.3333333,0.2285714,0],"x":0.17,"y":0.6948118,"a":0.69625,"m":0.5,"n":0.9047836,"r":0,"g":0,"o":0.5,"t":0.5,"e":0.5}}]},{"b":60,"t1":23,"s":[{"p":[-0.001156241,0.8875118,0.02543247],"r":[0,0,-1.195283E-05],"s":[0.1878577,0.04533945,0.9445443],"c":[0.2222216,0.1601405,0.02469136],"t1":{"c":[0.3333333,0.2285714,0],"x":0.17,"y":0.6948118,"a":0.69625,"m":0.5,"n":0.9047836,"r":0,"g":0,"o":0.5,"t":0.5,"e":0.5}}]},{"b":60,"t1":23,"s":[{"p":[0.01685049,0.4480145,0.4551569],"r":[270,1.466831E-05,0],"s":[0.1878715,0.04537224,1.106418],"c":[0.2222216,0.1601405,0.02469136],"t1":{"c":[0.3333333,0.2285714,0],"x":0.17,"y":0.6948118,"a":0.69625,"m":0.5,"n":0.9047836,"r":0,"g":0,"o":0.5,"t":0.5,"e":0.5}}]}]}