{"v":9,"a":[22],"p":[{"t1":25,"s":[{"p":[-3.315607,-0.001132743,0.00295496],"r":[0,0,0],"s":[2.365074,0.3489822,3.526073],"c":[0.4444443,0.320282,0.0493826],"t1":{"c":[0,0,0],"x":0.04388738,"y":0.5,"a":0.8925,"m":0,"n":0,"r":0,"g":0,"o":0.5,"t":0.5,"e":0.5}}]},{"t1":25,"s":[{"p":[0.006252537,0.02718311,0.01068897],"r":[-1.297666E-12,-1.134456E-19,1.001791E-05],"s":[4.39851,0.2970441,5.550907],"c":[0.4444443,0.320282,0.04938258],"t1":{"c":[0,0,0],"x":0.04388738,"y":0.5,"a":0.8925,"m":0,"n":0,"r":0,"g":0,"o":0.5,"t":0.5,"e":0.5}}]}]}