{"v":9,"a":[2,3,14],"tp_lp": [1,1,1],"tp_lp": [1,1,1],"tp_lr": [1,1,1],"p":[{"t":2,"s":[{"p":[-0.2522996,0.09904151,0.01597065],"r":[4.887927,318.8099,1.662696],"s":[0.2467567,0.05546937,0.06601813],"c":[0,0,0]}]},{"b":129,"t":2,"e":"DEPTHH'S MUSIC PANEL","s":[{"p":[-0.362938,0.1226739,-0.05080038],"r":[84.83768,119.9973,161.2584],"s":[0.003217064,0.003216506,0.003216165],"c":[1,1,1]}]},{"a":[1,4],"s":[{"p":[-0.160703,0.1386566,-0.08774537],"r":[4.887917,318.8099,1.662696],"s":[0.3134563,0.001385527,0.2218051],"c":[0.4571431,0,1]}]},{"s":[{"p":[-0.1787299,0.1321523,-0.072208],"r":[4.887918,318.8099,1.662706],"s":[0.2602058,0.001000134,0.3188486],"c":[0,0,0]}]}]}