{"v":9,"a":[7,20],"p":[{"s":[{"p":[0,0,0],"r":[0,0,0],"s":[2.750578,0.1757271,0.7511216],"c":[0.626455,0.8888889,0.5925926]}]}]}