{"n":"tv","v":9,"a":[7,18,20],"p":[{"i":[{"t":"5d168c769af96c4a54ee6b7b","p":[0.009699821,0.03471017,-0.01263523],"r":[1.707547E-06,180,1.024528E-05]}],"s":[{"p":[0,0,0],"r":[0,0,0],"s":[1.719937,0.05360699,1.054059],"c":[0.5555556,0.5555556,0.5555556]}]},{"b":46,"s":[{"p":[-0.01666784,-0.0355823,0.5991451],"r":[1.162597E-06,-1.162598E-06,90],"s":[0.04838376,0.1250121,0.1250129],"c":[0.5555556,0.5555556,0.5555556]}]},{"b":5,"s":[{"p":[-0.02153492,-0.04118657,0.7399058],"r":[0,180,180],"s":[0.2573273,0.07002519,0.1000112],"c":[0.5555556,0.5555556,0.5555556]}]}]}