{"v":9,"a":[2,7,18,20],"p":[{"s":[{"p":[0,0,0],"r":[0,0,0],"s":[0.2484496,2.234081,3.419378],"c":[1,1,1]}]}]}