{"v":9,"a":[31],"p":[{"b":69,"s":[{"p":[-0.16423,0.1472086,-0.1507372],"r":[18.85818,274.2582,20.52596],"s":[0.07500029,0.07500035,0.07500019],"c":[0.2328041,0.148148,0.3333332]}]},{"b":69,"s":[{"p":[-0.1993662,0.2997094,-0.2686024],"r":[41.63912,232.1488,42.04544],"s":[0.07500005,0.07500055,0.0750003],"c":[0.2328041,0.148148,0.3333332]}]},{"b":69,"s":[{"p":[-0.235668,0.4178203,-0.319171],"r":[312.9766,168.5245,353.024],"s":[0.07499994,0.06246227,0.07500029],"c":[0,0,0]}]}]}