{"v":9,"a":[7,18,20],"p":[{"s":[{"p":[0,0,0],"r":[0,0,0],"s":[1.732898,0.1896622,2.553223],"c":[1,1,1]}]}]}