{"n":"storage","v":9,"a":[22],"p":[{"s":[{"p":[0,0,0],"r":[0,0,0],"s":[1.925919,0.6521127,0.1750083],"c":[0.3333332,0.3333332,0.3333332]}]},{"b":134,"e":"STORAGE","s":[{"p":[-0.1018044,0.334244,0.0120182],"r":[90,-9.659345E-06,0],"s":[0.003000327,0.003000025,0.003000315],"c":[0,0,0]}]},{"s":[{"p":[-0.02252382,0.3084054,-0.004157543],"r":[0,0,270],"s":[0.04062072,0.4191841,0.1004105],"c":[1,1,1]}]}]}