{"v":9,"a":[2,7],"p":[{"b":5,"t":2,"s":[{"p":[0.01604453,0.2216585,-0.3620135],"r":[0,90,9.659346E-06],"s":[0.03450083,0.02999348,0.1000201],"c":[1,1,1],"b":["when consumed then become 2 in 2"]},{"p":[0.01604453,0.2216585,-0.3620135],"r":[0,90,9.659346E-06],"s":[0.03450083,0.001,0.1000201],"c":[1,1,1]}]}]}