{"v":9,"a":[21],"p":[{"b":58,"s":[{"p":[0.1126905,-0.05110104,0.218902],"r":[342.0865,166.1235,15.72289],"s":[0.2028254,0.2028246,0.2028249],"c":[0.3333332,0.2603174,0.222222]}]},{"b":5,"s":[{"p":[0.05475315,-0.3473081,0.1146833],"r":[293.9278,26.20135,198.0666],"s":[0.1356196,0.1356197,0.5839987],"c":[0,0,0]}]},{"b":149,"c":[[-3.259,-0.306576,1.11826,34,50,9],[-3.259,-0.995086,0.5899503,28,32,9],[-3.259,-0.8148881,0.8247884,30,38,9],[-3.259,-0.580051,1.004987,32,44,9],[-3.259,-0.01310101,1.1569,36,56,10],[-3.259,0.280374,1.11826,38,63,9],[-3.259,0.9688855,0.5899503,44,81,17],[-3.259,1.082159,0.3164751,46,92,3],[-3.259,1.1208,0.023,47,87,3],[-3.259,1.082159,-0.2704756,45,85,3],[-3.259,0.7886875,0.8247884,42,75,9],[-3.259,0.5538492,1.004987,40,69,9],[-3.259,0.9688855,-0.5439506,43,79,7],[-3.259,0.5538492,-0.9589862,39,67,7],[-3.259,-0.01310101,-1.1109,35,54,8],[-3.259,-0.306576,-1.07226,33,48,7],[-3.259,-0.8148881,-0.7787885,29,36,7],[-3.259,-1.10836,-0.2704756,24,25,7],[-3.259,-1.147,0.023,25,23,5],[-3.259,-1.10836,0.3164751,26,26,9],[-3.259,-0.580051,-0.9589862,31,42,7],[-3.259,-0.995086,-0.5439506,27,30,7],[-3.259,0.280374,-1.07226,37,61,7],[-3.259,0.7886875,-0.7787885,41,73,7],[-3.10217,0.9764756,0.5977396,19,153,17],[-3.09,0.2829496,1.101,13,207,17],[-3.09,-0.01052538,1.13964,11,225,17],[-3.09,0.5564249,0.9877256,15,189,17],[-3.09,-0.304,1.101,9,243,17],[-3.09,-0.5774745,0.9877256,7,261,17],[-3.09,-0.8123122,0.8075276,5,279,17],[-3.09,0.9714622,-0.5612105,20,145,15],[-3.09,0.7912633,0.8075276,17,171,17],[-3.09,1.084735,-0.2877355,22,127,15],[-3.09,1.123375,0.00573951,23,125,9],[-3.09,-0.9925115,0.5726896,3,297,17],[-3.09,1.084735,0.2992145,21,135,17],[-3.09,0.5564249,-0.9762462,16,181,15],[-3.09,-0.01052538,-1.12816,12,217,15],[-3.09,-0.304,-1.08952,10,235,15],[-3.09,-0.8123122,-0.7960483,6,271,15],[-3.09,-1.105785,-0.2877355,2,307,15],[-3.09,-1.144425,0.00573951,1,324,7],[-3.09,-1.105785,0.2992145,0,316,17],[-3.09,-0.5774745,-0.9762462,8,253,15],[-3.09,-0.9925115,-0.5612105,4,289,15],[-3.09,0.2829496,-1.08952,14,199,15],[-3.09,0.7912633,-0.7960483,18,163,15]],"s":[{"p":[0.1152103,-0.08462492,0.2086997],"r":[22.41265,1.449988,77.71146],"s":[0.1380321,0.1380326,0.1380322],"c":[0.5555556,0.4338623,0.3703702]}]}]}