{"v":9,"a":[7,18],"p":[{"b":58,"t":2,"s":[{"p":[-0.006530762,1.141875E-09,0],"r":[0,0,0],"s":[0.0265703,0.02657256,0.02657279],"c":[1,0,0],"b":["when starts then set constant rotation to 0 0 100"]}]},{"b":58,"t":2,"s":[{"p":[-0.006278992,1.097854E-09,0],"r":[-8.964216E-08,-8.964215E-08,270],"s":[0.02334408,0.0233466,0.02334726],"c":[0.9714286,1,0],"b":["when starts then set constant rotation to 0 0 -100"]}]},{"b":58,"t":2,"s":[{"p":[-0.006809234,0.00172043,0.0006427767],"r":[1.878302E-05,90,270],"s":[0.02092441,0.02198966,0.02123347],"c":[1,0,0],"b":["when starts then set constant rotation to 100 0 0"]}]}]}