{"v":9,"p":[{"b":3,"t":3,"s":[{"p":[0,0,0],"r":[0,0,3.415094E-06],"s":[0.0303986,0.0250975,0.02430283],"c":[0.9714286,1,0]}]}]}