{"v":9,"a":[31],"p":[{"b":131,"a":[19,24],"e":"NAME: TEAM\n[person.TEAM values]","s":[{"p":[0,0,0],"r":[0,0,0],"s":[0.01840982,0.01840851,0.01840948],"c":[1,1,1]}]}]}