{"v":9,"a":[2,12],"p":[{"b":10,"s":[{"p":[0,0,0],"r":[0,0,3.068249E-07],"s":[0.02926579,0.01808938,0.07659503],"c":[0,0,0],"b":["when touched then become next in 0.2s"]},{"p":[0,0,0],"r":[0,0,3.068249E-07],"s":[0.02926579,0.01808938,0.07659503],"c":[0,0,0],"b":["when starts then destroy all parts"]}]}]}