{"n":"mic button watch","v":9,"a":[1,22,31],"inc":[["sponge","5b233cc930f81f6fd3e6a2d5"]],"p":[{"b":202,"s":[{"p":[0,0,0],"r":[3.415094E-06,1.017777E-13,3.415094E-06],"s":[0.02980755,0.02651766,0.02652144],"c":[0.3333332,0.2857142,0]}]},{"b":144,"s":[{"p":[-0.05964678,0.0009221993,-0.01350869],"r":[58.60029,357.7342,2.265786],"s":[0.007005615,0.007004727,0.007006471],"c":[1,0.6857142,0],"b":["when starts then disable setting microphone","when touches hand then become next"]},{"p":[-0.0541738,0.0009880029,-0.01335356],"r":[58.60029,357.7342,2.265786],"s":[0.007005776,0.007004905,0.007006723],"c":[1,0,0],"b":["when starts then enable setting microphone","when touches hand then become 1"]}]}]}