{"n":"vau-","v":9,"a":[7,18],"p":[{"t":1,"s":[{"p":[0,0,0],"r":[0,0,0],"s":[0.1750257,0.175001,0.1750279],"c":[0.7777778,0.7777778,0.7777778]}]}]}