{"n":"ad1","v":9,"p":[{"b":73,"a":[12],"s":[{"p":[0,0,0],"r":[0,0,0],"s":[0.04750659,0.04750667,0.04750666],"c":[0.6666667,0.1756612,0.07407401]}]}]}