{"v":9,"a":[7,12,18],"p":[{"t":10,"s":[{"p":[0,0,0],"r":[0,0,0],"s":[0.02280851,0.07521617,0.09326158],"c":[0.2222221,0.2222221,0.2222221]}]},{"t":10,"s":[{"p":[-0.01151276,1.862645E-09,-0.02007121],"r":[0,0,-1.024528E-05],"s":[0.00259821,0.07522173,0.09326968],"c":[0.2222221,0.2222221,0.2222221]}]},{"t":10,"s":[{"p":[0.009410858,-1.862645E-09,-0.02007121],"r":[0,0,-1.024528E-05],"s":[0.002598283,0.07522395,0.09327312],"c":[0.2222221,0.2222221,0.2222221]}]}]}