{"n":"ground","v":9,"a":[1,7],"p":[{"b":17,"t1":4,"s":[{"p":[0,0,0],"r":[0,0,0],"s":[26.70981,0.1106204,33.73948],"c":[0.9019608,0.8509804,0.7215686],"t1":{"c":[0.6666667,0.6666667,0.6666667],"x":0.00161159,"y":0.001549959,"a":0.6968492,"m":0.5,"n":0.5,"r":0,"g":0,"o":0.4499578,"t":0.2018321,"e":0.5}}]}]}