{"v":9,"a":[1,22],"p":[{"t1":68,"s":[{"p":[0,0,0],"r":[0,0,0],"s":[0.1157792,0.01191305,0.302593],"c":[1,1,1],"t1":{"c":[0.3333333,0.3333333,0.3333333],"x":0.0421766,"y":0.01374578,"a":0.8925,"m":0,"n":0,"r":0,"g":0,"o":0.5,"t":0.5,"e":0.5}}]}]}