{"v":9,"p":[{"t1":55,"t2":22,"s":[{"p":[0,0,0],"r":[0,0,0],"s":[22.72249,0.0171078,20.85954],"c":[0.3333332,0.1714284,0],"t1":{"c":[0.2222221,0.1142856,0],"x":0.5,"y":0.5,"a":0.8925,"m":0,"n":0,"r":0,"g":0,"o":0.5,"t":0.5,"e":0.5},"t2":{"c":[0.2222221,0.1262786,0.02469136],"x":0.17,"y":0.17,"a":0.69625,"m":0.5,"n":0.5,"r":0,"g":0,"o":0.5,"t":0.5,"e":0.5}}]}]}