{"n":"grid head wip","v":9,"p":[{"b":9,"t":7,"a":[31],"i":[{"t":"5d29f0474d6e2a35437e7a27","p":[0.02778018,0.03456939,-0.03667378],"r":[20.37013,44.72099,301.9877]},{"t":"5d29f0474d6e2a35437e7a27","p":[0.03707147,0.06039229,-0.1008769],"r":[8.308367,105.0419,304.2729]}],"t1":77,"s":[{"p":[0,0,0],"r":[0,0,0],"s":[0.1429093,0.1260779,0.1536427],"c":[0.395061,0.1975302,0.8888889],"t1":{"c":[1,0.6857142,0],"x":0.5,"y":0.8249002,"a":0.8925,"m":0,"n":0,"r":0,"g":0,"o":0.5,"t":0.5,"e":0.5}}]}]}