{"v":9,"a":[7,18],"p":[{"b":11,"s":[{"p":[0,0,0],"r":[0,0,0],"s":[0.5578431,9.051335,5.250492],"c":[1,1,1]}]}]}