{"v":9,"a":[1,21],"p":[{"b":166,"t":1,"s":[{"p":[-0.0002644293,0.01169348,-0.0001094995],"r":[4.07111E-13,225,1.001791E-05],"s":[0.0001416838,0.0007161258,0.0008476398],"c":[0.5555556,0.5555556,0.5555556]}]},{"b":166,"s":[{"p":[-0.0001583036,-0.001756728,-7.367232E-05],"r":[1.001791E-05,1.024528E-05,-1.546995E-12],"s":[0.0005170514,0.002675834,0.0005170466],"c":[0.6666667,0.5502645,0.2962962]}]},{"b":166,"s":[{"p":[-0.000283564,-0.01369411,-9.036035E-05],"r":[2.082033E-12,225,-2.392282E-13],"s":[0.0001416927,0.0007161403,0.000847698],"c":[1,0.9301587,0.7777778]}]},{"b":166,"s":[{"p":[-0.0001853619,-0.01369411,-0.0001885625],"r":[-4.07111E-13,315,1.001791E-05],"s":[0.0001416968,0.0007161424,0.0008477193],"c":[1,0.9301587,0.7777778]}]}]}