{"n":"posing model","v":9,"a":[1,7,18,21],"p":[{"b":18,"e":"?","s":[{"p":[-0.008551538,0.1449282,0.00105124],"r":[0.2241476,359.1226,14.91585],"s":[0.002613129,0.002612777,0.002613088],"c":[0,0,0]}]}]}