{"n":"elbow","v":9,"a":[7,31],"p":[{"a":[12],"s":[{"p":[0,0,0],"r":[0,0,0],"s":[0.02546057,0.02546008,0.0254565],"c":[1,1,1]}]}]}