{"v":9,"p":[{"b":10,"s":[{"p":[0,0,0],"r":[0,0,-1.86763E-07],"s":[0.05349179,0.125,0.06323967],"c":[0.1142856,1,0]}]},{"b":14,"s":[{"p":[0.01350106,-0.190069,0.003796932],"r":[280.964,261.6349,158.8995],"s":[0.01921892,0.01583222,0.04417679],"c":[0.4444443,0.4232803,0.2962962]}]}]}