{"v":9,"a":[7,18],"p":[{"s":[{"p":[0,0,0],"r":[0,0,0],"s":[0.02900993,0.01864531,0.01938671],"c":[0.5555556,0.435626,0.3086419]}]}]}