{"n":"red slushie","v":9,"p":[{"s":[{"p":[0,0,0],"r":[0,0,0],"s":[0.05354032,0.04996826,0.05466463],"c":[1,1,1],"b":["when starts then become next in .01"]},{"p":[0,0,0],"r":[0,0,0],"s":[0.175001,0.1750008,0.1750011],"c":[1,1,1],"b":["when touched then destroy all parts"]}]}]}