{"v":9,"a":[31],"p":[{"b":9,"s":[{"p":[0,0,0],"r":[0,0,0],"s":[0.02573854,0.02573855,0.02573858],"c":[0.9714286,1,0]}]}]}