{"v":9,"a":[12,31],"p":[{"b":4,"t":7,"pr":2,"t1":90,"t2":79,"s":[{"p":[-0.02336822,0.02065171,-0.3231101],"r":[356.6842,178.8429,354.2222],"s":[0.08149301,0.08149303,0.08149299],"c":[0,0.3999996,1],"t1":{"c":[0.2962962,0.533333,0.8888889],"x":0.5,"y":0.5,"a":0.8925,"m":0,"n":0,"r":0,"g":0,"o":0.5,"t":0.5,"e":0.5},"t2":{"c":[1,0.6857142,0],"x":0.5,"y":0.5,"a":0.8925,"m":0,"n":0,"r":0,"g":0,"o":0.5,"t":0.5,"e":0.5},"pr":{"c":[0.5555556,0.1904761,0],"m":0.25,"a":0.25,"s":0.15,"z":0.25,"g":0.5,"h":0.25}}]},{"b":3,"t":4,"t1":90,"s":[{"p":[-0.02167445,0.01610533,-0.167936],"r":[333.1451,22.9797,37.67619],"s":[0.08635561,0.08635542,0.08635557],"c":[0,0.3999996,1],"t1":{"c":[0.2962962,0.533333,0.8888889],"x":0.5,"y":0.5,"a":0.8925,"m":0,"n":0,"r":0,"g":0,"o":0.5,"t":0.5,"e":0.5}}]},{"b":6,"a":[12],"s":[{"p":[0,0,0],"r":[1.734228E-06,-3.201651E-06,-4.845375E-14],"s":[0.1250003,0.125,0.1250003],"c":[1,1,1]}]},{"b":73,"t":7,"a":[5],"pr":2,"t1":90,"t2":79,"s":[{"p":[-0.03253905,0.01311987,-0.1620583],"r":[321.5984,34.69184,22.21442],"s":[0.2250009,0.2250005,0.2250008],"c":[0,0.3999996,1],"t1":{"c":[0.2962962,0.533333,0.8888889],"x":0.5,"y":0.5,"a":0.8925,"m":0,"n":0,"r":0,"g":0,"o":0.5,"t":0.5,"e":0.5},"t2":{"c":[1,0.6857142,0],"x":0.5,"y":0.5,"a":0.8925,"m":0,"n":0,"r":0,"g":0,"o":0.5,"t":0.5,"e":0.5},"pr":{"c":[0.5555556,0.1904761,0],"m":0.25,"a":0.25,"s":0.15,"z":0.25,"g":0.5,"h":0.25}}]}]}