{"v":9,"a":[12,31],"p":[{"b":73,"t":7,"pr":2,"t1":10,"t2":79,"s":[{"p":[-0.02662766,0.003095649,-0.1591519],"r":[333.5021,39.07079,14.56426],"s":[0.2250002,0.2250001,0.2250003],"c":[1,0.4158728,0.1111109],"t1":{"c":[1,0,0],"a":0},"t2":{"c":[1,0.6857142,0],"x":0.5,"y":0.5,"a":0.8925,"m":0,"n":0,"r":0,"g":0,"o":0.5,"t":0.5,"e":0.5},"pr":{"c":[0.5555556,0.1904761,0],"m":0.25,"a":0.25,"s":0.15,"z":0.25,"g":0.5,"h":0.25}}]},{"b":4,"t":7,"pr":2,"t1":10,"t2":79,"s":[{"p":[-0.02336822,0.02065171,-0.3231101],"r":[356.6842,178.8429,354.2222],"s":[0.08149301,0.08149303,0.08149299],"c":[1,0.4158728,0.1111109],"t1":{"c":[1,0,0],"a":0},"t2":{"c":[1,0.6857142,0],"x":0.5,"y":0.5,"a":0.8925,"m":0,"n":0,"r":0,"g":0,"o":0.5,"t":0.5,"e":0.5},"pr":{"c":[0.5555556,0.1904761,0],"m":0.25,"a":0.25,"s":0.15,"z":0.25,"g":0.5,"h":0.25}}]},{"b":3,"t":4,"s":[{"p":[-0.02167445,0.01610533,-0.167936],"r":[333.1451,22.9797,37.67619],"s":[0.08635561,0.08635542,0.08635557],"c":[1,0.7206349,0.111111]}]},{"b":6,"a":[12],"s":[{"p":[0,0,0],"r":[1.734228E-06,-3.201651E-06,-4.845375E-14],"s":[0.1250003,0.125,0.1250003],"c":[1,1,1]}]}]}