{"v":9,"p":[{"s":[{"p":[0,0,0],"r":[0,0,0],"s":[19.04703,0.1902781,17.67379],"c":[0,0.6666667,0.1523809]}]}]}