{"v":9,"a":[2,7,16,18],"p":[{"b":4,"a":[37],"s":[{"p":[0,0,0],"r":[0,0,0],"s":[0.03288667,0.03404436,0.04130867],"c":[0.8,1,0]}]},{"b":4,"s":[{"p":[0,0,0],"r":[0,0,0],"s":[0.01586101,0.05544093,0.01554029],"c":[1,0,0.3428572],"b":["when starts then project with 100% reach"]}]}]}