{"v":9,"a":[2,3],"inc":[["thing","5d3279c1a9cba9353d831324"],["thing 2","5d327f12c268bc353120d392"],["thing 3","5d327f8b79b0c7061d7f8de4"],["small","5d366580bb4e967c30032f29"],["thing 4","5d3666db94cf497923bc85bb"]],"p":[{"b":4,"s":[{"p":[0,0,0],"r":[0,0,0],"s":[0.1250001,0.125,0.1250001],"c":[1,1,1],"b":["when triggered then emit gravity-free thing 4 with 0.1"]}]}]}