{"v":9,"p":[{"b":144,"s":[{"p":[0.05001167,-0.3028328,-0.1459938],"r":[20.11793,289.3075,247.6309],"s":[0.03215135,0.02493787,0.02363299],"c":[0.4571431,0,1]}]},{"b":144,"s":[{"p":[0.0390832,-0.2324698,-0.1063635],"r":[20.09116,293.2847,252.2583],"s":[0.03215135,0.06513014,0.06575819],"c":[0.4571431,0,1]}]},{"b":144,"s":[{"p":[0.02381007,-0.1600055,-0.05681321],"r":[21.77146,312.6177,265.2129],"s":[0.03215112,0.09000049,0.09000036],"c":[0.4571431,0,1]}]},{"b":3,"s":[{"p":[0.01027761,-0.01383785,0.0106945],"r":[0.08012669,10.68908,10.84299],"s":[0.1250001,0.125,0.1250001],"c":[0,0.2285712,1]}]}]}