{"n":"body type 3","v":9,"p":[{"b":73,"t":9,"i":[{"t":"5d29f9e2140a26792a82ccbb","p":[0.01195145,0.0178777,-0.8248903],"r":[-1.162597E-06,180,90]}],"c":[[0.018,0.05,-2.654,458],[0.079,0.047,-2.323,498],[0.026,0.11,-2.376,496],[-0.026,0.11,-2.357,497],[-0.093,0.061,-2.24,514],[-0.061,0.059,-2.338,457],[-0.06,0.001,-2.302,452],[0.017,-0.008,-2.297,453],[-0.103,-0.008,-2.077,446],[-0.113,-0.008,-2.116,451],[-0.193,0.066,-1.883,454],[-0.124,0.049,-2.103,456],[-0.072,-0.041,-2.063,447],[-0.042,-0.06,-2.081,448],[0.036,-0.113,-1.962,460],[0.052,-0.074,-2.114,459],[0.091,-0.072,-1.951,461],[0.104,-0.001,-2.108,475],[0.096,0.116,-2.09,495],[0.011,0.186,-2.073,492],[-0.068,0.16,-2.046,493],[-0.088,0.151,-2.03,494],[-0.112,0.11,-2.041,513],[-0.136,0.076,-2.046,512],[-0.175,0.084,-1.878,510],[-0.154,0.111,-1.871,511],[-0.144,0.173,-1.855,499],[-0.171,0.014,-1.867,449],[-0.158,-0.032,-1.867,444],[-0.143,-0.071,-1.846,436],[-0.123,-0.071,-1.865,438],[-0.088,-0.177,-1.563,44,397],[-0.094,-0.109,-1.837,440],[-0.297,-0.312,-0.425,33,371],[-0.044,-0.109,-1.829,442],[0.006,-0.132,-1.81,477],[0.028,-0.128,-1.798,462],[0.09,-0.048,-1.814,463],[0.15,-0.003,-1.81,472],[0.182,0.109,-1.797,479],[0.139,0.152,-1.817,481],[0.076,0.198,-1.78,483],[0.022,0.203,-1.778,486],[-0.031,0.189,-1.745,488],[-0.075,0.214,-1.725,490],[-0.166,0.179,-1.749,501],[-0.186,0.15,-1.705,508],[-0.239,0.062,-1.689,397,58],[-0.202,0.011,-1.683,395,55],[-0.21,-0.065,-1.607,393,52],[-0.176,-0.107,-1.574,391,44],[-0.225,0.119,-1.672,415,94],[-0.143,-0.122,-1.624,37,400],[-0.117,-0.153,-1.617,41,398],[-0.034,-0.173,-1.569,9,434],[0.014,-0.19,-1.574,7,469],[0.042,-0.17,-1.544,474],[0.096,-0.127,-1.567,464],[0.103,-0.178,-1.416,467],[0.138,-0.044,-1.564,198,267],[0.15,-0.009,-1.579,203,268],[0.16,0.049,-1.57,257,221],[0.219,0.109,-1.524,255,225],[0.186,0.169,-1.528,253,229],[0.151,0.197,-1.506,92,162,230],[0.11,0.227,-1.486,93,392],[0.045,0.248,-1.465,103,384],[0.005,0.261,-1.433,108,381],[-0.052,0.264,-1.401,113,378],[-0.112,0.266,-1.359,167,333],[-0.15,0.253,-1.336,165,337],[-0.188,0.213,-1.289,503],[-0.238,0.131,-1.283,416,91],[-0.207,0.267,-1.088,163,341],[-0.239,0.274,-0.911,164,256,86],[-0.264,0.214,-1.052,418,87],[-0.284,0.06,-1.323,414],[-0.253,-0.021,-1.254,398],[-0.22,-0.031,-1.294,396],[-0.232,-0.065,-1.252,394],[-0.217,-0.115,-1.237,390],[-0.145,-0.123,-1.594,38,354,42],[-0.188,-0.128,-1.243,36,353],[-0.293,-0.24,-0.849,34,365],[-0.155,-0.208,-1.197,35],[-0.115,-0.24,-1.178,42],[-0.078,-0.253,-1.169,45],[-0.014,-0.253,-1.154,8],[0.04,-0.261,-1.155,6],[0.075,-0.254,-1.145,5,468],[0.127,-0.24,-1.138,3,466],[0.175,-0.206,-1.123,183,285],[0.22,-0.151,-1.122,193,273],[0.244,-0.201,-0.854,192],[0.24,-0.08,-1.147,197],[0.254,-0.006,-1.118,202],[0.25,0.048,-1.097,258],[0.28,0.123,-1.07,256],[0.252,0.154,-1.061,251],[0.221,0.199,-1.048,95,157],[0.186,0.251,-1.042,94],[0.146,0.301,-1.041,102],[0.068,0.325,-1.028,107],[0.009,0.331,-1.019,112],[-0.062,0.331,-0.984,168],[-0.141,0.345,-0.958,166],[-0.188,0.333,-0.949,162],[-0.274,0.311,-0.658,161,260],[-0.327,0.233,-0.746,419],[-0.315,0.172,-1.032,417],[-0.349,-0.176,-0.829,400],[-0.388,-0.124,-0.83,401],[-0.38,0.064,-0.874,403],[-0.38,-0.042,-0.855,402],[-0.372,0.111,-0.862,431],[-0.356,0.183,-0.755,428],[-0.36,0.252,-0.461,422],[-0.278,0.338,-0.524,169,254],[-0.129,0.373,-0.711,171],[-0.057,0.386,-0.697,172],[0.037,0.401,-0.704,114],[0.115,0.37,-0.73,109],[0.177,0.333,-0.733,104],[0.235,0.311,-0.7,96],[0.279,0.262,-0.728,97,153],[0.311,0.207,-0.742,249],[0.345,0.156,-0.762,259],[0.349,0.071,-0.784,260],[0.352,-0.035,-0.773,204],[0.338,-0.115,-0.778,199],[0.387,-0.143,-0.5,194],[0.277,-0.256,-0.658,184],[0.234,-0.276,-0.689,0,182,288],[0.293,-0.285,-0.459,1,184],[0.343,-0.267,-0.339,186],[0.295,-0.343,-0.232,11,176],[0.177,-0.274,-0.753,2],[0.109,-0.307,-0.777,4],[0.227,-0.347,-0.397,10],[0.137,-0.354,-0.423,12],[0.042,-0.32,-0.816,13],[-0.017,-0.343,-0.798,14],[-0.073,-0.35,-0.781,28],[-0.131,-0.342,-0.78,30],[-0.214,-0.304,-0.803,32],[-0.258,0.372,-0.338,170]],"s":[{"p":[0,0,0],"r":[0,0,0],"s":[0.3339492,0.3339229,0.3339212],"c":[0,0.9142855,1]}]}]}