{"v":9,"p":[{"b":135,"e":"III","s":[{"p":[0,0,0],"r":[-2.544444E-14,-3.415095E-06,-8.537737E-07],"s":[0.002999999,0.003,0.002999999],"c":[1,1,1]}]}]}