{"v":9,"p":[{"t":10,"s":[{"p":[0,0,0],"r":[0,0,0],"s":[0.392444,0.07020577,0.261308],"c":[0.2222221,0.1989417,0.148148]}]},{"b":140,"t":2,"e":"AVATARS","s":[{"p":[-0.1402465,0.04610342,0.0616824],"r":[88.09957,319.799,320.8436],"s":[0.007061837,0.00706184,0.00706184],"c":[0.111111,1,0.9238096]}]}]}