{"v":9,"a":[7,31],"p":[{"t":19,"s":[{"p":[0,0,0],"r":[0,0,0],"s":[0.1750001,0.1750001,0.1750001],"c":[1,1,1],"b":["when looked at then become next in 1s"]},{"p":[0,0,0],"r":[0,0,0],"s":[0.03277606,0.0332382,0.03323822],"c":[0,0,0],"b":["when starts then become previous in 1s"]}]}]}