{"v":9,"p":[{"b":3,"s":[{"p":[0,0,0],"r":[0,0,0],"s":[1.151212,1.061474,0.02643697],"c":[1,1,1]}]}]}