{"v":9,"p":[{"b":175,"s":[{"p":[0,0,0],"r":[0,0,0],"s":[0.04500001,0.04500003,0.04500001],"c":[0,1,0.3999999]}]},{"b":249,"s":[{"p":[-0.007975249,-0.07653359,0.0008954406],"r":[300.8773,18.59231,358.5523],"s":[0.2200003,0.22,0.2200003],"c":[0.9714286,1,0]}]}]}