{"v":9,"a":[45],"p":[{"s":[{"p":[0,0,0],"r":[0,0,0],"s":[0.175,0.175,0.8578902],"c":[1,1,1]}]},{"s":[{"p":[-0.03350837,0.3494998,-0.3931629],"r":[88.12539,38.84418,35.43773],"s":[0.7553429,0.05448923,0.7773259],"c":[1,1,1]}]}]}