{"n":"stone x10","v":9,"a":[2,3,7,18],"p":[{"b":171,"t1":7,"s":[{"p":[0,0,0],"r":[0,0,0],"s":[0.0450001,0.04500009,0.04500009],"c":[0.4444443,0.4444443,0.4444443],"b":["when triggered then is person.stone += 10, then destroy all parts with 1s restore","when triggered then play stone bouncing on stone with varied-pitch low-pitch","when touches bank deposit then destroy all parts"],"t1":{"c":[0.3333333,0.3333333,0.3333333],"x":0.17,"y":0.17,"a":0.8925,"m":0.5,"n":0.5,"r":0,"g":0,"o":0.5,"t":0.5,"e":0.5},"pr":{"c":[0.4444444,0.4444444,0.4444444],"m":0.25,"a":0.25,"s":0.15,"z":0.25,"g":0.5,"h":0.25}}]},{"b":123,"a":[37],"e":"X10","s":[{"p":[-0.0856294,0.08124477,0.06877019],"r":[90,9.659345E-06,0],"s":[0.01412777,0.01412793,0.01412789],"c":[1,1,1]}]}]}