{"v":9,"p":[{"b":6,"s":[{"p":[0,0,0],"r":[0,0,0],"s":[0.2398888,0.1985544,0.545769],"c":[1,1,1]}]},{"b":6,"s":[{"p":[-0.5100965,-0.03403309,-0.3813394],"r":[4.459705,306.9415,195.1269],"s":[0.248591,0.09142293,0.5092373],"c":[1,1,1]}]}]}