{"v":9,"p":[{"a":[1],"s":[{"p":[0,0,0],"r":[0,0,0],"s":[1.770122,0.001,1.261734],"c":[1,1,1]}]}]}