{"v":9,"p":[{"b":14,"t1":22,"s":[{"p":[0,0,0],"r":[-3.415094E-06,0,0],"s":[0.1038571,0.0956587,0.1193367],"c":[0.3333332,0.1714284,0],"t1":{"c":[0.1925925,0.2222221,0.07407402],"x":0.17,"y":0.17,"a":0.69625,"m":0.5,"n":0.5,"r":0,"g":0,"o":0.5,"t":0.5,"e":0.5}}]},{"b":131,"e":"I HOPE EVERYONE DIES","s":[{"p":[-0.1851945,0.06337851,0.180915],"r":[88.99323,307.3477,305.2426],"s":[0.003000003,0.003000003,0.003000003],"c":[1,1,1]}]},{"b":14,"t1":22,"s":[{"p":[-0.006354336,0.008005798,0.1541049],"r":[0.1382972,270.7402,357.2974],"s":[0.1149675,0.09788276,0.08240667],"c":[0.3333332,0.1714284,0],"t1":{"c":[0.1925925,0.2222221,0.07407402],"x":0.17,"y":0.17,"a":0.69625,"m":0.5,"n":0.5,"r":0,"g":0,"o":0.5,"t":0.5,"e":0.5}}]},{"b":12,"t1":42,"s":[{"p":[-0.0005884469,0.2612817,-0.2947273],"r":[357.8937,275.303,269.8435],"s":[0.1614011,0.06000003,0.08782987],"c":[0.111111,0.05714275,0],"t1":{"c":[0.3333333,0.1714285,0],"x":0.5,"y":0.5,"a":0.8925,"m":0,"n":0,"r":0,"g":0,"o":0.5,"t":0.5,"e":0.5}}]}]}