{"v":9,"a":[7],"p":[{"s":[{"p":[0,0,0],"r":[0,0,0],"s":[2.437981,0.1751076,2.551434],"c":[0.8888889,0.8888889,0.8888889]}]}]}