{"v":9,"p":[{"b":132,"t":2,"e":"NOTICE:\nWE DO NOT CURRENTLY OWN ANY\nARCADE GAMES BUT IF YOU WOULD\nLIKE TO DONATE ANY THAT WOULD\nBE APPREACIATED [^_^]","s":[{"p":[0,0,0],"r":[0,0,0],"s":[0.006088061,0.006088043,0.006088058],"c":[1,1,1]},{"p":[0,0,0],"r":[0,0,0],"s":[0.006088061,0.006088043,0.006088058],"c":[1,1,1]}]}]}