{"v":9,"a":[30],"p":[{"s":[{"p":[0,0,0],"r":[0,0,0],"s":[1.378812,0.1751049,0.6712157],"c":[0.8888889,0.8888889,0.8888889]}]}]}