{"v":9,"a":[30],"p":[{"s":[{"p":[0,0,0],"r":[0,0,0],"s":[0.1751413,1.088839,2.971756],"c":[0.8888889,0.8888889,0.8888889]}]}]}