{"v":9,"a":[7],"p":[{"s":[{"p":[-0.007922649,0.001148225,0.002516031],"r":[-3.415095E-06,0,180],"s":[0.1495097,0.001000106,0.1264791],"c":[0,1,0.9142858],"b":["when touched then go to inventory page 3"]}]},{"b":129,"e":"3","s":[{"p":[-0.03960133,0.005167969,0.0803616],"r":[90,-1.931869E-05,0],"s":[0.01697675,0.01697451,0.01697673],"c":[0,0,0]}]},{"b":129,"e":"WEAPONS","s":[{"p":[0.06915379,0.01496838,0.01773787],"r":[90,-1.931869E-05,0],"s":[0.004844165,0.004843015,0.004844207],"c":[0,0,0]}]},{"s":[{"p":[-0.008494859,-0.03299094,-0.00605249],"r":[90,90,0],"s":[0.1750266,0.1750368,0.05968279],"c":[0,0,0]}]}]}