{"n":"floor","v":9,"a":[7],"p":[{"t1":88,"s":[{"p":[0,0,0],"r":[0,0,0],"s":[0.7534208,2.326985,0.1236178],"c":[0.7777778,0.5333333,0],"t1":{"c":[0.2222221,0.1904761,0],"x":0.5,"y":0.5,"a":0.8925,"m":0,"n":0,"r":0,"g":0,"o":0.5,"t":0.5,"e":0.5}}]}]}