{"n":"moon desk","v":9,"a":[22],"p":[{"s":[{"p":[0,0,0],"r":[0,0,-5.088888E-14],"s":[0.8196055,0.5247066,0.02581493],"c":[1,1,1]}]}]}