{"v":9,"a":[7,18,31],"p":[{"b":5,"s":[{"p":[0,0,0],"r":[0,0,0],"s":[1.183059,1.182957,1.183034],"c":[0.222222,0,0.07619036]}]}]}