{"v":9,"a":[2,15],"p":[{"b":73,"t":2,"s":[{"p":[0,0,0],"r":[0,0,0],"s":[0.09040618,0.0904059,0.09040639],"c":[0,0.7428566,1]}]}]}