{"v":9,"a":[7,38],"inc":[["thing","5d46625f7abdad2b3e8de3b0"],["thing 2","5d4663845224bf0628596e58"]],"p":[{"b":3,"t":2,"pr":34,"t1":10,"s":[{"p":[-0.0007286072,0.001239777,0.1346817],"r":[0,90,0],"s":[0.1234472,0.002417681,0.005219523],"c":[0.1728394,0.7259258,0.7777778],"b":["when touched then tell a","when touched then destroy all parts"],"t1":{"c":[1,1,1],"a":0},"pr":{"c":[0.09876538,0.4148147,0.4444444],"m":0.9410324,"a":0.25,"s":0,"z":0.1116562,"g":0.5,"h":0.6977768}}]},{"b":4,"a":[12],"s":[{"p":[0,0,0],"r":[0,0,0],"s":[0.004602729,0.007340809,0.01260569],"c":[1,1,1]}]},{"b":4,"a":[12],"s":[{"p":[-0.01412201,0.1286507,0.007968879],"r":[3.763252E-13,3.289939E-20,1.001791E-05],"s":[0.004603004,0.007333402,0.01263909],"c":[1,1,1],"b":["when told a then emit gravity-free thing 2 with 0"]}]},{"b":17,"t1":10,"s":[{"p":[-0.002262126,0.002437592,0.1226501],"r":[270,2.003582E-05,0],"s":[0.01211611,0.05548296,0.01527836],"c":[0.1728394,0.7259258,0.7777778],"t1":{"c":[1,1,1],"a":0}}]}]}