{"v":9,"a":[7,18],"p":[{"s":[{"p":[0,0,0],"r":[0,0,0],"s":[32.76366,0.2580882,18.89585],"c":[0.6666667,0.6666667,0.6666667]}]}]}