{"v":9,"p":[{"b":14,"s":[{"p":[0,0,0],"r":[0,0,0],"s":[0.06000002,0.06,0.06000003],"c":[1,1,1]}]},{"b":14,"s":[{"p":[0.1577847,0.09835259,-0.006311491],"r":[0.05385865,358.9442,5.312388],"s":[0.06000001,0.06000001,0.06],"c":[1,1,1]}]}]}