{"v":9,"p":[{"b":68,"s":[{"p":[0,0,0],"r":[0,0,0],"s":[0.3412791,0.1268575,0.1816749],"c":[1,1,1]}]}]}