{"n":"roundabout","v":9,"p":[{"a":[12],"s":[{"p":[0.6138837,1.447646,-0.9016076],"r":[4.802477E-07,-8.486863E-14,-2.025044E-05],"s":[0.1070107,0.1759426,1.364951],"c":[1,1,1]}]},{"b":69,"t":1,"s":[{"p":[0.3255466,0.3270285,-0.745723],"r":[0.759891,310.6922,27.9837],"s":[0.1036404,0.05657437,0.1036865],"c":[1,0.6222221,0.2222218]}]}]}