{"v":9,"a":[1,22,21],"p":[{"b":3,"t":19,"c":[[0.089,1.026,0.619,16],[0.3,0.798,0.781,26,24,2,1],[0.786,0.689,-0.327,14],[-0.504,0.614,-0.334,17],[0.832,0.35,-0.762,4],[-0.548,0.288,-0.705,5],[-0.148,-0.008,-0.923,0],[-1.725,0.275,-0.001,19],[-1.357,-0.066,-0.555,7],[-1.528,0.072,0.419,20],[-1.496,-0.257,-0.047,9],[0.469,-0.15,-0.1,37],[0.894,0.587,0.599,46],[0.703,0.301,0.819,48],[0.818,-0.284,0.008,34],[1.133,0.418,-0.589,13,31],[0.982,-0.035,-0.71,36],[0.638,0.778,0.169,15,30],[1.172,0.322,0.972,49],[-0.57,0.799,0.538,21],[-1.019,0.486,0.507,27]],"s":[{"p":[0.138237,0.09652264,-0.008378282],"r":[15.69986,343.675,87.73419],"s":[-0.008134504,-0.08179887,-0.03965544],"c":[1,0.8920635,0.7777778]}]},{"b":57,"t":11,"s":[{"p":[0.1413345,0.08406772,0.02597904],"r":[67.50004,0,270],"s":[-0.01223929,-0.06941903,-0.01223507],"c":[0.6666667,0.6666667,0.6666667]}]},{"b":57,"t":11,"s":[{"p":[0.1413345,0.08406772,0.02597904],"r":[67.50004,0,270],"s":[-0.01332713,-0.05696014,-0.01332313],"c":[0.8888889,0.8888889,0.8888889]}]}]}