{"v":9,"p":[{"b":3,"s":[{"p":[0,0,0],"r":[0,0,1.734227E-07],"s":[0.4007342,6.327114,4.253304],"c":[1,1,1]}]},{"b":3,"s":[{"p":[0.2462345,-1.250133,0.4802464],"r":[312.4758,207.9501,155.4692],"s":[0.4007347,6.327125,4.253311],"c":[1,1,1]}]}]}