{"v":9,"a":[2,16,21],"p":[{"b":9,"t":3,"pr":28,"t1":36,"s":[{"p":[0,0,0],"r":[0,0,-8.537735E-07],"s":[0.03141134,0.03141131,0.03141131],"c":[1,1,1],"b":["when starts then set light intensity 10, set light range 100","when told by any clear then destroy all parts"],"t1":{"c":[0.3333333,1,1],"x":0.5,"y":0.714798,"a":0.8925,"m":0,"n":0,"r":0,"g":0,"o":0.5,"t":0.5,"e":0.5},"pr":{"c":[0.3333333,1,1],"m":0.5264075,"a":0.5059414,"s":0.554104,"z":0.25,"g":0.5,"h":0.25}}]}]}