{"v":9,"p":[{"b":4,"s":[{"p":[0,0,0],"r":[0,0,0],"s":[0.04612383,0.04597061,0.09421481],"c":[1,0.6857142,0]}]}]}