{"v":9,"p":[{"b":3,"s":[{"p":[-0.2174632,0.6308953,-0.03551644],"r":[35.55246,55.45356,129.1831],"s":[0.04106456,0.03739813,0.03685863],"c":[0.2222221,0.1523808,0]}]},{"b":3,"s":[{"p":[-0.1413898,0.5335804,0.05466205],"r":[27.99046,334.8206,94.23508],"s":[0.04106426,0.0373982,0.03685831],"c":[0.2222221,0.1523808,0]}]},{"b":45,"s":[{"p":[-0.1372445,0.5667305,-0.05440956],"r":[40.55553,41.79233,152.9162],"s":[0.1250016,0.1250006,0.1250018],"c":[0.2222221,0.1523808,0]}]}]}