{"v":9,"a":[7,18],"p":[{"s":[{"p":[-0.01554298,0.01359838,0.4722527],"r":[8.964184E-08,-8.964185E-08,89.99998],"s":[0.07506304,0.07672177,0.0505046],"c":[0,1,0.5714287],"b":["when touches hand then become 2 in 0.2s","when touches hand then tell any openbridge"]},{"p":[-0.01554298,0.01359838,0.4722527],"r":[8.964184E-08,-8.964185E-08,89.99998],"s":[0.07506304,0.07672177,0.0505046],"c":[0.4444443,0,0],"b":["when touches hand then become 1 in 0.2s","when touches hand then tell any openbridge"]}]}]}