{"v":9,"a":[2],"p":[{"s":[{"p":[0,0,0],"r":[0,0,0],"s":[0.009849081,0.5298279,0.3556407],"c":[1,1,1]}]}]}