{"v":9,"p":[{"b":43,"s":[{"p":[0,0,0],"r":[0,0,0],"s":[0.1250004,1.168062,0.4092514],"c":[1,1,1]}]}]}