{"n":"teletarget","v":9,"a":[7,18,31],"p":[{"b":4,"a":[12],"s":[{"p":[0,0,0],"r":[0,0,0],"s":[0.02629671,0.02629299,0.02629279],"c":[1,1,1]}]}]}