{"n":"what even","v":9,"a":[2],"p":[{"b":198,"s":[{"p":[0,0,0],"r":[0,0,0],"s":[0.06000035,0.06000017,0.05999991],"c":[1,1,1]}]},{"b":17,"s":[{"p":[2.890024,-1.115087,1.82257],"r":[338.8063,164.9116,109.9059],"s":[0.05999999,0.06000003,0.06000001],"c":[1,1,1]}]},{"b":3,"s":[{"p":[2.687223,-0.8052008,1.888339],"r":[18.78238,191.4757,78.45135],"s":[0.125,0.1250001,0.125],"c":[1,1,1]}]}]}