{"v":9,"p":[{"b":175,"s":[{"p":[0,0,0],"r":[0,0,0],"s":[0.04744215,0.158022,0.04500005],"c":[1,1,1],"b":["when starts then all parts face empty hand"]}]}]}