{"v":9,"tp_d": 999,"tp_ad": 999,"p":[{"b":73,"t":19,"pr":20,"s":[{"p":[0,0,0],"r":[0,0,0],"s":[0.04279944,0.04279938,0.0427995],"c":[0,0,0],"b":["when starts then become next in 1s","when starts then play distant thump 2"],"pr":{"c":[0,0,0],"m":0.25,"a":0.25,"s":0,"z":0.2204478,"g":0.3210295,"h":0.5}},{"p":[0,0,0],"r":[0,0,0],"s":[0.1382997,0.1382997,0.1382997],"c":[0,0,0],"b":["when starts then destroy all parts with 2s restore"],"pr":{"c":[0,0,0],"m":0.25,"a":0.25,"s":0,"z":0.2204478,"g":0.3210295,"h":0.5}}]}]}