{"n":"45 cal","v":9,"a":[2,12],"p":[{"b":61,"t":3,"s":[{"p":[0,0,0],"r":[0,0,0],"s":[0.01311561,0.01477607,0.03473581],"c":[1,0.7206349,0.111111]}]}]}