{"n":"shell casing","v":9,"a":[2],"p":[{"b":145,"t":1,"c":[[-0.4,-0.2,-1.4,33,34],[-0.4,-0.6,-1.3,31,32],[-0.4,-0.9,-1.1,29,30],[-0.4,-1.2,-0.8,27,28],[-0.4,-1.4,-0.4,24,25],[-0.4,-1.4,0,25,23],[-0.4,-1.4,0.3,26,26],[-0.4,-1.2,0.7,28,28],[-0.4,-0.9,0.8,30,30],[-0.4,-0.7,1.2,32,32],[-0.4,-0.4,1.3,34,34],[-0.4,0,1.4,36,36],[-0.4,0.3,1.3,38,39],[-0.4,0.7,1.2,40,41],[-0.4,1,0.9,42,43],[-0.4,1.2,0.6,44,45],[-0.4,1.3,0.2,46,48],[-0.4,1.3,-0.2,47,45],[-0.4,1.2,-0.5,45,45],[-0.4,1,-0.8,43,43],[-0.4,0.8,-1.1,41,41],[-0.4,0.5,-1.3,39,39],[-0.4,0.3,-1.4,37,37],[-0.4,0,-1.4,35,36]],"s":[{"p":[0,0,0],"r":[0,0,0],"s":[0.02480885,0.004622349,0.004547282],"c":[0.984127,1,0.4444443]}]}]}