{"v":9,"a":[7,13,18],"p":[{"t":1,"s":[{"p":[0,0,0],"r":[0,0,0],"s":[2.497714,0.1535503,0.1398269],"c":[0.6666667,0.6666667,0.6666667]}]},{"t":1,"s":[{"p":[0,-1.192093E-07,-0.9826967],"r":[0,0,5.008957E-06],"s":[2.501424,0.1536608,0.1398811],"c":[0.6666667,0.6666667,0.6666667]}]},{"t":1,"s":[{"p":[-1.28373,-5.960464E-08,-0.4919243],"r":[0,89.99999,0],"s":[1.121816,0.15365,0.1398936],"c":[0.6666667,0.6666667,0.6666667]}]},{"t":1,"s":[{"p":[1.277474,-5.960464E-08,-0.4919243],"r":[0,89.99999,0],"s":[1.122215,0.1537149,0.1399316],"c":[0.6666667,0.6666667,0.6666667]}]}]}