{"v":9,"a":[7,18,48,49],"p":[{"b":205,"i":[{"t":"5d4658d8e51a7e1b3fb8a3e3","p":[-3.00806,-0.01397711,-0.314118],"r":[8.956442E-12,-1.001791E-05,90]}],"s":[{"p":[0,0,0],"r":[0,0,-7.656432E-20],"s":[0.03998429,0.04775848,0.06286327],"c":[0.4444443,0.4444443,0.4444443],"b":["when told by nearby spikeful then become next in 0.3s, play metal bars friction with 500"]},{"p":[-6.699976E-08,1.171461E-14,0.383194],"r":[1.001791E-05,-1.628444E-12,-2.189274E-19],"s":[0.03998837,0.04776801,0.06287403],"c":[0.4444441,0.4444441,0.4444441],"b":["when starts then become next in 7s"]},{"p":[-2.578569E-07,2.578569E-07,1.47477],"r":[6.157181E-14,-1.001791E-05,1.001791E-05],"s":[0.04000786,0.04777944,0.06290467],"c":[0.444444,0.444444,0.444444]}]}]}