{"v":9,"a":[5,7,18,48,49],"p":[{"b":205,"i":[{"t":"5d47a1b24e3a0d2b3799e622","p":[0.2266617,0.09363938,0.001300819],"r":[66.03546,299.8844,20.14976]}],"s":[{"p":[0,0,0],"r":[0,0,0],"s":[0.04500052,0.02382584,0.0450069],"c":[1,1,1],"b":["when starts then become next in 7s"]},{"p":[0,-7.450581E-09,0.06314851],"r":[0,0,1.001791E-05],"s":[0.04500249,0.02383254,0.04501607],"c":[1,1,1],"b":["when starts then become next in 7s"]}]}]}