{"n":"bone emitter","v":9,"a":[2,3,7,18,31],"inc":[["bone attack","5c69f863445ad31c891bf98a"],["bone attack 2","5c69f8fe15b4b31c7d8eb8de"],["bone attack 3","5c69f9a4636c692876543c2a"],["bone attack 4","5c69fa053a80110abf308ee2"],["bone attack 5","5d4b2b8ab905231b65f168c9"],["bone attack 6","5d4b2c258e11b1061cc6ebf3"],["bone attack 7","5d4b2cb10534220622b68b5e"],["bone attack 8","5d4b2d05a730e521be048dbd"],["bone attack 9","5d4f6f644e3a0d2b3799e87e"]],"p":[{"b":132,"t":2,"a":[12],"e":"BONE EMITTER","s":[{"p":[-0.01366973,-0.1272619,-0.5944524],"r":[0,0,90],"s":[0.001657055,0.001657045,0.001656991],"c":[1,1,1]}]},{"b":4,"a":[12],"s":[{"p":[-5.982837E-10,-0.003421843,-0.474072],"r":[0,0,-1.001791E-05],"s":[0.1186712,0.118232,0.1064646],"c":[1,1,1],"b":["when told by any bone-attack then emit bone attack 9 with 0"]}]}]}