{"v":9,"p":[{"b":2,"s":[{"p":[0.8421997,0.2525463,-1.204152],"r":[342.3914,174.933,279.6955],"s":[0.001,0.001,0.001],"c":[1,1,1]}]},{"b":2,"s":[{"p":[0.8071944,0.4427295,-1.187373],"r":[359.0024,165.9519,28.60206],"s":[0.001,0.001000004,0.001],"c":[1,1,1]}]},{"b":2,"s":[{"p":[5.49874,-0.56302,-1.949434],"r":[43.30286,219.6404,108.6534],"s":[0.001,0.001,0.001282483],"c":[0.0493826,0.4444443,0.2074073]}]},{"b":2,"s":[{"p":[-7.732851,15.94514,-1.820243],"r":[330.0214,49.14505,228.5571],"s":[0.973027,0.6405236,0.4610956],"c":[0.05079351,0.4444443,0]}]}]}