{"v":9,"a":[7,18],"p":[{"a":[1],"s":[{"p":[0,0,0],"r":[0,0,0],"s":[1.634094,0.001,1.548333],"c":[1,1,1]}]}]}