{"v":9,"a":[5,7,18,34],"p":[{"t1":142,"s":[{"p":[0,0,0],"r":[0,0,-6.157171E-14],"s":[2.674948,0.0824988,8.842963],"c":[0.333333,0.1873013,0.1111108],"t1":{"c":[0,0.9142855,1],"x":0.504715,"y":0.651062,"a":0.8004913,"m":0,"n":0,"r":0.25,"g":0,"o":0.5,"t":0.5,"e":0.5}}]},{"a":[15],"t1":142,"s":[{"p":[1.546077E-06,-1.546077E-06,-8.842529],"r":[0,0,-6.157171E-14],"s":[2.675487,0.08250968,8.843966],"c":[0.333333,0.1873013,0.1111108],"t1":{"c":[0,0.9142855,1],"x":0.504715,"y":0.651062,"a":0.8004913,"m":0,"n":0,"r":0.25,"g":0,"o":0.5,"t":0.5,"e":0.5}}]},{"t1":142,"s":[{"p":[-1.546301E-06,1.546301E-06,8.843811],"r":[-1.690016E-12,-1.001791E-05,-1.001791E-05],"s":[2.675606,0.08250742,8.844609],"c":[0.333333,0.1873013,0.1111108],"t1":{"c":[0,0.9142855,1],"x":0.504715,"y":0.651062,"a":0.8004913,"m":0,"n":0,"r":0.25,"g":0,"o":0.5,"t":0.5,"e":0.5}}]}]}