{"n":"backarm","v":9,"a":[21],"p":[{"b":82,"t":1,"id":"5d509488f5029632e8807754","s":[{"p":[0,0,0],"r":[0,0,0],"s":[0.02153199,0.06725153,0.02152359],"c":[0.6603175,0.6666667,0.444444],"b":["when starts then all parts face nearest cogb"]}]},{"b":82,"t":1,"ac":{"id":"5d509488f5029632e8807754","c":10},"s":[{"p":[2.04891E-08,-4.656613E-08,0.06337446],"r":[4.579999E-13,-3.415095E-06,1.536793E-05],"s":[0.02154096,0.0672721,0.0215284],"c":[0.6603175,0.6666667,0.444444]}]}]}