{"v":9,"a":[7,12,18],"p":[{"b":205,"a":[12,37],"s":[{"p":[0,0,0],"r":[1.628444E-12,-7.279712E-20,-1.034509E-33],"s":[0.02168857,0.02050744,0.02505005],"c":[1,1,1],"b":["when starts then all parts face someone"]}]},{"b":69,"t":1,"t1":13,"s":[{"p":[-8.157504E-09,-0.09331097,-1.631501E-08],"r":[-2.003583E-05,180,1.001791E-05],"s":[0.07690856,0.06296741,0.05227644],"c":[0.6666667,0,0],"t1":{"c":[1,1,1],"x":0.3725851,"y":0.3822296,"a":0.3769063,"m":0.5,"n":0.5,"r":0,"g":0,"o":0.5,"t":0.5,"e":0.5}}]},{"b":180,"t":1,"s":[{"p":[0.04018365,-0.09919719,0.04745243],"r":[90,-5.008957E-06,0],"s":[0.01439471,0.012125,0.02523538],"c":[0,0,0]}]},{"b":180,"t":1,"s":[{"p":[-0.03954186,-0.09919719,0.04745244],"r":[90,-5.008957E-06,0],"s":[0.01439521,0.01212539,0.02523777],"c":[0,0,0]}]}]}