{"v":9,"p":[{"a":[36],"s":[{"p":[0,0,0],"r":[0,0,-8.537735E-07],"s":[0.1750017,0.1750017,0.1750024],"c":[1,1,1],"b":["when told by any right-trigger-value:1 then become next"]},{"p":[0,0,0],"r":[0,0,-8.537735E-07],"s":[0.1750017,0.1750017,0.1750024],"c":[1,0,0.6857142],"b":["when told by any right-trigger-value:0 then become next "]}]}]}