{"v":9,"p":[{"b":13,"t":1,"s":[{"p":[-0.000436594,0.001074277,0.03260894],"r":[2.840338,1.973867,6.295407],"s":[0.004574887,0.004574894,0.001000003],"c":[1,1,1]}]},{"b":14,"t":1,"s":[{"p":[0.002069206,0.0007147524,-0.001139809],"r":[359.2323,356.4383,1.810839],"s":[0.004577362,0.00457739,0.01096265],"c":[1,1,1]}]}]}