{"n":"statues","v":9,"a":[7,13,18,31],"p":[{"b":60,"t":1,"c":[[-0.461,0.442,0.325,17,9,24,33],[0.457,0.432,0.261,10,17,22,31],[0.461,-0.447,0.327,4,7,37,26],[-0.46,-0.427,0.321,5,11,35,26],[-0.45,-0.384,-0.19,41,5,12,37],[-0.4450001,0.416,-0.2200001,37,3,19,28],[0.5,0.45,-0.453,21,11,37,15],[0.45,0.416,-0.273,35,1,20,29],[0.433,-0.384,-0.17,34,13,10,35],[0.5,-0.45,-0.421,2,31,35,22]],"sa":75,"cx":0,"s":[{"p":[0.2641411,0.1758038,0.1302285],"r":[0,0,180],"s":[0.1215971,0.1360741,0.0337906],"c":[0.8888889,0.7619048,0],"b":["when gets hape statue then tell hape","when gets sape statue then tell sape","when gets shpe statue then tell shpe","when gets shae statue then tell shae","when gets shap statue then tell shap","when gets shape tatue then tell tatue","when gets shape satue then tell satue","when gets shape sttue then tell sttue","when gets shape staue then tell staue","when gets shape state then tell state","when gets shape statu then tell statu"]}]},{"b":60,"t":1,"c":[[-0.461,0.442,0.325,17,9,24,33],[0.457,0.432,0.261,10,17,22,31],[0.461,-0.447,0.327,4,7,37,26],[-0.46,-0.427,0.321,5,11,35,26],[-0.45,-0.384,-0.19,41,5,12,37],[-0.4450001,0.416,-0.2200001,37,3,19,28],[0.5,0.45,-0.453,21,11,37,15],[0.45,0.416,-0.273,35,1,20,29],[0.433,-0.384,-0.17,34,13,10,35],[0.5,-0.45,-0.421,2,31,35,22]],"s":[{"p":[-2.45444E-08,0.2807552,0.131322],"r":[0,0,0],"s":[0.1215219,0.1360021,0.03377506],"c":[0.8888889,0.7619048,0],"b":["when gets hape statue then tell hape","when gets sape statue then tell sape","when gets shpe statue then tell shpe","when gets shae statue then tell shae","when gets shap statue then tell shap","when gets shape tatue then tell tatue","when gets shape satue then tell satue","when gets shape sttue then tell sttue","when gets shape staue then tell staue","when gets shape state then tell state","when gets shape statu then tell statu"]}]},{"b":60,"t":1,"v":1,"s":[{"p":[0.1346586,0.2367641,0.13234],"r":[0,0,180],"s":[0.1216239,0.1361201,0.03380058],"c":[0.8888889,0.7619048,0],"b":["when gets hape statue then tell hape","when gets sape statue then tell sape","when gets shpe statue then tell shpe","when gets shae statue then tell shae","when gets shap statue then tell shap","when gets shape tatue then tell tatue","when gets shape satue then tell satue","when gets shape sttue then tell sttue","when gets shape staue then tell staue","when gets shape state then tell state","when gets shape statu then tell statu"]}]},{"b":60,"t":1,"v":1,"s":[{"p":[0.2099462,0.09251645,0.0851164],"r":[0,0,180],"s":[0.1215909,0.1360673,0.03378885],"c":[0.8888889,0.7619048,0],"b":["when gets hape statue then tell hape","when gets sape statue then tell sape","when gets shpe statue then tell shpe","when gets shae statue then tell shae","when gets shap statue then tell shap","when gets shape tatue then tell tatue","when gets shape satue then tell satue","when gets shape sttue then tell sttue","when gets shape staue then tell staue","when gets shape state then tell state","when gets shape statu then tell statu"]}]},{"b":60,"t":1,"v":1,"s":[{"p":[0.120023,0.03608872,0.04334164],"r":[0,0,0],"s":[0.1215325,0.13601,0.03377727],"c":[0.8888889,0.7619048,0],"b":["when gets hape statue then tell hape","when gets sape statue then tell sape","when gets shpe statue then tell shpe","when gets shae statue then tell shae","when gets shap statue then tell shap","when gets shape tatue then tell tatue","when gets shape satue then tell satue","when gets shape sttue then tell sttue","when gets shape staue then tell staue","when gets shape state then tell state","when gets shape statu then tell statu"]}]},{"b":60,"t":1,"v":1,"s":[{"p":[-9.872911E-10,0.01129329,9.313226E-10],"r":[0,0,0],"s":[0.1214822,0.1359851,0.03376995],"c":[0.8888889,0.7619048,0],"b":["when gets hape statue then tell hape","when gets sape statue then tell sape","when gets shpe statue then tell shpe","when gets shae statue then tell shae","when gets shap statue then tell shap","when gets shape tatue then tell tatue","when gets shape satue then tell satue","when gets shape sttue then tell sttue","when gets shape staue then tell staue","when gets shape state then tell state","when gets shape statu then tell statu"]}]},{"b":60,"t":1,"v":1,"s":[{"p":[-1.388465E-08,0.1588219,0.0567551],"r":[0,0,0],"s":[0.1215068,0.135995,0.03377315],"c":[0.8888889,0.7619048,0],"b":["when gets hape statue then tell hape","when gets sape statue then tell sape","when gets shpe statue then tell shpe","when gets shae statue then tell shae","when gets shap statue then tell shap","when gets shape tatue then tell tatue","when gets shape satue then tell satue","when gets shape sttue then tell sttue","when gets shape staue then tell staue","when gets shape state then tell state","when gets shape statu then tell statu"]}]},{"b":60,"t":1,"s":[{"p":[-1.388465E-08,0.1588219,0.1054106],"r":[0,0,1.001791E-05],"s":[0.07830811,0.0818182,0.09191403],"c":[0.8888889,0.7619048,0]}]},{"b":60,"t":1,"s":[{"p":[-9.872807E-10,0.01129318,0.08114339],"r":[0,0,0],"s":[0.07831234,0.08181974,0.1728341],"c":[0.8888889,0.7619048,0]}]},{"b":60,"t":1,"s":[{"p":[-8.920501E-09,0.1020387,0.1512018],"r":[0,0,5.008957E-06],"s":[0.07831981,0.2621605,0.02005466],"c":[0.8888889,0.7619048,0]}]},{"b":60,"t":1,"s":[{"p":[0.1202345,0.1435615,0.1545081],"r":[0,0,5.008957E-06],"s":[0.07835329,0.2622072,0.02005795],"c":[0.8888889,0.7619048,0]}]},{"b":60,"t":1,"s":[{"p":[0.120023,0.03608873,0.09912683],"r":[0,0,180],"s":[0.07832035,0.08182932,0.1084159],"c":[0.8888889,0.7619048,0]}]},{"b":60,"t":1,"s":[{"p":[0.2099462,0.09251647,0.1295271],"r":[0,0,180],"s":[0.0783383,0.08185551,0.07732516],"c":[0.8888889,0.7619048,0]}]},{"b":60,"t":1,"s":[{"p":[-0.1202345,0.1435615,0.1545081],"r":[0,0,-5.008957E-06],"s":[0.07835329,0.2622072,0.02005795],"c":[0.8888889,0.7619048,0]}]},{"b":60,"t":1,"s":[{"p":[-0.120023,0.03608873,0.09912683],"r":[0,0,180],"s":[0.07832035,0.08182932,0.1084159],"c":[0.8888889,0.7619048,0]}]},{"b":60,"t":1,"s":[{"p":[-0.2099462,0.09251647,0.1295271],"r":[0,0,180],"s":[0.0783383,0.08185551,0.07732516],"c":[0.8888889,0.7619048,0]}]},{"b":60,"t":1,"v":1,"s":[{"p":[-0.2641412,0.1758039,0.1302285],"r":[0,0,180],"s":[0.1215222,0.1360023,0.03377508],"c":[0.8888889,0.7619048,0],"b":["when gets hape statue then tell hape","when gets sape statue then tell sape","when gets shpe statue then tell shpe","when gets shae statue then tell shae","when gets shap statue then tell shap","when gets shape tatue then tell tatue","when gets shape satue then tell satue","when gets shape sttue then tell sttue","when gets shape staue then tell staue","when gets shape state then tell state","when gets shape statu then tell statu"]}]},{"b":60,"t":1,"v":1,"s":[{"p":[-0.2099462,0.09251654,0.0851164],"r":[0,0,180],"s":[0.121522,0.1360022,0.03377507],"c":[0.8888889,0.7619048,0]}]},{"b":60,"t":1,"v":1,"s":[{"p":[-0.120023,0.0360887,0.04334164],"r":[0,0,0],"s":[0.1215222,0.1360023,0.03377507],"c":[0.8888889,0.7619048,0],"b":["when gets hape statue then tell hape","when gets sape statue then tell sape","when gets shpe statue then tell shpe","when gets shae statue then tell shae","when gets shap statue then tell shap","when gets shape tatue then tell tatue","when gets shape satue then tell satue","when gets shape sttue then tell sttue","when gets shape staue then tell staue","when gets shape state then tell state","when gets shape statu then tell statu"]}]},{"b":60,"t":1,"v":1,"s":[{"p":[-0.1346586,0.2367642,0.13234],"r":[0,0,180],"s":[0.1215222,0.1360023,0.03377508],"c":[0.8888889,0.7619048,0],