{"v":9,"p":[{"b":14,"s":[{"p":[0,0,0],"r":[0,0,0],"s":[0.0600001,0.06000014,0.06000016],"c":[1,1,1]}]},{"b":13,"s":[{"p":[0.1101369,-0.006182328,-0.1204385],"r":[12.74488,1.642928,0.2666259],"s":[0.06000006,0.06000006,0.06000009],"c":[1,1,1]}]},{"b":13,"s":[{"p":[-0.107521,-0.006681532,-0.108662],"r":[12.36963,2.318738,357.4612],"s":[0.06000006,0.06000009,0.0600001],"c":[1,1,1]}]}]}