{"n":"head base","v":9,"p":[{"b":3,"t":11,"a":[31],"i":[{"t":"5d53288ad274d7062667ba26","p":[-0.05892886,0.04274686,0.04729712],"r":[355.7702,275.4515,228.8346]},{"t":"5d532ca38c31ef1b51dcc865","p":[-0.1087684,0.05169594,0.02044574],"r":[48.93454,221.5296,313.8867]},{"t":"5d532ca38c31ef1b51dcc865","p":[-0.04930279,0.09846842,0.05728019],"r":[16.947,247.1429,328.8494]}],"c":[[0.223,0.384,-0.91,3,35],[0.086,0.611,-0.976,4],[0.353,0.525,-0.722,13,31],[-0.021,0.301,-0.929,0],[0.587,0.314,-0.461,36],[0.036,-0.189,-0.78,1,38],[0.473,-0.33,-0.347,35],[0.699,-0.145,-0.036,34],[0.1,-0.557,-0.367,40],[0.368,-0.548,0.056,33],[0.563,-0.24,0.357,32],[-0.048,-0.686,0.006,25,16,2,4,7,2],[0.12,-0.489,0.406,31],[-0.346,-0.635,0.37,23],[0.293,-0.17,0.696,30],[0.691,0.128,0.434,48],[0.702,0.379,-0.028,37],[-0.265,-0.564,-0.418,6,5,31,13],[-0.719,-0.588,0.207,10],[-0.685,-0.411,0.601,22],[-0.207,-0.41,0.824,24],[-0.678,-0.482,-0.247,8],[0.615,0.448,0.393,46],[-0.496,-0.123,-0.746,2],[0.459,0.789,-0.177,15,30],[-0.888,-0.014,-0.33,7],[0.196,0.799,0.457,26,24,2,1],[-0.934,-0.229,-0.057,9],[-0.293,0.792,-0.544,17],[-0.453,0.321,-0.797,5],[0.205,0.853,-0.418,14]],"s":[{"p":[0,0,0],"r":[0,0,1.707548E-06],"s":[0.1250032,0.125004,0.1250046],"c":[1,0,0]}]},{"b":62,"t":3,"t1":101,"s":[{"p":[-0.1087684,0.05169594,0.02044574],"r":[48.93454,221.5296,313.8867],"s":[0.01950988,0.0187093,0.05948821],"c":[0,0.9142855,1],"t1":{"c":[0.09876538,0.8211639,0.8888889],"x":0.5,"y":0.5,"a":0.8925,"m":0,"n":0,"r":0,"g":0,"o":0.5,"t":0.5,"e":0.5}}]}]}