{"n":"left-piston-a","v":9,"a":[7,12,32],"p":[{"b":144,"t1":168,"t2":10,"s":[{"p":[2.235175E-08,0,0.06250001],"r":[90,270,0],"s":[0.09435584,0.04330014,0.04329947],"c":[0,0,0],"t1":{"c":[0,0,0],"a":0.006306648},"t2":{"c":[0.1481481,0.2539682,0.3333333],"a":1}}]},{"b":180,"t1":168,"t2":10,"s":[{"p":[0,0,0],"r":[1.727226E-12,8.678092E-27,5.757418E-13],"s":[0.05661155,0.05660899,0.05661187],"c":[0,0,0],"b":["when starts then all parts face nearest left-piston-b"],"t1":{"c":[0,0,0],"a":0.006306648},"t2":{"c":[0.1481481,0.2539682,0.3333333],"a":1}}]},{"b":144,"t1":168,"t2":10,"s":[{"p":[-2.980232E-08,0,0.3],"r":[90,270,0],"s":[0.3021188,0.04330581,0.04330523],"c":[0,0,0],"t1":{"c":[0,0,0],"a":0.006306648},"t2":{"c":[0.1481481,0.2539682,0.3333333],"a":1}}]},{"b":144,"t1":168,"t2":10,"s":[{"p":[-5.960464E-08,0,0.5375001],"r":[90,270,0],"s":[0.09436412,0.04331181,0.04331257],"c":[0,0,0],"t1":{"c":[0,0,0],"a":0.006306648},"t2":{"c":[0.1481481,0.2539682,0.3333333],"a":1}}]}]}