{"n":"platform tumbler","v":9,"a":[7,18],"p":[{"s":[{"p":[1.490116E-08,0.1400013,0],"r":[0,0,349],"s":[1.594507,1.529452,0.02699433],"c":[0.4444443,0.4444443,0.4444443]}]}]}