{"v":9,"a":[22,13,18,45],"p":[{"b":60,"t":11,"s":[{"p":[0,0,0],"r":[0,0,0],"s":[0.4511683,0.09839951,1.496176],"c":[1,1,1]}]},{"b":60,"t":11,"s":[{"p":[0.3004608,0.1486206,0.070039],"r":[4.165115E-07,-6.233537E-07,67.49999],"s":[0.4512504,0.09842427,2.581955],"c":[1,1,1]}]},{"b":60,"t":11,"s":[{"p":[-0.3816681,0.08978278,0.07003875],"r":[1.894165E-07,4.572919E-07,315],"s":[0.4513346,0.09845157,2.582537],"c":[1,1,1]}]}]}