{"n":"bush","v":9,"p":[{"b":152,"s":[{"p":[0,0,0],"r":[0,0,0],"s":[0.04000013,0.04000007,0.04000007],"c":[0.1142856,1,0]}]}]}