{"n":"index","v":9,"p":[{"b":5,"s":[{"p":[0,0,0],"r":[0,0,0],"s":[0.3491695,0.349169,0.1144577],"c":[0.6518518,0.6666667,0.148148]}]}]}