{"v":9,"a":[2,7,15,31],"p":[{"b":59,"s":[{"p":[0,0,0],"r":[0,0,0],"s":[0.007509371,0.2611804,0.007509371],"c":[1,0.7904761,0.3333332],"b":["when touched then play bullet shells"]}]},{"b":5,"s":[{"p":[0.0001388211,0.01424408,0.0002250684],"r":[87.03199,315.5414,140.696],"s":[0.005668131,0.005668133,0.005668117],"c":[0.7777778,0.5333333,0]}]}]}