{"v":9,"p":[{"s":[{"p":[0,0,0],"r":[0,0,5.336085E-08],"s":[0.1750012,0.1750008,0.1750009],"c":[0.2857141,1,0]}]}]}