{"v":9,"a":[7,21],"p":[{"b":4,"a":[23],"t1":4,"s":[{"p":[0,0,0],"r":[0,0,0],"s":[10.85773,10.85821,10.85802],"c":[0.194634,0.313123,0.615594],"t1":{"c":[0,0.1015872,0.4444444],"x":0.17,"y":0.17,"a":0.69625,"m":0.5,"n":0.5,"r":0,"g":0,"o":0.5,"t":0.5,"e":0.5}}]}]}