{"v":9,"a":[1,7,18],"p":[{"b":61,"t1":80,"s":[{"p":[0,0,0],"r":[0,0,0],"s":[0.204953,0.311777,0.584751],"c":[0.06172818,0.1746029,0.5555556],"b":["when touches bullet 123 then become untweened next , then play goblet ding sparkle"],"t1":{"c":[0.5555556,0.5555556,0.5555556],"x":0.5,"y":0.5,"a":0.8925,"m":0,"n":0,"r":0,"g":0,"o":0.5,"t":0.5,"e":0.5}},{"p":[0,0,0],"r":[0,0,0],"s":[0.204953,0.311777,0.584751],"c":[0.06172816,0.1746029,0.5555556],"b":["when touches bullet 123 then become untweened next , then play goblet ding sparkle"],"t1":{"c":[0.5555556,0.5555556,0.5555556],"x":0.5,"y":0.5,"a":0.8925,"m":0,"n":0,"r":0,"g":0,"o":0.5,"t":0.5,"e":0.5}},{"p":[0,0,0],"r":[0,0,0],"s":[0.204953,0.311777,0.584751],"c":[0.06172808,0.1746028,0.5555556],"b":["when touches bullet 123 then become untweened next , then play goblet ding sparkle"],"t1":{"c":[0.5555556,0.5555556,0.5555556],"x":0.5,"y":0.5,"a":0.8925,"m":0,"n":0,"r":0,"g":0,"o":0.5,"t":0.5,"e":0.5}},{"p":[0,0,0],"r":[0,0,0],"s":[0.204953,0.311777,0.584751],"c":[0.06172775,0.1746024,0.5555556],"b":["when starts then send one nearby onto blue spawn, then become 1"],"t1":{"c":[0.5555556,0.5555556,0.5555556],"x":0.5,"y":0.5,"a":0.8925,"m":0,"n":0,"r":0,"g":0,"o":0.5,"t":0.5,"e":0.5}}]}]}