{"v":9,"a":[31],"p":[{"b":18,"a":[19],"e":"[TYPED]","s":[{"p":[0.001663204,-0.02233886,-0.01251984],"r":[1.001791E-05,-1.190547E-12,180],"s":[0.003000027,0.00300001,0.003000025],"c":[1,1,1],"b":["when starts then all parts face view","when typed then say [typed]","when starts then set voice male 8 pitch"]}]},{"b":4,"a":[12,37,42],"s":[{"p":[0,0,0],"r":[0,0,6.157161E-14],"s":[0.04446554,0.04446123,0.04446466],"c":[1,1,1]}]}]}