{"v":9,"a":[5,7,18],"p":[{"b":13,"t":1,"id":"5d578ae0d6543606803601bf","s":[{"p":[0,0,0],"r":[0,0,0],"s":[0.3103117,0.02079446,0.1774211],"c":[1,1,1]}]},{"b":13,"t":1,"ac":{"id":"5d578ae0d6543606803601bf","c":3},"s":[{"p":[1.274697,0,0],"r":[0,0,0],"s":[0.3103229,0.02079499,0.1774269],"c":[1,1,1]}]},{"b":83,"t":11,"id":"5d578b3ad6543606803601c0","s":[{"p":[0.004631043,0.07476807,0.0001907274],"r":[270,180,0],"s":[0.1250143,0.03906507,0.07806323],"c":[0.7777778,0.7777778,0.7777778]}]},{"b":83,"t":11,"ac":{"id":"5d578b3ad6543606803601c0","c":3},"s":[{"p":[1.283318,0.07476807,0.0001907274],"r":[270,180,0],"s":[0.1250176,0.03906623,0.07806566],"c":[0.7777778,0.7777778,0.7777778]}]}]}