{"n":"focal point","v":9,"a":[31],"p":[{"b":10,"s":[{"p":[0,0,0],"r":[0,0,0],"s":[0.01739569,0.01739573,0.0173957],"c":[1,1,1]}]}]}