{"n":"gaster blaster image","v":9,"a":[7],"p":[{"im":"786360862334078373/F6D6A04683E2E7D9307E25475504E21A7BFB800F/","s":[{"p":[0,0,0],"r":[-1.04362E-15,-3.201651E-07,-3.73526E-07],"s":[0.130052,0.01354949,0.1709162],"c":[1,1,1]}]}]}