{"v":9,"p":[{"b":18,"e":"MADNESS COMBAT PET","s":[{"p":[0,0,0],"r":[0,0,2.134434E-07],"s":[0.003000002,0.003,0.003000002],"c":[0.4444443,0.4444443,0.4444443]}]}]}