{"v":9,"p":[{"b":18,"e":"HARD","s":[{"p":[0,0,0],"r":[0,0,0],"s":[0.003000003,0.002999999,0.003000004],"c":[0,0.05714255,1]}]}]}