{"n":"red-node-object","v":9,"p":[{"s":[{"p":[0,0,0],"r":[0,0,0],"s":[0.01289493,0.1750007,0.1750007],"c":[1,0,0]}]}]}