{"n":"sun dial","v":9,"p":[{"b":9,"t":1,"s":[{"p":[0,0,0],"r":[0,0,0],"s":[0.3267527,0.1020977,0.3267554],"c":[0.9714286,1,0]}]},{"b":14,"t":1,"s":[{"p":[-0.01551053,0.1871281,-0.02014923],"r":[270,1.931869E-05,0],"s":[0.06000409,0.06000351,1.208993],"c":[0.9714286,1,0]}]},{"b":14,"t":1,"s":[{"p":[-0.1140289,0.08962252,0.3128129],"r":[4.444648,337.0586,6.805885],"s":[0.06000347,0.06000115,0.4141501],"c":[0.9714286,1,0]}]}]}