{"v":9,"a":[7,18],"p":[{"b":60,"s":[{"p":[0.002298354,0.01958025,0.05255318],"r":[270.0198,5.008957E-06,0],"s":[0.03708439,0.06960563,0.01971642],"c":[1,0,0.3428572],"b":["when touches hand then show chat keyboard","when typed then say [typed]","when starts then set voice male "]}]},{"b":60,"s":[{"p":[-1.872887E-09,3.745776E-09,0.02142334],"r":[-3.763252E-13,3.289939E-20,-1.001791E-05],"s":[0.05429186,0.04105267,0.1613344],"c":[1,1,1]}]}]}