{"v":9,"p":[{"s":[{"p":[-5.91459,1.131046,15.05548],"r":[350.875,198.25,6.485377E-07],"s":[0.175,0.175,0.175],"c":[1,1,1]}]},{"b":6,"s":[{"p":[-6.211457,1.131046,15.15337],"r":[350.875,198.25,6.485377E-07],"s":[0.125,0.125,0.125],"c":[1,1,1]}]},{"b":3,"s":[{"p":[-7.293514,1.131046,15.51018],"r":[350.875,198.25,6.485377E-07],"s":[0.125,0.125,0.125],"c":[1,1,1]}]}]}