{"v":9,"p":[{"b":6,"i":[{"t":"5d5b91e7a662451b6b8bac9d","p":[0.7218695,-2.241611,5.258154],"r":[351.8491,226.4812,351.5081]}],"s":[{"p":[-3.520421,1.12386,4.420143],"r":[348.25,134.125,-4.360235E-07],"s":[0.125,0.125,0.125],"c":[1,1,1]}]}]}