{"v":9,"p":[{"b":14,"s":[{"p":[-2.718748,1.207323,5.556677],"r":[334.125,185.75,0],"s":[0.06,0.06,0.06],"c":[1,1,1],"b":["when when touched then tell any restart"]}]}]}