{"v":9,"p":[{"b":3,"s":[{"p":[0,0,0],"r":[0,0,0],"s":[0.1250001,0.125,0.125],"c":[1,1,1]}]},{"b":3,"s":[{"p":[0.08010533,0.01243553,0.03742874],"r":[357.8338,9.694936,359.181],"s":[0.1250003,0.1250001,0.1250001],"c":[1,1,1]}]},{"b":3,"s":[{"p":[-8.768291,-2.374974,-6.495755],"r":[347.7106,24.34392,224.2237],"s":[1.865415,0.773096,4.226698],"c":[1,1,1]}]}]}