{"v":9,"a":[5,7,18],"p":[{"b":112,"e":"PULL ME","s":[{"p":[0,0,0],"r":[0,0,0],"s":[0.006434762,0.006434761,0.006434766],"c":[1,0,0]}]}]}