{"v":9,"a":[5,7,18],"p":[{"t1":66,"s":[{"p":[0,0,0],"r":[0,0,0],"s":[6.075258,2.839114,0.1043096],"c":[0.3333331,0.3333331,0.3333331],"t1":{"c":[0.6666667,0.6666667,0.6666667],"x":0.6765594,"y":0.6713105,"a":1,"m":0.009597778,"n":0,"r":0.25,"g":0,"o":0.5,"t":0.5,"e":0.5}}]}]}