{"v":9,"p":[{"t":3,"s":[{"p":[0,0,0],"r":[0,0,-2.134434E-07],"s":[0.0197682,0.008220877,0.01684664],"c":[0.9714286,1,0],"b":["when starts then become next in 10s"]},{"p":[0,0,0],"r":[0,0,-2.134434E-07],"s":[0.0197682,0.008220877,0.01684664],"c":[0.9714286,1,0],"b":["when starts then become next in 0.1s"]},{"p":[0,0,0],"r":[0,0,-2.134434E-07],"s":[0.0197682,0.008220877,1.241065],"c":[0.9714286,1,0],"b":["when starts then become next in 0.5s"]},{"p":[0,0,0],"r":[0,0,-2.134434E-07],"s":[0.0197682,0.008220877,1.241065],"c":[0.9714286,1,0],"b":["when starts then become 1 in 0.1s"]}]}]}