{"v":9,"a":[7],"p":[{"s":[{"p":[0,0,0],"r":[0,0,0],"s":[1.733449,2.35025,0.1750106],"c":[1,1,1]}]}]}