{"v":9,"p":[{"b":5,"s":[{"p":[0.9378251,0.4849569,0.09687421],"r":[0.4329698,256.7442,52.45267],"s":[0.04087023,0.03908043,1.182643],"c":[1,1,1]}]},{"b":3,"s":[{"p":[0.4592404,0.4824081,-0.02277438],"r":[359.1321,77.57973,21.99422],"s":[0.05223666,0.05607864,0.1250012],"c":[1,0,0],"b":["when touched then become next in 1s"]},{"p":[0.515395,0.4837244,-0.002057567],"r":[359.6868,71.15984,24.36673],"s":[0.0522367,0.05607871,0.1250013],"c":[1,0,0],"b":["when touched then become next in 1s"]}]}]}