{"v":9,"p":[{"b":4,"s":[{"p":[0,0,0],"r":[0,0,0],"s":[0.125,0.1250001,0.1250001],"c":[0.8,1,0],"b":["when starts then become next in 0.2s"]},{"p":[0.005315434,-0.03536955,0.2432387],"r":[350.3524,355.9745,359.5816],"s":[0.2931058,0.2690305,0.3891155],"c":[1,0,0.3428572],"b":["when starts then become next in 0.2s"]}]}]}