{"v":9,"a":[7,18],"p":[{"s":[{"p":[0,0,0],"r":[0,0,0],"s":[9.322493,0.1059703,9.322487],"c":[0.5555556,0.5555556,0.5555556]}]}]}