{"v":9,"p":[{"s":[{"p":[0,0,0],"r":[-1.707548E-06,-3.975694E-15,2.668043E-07],"s":[0.07854445,0.09790939,0.5617709],"c":[1,1,1]}]},{"b":3,"s":[{"p":[0.09154329,0.1776046,0.002001692],"r":[313.2774,53.65334,357.6151],"s":[0.125,0.125,0.125],"c":[1,1,1]}]}]}