{"v":9,"a":[7,18],"p":[{"a":[12],"s":[{"p":[0.1708932,0.2362076,-0.9818945],"r":[337.9097,251.2383,353.4208],"s":[0.1178961,1.797518,1.750072],"c":[1,1,1]}]}]}