{"v":9,"p":[{"s":[{"p":[-0.1121481,-0.3166431,-0.0640752],"r":[5.059422,343.1006,37.9003],"s":[1.53298,0.09743525,1.041587],"c":[1,1,1]}]}]}