{"n":"bullet","v":9,"p":[{"b":5,"s":[{"p":[0,0,0],"r":[0,0,4.268868E-07],"s":[0.009087749,0.008666456,0.09999999],"c":[1,0.6857142,0]}]},{"b":16,"s":[{"p":[-0.0008132868,-0.003183074,0.036709],"r":[41.19844,101.4968,104.1286],"s":[0.009101819,0.02234074,0.00653611],"c":[0.9714286,1,0]}]}]}