{"v":9,"a":[7,18],"p":[{"t1":38,"s":[{"p":[0,0,0],"r":[0,0,0],"s":[9.322493,0.1059703,9.322487],"c":[0.4444441,0.3005287,0.1481478],"t1":{"c":[0.6666667,0.4507936,0.2222221],"x":0.5,"y":0.5,"a":0.8925,"m":0,"n":0,"r":0,"g":0,"o":0.5,"t":0.5,"e":0.5}}]}]}