{"v":9,"a":[7,18,20],"p":[{"b":205,"a":[31],"i":[{"t":"5d60d17454786f63ba32e1c7","p":[1.081024,-3.139573,-1.279632],"r":[1.001791E-05,180,180]}],"s":[{"p":[0,-0.005737305,0],"r":[1.001791E-05,0,1.001791E-05],"s":[0.02186071,0.04500319,0.08449466],"c":[0.2857141,1,0],"b":["when told by any beginhall then become next in 7s"]},{"p":[0,-0.00982666,0],"r":[1.001791E-05,0,1.001791E-05],"s":[0.02186001,0.04500227,0.08449117],"c":[0.285714,1,0],"b":["when starts then become next in 8s","when starts then tell any nextfloor"]},{"p":[0,-0.0131073,6.465851],"r":[0,1.001791E-05,1.001791E-05],"s":[0.02186178,0.04500569,0.08449425],"c":[0.285714,1,0],"b":["when told by any resetfullele then become 1 in 0s"]}]}]}