{"v":9,"a":[7,18],"p":[{"a":[12,37,36],"i":[{"t":"5d5f70f6d58f1d062b05c374","p":[-0.003794875,0.0005708337,-0.1820419],"r":[2.119512,2.334037,5.503077]}],"s":[{"p":[2.057922,0.1223127,-0.06677966],"r":[2.585124,1.908984,4.514503],"s":[0.01145565,0.05171035,0.03328794],"c":[1,1,1],"b":["when told by nearby ding then become untweened next in 5s"]},{"p":[2.053584,0.1744856,-0.2182678],"r":[2.585121,1.908984,4.51445],"s":[0.01145581,0.0517063,0.03328585],"c":[1,1,1],"b":["when starts then become untweened 1 in 70s"]}]}]}