{"v":9,"a":[2],"tp_m": 9,"tp_d": 1,"p":[{"b":172,"s":[{"p":[0,0,0],"r":[0,0,0],"s":[0.04500004,0.04500002,0.04500005],"c":[1,1,1]}]},{"b":152,"s":[{"p":[-0.05487071,0.538753,-0.05466496],"r":[338.5278,206.1264,98.58799],"s":[0.04000038,0.04000035,0.0400003],"c":[1,1,1]}]}]}