{"n":"geo fruit","v":9,"a":[2,22],"inc":[["face","5c33ceb1ea1f546e4855e52d"]],"p":[{"b":8,"s":[{"p":[0,0,0],"r":[0,0,0],"s":[0.04682209,0.04422737,0.03505161],"c":[0.8,0,1],"b":["when consumed then change head to face"]}]},{"b":14,"t":2,"pr":34,"s":[{"p":[0.03959108,0.002757903,-0.001922853],"r":[1.707547E-06,90.00001,89.99999],"s":[0.008438683,0.009316699,0.006932873],"c":[0.07407386,0.6666667,0.2095236],"pr":{"c":[0,1,0.4],"m":0.2799699,"a":0.2738947,"s":0,"z":0.2194532,"g":0.5,"h":0.0160985}}]},{"b":6,"t":2,"pr":34,"s":[{"p":[0.05547488,-0.02327288,-0.002899891],"r":[22.50002,180,67.50001],"s":[0.03608542,0.006033641,0.02619329],"c":[0.07407386,0.6666667,0.2095236],"pr":{"c":[0,1,0.4],"m":0.25,"a":0.25,"s":0,"z":0.1070023,"g":0.5,"h":0}}]}]}