{"v":9,"a":[4,7,21],"p":[{"t":1,"s":[{"p":[0,0,0],"r":[0,0,0],"s":[2637.011,0.1274773,2636.917],"c":[0.09876534,0.8888889,0.2793651]}]},{"b":5,"t":1,"s":[{"p":[-0.06869651,0.1146966,1.42161],"r":[90,9.659346E-06,0],"s":[0.1015209,0.1054986,0.2991329],"c":[0.5555556,0.5555556,0.5555556]}]},{"b":34,"t":1,"s":[{"p":[-0.0143491,0.2778426,1.420854],"r":[270,180,0],"s":[0.09458434,0.07223471,0.08213445],"c":[1,0.1714284,0]}]},{"b":34,"t":1,"s":[{"p":[-0.1351517,0.2799626,1.41975],"r":[270,9.659347E-06,0],"s":[0.09466018,0.07226987,0.0821712],"c":[1,0.1714284,0]}]}]}