{"v":9,"a":[2,22,12,16,18,27,31,49],"p":[{"b":205,"t":7,"a":[12,38],"s":[{"p":[0,3.72529E-09,-0.04623175],"r":[0,0,1.967726E-05],"s":[0.01293261,0.01293261,0.01293261],"c":[1,1,1],"b":["when touched then play digital explosion","when touched then destroy nearby with burst 10 force 30s restore","when touched then destroy all parts"]}]},{"b":9,"t":21,"c":[[-0.276,-2.193,0.447,45,70,36,16,45],[-0.263,-2.266,-0.526,20,42,2,3,52,1],[-0.951,-2.028,0,16,16,73,3,47,1],[0.894,-0.171,-0.447,21,15,43,16,45],[0.688,-1.9,-0.526,23,57,2,3,43,1],[0.724,-2.051,0.447,48,76,36,16,45]],"s":[{"p":[0,0,0],"r":[90,1.967726E-05,0],"s":[0.08714228,0.08712813,0.0871297],"c":[1,0.6857142,0]},{"p":[0.3499408,5.89956E-08,0],"r":[90,-3.58567E-07,0],"s":[0.0871425,0.08712851,0.08712976],"c":[1,0.6857142,0]}]}]}