{"n":"cup","v":9,"a":[2,14,50],"p":[{"b":191,"s":[{"p":[0,0,0],"r":[0,0,4.002064E-08],"s":[0.06,0.06000001,0.06],"c":[0.4571431,0,1]}]},{"b":198,"s":[{"p":[0.1550742,0.1417813,-0.07584078],"r":[1.695497,196.7093,267.9786],"s":[0.02730636,0.02334441,0.06000053],"c":[0.4571431,0,1]}]},{"b":202,"s":[{"p":[-0.004028875,0.147953,-0.009704191],"r":[0.2998374,312.3694,359.6469],"s":[0.06000005,0.1180975,0.06],"c":[0.4571431,0,1]}]}]}