{"v":9,"a":[7,18,48,49],"p":[{"b":205,"i":[{"t":"5d620d29daec9563aede2998","p":[0.1506042,0.01429749,0.4713821],"r":[34.39463,183.8656,261.265]},{"t":"5d620d3793d4ca523c955e63","p":[-0.1412659,0.004928589,0.4537048],"r":[331.4557,2.529599,84.38358]}],"s":[{"p":[0,0,-1.294952],"r":[0,0,0],"s":[0.04501131,0.04500471,0.2241529],"c":[1,0,0],"b":["when told by nearby redhell then become next in 0.3s"]},{"p":[0,0,0],"r":[0,0,0],"s":[0.04500452,0.04501383,0.2240469],"c":[1,0,0],"b":["when starts then play robotic short burst","when starts then play zombie monster 3","when starts then become untweened next in 2s"]}]}]}