{"v":9,"a":[2],"p":[{"b":4,"s":[{"p":[0,0,0],"r":[0,0,0],"s":[0.03046089,0.03099316,0.03445438],"c":[0,1,0.2285714],"b":["when triggered then tell first in front scan"]}]},{"s":[{"p":[0.001909491,-0.01043085,0.1218709],"r":[357.3577,178.556,292.3185],"s":[0.0734111,0.066567,0.05634824],"c":[1,1,1]}]},{"s":[{"p":[-0.1706148,0.06942664,0.02460707],"r":[349.4624,176.2263,292.2883],"s":[0.03600606,0.1750001,0.04346237],"c":[1,1,1]}]}]}