{"n":"ray-target","v":9,"a":[7,31,32],"p":[{"b":3,"a":[12,37],"s":[{"p":[0,0,0],"r":[0,0,0],"s":[0.03614318,0.03614315,0.03614312],"c":[1,1,1]}]}]}