{"v":9,"a":[1],"p":[{"b":4,"s":[{"p":[0,0,0],"r":[0,0,0],"s":[0.1250001,0.1250001,0.1250003],"c":[1,1,1],"b":["when starts then become 2"]},{"p":[0,0,0],"r":[0,0,0],"s":[0.1250001,0.1250001,0.1250003],"c":[1,1,1],"b":["when starts then tell first in front detected"]}]},{"b":4,"s":[{"p":[-0.002306026,-0.02130117,0.3840089],"r":[352.237,177.966,314.6783],"s":[0.1250003,0.1250004,0.1250003],"c":[1,1,1]}]}]}