{"v":9,"a":[7,12,32],"p":[{"b":73,"t":19,"t1":168,"t2":168,"s":[{"p":[0,0,0],"r":[-1.628444E-12,-5.236328E-06,-1.628444E-12],"s":[0.06524786,0.06524389,0.06524845],"c":[0,0,0],"b":["when starts then all parts face nearest ray-target"],"t1":{"c":[1,1,1],"a":0.004638005},"t2":{"c":[0,0,0],"a":0.005054474}}]},{"b":5,"t":19,"a":[36],"t1":168,"t2":168,"s":[{"p":[0,0,0],"r":[-2.003582E-05,180,1.001791E-05],"s":[0.008266402,0.01970925,0.03691875],"c":[0,0,0],"b":["when told beam then become next in 0.2s"],"t1":{"c":[1,1,1],"a":0.004638005},"t2":{"c":[0,0,0],"a":0.005054474}},{"p":[9.835061E-08,-9.835064E-08,0.5625],"r":[-2.003582E-05,180,1.001791E-05],"s":[0.01971737,0.01971135,1.360546],"c":[0,0,0],"b":["when trigger let go then become untweened previous"],"t1":{"c":[1,1,1],"a":0.004638005},"t2":{"c":[0,0,0],"a":0.005054474}}]}]}