{"v":9,"a":[5],"p":[{"b":112,"e":"I AM OKAY\nI AM OKAY\nI AM OKAY\nI AM OKAY\nI AM OKAY\nI AM OKAY\nAM I OKAY?\nI AM OKAY\nI AM OKAY","s":[{"p":[0,0,0],"r":[0,0,0],"s":[0.004164876,0.004164879,0.00416488],"c":[0.111111,0.111111,0.111111]}]}]}