{"v":9,"a":[12,21],"inc":[["thing","5b5a7486c10ada18a0bf6c52"]],"p":[{"b":60,"a":[36],"s":[{"p":[-0.00376204,0.01394665,-0.01490257],"r":[22.50001,-7.457276E-06,-1.49761E-05],"s":[0.0007096349,0.001738019,0.01637524],"c":[1,1,1],"b":["when starts then tell knappreset","when told handgun then become next in 1s","when starts then stop all parts face view"]},{"p":[-0.004179848,0.01549554,-0.01532808],"r":[22.50001,-7.457276E-06,-1.49761E-05],"s":[0.004474872,0.003221361,0.03468477],"c":[1,1,1],"b":["when told chamberhead then become next in 1s"]},{"p":[-0.002320256,0.004148724,0.02674308],"r":[0.3710275,357.9336,0.2928514],"s":[0.0192434,0.01851958,0.07367686],"c":[1,1,1],"b":["when starts then tell knappreset","when when told handgun then become next in 1s","when starts then all parts face someone else","when told shootgun then emit thing"]}]}]}