{"v":9,"a":[12],"p":[{"s":[{"p":[0.02614227,0.05963014,-0.117753],"r":[302.4388,351.943,338.3013],"s":[0.01653787,0.01350543,0.02483032],"c":[1,1,1],"b":["when touches hand then tell pathfinder"]}]},{"s":[{"p":[0,0,0],"r":[2.134434E-07,3.335053E-09,5.336085E-08],"s":[0.01440681,0.01920764,0.08333867],"c":[1,1,1],"b":["when told pathfinder then all parts face view"]}]},{"b":16,"s":[{"p":[-0.002746791,0.001867,0.03247746],"r":[351.543,77.27856,183.8441],"s":[0.001000006,0.01865724,0.001000005],"c":[1,1,1]}]}]}