{"v":9,"p":[{"b":3,"a":[11,12],"s":[{"p":[0,0,0],"r":[359.8127,353.9426,355.3084],"s":[0.125,0.125,0.125],"c":[1,1,1],"b":["when touched then become next in 5"]},{"p":[-4.03494,10.9276,-13.51221],"r":[359.8127,353.9426,355.3084],"s":[0.1250001,0.1250001,0.1250001],"c":[1,1,1],"b":["when starts then become next in 0.4"]}]}]}