{"n":"smoke effect","v":9,"p":[{"b":151,"t":16,"pr":6,"s":[{"p":[0,0,0],"r":[0,0,0],"s":[0.02715026,0.01758485,0.02534624],"c":[0.7777778,0.7777778,0.7777778],"pr":{"c":[0.3333333,0.3333333,0.3333333],"m":0.1879877,"a":1,"s":0.03257418,"z":0.252559,"g":0.6217532,"h":0.25}}]}]}