{"v":9,"a":[12],"inc":[["thing","5b5a7486c10ada18a0bf6c52"]],"p":[{"b":60,"a":[36],"s":[{"p":[0.004302955,0.01322574,-0.0202622],"r":[29.85363,353.8508,1.735219],"s":[0.01363448,0.00173802,0.01637524],"c":[1,1,1],"b":["when starts then tell knappreset","when told handgun then become next in 1s","when starts then stop all parts face view","when starts then reset rotation"]},{"p":[0.003908531,0.01340786,-0.02076664],"r":[27.30616,356.438,3.801524],"s":[0.004474877,0.003221366,0.03468478],"c":[1,1,1],"b":["when told chamberhead then become next in 1s"]},{"p":[0.002436865,0.01101316,0.02635001],"r":[2.021121,356.3967,1.969745],"s":[0.01924348,0.01851967,0.07367694],"c":[1,1,1],"b":["when starts then tell knappreset","when when told handgun then become next in 1s","when starts then all parts face someone else","when told shootgun then emit thing"]}]}]}