{"v":9,"a":[22],"p":[{"s":[{"p":[0,0,0],"r":[0,0,0],"s":[0.09432578,0.1750022,1.117829],"c":[1,1,1]}]},{"s":[{"p":[1.436831,-0.004728167,0.004159093],"r":[-1.001791E-05,-8.757937E-13,1.001791E-05],"s":[0.09434108,0.1750212,1.117996],"c":[1,1,1]}]},{"s":[{"p":[2.660057,0.007660467,0.01773214],"r":[-2.035555E-13,-1.779539E-20,1.001791E-05],"s":[0.09436399,0.175033,1.118241],"c":[1,1,1]}]}]}