{"v":9,"a":[2,12],"p":[{"b":5,"s":[{"p":[0,0,0],"r":[0,0,2.134434E-07],"s":[0.04655901,0.04417143,0.1000002],"c":[0.5555556,0.8857141,1]}]},{"b":5,"s":[{"p":[0.001342277,-0.001150135,-0.04054331],"r":[0.622175,359.5802,25.37073],"s":[0.04656001,0.04417202,0.005225222],"c":[0.3333332,0.3333332,0.3333332]}]},{"b":5,"s":[{"p":[-0.001490192,0.002597541,0.04264582],"r":[358.7386,358.3466,311.0662],"s":[0.04645216,0.0467389,0.005225252],"c":[0.3333332,0.3333332,0.3333332]}]}]}