{"v":9,"p":[{"b":18,"e":":+","s":[{"p":[0,0,0],"r":[0,0,-3.468455E-07],"s":[0.003000002,0.003,0.003000005],"c":[1,1,1]},{"p":[0,0,0],"r":[0,0,-3.468455E-07],"s":[0.003000002,0.003,0.003000005],"c":[1,1,1]},{"p":[0,0,0],"r":[0,0,-3.468455E-07],"s":[0.003000002,0.003,0.003000005],"c":[1,1,1]},{"p":[0,0,0],"r":[0,0,-3.468455E-07],"s":[0.003000002,0.003,0.003000005],"c":[1,1,1]}]}]}