{"v":9,"p":[{"b":18,"e":"SLIP NOT","s":[{"p":[0,0,0],"r":[0,0,0],"s":[0.001000001,0.0009999999,0.001],"c":[1,0,0]}]}]}