{"v":9,"p":[{"b":18,"e":"THE DEVIL AND I","s":[{"p":[0,0,0],"r":[0,0,4.268868E-07],"s":[0.001000001,0.001000001,0.001000001],"c":[1,0,0]}]}]}