{"v":9,"a":[22,12,31,32],"p":[{"b":5,"t":19,"t1":168,"t2":168,"s":[{"p":[0,-7.450581E-09,0.07499982],"r":[-1.50124E-06,-2.986153E-07,202.5],"s":[0.01287745,0.0128791,0.1746418],"c":[0,0,0],"b":["when starts then all parts face nearest arm-target"],"t1":{"c":[1,1,1],"a":0.004638005},"t2":{"c":[0,0,0],"a":0.005054474}}]},{"b":2,"s":[{"p":[0,0,0],"r":[0,0,-1.628444E-12],"s":[0.02124817,0.02124909,0.02124523],"c":[1,1,1]}]}]}