{"v":9,"a":[7,18,49],"p":[{"b":4,"t":19,"s":[{"p":[0,0,0],"r":[-2.035555E-13,1.424888E-12,-2.53111E-27],"s":[0.01098295,0.01098249,0.01098339],"c":[0.7777778,0.6666667,0]}]},{"b":5,"t":19,"a":[38],"s":[{"p":[-4.927921E-09,-2.46396E-09,-0.02818442],"r":[-2.878711E-13,1.439355E-12,270],"s":[0.007599106,0.007597781,0.04146217],"c":[0.7777778,0.6666667,0],"b":["when touched then destroy all parts"]}]}]}