{"n":"1","v":9,"a":[7,18],"p":[{"a":[1,35],"s":[{"p":[0,0,0],"r":[0,0,0],"s":[4.44827,0.001000055,2.816608],"c":[1,1,1]}]}]}