{"v":9,"p":[{"b":73,"s":[{"p":[0,0,0],"r":[0,0,0],"s":[0.3844149,0.3844142,0.3844147],"c":[0,0.2285712,1]}]},{"b":139,"e":"X X","s":[{"p":[-0.3379455,-0.1116405,0.05434435],"r":[39.61319,94.94852,132.4337],"s":[0.02320009,0.0232,0.02320005],"c":[0,0,0]}]},{"b":139,"e":")","s":[{"p":[0.02606155,0.3208999,0.1604244],"r":[44.20085,80.96581,34.73157],"s":[0.03522059,0.03522057,0.0352206],"c":[0,0,0]}]}]}