{"v":9,"p":[{"b":5,"s":[{"p":[-0.010238,0.01267608,-0.2230512],"r":[16.31106,9.879729,104.6302],"s":[0.08660299,0.0798794,0.08036253],"c":[0.3333332,0.2285713,0]}]},{"b":180,"s":[{"p":[-0.05260174,0.07690948,-0.2965313],"r":[49.73891,110.1726,200.8851],"s":[0.1043653,0.1473126,0.1912323],"c":[0.3333332,0.2285713,0]}]},{"b":5,"s":[{"p":[0.005052613,-0.04434666,-0.03242596],"r":[12.73775,2.88876,0.2749337],"s":[0.06606564,0.06835341,0.5856729],"c":[0,0.03174577,0.5555556]}]}]}