{"n":"lower right elbow1","v":9,"a":[7,18,31],"p":[{"b":16,"a":[12],"s":[{"p":[0,0,0],"r":[0,0,0],"s":[0.01059229,0.01059229,0.01059229],"c":[1,1,1]}]}]}