{"v":9,"a":[7],"p":[{"a":[1],"s":[{"p":[0,0,0],"r":[0,0,0],"s":[0.6569445,0.1750055,0.4754737],"c":[1,1,1]}]},{"s":[{"p":[0.08146477,0.09915066,-0.3428341],"r":[0,0,0],"s":[0.07071807,0.07071344,0.07071594],"c":[1,1,1],"b":["when touches hand then show web www.google.com"]}]},{"b":2,"s":[{"p":[0.07863522,0.09451675,-0.2933211],"r":[0,0,1.024528E-05],"s":[0.0458729,0.04586996,0.02986548],"c":[1,1,1]}]}]}