{"v":9,"a":[2,7,18,21],"p":[{"b":59,"s":[{"p":[0,-0.003358364,0],"r":[0,0,0],"s":[0.008423862,0.5839407,0.008423376],"c":[1,0.7904761,0.3333331]}]},{"b":5,"s":[{"p":[-0.00050354,0.02779627,0.0003283918],"r":[89.88297,102.4139,282.2629],"s":[0.006252441,0.006251777,0.006252525],"c":[0.7777778,0.5333333,0]}]},{"b":3,"a":[42],"s":[{"p":[-0.000184536,-0.0333221,0.0001351237],"r":[270,270,0],"s":[0.00862073,0.008616544,0.04766338],"c":[0.8888889,0.6095237,0]}]}]}