{"v":9,"a":[1,22,18],"p":[{"b":60,"c":[[-0.45,0.5,6.422,25,3,27,26],[-0.45,-0.450005,6.471995,5,11,35,26],[-0.45,-0.5,6.422,6,9,47,14],[-0.499995,-0.450005,6.422,12,7,45,11],[-0.45,0.450005,6.471995,17,9,24,33],[-0.499995,0.450005,6.422,18,13,34,17],[0.45001,0.5,6.422,23,1,28,27],[0.45001,0.450005,6.471995,10,17,22,31],[0.500005,0.450005,6.422,9,11,50,8],[0.45001,-0.450005,6.471995,4,7,37,26],[0.45001,-0.5,6.422,0,7,54,11],[0.500005,-0.450005,6.422,3,5,63,2]],"s":[{"p":[-4.881415E-08,5.960464E-08,0.2260618],"r":[-1.024528E-05,2.633835E-06,6.358644E-06],"s":[0.006302366,0.006302512,0.006302623],"c":[0,0,0]}]},{"b":60,"v":0,"s":[{"p":[-5.685114E-08,0.001112878,0.2668692],"r":[315,2.740644E-05,-2.496003E-05],"s":[0.006303891,0.00630489,0.006304102],"c":[0,0,0]}]},{"b":60,"a":[38],"v":0,"s":[{"p":[0,0,0],"r":[-1.024528E-05,2.633835E-06,6.358644E-06],"s":[0.03477189,0.0347721,0.03477224],"c":[0.6666667,0,0]}]}]}