{"n":"floor","v":9,"a":[7,18],"p":[{"b":179,"s":[{"p":[0,0,0],"r":[0,0,0],"s":[21.76545,3.195925,3.181063],"c":[1,0,0]}]}]}