{"v":9,"p":[{"s":[{"p":[0,0,0],"r":[0,0,7.656432E-20],"s":[0.6566516,0.05807971,1.298108],"c":[0.3333331,0.2074072,0.07407389]}]},{"s":[{"p":[3.537677E-09,0.02023315,-3.537677E-09],"r":[-1.001791E-05,1.751587E-12,-1.531286E-19],"s":[0.6533832,0.05808013,0.05201464],"c":[0.2222221,0.1142856,0]}]},{"s":[{"p":[3.537664E-09,0.02023308,-0.4214783],"r":[-1.001791E-05,1.751587E-12,-1.001791E-05],"s":[0.653418,0.05808054,0.05201792],"c":[0.2222221,0.1142856,0]}]},{"s":[{"p":[3.537689E-09,0.02023323,0.401062],"r":[0,0,-1.001791E-05],"s":[0.6534462,0.05808111,0.05201936],"c":[0.2222221,0.1142856,0]}]}]}