{"n":"coin","v":9,"a":[7,12,18,49],"p":[{"b":200,"t":1,"s":[{"p":[0,0,0],"r":[0,90,270],"s":[0.0191475,0.005247904,0.01914797],"c":[1,0.9047619,0.3333327]}]},{"b":60,"t":1,"s":[{"p":[0,0,0],"r":[0,90,270],"s":[0.01566708,0.007877391,0.04637196],"c":[1,0.9047619,0.3333328]}]},{"b":5,"t":1,"a":[38],"s":[{"p":[0,0,0],"r":[0,0,0],"s":[0.02401267,0.02401107,0.007949939],"c":[1,0.9047619,0.3333328],"b":["when touched then play coin with varied-pitch, then destroy all parts"]}]}]}