{"v":9,"a":[2,16],"p":[{"b":73,"t":3,"s":[{"p":[0,0,0],"r":[0,0,0],"s":[0.07168584,0.07168572,0.07168584],"c":[0,0.5714284,1],"b":["when touched then become 2 in 0.5s"]},{"p":[0,0,0],"r":[0,0,0],"s":[1.128794,1.128794,1.128794],"c":[0,0.5714284,1],"b":["when starts then become next in 0.5s"]},{"p":[0,0,0],"r":[0,0,0],"s":[0.01910464,0.01910464,0.01910464],"c":[0,0.5714284,1],"b":["when "]}]}]}