{"v":9,"p":[{"s":[{"p":[0,0,0],"r":[0,0,0],"s":[0.2454318,0.06810568,0.0574047],"c":[0,0,0]}]},{"b":90,"t":2,"a":[19],"e":"MY GRANDPA\nMADE THIS =)","s":[{"p":[0,0.03420734,0.02228171],"r":[90,0,0],"s":[0.003001125,0.003000172,0.003001193],"c":[1,0.5142855,0]}]}]}