{"v":9,"p":[{"b":5,"t":7,"s":[{"p":[0.0002172012,0.004696079,0.002342048],"r":[0.07964308,359.8242,359.6215],"s":[0.04474027,0.0471828,0.2868231],"c":[1,1,1]}]},{"b":5,"s":[{"p":[-0.0009889877,0.01056637,0.01644786],"r":[0.9332335,358.7015,347.9426],"s":[0.03543588,0.03283776,0.2717572],"c":[1,0,0]}]},{"b":175,"s":[{"p":[-0.003121273,0.002707541,0.1200931],"r":[295.2527,86.0736,271.0511],"s":[0.0337462,0.04500015,0.03422009],"c":[1,0,0]}]}]}