{"v":9,"p":[{"b":3,"pr":23,"s":[{"p":[0,0,0],"r":[0,0,0],"s":[0.01650165,0.01177955,0.01483937],"c":[1,1,1],"pr":{"c":[1,0,0],"m":0.25,"a":0.25,"s":0.15,"z":0.25,"g":0.5,"h":0.25}}]},{"b":3,"pr":23,"s":[{"p":[0.5329807,0.6960078,-0.3807751],"r":[354.2758,32.84501,60.85925],"s":[0.01650164,0.01177955,0.01483938],"c":[1,1,1],"pr":{"c":[1,0,0],"m":0.25,"a":0.25,"s":0.15,"z":0.25,"g":0.5,"h":0.25}}]},{"b":3,"pr":23,"s":[{"p":[-0.870848,-0.490186,0.389429],"r":[347.1622,356.8002,282.624],"s":[0.01650166,0.01177955,0.01483937],"c":[1,1,1],"pr":{"c":[1,0,0],"m":0.25,"a":0.25,"s":0.15,"z":0.25,"g":0.5,"h":0.25}}]},{"b":3,"pr":23,"s":[{"p":[0.464228,1.433206,-0.5892056],"r":[334.6685,37.89403,162.1564],"s":[0.01650165,0.01177956,0.01483938],"c":[1,1,1],"pr":{"c":[1,0,0],"m":0.25,"a":0.25,"s":0.15,"z":0.25,"g":0.5,"h":0.25}}]}]}