{"v":9,"a":[22,18,21],"p":[{"b":5,"t":9,"s":[{"p":[0,0,0],"r":[0,0,-7.656432E-20],"s":[0.00798216,0.007982296,0.0161336],"c":[0.9714286,1,0],"b":["when told weaponoff then turn thing off, then turn invisible, then turn uncollidable","when told weaponon and is person.sgunsuperunlocked = 1 then turn thing on"]}]},{"b":5,"s":[{"p":[-2.392087E-08,4.182457E-15,-0.033638],"r":[-1.751587E-12,-1.001791E-05,1.531286E-19],"s":[0.007982232,0.007982343,0.06642704],"c":[1,0,0]}]}]}