{"v":9,"p":[{"b":5,"s":[{"p":[0,0,0],"r":[0,0,0],"s":[0.1,0.1,0.1],"c":[0.08641968,0.1259255,0.7777778]}]},{"b":15,"s":[{"p":[0.521177,0.2484812,-0.3086293],"r":[341.1555,100.9332,29.2725],"s":[0.1250001,0.125,0.1250001],"c":[0.08641963,0.1259254,0.7777778]}]},{"b":6,"pr":5,"s":[{"p":[-0.09332505,0.0571532,-0.5260036],"r":[50.40258,110.2116,25.02219],"s":[0.1250001,0.1250001,0.1250001],"c":[0.08641968,0.1259255,0.7777778],"pr":{"c":[0.4571427,1,0],"m":0.25,"a":0.25,"s":0.15,"z":0.25,"g":0.5,"h":0.25}}]}]}