{"v":9,"p":[{"b":134,"e":"abc","s":[{"p":[0,0,0],"r":[0,0,0],"s":[0.00300001,0.003000002,0.003000008],"c":[1,1,1]}]}]}