{"v":9,"inc":[["rocket","5bd63614e5cea865e4266267"]],"p":[{"b":9,"s":[{"p":[0,0,0],"r":[0,0,0],"s":[0.125,0.125,0.1250001],"c":[1,1,1],"b":["when touched then become 2 in 1s","when touched then multiply speed 0.1"]},{"p":[-5.218103,16.57385,-20.67017],"r":[311.0999,201.0016,160.413],"s":[0.1250001,0.1250001,0.1250002],"c":[1,1,1],"b":["when starts then become 1 in 0.5s"]}]}]}