{"v":9,"a":[7,18,31],"p":[{"b":205,"a":[12,36],"i":[{"t":"5d7c201c288c857ffcc856b4","p":[0.09758864,-0.09706225,0.003305979],"r":[5.027529E-06,88.47511,180]}],"s":[{"p":[0,0,0],"r":[0,0,0],"s":[0.00781054,0.007809915,0.007808246],"c":[1,1,1],"b":["when starts then all parts face nearest bf"]}]}]}