{"v":9,"p":[{"b":198,"s":[{"p":[0.05030071,0.223727,-0.04072725],"r":[347.688,338.8947,112.4176],"s":[0.02608467,0.01721297,0.06000017],"c":[1,1,1]}]}]}