{"n":"bf","v":9,"a":[7,18,31],"p":[{"b":205,"a":[12],"i":[{"t":"5d7c21e39d2c7b0629b9d67a","p":[-1.490116E-08,-1.880642E-08,-0.1075602],"r":[270,154.6179,0]}],"s":[{"p":[0,0,0],"r":[0,0,0],"s":[0.006899212,0.006891563,0.006895763],"c":[1,1,1]}]}]}