{"v":9,"a":[21],"p":[{"s":[{"p":[0,0,0],"r":[0,0,0],"s":[0.224571,0.2245705,0.2245709],"c":[1,1,1],"b":["when touched then become next in 0.5s"]},{"p":[-0.1737823,0.1030582,-0.085953],"r":[355.8568,4.322083,1.859734],"s":[0.2245712,0.2245706,0.2245711],"c":[0,1,1],"b":["when touched then become next in 0.5s"]}]}]}