{"n":"harpoon","v":9,"a":[1,2,3,22,18,49],"p":[{"b":63,"c":[[-0.75,-0.003,0,6,3,10],[-0.75,-0.004,0,7,1,7]],"s":[{"p":[0,0,0],"r":[-6.830188E-06,-9.838638E-06,9.838639E-06],"s":[0.03986316,0.06026543,0.0748198],"c":[0.5555556,0.5555556,0.5555556]}]},{"b":63,"c":[[-0.75,0,0,7,1,7],[-0.75,0.006,0,6,3,10]],"s":[{"p":[0,0,0],"r":[270,-3.216773E-05,0],"s":[0.03986316,0.06026543,0.0748198],"c":[0.5555556,0.5555556,0.5555556]}]},{"b":60,"a":[38],"i":[{"t":"5d7db99c2067ba39323393de","p":[5.135242E-08,-2.442955E-08,-0.4098595],"r":[90,89.99999,0]}],"s":[{"p":[0.4266063,1.465108E-07,0],"r":[1.536793E-05,270,90.00001],"s":[0.01775008,0.01775863,0.8159041],"c":[0.7777778,0.7777778,0.7777778]}]}]}