{"v":9,"p":[{"c":[[-0.5,0.5,-0.3,5,6,7],[-0.478,0.426,0.546,3,6,8],[0.332,0.412,0.434,2,6,14]],"s":[{"p":[0,0,0],"r":[0,0,0],"s":[0.175,0.175,0.175],"c":[1,0,0.3428572],"b":["when touched then become next in 1s"]},{"p":[-0.04588418,-0.06404112,0.03644414],"r":[344.0003,30.64318,342.4281],"s":[0.5156178,0.1750007,0.1225427],"c":[1,0,0.3428572],"b":["when starts then become next in 1s"]}]}]}