{"v":9,"a":[1,22,18,31],"p":[{"b":60,"t":1,"a":[34],"s":[{"p":[-7.450581E-08,-0.06182933,0.033427],"r":[0,-8.537737E-06,180],"s":[0.01089178,0.0108922,0.01089229],"c":[0.5555556,0.5555556,0.5555556]}]},{"b":60,"t":1,"a":[34],"s":[{"p":[-0.02025242,-0.06182933,0.03342699],"r":[0,-2.561321E-05,180],"s":[0.01089268,0.01089338,0.01089336],"c":[0.5555556,0.5555556,0.5555556]}]},{"b":60,"t":1,"a":[34],"s":[{"p":[0.02168958,-0.06182933,0.03342701],"r":[0,-2.561321E-05,180],"s":[0.01089402,0.01089516,0.01089508],"c":[0.5555556,0.5555556,0.5555556]}]}]}