{"n":"bullet","v":9,"a":[2,15],"p":[{"b":73,"t":1,"t1":10,"s":[{"p":[0,0,0],"r":[0,0,8.537737E-07],"s":[0.04813287,0.04813263,0.04813266],"c":[0.5555556,0.5555556,0.5555556],"t1":{"c":[1,0.6857142,0],"a":0}}]}]}