{"v":9,"a":[7,12,18],"p":[{"b":60,"t":1,"c":[[-1.146,0.105,-0.065,30,13,23,22],[-1.146,0.105,0.194,18,13,34,17],[-1.146,-0.1619999,0.194,12,7,45,11],[-1.146,-0.162,-0.065,13,29,25,27]],"s":[{"p":[0,0,0],"r":[90,90,0],"s":[0.04923809,0.01980744,0.01980812],"c":[0.8888889,0.6095237,0],"b":["when touched then destroy all parts with 1s restore","when touched then play bullet impact"]}]}]}