{"v":9,"a":[12,31],"p":[{"b":161,"t":1,"ac":{"id":"5d7dcb4d2a90fc302c58428a","c":4},"s":[{"p":[0.0007026196,0.0006232224,0.03500688],"r":[-2.414836E-06,-2.414836E-06,90],"s":[0.02501352,0.02501174,0.04590722],"c":[0.4444439,0.4444439,0.4444439],"b":["when starts then project with 20% reach"]}]},{"b":161,"t":1,"id":"5d7dcb4d2a90fc302c58428a","s":[{"p":[0.0007026196,0.0006232187,0.05243958],"r":[4.829674E-06,-9.659345E-06,90.00001],"s":[0.02790387,0.02790041,0.04590861],"c":[0.4444439,0.4444439,0.4444439],"b":["when starts then set constant rotation to 0 0 65"]}]},{"b":2,"t":7,"a":[12,37],"s":[{"p":[0,0,0],"r":[0,0,0],"s":[0.001,0.001,0.001],"c":[0.2857136,1,0],"b":["when starts then all parts face nearest green2"]}]}]}