{"v":9,"p":[{"b":157,"t":1,"s":[{"p":[0.1397728,-0.07459991,0.0984529],"r":[9.192509,284.3862,190.1588],"s":[0.03558859,0.001000004,0.03674172],"c":[0.4444443,0.3809522,0]}]},{"b":153,"t":2,"s":[{"p":[0.1534497,-0.07825609,0.08761408],"r":[348.2749,32.17052,6.955683],"s":[0.03594548,0.001000001,0.03469194],"c":[1,1,1]}]}]}