{"v":9,"a":[7,18,20],"p":[{"b":73,"t":3,"s":[{"p":[0,0,0],"r":[0,0,0],"s":[0.225087,0.2250862,0.2250865],"c":[0.9873015,1,0.5555556]}]}]}