{"v":9,"a":[1,31],"p":[{"s":[{"p":[-0.01072362,0.003243923,0.09693756],"r":[356.9382,359.7559,359.8605],"s":[0.07724135,0.07724129,0.07724123],"c":[0.9714285,0,1]}]},{"s":[{"p":[0.08437558,-0.0004606731,0.05814789],"r":[358.6623,352.8697,3.220061],"s":[0.0772415,0.07724139,0.07724132],"c":[1,0,0]}]},{"i":[{"t":"5d8149db06579920a9bc8b41","p":[0.04807511,0.02366744,-0.246909],"r":[356.726,84.81829,9.600412]}],"s":[{"p":[0,0,0],"r":[0,0,0],"s":[0.0772412,0.07724118,0.07724112],"c":[0,1,0.3999999],"b":["when touches hand then become next in 0.5s"]},{"p":[-0.09303837,-0.009167939,-0.01137847],"r":[1.092537,39.94746,341.3929],"s":[0.07724133,0.07724129,0.07724129],"c":[0,1,0.3999998],"b":["when starts then become previous in 0.5s"]}]}]}