{"v":9,"a":[7,48,49],"p":[{"s":[{"p":[0,0,0],"r":[0,0,0],"s":[0.1750686,0.1750148,0.175044],"c":[0.1142855,1,0],"b":["when neared then tell nearby scrcurtain"]}]}]}