{"v":9,"a":[31],"p":[{"s":[{"p":[0,0,0],"r":[0,0,0],"s":[0.0772412,0.07724118,0.07724112],"c":[1,1,1]}]},{"s":[{"p":[-0.01072362,0.003243923,0.09693756],"r":[356.9382,359.7559,359.8605],"s":[0.07724135,0.07724129,0.07724123],"c":[0,0.3999996,1]}]},{"s":[{"p":[0.08437558,-0.0004606731,0.05814789],"r":[358.6623,352.8697,3.220061],"s":[0.0772415,0.07724139,0.07724132],"c":[1,0.8571429,0]}]}]}