{"v":9,"a":[5,7,18],"p":[{"b":5,"t":11,"s":[{"p":[0,0,0],"r":[0,0,0],"s":[0.1521855,0.1521859,0.03143648],"c":[1,0.8571429,0]}]},{"b":9,"s":[{"p":[0,1.862645E-09,-0.01837158],"r":[0,0,1.001791E-05],"s":[0.1817217,0.1817063,0.09533063],"c":[0.7703704,0.7777778,0.5185185]}]}]}