{"n":"tp","v":9,"a":[2,16,31,48],"p":[{"b":10,"s":[{"p":[0,0,0],"r":[0,0,0],"s":[0.07226355,0.07226349,0.07226351],"c":[1,1,1],"b":["when told by any pop then become next in 0.2s"]},{"p":[0,0,0],"r":[0,0,0],"s":[0.07226355,0.07226349,0.07226351],"c":[1,1,1],"b":["when starts then destroy all parts with 0s restore"]}]}]}