{"v":9,"a":[22],"p":[{"s":[{"p":[0,0,0],"r":[0,0,0],"s":[2.957115,0.6762519,1.077293],"c":[0.8888889,0.8888889,0.8888889]}]}]}