{"v":9,"a":[2,7,12,16,18,31],"p":[{"i":[{"t":"5d83c591a997d87fe66e625b","p":[-0.00137943,0.002257131,-0.5525282],"r":[-9.770663E-12,-8.541787E-19,1.001791E-05]}],"s":[{"p":[0,0,0],"r":[0,0,0],"s":[0.02644582,0.02644256,0.02644593],"c":[1,1,1],"b":["when told by any pop then become next in 0.2s"]},{"p":[0,0,0],"r":[0,0,0],"s":[0.02644582,0.02644256,0.02644593],"c":[1,1,1],"b":["when starts then destroy all parts with 0s restore"]}]}]}