{"v":9,"a":[1,2,3,4,12,48,49],"tp_lp": [1,1,1],"tp_lp": [1,1,1],"tp_lr": [1,1,1],"p":[{"b":160,"s":[{"p":[0.02624629,-0.08071291,-0.5932722],"r":[352.9537,182.5651,172.9646],"s":[0.1138997,0.1000002,0.3126021],"c":[0.5555556,1,1]}]},{"s":[{"p":[-0.1643885,0.07381567,-0.1259546],"r":[339.6506,347.6149,326.1371],"s":[0.6380495,0.02884576,0.2270856],"c":[1,0,0.3428572]}]}]}