{"v":9,"a":[7,18,34],"p":[{"b":9,"s":[{"p":[-1.759483,-0.04263139,0.01813142],"r":[0,-1.001792E-05,0],"s":[1.118118,0.2955999,0.3291605],"c":[0.1365076,0.3333331,0.1111108]}]},{"b":9,"s":[{"p":[-0.02640427,-0.03642846,0.02531385],"r":[0,-1.001792E-05,0],"s":[1.310391,0.1250803,0.1251323],"c":[0.2222219,0.1989415,0.1481479]}]}]}