{"n":"in anyland cabinet","v":9,"a":[1,2,50],"p":[{"b":3,"s":[{"p":[0.232452,0.03403923,0.2374569],"r":[39.11663,21.43785,324.8685],"s":[0.006501699,0.006515586,0.006513717],"c":[1,1,1],"b":["when touched then show web in.anyland.com with 60% zoom navigation-free"]},{"p":[0.9870195,-0.006292582,-0.2125213],"r":[7.180758,280.4641,331.5216],"s":[0.00649869,0.006507336,0.006506462],"c":[1,1,1]}]},{"a":[1,36],"s":[{"p":[-0.09525907,-0.1848306,0.04372567],"r":[52.52863,214.5444,272.9909],"s":[0.6667791,0.01979956,0.7818217],"c":[0.0146253,0.04387563,0.06581363],"b":["when starts then show web in.anyland.com with 60% cursor-free","when starts then become 2 in 60s"]},{"p":[-0.09525907,-0.1848306,0.04372567],"r":[52.52864,214.5444,272.9909],"s":[0.6667791,0.01979956,0.7818217],"c":[0.0146253,0.04387561,0.06581361],"b":["when starts then become 1"]}]}]}