{"n":"in anyland cabinet","v":9,"a":[1,2,50],"p":[{"a":[1,36],"s":[{"p":[-0.09525907,-0.1848306,0.04372567],"r":[52.52863,214.5444,272.9909],"s":[0.6667791,0.01979956,0.7818217],"c":[0.0146253,0.04387563,0.06581363],"b":["when starts then show web in.anyland.com with 60% cursor-free","when starts then become 2 in 60s"]},{"p":[-0.09525907,-0.1848306,0.04372567],"r":[52.52864,214.5444,272.9909],"s":[0.6667791,0.01979956,0.7818217],"c":[0.0146253,0.04387561,0.06581361],"b":["when starts then become 1"]}]},{"b":3,"s":[{"p":[0.1458272,-0.0825631,0.4437248],"r":[14.82763,41.82189,351.7619],"s":[0.006501707,0.006515608,0.00651374],"c":[1,1,1],"b":["when touched then show web in.anyland.com with 60% zoom navigation-free"]},{"p":[0.9870195,-0.006292582,-0.2125213],"r":[7.180758,280.4641,331.5216],"s":[0.00649869,0.006507336,0.006506462],"c":[1,1,1]}]}]}