{"v":9,"a":[2,14,50],"tp_m": 0,"p":[{"a":[1,4],"s":[{"p":[0,0,0],"r":[0,0,0],"s":[0.7575831,0.001000001,0.4383931],"c":[0,0,0]}]}]}