{"v":9,"a":[7,18],"p":[{"t":2,"s":[{"p":[0,0,0],"r":[0,0,0],"s":[5.353526,0.114982,4.330922],"c":[0.3333332,0,0]}]}]}