{"v":9,"a":[7,18,34],"p":[{"t":2,"s":[{"p":[0,0,0],"r":[0,0,0],"s":[5.265407,0.1750002,5.47031],"c":[0.3333332,0,0]}]}]}