{"v":9,"a":[7,18],"p":[{"t":2,"s":[{"p":[0,0,0],"r":[0,0,0],"s":[5.775532,0.04077354,5.788424],"c":[0.4444443,0,0]}]}]}