{"v":9,"a":[22,18,48,49],"p":[{"b":205,"i":[{"t":"5d869bf2288c857ffcc85ae8","p":[-0.05932145,-1.43074,0.1253753],"r":[270,157.5,0]}],"s":[{"p":[0,0,0],"r":[0,0,4.07111E-13],"s":[0.04500909,0.04500587,0.04501119],"c":[1,1,1],"b":["when starts then become next in 3s"]},{"p":[0,0,0],"r":[-5.421656E-06,22.5,-3.071121E-06],"s":[0.0450138,0.04500721,0.04501437],"c":[1,1,1],"b":["when starts then become next in 3s"]}]}]}