{"v":9,"p":[{"b":49,"s":[{"p":[-0.3492631,-0.04051305,-0.05757055],"r":[342.9296,311.1899,285.3092],"s":[0.1009632,0.1138054,0.09390429],"c":[0.8888889,0.4938272,0.629277]}]},{"b":16,"s":[{"p":[-0.3963332,-0.0324156,-0.008568347],"r":[346.9182,44.4271,112.5099],"s":[0.01210847,0.02345342,0.01403202],"c":[0.8888889,0.4938272,0.629277]}]},{"b":16,"s":[{"p":[-0.3019541,-0.07348022,-0.09049822],"r":[34.52949,252.2742,165.8086],"s":[0.01210849,0.02345346,0.01403205],"c":[0.8888889,0.4938272,0.629277]}]}]}