{"v":9,"a":[7,18],"p":[{"t":2,"s":[{"p":[0,0,0],"r":[0,0,0],"s":[2.709416,0.06428362,3.402606],"c":[0.4444443,0,0]}]}]}