{"v":9,"a":[7,18],"p":[{"b":179,"a":[15],"t1":38,"s":[{"p":[0,0,0],"r":[0,0,0],"s":[5.577219,2.501644,2.214077],"c":[0.2222214,0.1248669,0.07407346],"t1":{"c":[0.3333333,0.2518518,0.07407402],"x":0.5043335,"y":0.563324,"a":0.8925,"m":0,"n":0,"r":0.25,"g":0,"o":0.5,"t":0.5,"e":0.5}}]}]}