{"v":9,"a":[7,18],"p":[{"s":[{"p":[0,0,0],"r":[0,0,0],"s":[5.733778,0.0422895,2.212933],"c":[0.3333332,0.3333332,0.3333332]}]}]}