{"v":9,"a":[22,12,18,21],"p":[{"t":7,"a":[12,37],"i":[{"t":"5d88e4bfbaa2bc0624a29ec4","p":[-0.0132597,-0.006976712,-0.007299377],"r":[294.9254,99.70908,236.2303]}],"s":[{"p":[-0.08644995,0.1424276,0.1164961],"r":[3.833687E-06,22.49999,-9.255346E-06],"s":[0.004717929,0.05940343,0.004544116],"c":[0.6285715,1,0],"b":["when hears go ant then become 2 in 0.05s"]},{"p":[-0.08644995,0.1424276,0.1164961],"r":[-1.308903E-05,337.5,-5.421656E-06],"s":[0.004718042,0.05939215,0.00454438],"c":[0.6285715,1,0],"b":["when starts then become next in 0.05s"]},{"p":[-0.08644995,0.1424276,0.1164961],"r":[-5.421658E-06,22.49999,-3.071121E-06],"s":[0.00471784,0.05940107,0.004543879],"c":[0.6285715,1,0],"b":["when starts then become 2 in 0.05s"]}]}]}