{"v":9,"a":[5,7,18],"p":[{"s":[{"p":[0,0,0],"r":[0,0,0],"s":[0.08090241,0.2119366,2.353833],"c":[0.3333332,0.2518517,0.07407398]}]},{"s":[{"p":[1.0186,9.313226E-10,-0.007217408],"r":[0,0,1.001791E-05],"s":[0.08090594,0.2119566,2.354068],"c":[0.3333332,0.2518517,0.07407398]}]},{"s":[{"p":[0.5377045,-1.192093E-07,1.123062],"r":[0,90,0],"s":[0.1080934,0.211987,1.043124],"c":[0.3333332,0.2518517,0.07407398]}]},{"t":1,"s":[{"p":[0.5377045,1.862645E-09,-0.02174378],"r":[0,90.00001,0],"s":[2.309912,0.1959924,1.043198],"c":[0.4444443,0.4444443,0.4444443]}]}]}