{"n":"right paw base pivot","v":9,"a":[12,48,49],"p":[{"t":7,"i":[{"t":"5d884233a1cf1e392b56adda","p":[-0.03142977,0.06944549,-0.006765839],"r":[1.001791E-05,270,1.001791E-05]}],"s":[{"p":[0,0,0],"r":[0,0,0],"s":[0.03773668,0.01589422,0.1179047],"c":[0,1,1],"b":["when told by body hand triggered right then become 2 in 0.1s"]},{"p":[0,0,0],"r":[337.9553,344.13,12.15037],"s":[0.03773668,0.01589422,0.1179047],"c":[0,1,1],"b":["when told by body hand trigger let go right then become 1 in 0.1s"]}]}]}