{"v":9,"a":[22,18,21],"p":[{"b":5,"t":1,"s":[{"p":[-0.03222013,0.0104652,-0.0001499699],"r":[-1.001791E-05,0,0],"s":[0.004098179,0.004430654,0.01019013],"c":[0.7777778,0.7777778,0.7777778]}]},{"b":27,"t":1,"s":[{"p":[-0.01921093,0.006327331,-1.219951E-07],"r":[292.5,270,270],"s":[0.02150036,0.01616513,0.02952663],"c":[0.7777778,0.7777778,0.7777778]}]},{"b":27,"t":1,"s":[{"p":[0.002996087,0.00916636,-1.205501E-07],"r":[270.0198,-5.008954E-06,0],"s":[0.02150931,0.01616903,0.02590441],"c":[0.7777778,0.7777778,0.7777778]}]},{"b":5,"t":1,"s":[{"p":[1.561157E-11,-3.122314E-11,-0.0001785755],"r":[-1.001791E-05,-6.157171E-14,1.001791E-05],"s":[0.009726735,0.009726193,0.01024616],"c":[0.7777778,0.7777778,0.7777778]}]}]}