{"v":9,"a":[2,7,12,18,49],"p":[{"t":7,"a":[12,38],"i":[{"t":"5d88e9b850a80a061dc2d842","p":[0.01022291,0.05331623,0.01552052],"r":[337.5,90.00001,337.5]}],"s":[{"p":[-0.0120579,-0.00456166,0.01270902],"r":[-1.001793E-05,0,0],"s":[0.1750159,0.001520766,0.1738914],"c":[0.9714286,1,0],"b":["when hears go ant then become next"]},{"p":[-0.0120579,2.222119E-09,0.01270902],"r":[-1.001792E-05,0,0],"s":[0.1749992,0.001520755,0.1738749],"c":[0.9714286,1,0],"b":["when starts then propel forward with 10"]}]}]}