{"v":9,"a":[7,18,48,49],"p":[{"b":205,"i":[{"t":"5d883d7b309ea4392c5a7de7","p":[-0.06011966,-0.1524048,0.1436005],"r":[346.7139,192.2313,142.9327]}],"s":[{"p":[0,0,0],"r":[0,0,0],"s":[0.04500842,0.04499962,0.04500993],"c":[0.2857141,1,0],"b":["when starts then become next in 4s"]},{"p":[0,-1.490116E-08,0.1439209],"r":[0,0,1.001791E-05],"s":[0.04502045,0.04501196,0.04501125],"c":[0.2857141,1,0],"b":["when starts then become next in 4s"]}]}]}