{"v":9,"a":[2,7,12,16,18],"p":[{"b":69,"t":2,"s":[{"p":[3.200854E-09,7.240809E-08,0.1464543],"r":[0,270,270],"s":[0.005162538,0.07924942,0.005162471],"c":[1,0.8571429,0],"b":["when touched then become next"]},{"p":[6.564641E-09,8.586324E-08,0.3003632],"r":[0,270,270],"s":[0.02617887,0.001000021,0.03046698],"c":[1,0.8571429,0],"b":["when starts then tell 1","when starts then destroy all parts with 0s restore"]}]},{"b":4,"a":[12,37],"s":[{"p":[0,0,0],"r":[1.072955E-06,2.035555E-13,1.905952E-21],"s":[0.01427604,0.01428021,0.01428039],"c":[1,1,1]}]}]}