{"n":"fire","v":9,"d":"DONT TOUCH IT","p":[{"b":158,"t1":43,"sa":50,"s":[{"p":[-0.01578791,0.02959006,-0.02292009],"r":[314.9847,7.637032,358.2946],"s":[0.04700616,0.2748629,0.04851912],"c":[0.2222221,0.1989417,0.148148],"t1":{"c":[1,0.5142856,0],"x":0.6692734,"y":0.6576958,"a":0.8925,"m":0,"n":0,"r":0,"g":1,"o":0.5,"t":0.5,"e":0.5}}]},{"b":158,"t1":43,"sa":50,"s":[{"p":[-0.004418952,0.02079022,0.008375946],"r":[287.3466,223.5414,149.1773],"s":[0.04700623,0.2748633,0.04851924],"c":[0.2222221,0.1989417,0.148148],"t1":{"c":[1,0.5142856,0],"x":0.6692734,"y":0.6576958,"a":0.8925,"m":0,"n":0,"r":0,"g":1,"o":0.5,"t":0.5,"e":0.5}}]},{"b":158,"t1":43,"sa":50,"s":[{"p":[-0.006047423,0.02286183,-0.01124162],"r":[0.2132287,5.975559,359.4404],"s":[0.04700628,0.2748631,0.04851913],"c":[0.2222221,0.1989417,0.148148],"t1":{"c":[1,0.5142856,0],"x":0.6692734,"y":0.6576958,"a":0.8925,"m":0,"n":0,"r":0,"g":1,"o":0.5,"t":0.5,"e":0.5}}]},{"b":180,"a":[12],"pr":40,"s":[{"p":[0.01459196,0.006848365,-0.02984373],"r":[1.471497,270.3153,176.737],"s":[0.1250005,0.1250004,0.1250006],"c":[1,1,1],"pr":{"c":[1,0.5142855,0],"m":0.1974514,"a":0.2425435,"s":0.07485381,"z":0.2735399,"g":0.5,"h":0.5}}]}]}