{"v":9,"a":[7,18,31],"p":[{"b":59,"a":[12],"i":[{"t":"5d891a18a1cf1e392b56ae3c","p":[1.204436,0.01798254,0.3128353],"r":[90,0,0]},{"t":"5d891a18a1cf1e392b56ae3c","p":[-1.198495,0.01798254,0.3128351],"r":[90,180,0]}],"s":[{"p":[0,0,0],"r":[0,0,0],"s":[1.327288,1.327224,1.327289],"c":[1,1,1],"b":["when starts then set constant rotation to 0 75 0"]}]}]}