{"n":"neck","v":9,"a":[7,12,18],"p":[{"t":7,"a":[12,37],"s":[{"p":[0,0,0],"r":[0,0,0],"s":[0.01703101,0.2434144,0.0187305],"c":[0,1,0.2285714]}]}]}