{"v":9,"a":[7,18,31],"p":[{"b":202,"t":10,"s":[{"p":[0,0,0],"r":[0,0,0],"s":[0.07447599,0.07450027,0.07450297],"c":[0.4444443,0.4444443,0.4444443]}]},{"b":5,"t":2,"s":[{"p":[-0.003143309,0.01812745,4.656613E-10],"r":[90,-1.46683E-05,0],"s":[0.1040854,0.104092,0.104083],"c":[1,0.8253968,0.4444442]}]},{"b":202,"t":10,"s":[{"p":[-2.587894E-10,-0.002960206,0],"r":[0,0,0],"s":[0.06239311,0.06242538,0.06242146],"c":[0.4444443,0.4444443,0.4444443]}]}]}