{"n":"tri","v":9,"a":[2,12,14,49],"tp_m": 3,"tp_d": 0.001,"p":[{"b":6,"t":2,"s":[{"p":[2.375456E-07,-0.01398087,-8.730154E-10],"r":[270,90.00001,0],"s":[0.1426059,0.1426584,0.1602771],"c":[0.4938272,0.8550264,0.8888889],"b":["when told by any pyrdestroy then destroy all parts"]}]}]}