{"v":9,"a":[31],"p":[{"b":3,"s":[{"p":[0,0,0],"r":[0,0,0],"s":[0.3897662,0.3897662,0.3897664],"c":[0.6666667,0.2962962,0.4232804]}]},{"b":196,"s":[{"p":[0.0736537,-0.4489796,0.02790007],"r":[355.694,14.22754,199.9585],"s":[0.1298919,0.1298922,0.1298923],"c":[0.6666667,0.2962962,0.4232804]}]},{"b":196,"s":[{"p":[0.3101477,-0.1453272,-0.2307199],"r":[32.71434,252.7073,142.5316],"s":[0.1298914,0.1298915,0.1298917],"c":[0.6666667,0.2962962,0.4232804]}]}]}