{"v":9,"a":[7,18,48],"p":[{"s":[{"p":[0,0,0],"r":[0,0,0],"s":[3.28316,0.0136991,1.714305],"c":[0.1142856,1,0],"b":["when walked into then tell greyscaler"]}]}]}