{"n":"td12","v":9,"a":[7,18,48,49],"p":[{"s":[{"p":[0,0,0],"r":[0,0,0],"s":[0.1750475,0.04898182,0.1750472],"c":[0.7777778,0,0]}]}]}