{"v":9,"a":[7,18,48,49],"p":[{"b":205,"su":[{"i":"5d898fadd6543664e836a8ac","t":"5d89910c1179f7061ad2489c","p":[0.0115509,-0.01408386,0.7601471],"r":[0,0,0]}],"s":[{"p":[0,0,0],"r":[0,0,0],"s":[0.04500389,0.0450012,0.04500349],"c":[1,1,1],"b":["when told warehousetele then become untweened next in 0.1s"]},{"p":[-4.466995,7.810343E-07,0],"r":[0,0,0],"s":[0.0450074,0.04500256,0.04501111],"c":[1,1,1],"b":["when starts then become untweened next in 28s"]}]}]}