{"v":9,"a":[7,18],"p":[{"b":10,"s":[{"p":[-9.386117E-10,-0.005368263,0.2465918],"r":[0,0,0],"s":[0.006378959,0.006378616,0.006376373],"c":[0.2222221,0.2067018,0.1728394]}]},{"b":200,"s":[{"p":[0,0,0],"r":[0,0,1.001791E-05],"s":[0.05754215,0.010133,0.08007494],"c":[0.4444442,0.3724865,0.296296]}]},{"b":5,"s":[{"p":[0,0,0],"r":[270,1.001791E-05,0],"s":[0.07461981,0.1019575,0.01467839],"c":[1,0.9301587,0.7777778]}]},{"a":[32],"s":[{"p":[-0.03285521,-0.01091458,0.1838579],"r":[0.2525181,26.22376,271.7196],"s":[0.006005208,0.003895513,0.1423302],"c":[0.6666667,0.5968254,0.4444443]}]}]}