{"v":9,"p":[{"b":5,"s":[{"p":[0.0002593979,-0.02033997,0.002998348],"r":[90,180,0],"s":[0.01434507,0.01434417,0.01434414],"c":[1,1,1],"b":["when touched then play success bling with +0.1 octaves"]}]},{"s":[{"p":[0.0002593974,-0.02626038,0.002998347],"r":[90,270,0],"s":[0.02313687,0.0220454,0.001554718],"c":[0,0,0]}]},{"b":5,"s":[{"p":[-0.000289917,-0.0002136231,0.0003356933],"r":[343.6759,333.0219,355.1546],"s":[0.0117782,0.01363838,0.01593496],"c":[1,1,1]}]}]}