{"v":9,"a":[5,7,18,48],"p":[{"s":[{"p":[0,0,0],"r":[0,0,0],"s":[2.527466,0.03430876,1.106612],"c":[1,1,1]}]}]}