{"v":9,"a":[7,13,18],"p":[{"b":83,"a":[15],"t1":156,"s":[{"p":[0,0,0],"r":[0,0,0],"s":[2.096394,2.77254,2.594252],"c":[0,0,0],"t1":{"c":[0.2507936,0.3333333,0.1111111],"x":0.6594543,"y":0.02960205,"a":1,"m":0,"n":0,"r":0.25,"g":0,"o":0.5,"t":0.5,"e":0.5}}]}]}