{"v":9,"a":[7,18,48,49],"p":[{"b":205,"i":[{"t":"5d84372ea1cf1e392b56aba4","p":[0.1347046,-0.15625,-0.04417418],"r":[2.31973,358.0972,286.3356]},{"t":"5d84372ea1cf1e392b56aba4","p":[0.7677004,-0.3876038,-0.4918213],"r":[0.9956102,359.9313,314.7189]},{"t":"5d84372ea1cf1e392b56aba4","p":[0.9760134,-0.7350618,-0.1799774],"r":[6.077628,349.9023,322.2156]}],"s":[{"p":[0,2.384186E-07,-2.021668],"r":[0,0,-5.008957E-06],"s":[0.04501897,0.04501152,0.04500873],"c":[1,0.3428571,0],"b":["when told by nearby 3skullsup then become next in 10s"]},{"p":[0,0,0],"r":[0,0,0],"s":[0.04500125,0.04500077,0.04500062],"c":[1,0.3428571,0],"b":["when starts then become untweened next in 10s"]}]}]}