{"v":9,"a":[5,22,18,48],"p":[{"b":63,"s":[{"p":[0,0,0],"r":[0,0,0],"s":[0.9502174,0.1250416,1.959082],"c":[1,1,1]}]}]}