{"n":"static","v":9,"a":[6,5,48,49],"p":[{"a":[17],"s":[{"p":[0,0,0],"r":[0,0,7.656432E-20],"s":[0.1750033,0.1750017,0.175002],"c":[0.4571431,0,1],"b":["when starts then play tv static with 50, become next in 0.5s"]},{"p":[0,0,0],"r":[0,0,7.656432E-20],"s":[0.1750033,0.1750017,0.175002],"c":[0.4571431,0,1],"b":["when starts then become next in 1.1s"]}]}]}