{"v":9,"a":[2,7,18,21],"p":[{"b":5,"s":[{"p":[-0.0003437996,0.02128911,0.0002243519],"r":[89.90109,180.0348,0],"s":[0.004272526,0.00427207,0.004272584],"c":[0.7777778,0.5333333,0]}]},{"b":59,"a":[14],"s":[{"p":[0,0.01162243,0],"r":[0,0,1.024528E-05],"s":[0.005757149,0.2060616,0.005756472],"c":[1,0.7904761,0.3333331],"b":["when touched then destroy all parts"]}]}]}