{"v":9,"a":[7,12,18],"p":[{"b":2,"t":7,"a":[12,37,36],"i":[{"t":"5d91668a309ea4392c5a8170","p":[-0.004360908,0.06991181,-0.02527869],"r":[22.49999,8.31706E-06,270]}],"s":[{"p":[0,0,0],"r":[0,0,0],"s":[0.07768861,0.006240196,0.08317554],"c":[0.8,1,0],"b":["when told by nearby headcamopen then become 2 in 1.5"]},{"p":[0,0,0],"r":[90,-9.707963E-06,0],"s":[0.07768861,0.006240196,0.08317554],"c":[0.8,1,0],"b":["when told by nearby headcamclose then become 1 in 1.5"]}]}]}