{"v":9,"a":[7,12,18],"p":[{"b":2,"t":7,"a":[12,37,36],"i":[{"t":"5d9167f0c8c19706233dadf3","p":[-0.004750703,0.1764554,-0.119286],"r":[292.5,180,90.00002]},{"t":"5d9168cdc37a927fec8c8b98","p":[-0.002177458,0.1301879,-0.02830392],"r":[22.49999,180,4.064822E-06]}],"s":[{"p":[-8.744562E-10,-0.1099999,0.01000263],"r":[326.25,1.122326E-06,-3.406357E-06],"s":[0.0616115,0.005506652,0.2302728],"c":[1,0.8571429,0],"b":["when told by nearby headcamopen then become 2 in 2"]},{"p":[0,0,0],"r":[0,0,0],"s":[0.0616115,0.005506652,0.2302728],"c":[1,0.8571429,0],"b":["when told by nearby headcamclose then become 1 in 1.6"]},{"p":[0,0,0],"r":[0,0,0],"s":[0.0616115,0.005506652,0.2302728],"c":[1,0.8571429,0]}]}]}