{"n":"camera hatch","v":9,"a":[22,18],"p":[{"b":31,"a":[36],"s":[{"p":[-0.000371365,-1.164153E-10,0.0008965541],"r":[0,0,0],"s":[0.1166266,0.2023492,0.1024185],"c":[0.8888889,0.8324515,0.4938272]}]}]}