{"v":9,"a":[5,7,18,48],"p":[{"s":[{"p":[0,0,0],"r":[0,0,0],"s":[2.603596,0.02520779,0.8992378],"c":[1,1,1]}]}]}