{"v":9,"a":[7,18],"p":[{"s":[{"p":[0,0,0],"r":[0,0,0],"s":[6.336729,0.01505008,3.83062],"c":[0.4444443,0.4444443,0.4444443]}]}]}