{"v":9,"p":[{"a":[1,8],"s":[{"p":[0,0,0],"r":[0,0,0],"s":[0.515301,0.1750003,0.5383091],"c":[1,1,1]}]}]}