{"v":9,"p":[{"a":[1,8,35,42],"s":[{"p":[0,0,0],"r":[0,0,0],"s":[0.1750001,0.1750001,0.1750003],"c":[1,1,1]},{"p":[-0.3418179,-0.1297022,-0.2015664],"r":[296.4409,264.5008,283.0006],"s":[0.7766681,0.5274177,0.5326077],"c":[1,1,1],"b":["when "]}]}]}