{"v":9,"p":[{"b":12,"s":[{"p":[2.96231,0.0231939,0.1034143],"r":[4.638868,1.627694,359.7216],"s":[0.5308079,0.06000032,0.585202],"c":[1,1,1]}]},{"b":12,"s":[{"p":[-0.08228076,0.1559421,0.1504405],"r":[4.036931,2.261867,356.5715],"s":[0.4415704,0.06000023,0.5244222],"c":[1,1,1]}]}]}