{"v":9,"p":[{"s":[{"p":[0,0,0],"r":[0,0,0],"s":[1.07012,1.065442,0.006700278],"c":[0.1142856,1,0]}]}]}