{"v":9,"p":[{"b":152,"s":[{"p":[0,0,0],"r":[0,0,0],"s":[0.04000002,0.04000003,0.04000003],"c":[1,1,1]}]},{"b":152,"s":[{"p":[0.9835958,-0.2556163,-1.013474],"r":[355.1772,358.0519,56.61018],"s":[0.0969958,0.09791555,0.08887437],"c":[1,1,1]}]},{"b":152,"s":[{"p":[0.9721712,-0.2469904,-0.6490579],"r":[55.01778,275.3548,1.940919],"s":[0.09704649,0.09456972,0.1000547],"c":[1,1,1]}]}]}