{"v":9,"p":[{"b":13,"s":[{"p":[0,0,0],"r":[0,0,0],"s":[0.01859044,0.0258378,0.06000037],"c":[1,1,1]}]},{"b":132,"e":"BANK","s":[{"p":[-0.02963373,0.04842778,0.07133397],"r":[358.057,90.43781,359.494],"s":[0.003000009,0.003000002,0.003000008],"c":[0.9714286,1,0]}]}]}