{"n":"tree basic 2","v":9,"a":[22,18,21],"p":[{"s":[{"p":[0,0,0],"r":[0,0,0],"s":[0.003042112,0.002750502,0.04424499],"c":[0.5555556,0.435626,0.3086419]}]},{"b":6,"t1":30,"s":[{"p":[0.000601743,9.234436E-05,0.02366925],"r":[0,0,1.707547E-06],"s":[0.007866709,0.005476948,0.04687777],"c":[0.3160493,0.4444443,0.09876534],"t1":{"c":[0,0,0],"x":0.5,"y":0.5,"a":0.8925,"m":0,"n":0,"r":0,"g":0,"o":0.5,"t":0.5,"e":0.5}}]}]}