{"n":"moon","v":9,"a":[1,13],"p":[{"b":180,"im":"955218590045489131/456EF7331C9230955DE3B7C22346AF6C613F7D3A/","s":[{"p":[0,0,0],"r":[0,0,0],"s":[71.43043,71.43052,71.43037],"c":[1,1,1],"b":["when starts then set constant rotation to 2 2 2"]}]}]}