{"v":9,"p":[{"b":18,"e":"10/4/2019","s":[{"p":[0,0,0],"r":[-1.714217E-06,-3.991223E-15,2.668043E-07],"s":[0.01400688,0.01400683,0.01400688],"c":[1,0,0]}]},{"b":100,"e":"THE WORST ONE","s":[{"p":[0.09191179,0.04370496,-0.0224528],"r":[352.8193,358.9087,8.323811],"s":[0.006111216,0.00611121,0.006111215],"c":[1,0,0]}]},{"s":[{"p":[0.3370183,0.04333401,-0.001194179],"r":[281.9892,230.7257,127.5125],"s":[0.4804171,0.01091674,0.1028886],"c":[1,1,1]}]}]}