{"v":9,"p":[{"b":3,"s":[{"p":[0,0,0],"r":[0,0,0],"s":[0.0161042,0.01453368,0.0364462],"c":[0.5555556,0.4391533,0.1851851]}]}]}