{"v":9,"p":[{"b":3,"s":[{"p":[0,0,0],"r":[0,0,0],"s":[0.01024129,0.01209657,0.02277776],"c":[0.6666667,0.5037037,0.148148]}]}]}