{"v":9,"p":[{"b":167,"s":[{"p":[0.03799149,0.1461158,0.2509429],"r":[349.5128,16.19149,4.846659],"s":[0.07778537,0.07636687,0.06346011],"c":[0.3333332,0.2867724,0.1851851],"b":["when told by any moledig then become next in 5"]},{"p":[-0.02902872,0.3008913,0.1662329],"r":[350.0876,21.05091,356.9935],"s":[0.07778544,0.07636691,0.0634602],"c":[0.3333331,0.2867723,0.185185],"b":["when starts then become next in 20"]},{"p":[-0.02902872,0.3008913,0.1662329],"r":[350.0876,21.05091,356.9935],"s":[0.07778544,0.07636691,0.0634602],"c":[0.3333331,0.2867723,0.185185],"b":["when starts then become next in 4"]},{"p":[-0.07550246,0.1734189,0.2291494],"r":[355.4665,8.715328,358.6341],"s":[0.07778542,0.07636689,0.06346016],"c":[0.333333,0.2867722,0.1851849],"b":["when starts then become 1"]}]}]}