{"v":9,"p":[{"b":13,"s":[{"p":[3.911586,-3.64899,-0.5744174],"r":[303.6316,113.0594,342.2858],"s":[0.06000007,0.0600001,0.06000004],"c":[1,1,1]}]},{"b":13,"s":[{"p":[3.293226,-3.682578,-0.5333655],"r":[318.7739,261.4085,191.9285],"s":[0.06000016,0.06000016,0.06000016],"c":[1,1,1]}]},{"b":13,"s":[{"p":[3.636156,-3.577073,-0.5594678],"r":[283.8843,223.6038,236.9918],"s":[0.0600001,0.0600001,1.027715],"c":[1,1,1]}]}]}