{"v":9,"a":[7,13,18],"p":[{"b":179,"s":[{"p":[0,0,0],"r":[0,0,0],"s":[3.447662,3.447661,3.447661],"c":[0.3333331,0.2793648,0.222222]}]},{"s":[{"p":[0,0,-2.012482],"r":[0,0,1.024528E-05],"s":[3.449594,3.449633,0.1265686],"c":[0.3333332,0.3333332,0.3333332]}]},{"t1":110,"s":[{"p":[-0.7875214,0,-1.006821],"r":[9.659347E-06,89.99999,-8.142219E-13],"s":[2.082174,3.452362,0.06203498],"c":[0.222222,0.1248675,0.07407392],"t1":{"c":[0.5555556,0.3756613,0.1851851],"x":0.5,"y":0.5,"a":0.8925,"m":0,"n":0,"r":0,"g":0,"o":0.5,"t":0.5,"e":0.5}}]},{"t1":110,"s":[{"p":[0.5504913,0,-1.006821],"r":[0,90,0],"s":[2.083388,3.453828,0.06204272],"c":[0.222222,0.1248675,0.07407392],"t1":{"c":[0.5555556,0.3756613,0.1851851],"x":0.5,"y":0.5,"a":0.8925,"m":0,"n":0,"r":0,"g":0,"o":0.5,"t":0.5,"e":0.5}}]}]}