{"v":9,"p":[{"b":10,"s":[{"p":[0,0,0],"r":[0,0,-1.120578E-06],"s":[0.1250001,0.125,0.125],"c":[0.9968254,1,0.8888889]}]},{"b":10,"s":[{"p":[0.009183824,-0.04399042,-0.2749024],"r":[355.3856,359.3644,349.5752],"s":[0.1250003,0.1250002,0.3824825],"c":[0.9968254,1,0.8888889]}]},{"b":10,"s":[{"p":[-0.02742045,-0.02766803,-0.1330923],"r":[328.6792,357.6655,15.02128],"s":[0.1778515,0.1250002,0.125],"c":[0.9968254,1,0.8888889]}]}]}