{"v":9,"p":[{"b":150,"s":[{"p":[0,0,0],"r":[0,0,-1.067217E-07],"s":[0.7625332,0.2092178,1.123014],"c":[1,1,1]}]}]}