{"v":9,"a":[48],"p":[{"t":7,"i":[{"t":"5d98228ba1cf1e392b56b663","p":[0.0001763108,0.0007095245,-0.0115285],"r":[270,180.0001,0]}],"s":[{"p":[0.05962701,0.01126188,-0.02620914],"r":[358.4138,0.5300449,356.8496],"s":[0.01709783,0.02027803,0.01469567],"c":[1,0,0.3428572],"b":["when touched then become 2 in 0.2s"]},{"p":[0.05957152,0.01109578,-0.03220687],"r":[358.4138,0.5300454,356.8496],"s":[0.01709783,0.02027803,0.01469567],"c":[1,0,0.3428567],"b":["when starts then tell nearby playereyes","when starts then play tone d sharp 4","when starts then become 1 in 0.2s","when starts then say player eyes"]}]}]}