{"v":9,"a":[48,49],"p":[{"s":[{"p":[0,0,0],"r":[0,0,0],"s":[0.1750008,0.1750006,0.1750008],"c":[1,1,1],"b":["when neared then play chains rattling with 300"]}]}]}