{"v":9,"a":[12,31],"p":[{"i":[{"t":"5d98973a309ea4392c5a86a9","p":[-0.2590669,-0.009588251,-0.0161286],"r":[37.4912,349.9621,25.44495]}],"s":[{"p":[-0.004040912,-0.01473189,0.1912974],"r":[67.56663,82.88527,356.2776],"s":[0.4911001,0.117821,0.08599418],"c":[0.3950604,0.4444432,0.4444432]}]},{"b":4,"a":[12],"s":[{"p":[0,0,0],"r":[-8.937944E-07,8.537735E-07,1.219296E-05],"s":[0.08860774,0.08860763,0.08860793],"c":[1,1,1],"b":["when ","when starts then all parts face nearest bb2"]}]}]}