{"v":9,"a":[7,18],"p":[{"b":15,"t":1,"s":[{"p":[0,0,0],"r":[0,0,0],"s":[0.02198565,0.02198744,0.09196696],"c":[0.5555556,0.5555556,0.5555556]}]},{"b":3,"t":3,"s":[{"p":[0.0007228851,-0.0004425123,0.08647419],"r":[-8.964216E-08,-8.964215E-08,270],"s":[0.04675033,0.04675534,0.08103128],"c":[0.111111,0.111111,0.111111],"b":["when neared then become next in 0.1s, play electric spark with 500"]},{"p":[0.0007228851,-0.0004425123,0.08647419],"r":[-8.964217E-08,-8.964215E-08,270],"s":[0.04675033,0.04675534,0.08103128],"c":[0.9936507,1,0.7777778],"b":["when starts then become next in 0.1s"]},{"p":[0.0007228851,-0.0004425123,0.08647419],"r":[-8.964218E-08,-8.964214E-08,270],"s":[0.04675033,0.04675534,0.08103128],"c":[0.111111,0.111111,0.111111],"b":["when starts then become next in 29s"]}]}]}