{"v":9,"a":[7,18],"p":[{"b":179,"t1":47,"s":[{"p":[0,0,0],"r":[0,0,0],"s":[10.7859,7.78546,0.2150933],"c":[0.2222221,0.2222221,0.2222221],"t1":{"c":[0.4444444,0.4444444,0.4444444],"x":0.3597107,"y":0.4087524,"a":0.8925,"m":0,"n":0,"r":0,"g":0,"o":0.5,"t":0.5,"e":0.5}}]}]}