{"n":"hinge","v":9,"a":[5,22,18],"p":[{"t":11,"i":[{"t":"5d9984e2c37a927fec8c900d","p":[-0.5535584,0.04464728,-0.03651422],"r":[90,90.00001,0]}],"s":[{"p":[0,0,0],"r":[0,0,0],"s":[0.04378494,0.7065558,0.1205809],"c":[0.4444443,0.4444443,0.4444443],"b":["when told dooropen then become next in 4s, play squeaky horror door"]},{"p":[0,0,0],"r":[9.255345E-06,112.5,3.833689E-06],"s":[0.0437877,0.706536,0.1206026],"c":[0.4444442,0.4444442,0.4444442],"b":["when starts then become untweened next in 10s"]},{"p":[0,0,0],"r":[9.255345E-06,112.5,3.833691E-06],"s":[0.04378696,0.7065368,0.1205999],"c":[0.4444442,0.4444442,0.4444442],"b":["when starts then become next in 2s"]},{"p":[0,0,0],"r":[0,0,0],"s":[0.04378494,0.7065558,0.1205809],"c":[0.4444442,0.4444442,0.4444442],"b":["when starts then become next in 0.2s, play indoor wood door close"]}]}]}