{"v":9,"a":[7,13,18],"p":[{"b":179,"t1":38,"s":[{"p":[0,0,0],"r":[0,0,8.142219E-13],"s":[8.418496,4.721262,0.2150976],"c":[0.2222214,0.1248669,0.07407346],"t1":{"c":[0.3333333,0.2518518,0.07407402],"x":0.4971733,"y":0.5541773,"a":0.8925,"m":0,"n":0.03683949,"r":0.25,"g":0,"o":0.5,"t":0.5,"e":0.5}}]}]}