{"v":9,"a":[7],"p":[{"s":[{"p":[-0.3315502,-0.09397143,-0.6816257],"r":[0,0,-5.008957E-06],"s":[1304.831,1918.194,0.5294117],"c":[1,1,1]}]}]}