{"v":9,"a":[7,18],"p":[{"b":86,"t":20,"s":[{"p":[0,0,0],"r":[0,0,0],"s":[2.00257,0.5170472,1.014489],"c":[0,0,0]}]}]}