{"v":9,"a":[5,7,18],"p":[{"t1":156,"s":[{"p":[0,0,0],"r":[0,0,0],"s":[0.4449241,2.195306,0.4449287],"c":[0.222222,0.1742502,0.1234566],"t1":{"c":[0.658201,0.6666667,0.3703703],"x":0.5464478,"y":0.7955933,"a":0.8925,"m":0,"n":0,"r":0,"g":0,"o":0.5,"t":0.5,"e":0.5}}]},{"t":9,"s":[{"p":[-4.508804E-09,-0.02578735,0],"r":[1.001791E-05,-1.690016E-12,-1.001791E-05],"s":[0.5114167,0.1005901,0.5113767],"c":[0.6666667,0.6666667,0.6666667]}]},{"t":9,"s":[{"p":[-1.796105E-07,-1.027252,0],"r":[0,0,0],"s":[0.5116999,0.1005956,0.5116513],"c":[0.6666667,0.6666667,0.6666667]}]},{"t":9,"s":[{"p":[1.927634E-07,1.102478,0],"r":[1.001791E-05,-1.690016E-12,-1.001791E-05],"s":[0.5115734,0.1005964,0.5115308],"c":[0.6666667,0.6666667,0.6666667]}]}]}