{"v":9,"a":[5,7,18,48,54],"p":[{"s":[{"p":[0,0,0],"r":[0,0,0],"s":[0.3642783,0.05862077,0.374457],"c":[0.1142856,1,0],"b":["when looked at then tell nearby clowning, become next in 0.2s"]},{"p":[0,0,0],"r":[0,0,0],"s":[0.3642783,0.05862077,0.374457],"c":[0.1142856,1,0],"b":["when starts then play mad scientist laughter 2 with high-pitch stretch 150, become next in 29s"]}]}]}