{"v":9,"a":[22,12,18],"p":[{"b":5,"t":1,"s":[{"p":[1.490116E-07,-7.450581E-09,0.05774919],"r":[1.366038E-05,-8.537734E-06,1.536794E-05],"s":[0.01769517,0.01769513,0.04186577],"c":[1,0.5142855,0]}]},{"b":73,"t":1,"s":[{"p":[0,0,0],"r":[0,0,0],"s":[0.1109066,0.1109075,0.1109091],"c":[1,0.5142855,0],"b":["when starts then all parts face nearest indusel"]}]},{"b":60,"t":1,"i":[{"t":"5d93de2c288c857ffcc86078","p":[-0.0004533042,0.1635903,0.0002923757],"r":[0.0740154,-5.015722E-06,0.117973]}],"s":[{"p":[-0.0001309952,-8.832902E-05,0.2175624],"r":[89.92599,0.1179831,0],"s":[0.07823921,0.331297,0.07576429],"c":[1,0.5142855,0]}]}]}