{"v":9,"a":[5,7],"p":[{"b":76,"t":9,"a":[23],"s":[{"p":[0,0,0],"r":[-1.707547E-06,-6.830189E-06,1.707547E-06],"s":[0.07500181,0.01822961,0.07499848],"c":[0.8888889,0.8578483,0.7901235]}]},{"b":200,"t":9,"t1":34,"s":[{"p":[-0.002036582,0.01955101,-6.060116E-06],"r":[-1.707547E-06,-6.830189E-06,1.707547E-06],"s":[0.07581066,0.001000006,0.07579892],"c":[0.8888889,0.8578483,0.7901235],"t1":{"c":[0.5555556,0.4938272,0.1234567],"x":0.5,"y":0.5,"a":0.2389966,"m":0,"n":0,"r":0.04547119,"g":0,"o":0.5,"t":0.5,"e":0.5}}]}]}