{"v":9,"a":[22,12,38,48,49],"inc":[["rustybot plushie","5c96e784b4c10226e3981cd2"]],"p":[{"b":2,"s":[{"p":[0,0,0],"r":[0,0,0],"s":[0.1250131,0.125025,0.2796089],"c":[1,1,1],"b":["when starts then emit gravity-free rustybot plushie with 0.5","when starts then become next in 10"]},{"p":[-1.467628,-1.99116,-1.175577],"r":[5.577544E-07,-3.726796E-07,112.5],"s":[0.1250262,0.1250526,0.2796717],"c":[1,1,1],"b":["when starts then emit gravity-free rustybot plushie with 2, become next in 16"]},{"p":[-0.01224308,-2.469509,-3.304859],"r":[6.446655E-08,-3.240951E-07,22.50001],"s":[0.1250234,0.1250547,0.2796786],"c":[1,1,1],"b":["when starts then emit gravity-free rustybot plushie with 6, become next in 0.5"]}]}]}