{"n":"td24","v":9,"a":[7,18,48,49],"p":[{"s":[{"p":[0,0,0],"r":[0,0,0],"s":[0.1750071,0.079248,0.1750069],"c":[1,0,0]}]}]}