{"n":"csb","v":9,"a":[7,48],"p":[{"s":[{"p":[0,0,0],"r":[0,0,0],"s":[0.1750018,0.1750011,0.175001],"c":[1,1,1]}]}]}