{"n":"enviorment template","v":9,"a":[1,22,49],"p":[{"s":[{"p":[0,0,0],"r":[0,0,0],"s":[0.1750049,0.01820166,0.1750041],"c":[0.8,0,1]}]},{"t":7,"a":[12,38],"i":[{"t":"5d9c3924c37a927fec8c91ac","p":[0.00864887,-0.01784349,-0.0007629379],"r":[-1.024528E-05,270,270]}],"s":[{"p":[0,0,0],"r":[0,0,0],"s":[0.5558411,0.01367532,0.555841],"c":[0.6666666,1,0.9142857]}]}]}