{"v":9,"p":[{"s":[{"p":[0.1523265,0.3806784,0.2494483],"r":[356.7065,359.4631,3.032964],"s":[13.66669,0.1781328,8.381042],"c":[1,1,1]}]}]}