{"v":9,"a":[48,49,54],"p":[{"s":[{"p":[0,0,0],"r":[0,0,-1.067217E-07],"s":[0.1749999,0.175,0.175],"c":[1,1,1],"b":["when neared then tell any ohlightsout, become next in 0.3s"]},{"p":[0,0,0],"r":[0,0,-1.067217E-07],"s":[0.1749999,0.175,0.175],"c":[1,1,1],"b":["when starts then play horror exhale with 80, become next in 1s"]},{"p":[0,0,0],"r":[0,0,-1.067217E-07],"s":[0.1749999,0.175,0.175],"c":[1,1,1],"b":["when starts then become next in 1s"]},{"p":[0,0,0],"r":[0,0,-1.067217E-07],"s":[0.1749999,0.175,0.175],"c":[1,1,1],"b":["when starts then become 3 in 23s"]}]}]}