{"v":9,"a":[31,48,49],"p":[{"b":9,"t":3,"s":[{"p":[0,0,0],"r":[0,0,0],"s":[0.0579208,0.05792114,0.05792114],"c":[0.1975307,0.2031745,0.222222],"b":["when starts then set light range 3"]}]}]}