{"v":9,"a":[5],"p":[{"b":19,"a":[19],"e":"HOW TO BE A SKELETON\n2 EASY STEPS","s":[{"p":[-0.00439973,0.001447863,0.01912653],"r":[1.686724,357.8746,0.8222623],"s":[0.001557316,0.001557295,0.001557318],"c":[0,0,0]}]},{"b":19,"a":[19],"e":"STEP 1: BE A SKELETON","s":[{"p":[-0.01190734,-0.05761338,0.01777353],"r":[1.013797,357.2263,1.684249],"s":[0.001557285,0.001557264,0.00155729],"c":[0,0,0]}]},{"b":19,"e":"STEP 2: DON'T NOT BE A SKELETON\n\n\n\n\nSTEP 3: TAP THE OTHER PAGE \nA FEW TIMES","s":[{"p":[-0.102469,-0.09329554,0.01164595],"r":[2.023651,357.5056,2.132879],"s":[0.001242503,0.001242479,0.001242506],"c":[0,0,0]}]}]}