{"v":9,"p":[{"s":[{"p":[0,0,0],"r":[0,0,0],"s":[0.175,0.175,0.1750001],"c":[1,1,1],"b":["when touched then become next in 0.5s"]},{"p":[0.2303727,-0.03206167,0.1340447],"r":[351.7569,46.19598,9.977025],"s":[0.4783891,0.1750003,0.2492875],"c":[1,0,0.5142855],"b":["when touched then become next in 0.5s"]}]}]}