{"v":9,"p":[{"b":4,"s":[{"p":[0,0,0],"r":[0,0,0],"s":[0.1250003,0.125,0.1250003],"c":[1,1,1]}]},{"b":4,"s":[{"p":[0.1099664,0.0004024878,-0.2903863],"r":[355.6765,132.0947,249.5031],"s":[0.1250003,0.1250001,0.1250002],"c":[1,1,1]}]}]}