{"v":9,"p":[{"b":14,"t":2,"s":[{"p":[0,0,0],"r":[0,0,0],"s":[0.1560973,0.1574198,0.07138631],"c":[0.6285715,1,0],"b":["when touched then destroy all parts with burst 3 parts 10 force"]}]}]}