{"v":9,"p":[{"b":205,"a":[12,37],"s":[{"p":[0,0,0],"r":[0,0,0],"s":[0.04500007,0.04500002,0.04500007],"c":[1,1,1],"b":["when starts then all parts face nearest be2"]}]},{"b":3,"s":[{"p":[-0.01163618,-0.003883288,0.1881268],"r":[279.1185,77.0464,13.7795],"s":[0.218818,0.02390647,0.02979682],"c":[1,1,1]}]}]}