{"n":"hinge","v":9,"a":[5,7,18],"p":[{"t":11,"i":[{"t":"5da17425272b10062b9bc21d","p":[0.5491962,0.1015625,0.03813167],"r":[90,270,0]}],"s":[{"p":[0,0,0],"r":[0,0,0],"s":[0.04378494,0.7065558,0.1205809],"c":[0.4444443,0.4444443,0.4444443],"b":["when told dooropen then become next in 4s, play door screeching and squeaking with -0.5 octaves 65"]},{"p":[0,0,0],"r":[-5.008957E-06,90.00001,5.008956E-06],"s":[0.04378739,0.7065548,0.1206067],"c":[0.4444442,0.4444442,0.4444442],"b":["when starts then become untweened next in 15s"]},{"p":[0,0,0],"r":[-5.008958E-06,90.00001,5.008955E-06],"s":[0.04378739,0.7065548,0.1206067],"c":[0.4444442,0.4444442,0.4444442],"b":["when starts then become next in 2s"]},{"p":[0,0,0],"r":[0,0,0],"s":[0.04378494,0.7065558,0.1205809],"c":[0.4444442,0.4444442,0.4444442],"b":["when starts then become next in 0.2s, play indoor wood door close"]}]}]}