{"v":9,"a":[7,18],"p":[{"b":5,"a":[36],"s":[{"p":[0,0,0],"r":[0,0,0],"s":[0.08179817,0.0817934,0.08180402],"c":[0.4444443,0.4444443,0.4444443]}]},{"b":202,"s":[{"p":[0,0,0.2141266],"r":[90,0,0],"s":[0.05748145,0.2489448,0.05748047],"c":[0.4444443,0.4444443,0.4444443]}]}]}