{"n":"rusty shoulder l","v":9,"a":[7,12,18,31],"p":[{"b":4,"t":18,"i":[{"t":"5da22f1d288c857ffcc870e8","p":[2.891757E-07,-3.576279E-07,0.25],"r":[8.196227E-05,4.855836E-05,-9.604918E-06]}],"s":[{"p":[0,0,0],"r":[0,0,4.268868E-07],"s":[0.04358784,0.04358768,0.04358791],"c":[1,1,1],"b":["when starts then all parts face nearest rusty data left point"]}]}]}