{"v":9,"p":[{"b":69,"s":[{"p":[-0.1697402,0.008369386,0.1945783],"r":[63.16148,97.04445,274.4467],"s":[0.01504252,0.02085852,0.01510513],"c":[0.111111,0.111111,0.111111]}]},{"b":175,"s":[{"p":[0.01345645,-0.04350823,0.3059336],"r":[42.80164,105.3333,98.95654],"s":[0.04500005,0.04500006,0.04500009],"c":[0.9873015,1,0.5555556]}]},{"b":68,"s":[{"p":[-0.01202111,-0.01957448,0.1694809],"r":[2.944231,7.582698,62.26896],"s":[0.1672988,0.1596054,0.1644807],"c":[1,1,1]}]},{"b":69,"s":[{"p":[-0.1234961,0.09973852,0.1972849],"r":[62.93545,95.08885,272.6268],"s":[0.01504257,0.02085859,0.01510517],"c":[0.111111,0.111111,0.111111]}]}]}