{"n":"ground","v":9,"a":[1,7,18],"p":[{"b":17,"s":[{"p":[0,0,0],"r":[0,0,0],"s":[8.43041,0.110621,7.458883],"c":[0.9019608,0.8509804,0.7215686]}]}]}