{"v":9,"p":[{"b":73,"t":9,"i":[{"t":"5da20f68288c857ffcc8701c","p":[-0.003031417,0.00642919,0.02738003],"r":[357.4548,0.5363001,359.8318]}],"s":[{"p":[0,0,0],"r":[0,0,0],"s":[0.05207345,0.05207333,0.05207352],"c":[0.8888889,0.7760141,0.09876534],"b":["when starts then all parts face up"]}]}]}