{"v":9,"a":[7,18,48],"p":[{"s":[{"p":[0,0,0],"r":[0,0,0],"s":[0.04736469,5.193152,8.504328],"c":[1,0.5142855,0]}]}]}