{"n":"rusty elbow r","v":9,"a":[7,12,18,31],"p":[{"b":62,"t":21,"t1":167,"s":[{"p":[0,0,0],"r":[-1.707547E-06,-3.415095E-06,5.088888E-14],"s":[0.05288489,0.05288485,0.05288478],"c":[0.3333314,1,0.9428572],"b":["when starts then all parts face nearest rusty data wrist r","when starts then become next in 5"],"t1":{"c":[0.3333333,1,0.8285714],"a":0.75}},{"p":[0,0,0],"r":[-1.707547E-06,-3.415095E-06,5.088888E-14],"s":[0.05288489,0.05288485,0.05288478],"c":[0,0,0],"t1":{"c":[0.3333333,1,0.8285714],"a":0}}]}]}