{"n":"horb","v":9,"a":[16,31],"p":[{"b":9,"t":16,"t1":167,"s":[{"p":[0,0,0],"r":[0,0,0],"s":[0.02959062,0.0295905,0.02959061],"c":[1,1,1],"b":["when touched then become 2 in 0","when touched then send one nearby to detention relm"],"t1":{"c":[0,0,0],"a":0.75}},{"p":[0,0,0],"r":[0,0,0],"s":[0.02959062,0.0295905,0.02959061],"c":[1,1,1],"b":["when starts then destroy all parts"],"t1":{"c":[0,0,0],"a":0.75}}]}]}