{"n":"rusty shoulder r","v":9,"a":[7,12,18,31],"p":[{"b":4,"t":18,"i":[{"t":"5da38edc2de9fb062c7d9377","p":[3.7672E-07,-1.192093E-07,0.2500001],"r":[0.01985615,359.98,89.98016]}],"s":[{"p":[0,0,0],"r":[0,0,4.268868E-07],"s":[0.04358784,0.04358768,0.04358791],"c":[1,1,1],"b":["when starts then all parts face nearest rusty data right point"]}]}]}