{"v":9,"a":[5,7,13,18],"p":[{"s":[{"p":[0,0,0],"r":[0,0,0],"s":[0.06034378,2.635748,4.071766],"c":[0.1784825,0.2222215,0.1728389]}]},{"s":[{"p":[2.788452,-4.875484E-07,2.437742E-07],"r":[-1.001791E-05,1.628444E-12,-1.423631E-19],"s":[0.06036523,2.635775,4.073224],"c":[0.1784825,0.2222215,0.1728389]}]},{"s":[{"p":[1.408341,-5.746991E-07,-1.878555],"r":[2.442666E-12,270,2.003583E-05],"s":[0.06039093,2.635841,4.07481],"c":[0.1784825,0.2222215,0.1728389]}]}]}