{"v":9,"a":[5,7,18,48],"p":[{"s":[{"p":[0,0,0],"r":[0,0,0],"s":[0.8627727,0.1750053,1.300205],"c":[1,1,1],"b":["when told by nearby skeleburst then become next in 0.3s"]},{"p":[0,0.591095,0],"r":[0,0,1.024528E-05],"s":[0.8628157,0.1750172,1.30029],"c":[1,1,1],"b":["when starts then become next in 0s"]}]}]}