{"v":9,"a":[7,13,18],"p":[{"t1":110,"s":[{"p":[-1.404991E-06,-8.035614,0],"r":[0,0,-1.001791E-05],"s":[0.05158034,44.01252,4.072742],"c":[0.222222,0.1248675,0.07407392],"t1":{"c":[0.5555556,0.3756613,0.1851851],"x":0.1126099,"y":0.05792236,"a":0.8925,"m":0,"n":0,"r":0,"g":0,"o":0.5,"t":0.5,"e":0.5}}]},{"t1":110,"s":[{"p":[2.788451,-8.06894,0.005905395],"r":[1.001791E-05,-1.628444E-12,-1.423631E-19],"s":[0.05159133,44.01414,4.073685],"c":[0.222222,0.1248675,0.07407392],"t1":{"c":[0.5555556,0.3756613,0.1851851],"x":0.1126099,"y":0.05792236,"a":0.8925,"m":0,"n":0,"r":0,"g":0,"o":0.5,"t":0.5,"e":0.5}}]},{"t1":110,"s":[{"p":[1.408339,-8.062744,-1.878555],"r":[1.628444E-12,270,1.001791E-05],"s":[0.05747801,44.00563,4.078186],"c":[0.222222,0.1248675,0.07407392],"t1":{"c":[0.5555556,0.3756613,0.1851851],"x":0.1126099,"y":0.05792236,"a":0.8925,"m":0,"n":0,"r":0,"g":0,"o":0.5,"t":0.5,"e":0.5}}]},{"b":179,"t1":110,"s":[{"p":[1.392287,-8.062744,1.987671],"r":[1.001791E-05,-1.690016E-12,-1.001791E-05],"s":[2.779466,44.00801,4.081082],"c":[0.222222,0.1248675,0.07407392],"t1":{"c":[0.5555556,0.3756613,0.1851851],"x":0.1126099,"y":0.05792236,"a":0.8925,"m":0,"n":0,"r":0,"g":0,"o":0.5,"t":0.5,"e":0.5}}]}]}