{"n":"test sword","v":9,"a":[2],"tp_d": 0.001,"p":[{"b":14,"s":[{"p":[0,0,0],"r":[0,0,1.093897E-06],"s":[0.04186105,0.02374248,0.04645122],"c":[0.4444443,0.3047618,0]}]},{"b":69,"s":[{"p":[-0.08405845,-1.559407E-05,-0.003740179],"r":[272.7354,331.2854,117.7155],"s":[0.02545151,0.04438217,0.01012734],"c":[0.4444443,0.3047618,0]}]},{"b":73,"s":[{"p":[-0.1417549,0.001487479,-0.006494464],"r":[25.59481,97.53471,331.7815],"s":[0.06914643,0.06914624,0.06914664],"c":[0.4444443,0.3047618,0]}]},{"b":2,"s":[{"p":[0.2667457,-0.004400671,0.006297227],"r":[1.330913,88.53213,358.1069],"s":[0.04475691,0.006145345,0.5672893],"c":[0.8888889,0.8888889,0.8888889]}]}]}