{"v":9,"a":[5,7,18],"p":[{"b":16,"s":[{"p":[0,0,0],"r":[0,0,0],"s":[0.1556948,0.005561742,0.1381674],"c":[0.4430334,0.4444443,0.3950616]}]}]}