{"v":9,"a":[7,13,18],"p":[{"b":179,"s":[{"p":[0,0,0],"r":[0,0,0],"s":[8.132214,1.237266,0.2150458],"c":[0.222222,0.222222,0.222222]}]},{"b":179,"s":[{"p":[-5.974171,0,0],"r":[0,0,90],"s":[4.262084,3.819773,0.2151878],"c":[0.2222219,0.2222219,0.2222219]}]}]}