{"v":9,"a":[7,18],"p":[{"b":153,"s":[{"p":[0,0,0],"r":[0,0,0],"s":[0.1001559,0.1201259,0.07630724],"c":[0.4444443,0.3668429,0.1975307]}]},{"t":9,"s":[{"p":[-0.003509521,0.003112793,0.01025391],"r":[0,0,270],"s":[0.5001255,0.06951968,0.2953391],"c":[0.7777778,0.6962963,0.5185185]}]},{"b":112,"e":"BONES","s":[{"p":[-0.2115326,-0.1215363,0.04788207],"r":[-1.707547E-06,90.00001,90.00001],"s":[0.006673133,0.006669962,0.00667274],"c":[0,0,0]}]}]}