{"v":9,"p":[{"b":68,"s":[{"p":[0,0,0],"r":[0,0,0],"s":[0.2367582,0.1000001,0.2505863],"c":[0,1,0.3999999]}]},{"b":129,"e":"\"\n _","s":[{"p":[0.08107559,-0.1055577,0.2168989],"r":[275.1222,183.5169,357.0137],"s":[0.01849628,0.01849625,0.01849627],"c":[1,1,1]}]}]}