{"v":9,"a":[7,18],"p":[{"b":205,"a":[12,37,31],"su":[{"i":"5da3e811d6543610a47c8926","t":"5da3f009d8acaf061d63f8fe","p":[-0.5676574,-0.7653657,1.05777],"r":[-1.366038E-05,90,270]}],"s":[{"p":[0,0,0],"r":[0,0,0],"s":[0.04500737,0.0450087,0.04500793],"c":[1,1,1],"b":["when told by any itsatrap then become next in 0.4s"]},{"p":[0,0,0],"r":[0,0,0],"s":[0.04500737,0.0450087,0.04500793],"c":[1,1,1],"b":["when starts then become next in 4s"]},{"p":[0,3.814697E-06,47.69242],"r":[0,0,1.001791E-05],"s":[0.04503324,0.04507006,0.04504856],"c":[1,1,1],"b":["when starts then become untweened next in 6s"]}]}]}