{"v":9,"a":[7,18],"p":[{"b":202,"s":[{"p":[0,0,0],"r":[0,0,0],"s":[0.1689337,0.1689482,0.1689449],"c":[0.2222221,0.1142856,0]}]},{"b":5,"t":17,"a":[17,23],"s":[{"p":[0,0,0],"r":[270,180,0],"s":[0.2429587,0.2429648,0.4033471],"c":[0,0,0]}]},{"s":[{"p":[-2.274145E-08,-0.1300659,-1.490116E-08],"r":[-9.928272E-06,270,180],"s":[0.03531328,0.0387845,0.636162],"c":[0.2222221,0.1382715,0.04938262]}]},{"s":[{"p":[-0.09999087,-0.1342773,-1.490116E-08],"r":[-6.568453E-13,-2.871162E-20,180],"s":[0.03531343,0.02855281,0.6362271],"c":[0.222222,0.1382715,0.0493826]}]}]}