{"n":"ground","v":9,"a":[1],"p":[{"b":17,"c":[[-0.187,0.435,-1.366,424,4,65,6]],"s":[{"p":[0,0,0],"r":[0,0,0],"s":[3.363346,0.11062,3.201102],"c":[0.9019608,0.8509804,0.7215686]}]}]}