{"v":9,"a":[5,48,49],"p":[{"s":[{"p":[0,0,0],"r":[0,0,0],"s":[0.1750006,0.1750007,0.1750006],"c":[1,0,0],"b":["when neared then tell nearby spikeful"]}]}]}