{"v":9,"a":[22,18,48,49],"p":[{"b":205,"su":[{"i":"5da946ced654360d9c1b0ad5","t":"5da94652bc1d784c1af07130","p":[-0.2472945,0.005145878,0.01719248],"r":[341.5462,197.7779,83.73273]}],"s":[{"p":[0,0,0],"r":[0,0,0],"s":[0.04501173,0.04500426,0.05674022],"c":[1,1,1],"b":["when starts then become next in 4s, play metal hinge squeak 3 with 50"]},{"p":[0.004567492,0.0004941763,-0.001291343],"r":[40.02948,351.2662,348.3724],"s":[0.04504619,0.04503931,0.05679238],"c":[1,1,1],"b":["when starts then become next in 4s, play metal hinge squeak 3 with 50"]}]}]}