{"n":"ff","v":9,"a":[31],"tp_d": 9,"p":[{"b":17,"t":2,"t1":13,"s":[{"p":[0,0,0],"r":[0,0,0],"s":[0.02399748,0.02399746,0.02399753],"c":[0.7111111,0.8888889,0],"b":["when starts then become next in 3","when starts then turn uncollidable","when starts then trail start with thick-end 0.7s"],"t1":{"c":[0.8,1,0],"x":0.17,"y":0.17,"a":0.8925,"m":0.5,"n":0.5,"r":0,"g":0,"o":0.5,"t":0.01279259,"e":0.5}},{"p":[0,0,0],"r":[0,0,0],"s":[0.001,0.001,0.001],"c":[0.7111111,0.8888889,0],"b":["when starts then become next"],"t1":{"c":[0.8,1,0],"x":0.17,"y":0.17,"a":0.8925,"m":0.5,"n":0.5,"r":0,"g":0,"o":0.5,"t":0.01279259,"e":0.5}},{"p":[0,0,0],"r":[0,0,0],"s":[0.001,0.001,0.001],"c":[0.7111111,0.8888889,0],"b":["when starts then destroy all parts"],"t1":{"c":[0.8,1,0],"x":0.17,"y":0.17,"a":0.8925,"m":0.5,"n":0.5,"r":0,"g":0,"o":0.5,"t":0.01279259,"e":0.5}}]}]}