{"v":9,"a":[2,3],"inc":[["thing","5daa1478a43f3306ea09c3dd"],["thing 2","5daa14d566be57399f470104"],["rockettt","5daa164b6865a239b1bda901"],["rockettt 2","5daa16e0a43f3306ea09c3df"]],"p":[{"b":205,"s":[{"p":[0,0,0],"r":[0,0,0],"s":[0.04500081,0.04500076,0.04500065],"c":[1,1,1],"b":["when triggered then emit rockettt 2 with 56"]}]}]}