{"v":9,"a":[2,3,7,12,18,31],"inc":[["thing","5daa87cbd20d8d39a5d3b4e3"]],"p":[{"s":[{"p":[0,0,0],"r":[-4.378969E-13,-5.008956E-06,-5.008957E-06],"s":[0.05316059,0.05056241,0.1750061],"c":[1,1,1]}]},{"s":[{"p":[-1.713683E-08,-0.1960225,0.06574741],"r":[90,-1.001791E-05,0],"s":[0.0531656,0.04364729,0.3837944],"c":[1,1,1]}]},{"b":4,"s":[{"p":[-3.6464E-08,-0.4170995,0.06574744],"r":[90,180,0],"s":[0.02782868,0.02784333,0.0278424],"c":[1,1,1],"b":["when triggered then emit thing with 15, then become untweened 2 in 0.1"]},{"p":[-3.6464E-08,-0.4170995,0.06574744],"r":[90,180,0],"s":[0.02782868,0.02784333,0.0278424],"c":[1,1,1],"b":["when starts then become untweened 1, then tell any boom"]}]}]}