{"v":9,"p":[{"a":[12,37],"s":[{"p":[0,0,0],"r":[0,0,0],"s":[0.1750001,0.175,0.1750001],"c":[1,0.7555555,0.2222219],"b":["when starts then allow any person size","when starts then become next in 1s","when starts then allow untargeted attract and repel"]},{"p":[-0.0176473,0.2876754,-0.009689197],"r":[6.648913,56.65033,355.4618],"s":[0.1750002,0.175,0.1750001],"c":[1,0.7555555,0.2222218],"b":["when starts then allow any person size","when starts then become next","when starts then allow untargeted attract and repel"]}]}]}