{"v":9,"a":[31,48],"p":[{"b":9,"t":3,"s":[{"p":[0,0,0],"r":[0,0,0],"s":[0.05442876,0.05442876,0.05442876],"c":[1,0.6857142,0]}]}]}