{"v":9,"a":[31],"p":[{"b":3,"t":2,"a":[12],"s":[{"p":[0,0,0],"r":[0,0,0],"s":[0.00473134,0.00473134,0.00473134],"c":[0.1142856,1,0],"b":["when starts then trail start with 8s"]},{"p":[0,0,0],"r":[0,0,0],"s":[0.00473134,0.00473134,0.00473134],"c":[0.1142856,1,0]}]}]}