{"v":9,"a":[22,18],"p":[{"b":60,"t":9,"s":[{"p":[0,0,0],"r":[0,0,0],"s":[9.040587,0.668909,9.712389],"c":[0.1975307,0.2116401,0.2222221]}]}]}