{"v":9,"a":[21],"p":[{"b":68,"t":19,"a":[23],"c":[[-0.987,-0.001,-0.509,172],[-0.488,0.831,0.056,246,27],[-0.2022569,0.973,0.1808189,294],[-0.762339,0.7382911,0.4278001,243],[-0.475848,0.831,0.4157349,245],[-0.211,0.973,-0.078,295,24],[-0.776789,0.7382911,0,244,26],[-0.762339,0.7382911,-0.4278,269],[-0.475848,0.831,-0.3037351,272],[-0.2022569,0.973,-0.3368189,318],[-0.22,0.957,0.2869999,293],[-0.22,0.957,-0.4324698,317],[-0.662,0.761,-0.5742061,268],[-0.537495,0.8507089,-0.4796031,271],[-0.662,0.761,0.615,242],[-0.537495,0.8507089,0.520397,247],[-0.2348002,0.967815,0.3468001,292]],"sa":180,"cx":0,"s":[{"p":[-1.14087E-08,-0.007648329,8.847564E-08],"r":[-1.792925E-05,-2.337707E-12,1.494104E-05],"s":[0.02379844,0.01170404,0.01192555],"c":[1,0.8380952,0.6666666]}]},{"b":69,"t":2,"a":[23],"c":[[-1.03,0.985,-0.114,117]],"cx":0,"s":[{"p":[-0.01141117,0.001512098,-3.778376E-06],"r":[0.4377537,0.3366585,269.3705],"s":[0.001943603,0.006586245,0.008977611],"c":[0.8185827,0.6326861,0.4869258]}]},{"b":69,"t":18,"t1":162,"t2":13,"v":1,"s":[{"p":[-0.01389128,0.001957724,-6.397255E-06],"r":[0.3182724,358.1812,268.6486],"s":[0.001943632,0.005400282,0.008656571],"c":[0.40776,0.3456788,0.4444442],"t1":{"c":[1,0.784127,0.5555556],"x":0.5,"y":0.5,"a":0.8704844,"m":0,"n":0,"r":0,"g":0,"o":0.5,"t":0.5,"e":0.5},"t2":{"c":[0.5460318,0.4444444,0.6666667],"x":0.1783277,"y":0.6057026,"a":0.6382942,"m":0.5,"n":0.5,"r":0,"g":0,"o":0,"t":0.002389669,"e":1}}]}]}