{"v":9,"a":[7,18,31],"p":[{"b":69,"i":[{"t":"5dae0e2759e003122618bd7a","p":[0.000511462,-0.05854893,0.003315561],"r":[90,180,0]}],"s":[{"p":[0.0005114675,0.003315568,0.03161955],"r":[90,180,0],"s":[0.04800508,0.03613764,0.04800493],"c":[1,1,1],"b":["when starts then all parts face nearest j13"]}]},{"b":4,"s":[{"p":[0,0,0],"r":[0,0,0],"s":[0.03693071,0.03692994,0.03692972],"c":[1,1,1]}]}]}