{"n":"wall","v":9,"a":[7],"p":[{"t1":35,"s":[{"p":[0,0,0],"r":[0,0,0],"s":[9.665676,5.085391,0.5491349],"c":[0.4444443,0.4444443,0.4444443],"t1":{"c":[0.3333333,0.3100529,0.2592592],"x":0.5,"y":0.5,"a":0.8925,"m":0,"n":0,"r":0,"g":0,"o":0.5,"t":0.5,"e":0.5}}]}]}