{"n":"nls","v":9,"a":[31,48],"p":[{"b":58,"i":[{"t":"5db2708d4bff4c1c64636b3a","p":[0,0,0],"r":[308.584,216.893,128.7976]}],"s":[{"p":[0,0,0],"r":[-1.707547E-06,-6.830189E-06,1.017778E-13],"s":[0.09120458,0.09120469,0.09120466],"c":[1,1,1]}]},{"b":10,"t1":168,"s":[{"p":[0,0,0],"r":[-2.480833E-13,-5.122642E-06,-5.549529E-06],"s":[0.0215313,0.02153122,0.02153176],"c":[1,1,1],"t1":{"c":[1,1,1],"a":0}}]}]}