{"n":"tar","v":9,"p":[{"b":10,"s":[{"p":[0,0,0],"r":[0,0,0],"s":[0.01001551,0.01001544,0.01001541],"c":[1,0,0]}]}]}