{"v":9,"p":[{"b":205,"i":[{"t":"5dad44647c19c606285c1a97","p":[0.00885327,0.004895878,0.2357442],"r":[357.8925,184.5534,259.7603]}],"s":[{"p":[0,0,0],"r":[0,0,-4.268869E-07],"s":[0.01233331,0.01233333,0.02200676],"c":[1,1,1],"b":["when starts then all parts face nearest nreu"]}]}]}