{"v":9,"p":[{"im":"764975951331760010/5CC15BF3A54DE90EE538F46F3898A124601EA366/","s":[{"p":[0,0,0],"r":[0,0,0],"s":[0.3395499,0.001000043,0.1909968],"c":[1,1,1]}]}]}