{"v":9,"p":[{"b":9,"t":1,"s":[{"p":[0,0,0],"r":[0,0,1.173939E-06],"s":[0.125,0.125,0.125],"c":[1,0,0.3428572]}]},{"b":14,"t":1,"s":[{"p":[-0.2019913,0.1349822,-0.05653742],"r":[328.956,264.4162,66.08784],"s":[0.06,0.05999999,0.05999999],"c":[0.3333332,0.3333332,0.3333332]}]}]}