{"v":9,"a":[1,31],"p":[{"b":3,"a":[31],"i":[{"t":"5db4c9b8f8f6211c5e4d7d56","p":[-0.0211788,-0.01583504,-0.002144607],"r":[59.65241,187.9908,8.045915],"n":"pilot4"},{"t":"5db4c9b2a3f82a1c584d8eb6","p":[0.07037739,0.2326571,-0.02861344],"r":[45.86581,90.57402,179.2955],"n":"pilot3","a":[48]}],"t1":144,"s":[{"p":[0,0,0],"r":[0,0,0],"s":[0.06168462,0.06732713,0.06199288],"c":[0.4444442,0.6666667,0.5714286],"t1":{"c":[0.4444444,0.4444444,0.4444444],"x":0.5,"y":0.5,"a":0.8925,"m":0,"n":0,"r":0,"g":0,"o":0.5,"t":0.5,"e":0.5}}]}]}