{"v":9,"p":[{"b":3,"t1":13,"s":[{"p":[0,0,0],"r":[0,0,1.707547E-06],"s":[0.6815361,0.3154022,0.3887189],"c":[0.4444443,0.4444443,0.4444443],"t1":{"c":[0.1111111,0.1111111,0.1111111],"x":0.17,"y":0.17,"a":0.8925,"m":0.5,"n":0.5,"r":0,"g":0,"o":0.5,"t":0.5,"e":0.5}}]}]}