{"n":"ground","v":9,"a":[1,5,22],"p":[{"b":17,"s":[{"p":[0,0,0],"r":[0,0,0],"s":[3.363346,0.11062,3.201102],"c":[0.9019608,0.8509804,0.7215686]}]},{"a":[5],"s":[{"p":[-2.83573,0.08769074,0.6347365],"r":[-4.07111E-13,67.5,1.001791E-05],"s":[21.36299,0.2361386,26.58139],"c":[0.7777778,0.7777778,0.7777778]}]}]}