{"v":9,"a":[7],"p":[{"b":210,"t":3,"t1":167,"t2":162,"s":[{"p":[0,0,0],"r":[0,0,0],"s":[4.4935,0.1506169,0.1283822],"c":[0.8522046,0.7901235,0.8888889],"t1":{"c":[0,0,0],"a":0.7746929},"t2":{"c":[0.2857142,1,0],"x":0.5,"y":0.5,"a":1,"m":0,"n":0,"r":0,"g":1,"o":0.5,"t":0.5,"e":0.5}}]}]}