{"n":"45acp","v":9,"a":[7,18,49],"p":[{"b":5,"t":11,"s":[{"p":[7.200056E-05,0.01599121,-8.392367E-05],"r":[90,180,0],"s":[0.006324618,0.006330032,0.003650525],"c":[1,0.8253968,0.4444443]}]},{"b":5,"t":11,"s":[{"p":[7.200056E-05,0.01325226,-8.392361E-05],"r":[90,180,0],"s":[0.005843287,0.00584878,0.004720867],"c":[1,0.8253968,0.4444443]}]},{"b":69,"t":11,"s":[{"p":[0,0,0],"r":[-2.981E-14,2.035555E-13,-1.460308E-21],"s":[0.008571763,0.008572886,0.008571253],"c":[0.6666667,0.6666667,0.6666667]}]},{"b":5,"t":11,"s":[{"p":[7.200195E-05,0.004188538,-8.392343E-05],"r":[90,180,0],"s":[0.006325057,0.006330561,0.02327684],"c":[1,0.8253968,0.444444]}]}]}