{"v":9,"a":[22,20],"p":[{"b":12,"t1":147,"s":[{"p":[0,0,0],"r":[0,0,0],"s":[624.5576,374.026,1076.452],"c":[0.4091709,0.4444442,0.3950615],"t1":{"c":[0.7160494,0.7777778,0.691358],"x":0.5,"y":0.5,"a":0.8925,"m":0,"n":0,"r":0,"g":0,"o":0.5,"t":0.5,"e":0.5}}]}]}