{"v":9,"a":[31],"inc":[["dog","5db991703b0ac20624539ef6"]],"p":[{"b":200,"s":[{"p":[0,0,0],"r":[0,0,5.336085E-08],"s":[0.09726788,0.1673867,0.09726794],"c":[1,1,1]}]},{"b":5,"a":[12],"s":[{"p":[0.0137401,-0.1090441,-0.001513775],"r":[271.4961,64.50159,318.4785],"s":[0.124842,0.1141976,0.1621135],"c":[1,1,1],"b":["when touches dog then tell price"]}]},{"b":5,"a":[5],"s":[{"p":[0.01417792,-0.1131592,-0.003529631],"r":[270.9228,62.45026,320.2568],"s":[0.1248421,0.1141977,0.1621136],"c":[1,1,1]}]},{"b":4,"a":[12,37],"s":[{"p":[0.2591042,0.1523057,-0.1188918],"r":[273.484,211.0256,76.44839],"s":[0.01486568,0.01486555,0.01486562],"c":[1,1,1],"b":["when told price then emit dog with 1 "]}]}]}