{"v":9,"p":[{"b":14,"s":[{"p":[0,0,0],"r":[0,0,0],"s":[0.06000019,0.06000008,0.06000016],"c":[1,1,1]}]},{"b":5,"s":[{"p":[0.006331911,-0.00183402,-0.1935004],"r":[357.5727,11.09106,348.514],"s":[0.1000002,0.1000001,0.1000001],"c":[1,1,1]}]},{"b":5,"s":[{"p":[0.01785781,0.01384102,0.2194972],"r":[333.4537,351.897,352.8726],"s":[0.1000001,0.1000001,0.1000001],"c":[1,1,1]}]}]}