{"v":9,"p":[{"b":10,"s":[{"p":[0,0,0],"r":[0,0,0],"s":[0.1250002,0.125,0.1250001],"c":[1,0,0]}]},{"b":2,"s":[{"p":[-0.02846719,0.06219042,0.1539282],"r":[304.663,349.9061,21.54208],"s":[0.1250001,0.1250001,0.125],"c":[1,0,0]}]},{"b":14,"s":[{"p":[0.08697522,-0.01473947,-0.1699255],"r":[348.5513,340.5103,11.52376],"s":[0.05999999,0.05999999,0.05999999],"c":[1,0,0]}]}]}