{"v":9,"p":[{"b":3,"s":[{"p":[0,0,0],"r":[0,0,2.134434E-07],"s":[0.1250002,0.1250001,0.1250001],"c":[1,1,1]}]},{"b":14,"s":[{"p":[0.107161,-0.02470212,-0.2142051],"r":[354.5864,344.3182,3.498252],"s":[0.0600001,0.06000003,0.06000008],"c":[1,1,1]}]},{"b":12,"s":[{"p":[0.1446525,-0.02535734,-0.3814268],"r":[78.24788,215.0864,230.8487],"s":[0.06000015,0.06000002,0.06000014],"c":[1,1,1]}]},{"b":3,"s":[{"p":[0.1848893,-0.0004301369,-0.4718835],"r":[79.84888,348.4356,320.4766],"s":[0.1250001,0.125,0.125],"c":[1,1,1]}]}]}