{"v":9,"a":[2,3,4],"p":[{"b":4,"s":[{"p":[0,0,0],"r":[0,0,0],"s":[0.1249999,0.125,0.125],"c":[1,1,1]}]},{"b":14,"s":[{"p":[0.04161009,0.07474869,-0.2603826],"r":[10.79463,358.1785,338.0454],"s":[0.0600001,0.06000004,0.06000007],"c":[1,1,1]}]},{"b":14,"s":[{"p":[0.7610281,0.530122,-0.1439056],"r":[38.38784,8.367978,5.353878],"s":[0.06000004,0.06000002,0.06000004],"c":[1,0,0]}]},{"b":3,"s":[{"p":[0.7737939,0.3895718,0.03483739],"r":[50.21846,3.796363,5.226609],"s":[0.125,0.125,0.1250001],"c":[1,0,0]}]}]}