{"n":"dirt block","v":9,"a":[7,18,21],"p":[{"b":150,"s":[{"p":[-0.3785677,0.1137933,0.3418694],"r":[1.001792E-05,90.00001,-1.001791E-05],"s":[0.120962,0.07171839,0.1175949],"c":[0.3650792,1,0.111111]}]},{"b":153,"s":[{"p":[-0.3840666,-0.09232914,0.3405858],"r":[270,1.448902E-05,0],"s":[0.1131168,0.1223318,0.07946588],"c":[0.5555556,0.4850087,0.06172827]}]}]}