{"n":"plant1","v":9,"p":[{"b":175,"s":[{"p":[0,0,0],"r":[0,0,5.336085E-08],"s":[0.1032088,0.0520837,0.04499999],"c":[0.2592591,0.7777778,0.3777777]}]}]}