{"v":9,"p":[{"b":73,"pr":19,"s":[{"p":[0,0,0],"r":[0,0,0],"s":[0.03892627,0.03892663,0.03892626],"c":[1,1,1],"pr":{"c":[0.2222221,0,0],"m":1,"a":0.5161544,"s":0.1132201,"z":0,"g":0.3436431,"h":0.7589551}}]}]}