{"v":9,"p":[{"b":2,"s":[{"p":[0,0,0],"r":[0,0,1.707547E-06],"s":[0.1250001,0.125,0.125],"c":[1,0,0]}]},{"b":2,"s":[{"p":[-0.2897314,-0.2965513,0.04726005],"r":[322.6506,12.58384,295.7023],"s":[0.1250001,0.1250001,0.125],"c":[1,0,0]}]},{"b":2,"s":[{"p":[-0.08167946,-0.2621904,-0.08801958],"r":[336.4959,52.1535,344.5498],"s":[0.1250001,0.1250001,0.125],"c":[1,0,0]}]},{"b":2,"s":[{"p":[0.07486809,0.2617957,-0.02436265],"r":[317.2363,346.6506,116.9601],"s":[0.1250001,0.1250001,0.125],"c":[1,0,0]}]}]}