{"v":9,"p":[{"b":10,"s":[{"p":[0,0,0],"r":[0,0,0],"s":[0.125,0.125,0.125],"c":[1,1,1]}]},{"b":14,"s":[{"p":[-0.000742048,0.05145721,-0.2065331],"r":[9.889761,357.4668,354.9408],"s":[0.06000001,0.06000002,0.06000004],"c":[1,1,1]}]}]}