{"v":9,"a":[21],"p":[{"b":175,"c":[[0.822,1.131,-1.579,79,128,5],[-0.095,0.91,-1.936,70,47,6],[1.804,0.616,-0.858,84,42],[1.582,1.209,0.183,98,117,5],[0.632,1.889,-0.122,193,61,16,4],[-0.784,1.6,-1.02,82,70,94,5],[-1.623,1.084,-0.575,57,84,5],[-0.588,1.887,-0.141,205,39,23,11],[-1.62,1.17,0.372,61,173,5],[-1.1,1.178,0.695,63,170,25,5],[-1.152,0.788,1.52,54,57,22,5],[-0.18,1.177,1.663,115,108,4],[1.348,0.881,1.369,94,9,27],[0.311,1.945,0.562,194,83],[-0.198,1.922,-0.601,159,94],[0.025,2.019,-0.017,172,23,73,1,3,3,5],[-1.65,1.2,-0.324,143,61,37,2],[-1.446,1.185,-0.003,202,35,3],[-1.694,1.177,0.002,56,86,96],[-1.275,1.176,0.42,64,139,33,26],[-0.813,1.174,1.045,197,32,3,27],[-0.46,1.18,1.372,196,26,6],[-0.064,1.183,1.651,180,45],[-0.246,1.893,0.332,199,62,3],[-0.087,1.894,0.451,198,62],[0.022,1.9,0.603,178],[-0.39,1.89,0.169,200,65],[-0.546,1.892,-0.013,201,78]],"s":[{"p":[0.06520383,-0.1385296,-0.07674059],"r":[313.6776,166.8832,343.3502],"s":[0.01401267,0.06268598,0.01354959],"c":[1,0.895238,0.6666666]}]},{"b":175,"v":0,"s":[{"p":[0.000653888,0.001947465,0.0008312833],"r":[16.62375,264.7013,165.1222],"s":[0.01208298,0.06075597,0.01161991],"c":[1,0.895238,0.6666666]}]},{"b":175,"v":0,"s":[{"p":[-0.0003938265,0.003871355,0.0005724151],"r":[345.4632,357.5676,4.4034],"s":[0.01208295,0.06075547,0.01161981],"c":[1,0.895238,0.6666666]}]},{"b":45,"t":18,"s":[{"p":[-0.01334037,0.05653848,-0.005017398],"r":[344.3568,41.58373,347.8574],"s":[0.03178636,0.1269453,0.02318049],"c":[1,0.9650794,0.8888889]}]}]}