{"n":"cozelbl","v":9,"p":[{"b":3,"t1":132,"s":[{"p":[0,0,0],"r":[0,0,0],"s":[0.05642666,0.05835025,0.05830504],"c":[0.5555556,0.5555556,0.5555556],"t1":{"c":[0,0,0],"x":0.5,"y":0.5,"a":0,"m":0,"n":0,"r":0,"g":0,"o":0.5,"t":0.5,"e":0.5}}]}]}