{"v":9,"p":[{"b":3,"t1":132,"s":[{"p":[0.0004813669,0.0004429752,0.01997458],"r":[346.5182,349.1958,95.32896],"s":[0.06736402,0.06745458,0.0674018],"c":[0.5555556,0.5555556,0.5555556],"t1":{"c":[0,0,0],"x":0.5,"y":0.5,"a":0,"m":0,"n":0,"r":0,"g":0,"o":0.5,"t":0.5,"e":0.5}}]},{"b":4,"a":[11,12,37,36,42],"s":[{"p":[0,0,0],"r":[1.707547E-06,5.122642E-06,3.201652E-07],"s":[0.2364984,0.0193007,0.006425179],"c":[1,1,1],"b":["when starts then all parts face nearest cozpoil"]}]},{"b":54,"i":[{"t":"5dbf9b9a39effe115f71b13d","p":[-6.044796E-05,-0.1449325,-0.001132116],"r":[75.31461,5.262649,34.61558]}],"t1":132,"s":[{"p":[-0.0005052444,-0.009542413,0.1452778],"r":[24.63485,264.9236,87.65871],"s":[0.04942049,0.2959956,0.04990507],"c":[0.5555556,0.5555556,0.5555556],"t1":{"c":[0,0,0],"x":0.5,"y":0.5,"a":0,"m":0,"n":0,"r":0,"g":0,"o":0.5,"t":0.5,"e":0.5}}]}]}