{"v":9,"a":[49],"p":[{"a":[12,38],"s":[{"p":[-0.4679834,0.4887314,0.02569962],"r":[1.751587E-12,1.001791E-05,-1.001791E-05],"s":[0.1750087,0.8684428,0.3064443],"c":[1,0.1714284,0]}]},{"a":[12,31,38],"i":[{"t":"5dc0b8372f511010e59aed73","p":[-0.3471966,0.6483932,0.0124464],"r":[270,2.003582E-05,0]}],"s":[{"p":[4.309722E-08,-0.09441149,0],"r":[0,0,0],"s":[0.463197,0.4280128,0.4532104],"c":[1,0,0]}]}]}