{"n":"super sea snail","v":9,"a":[22],"p":[{"b":58,"c":[[-0.341,0.104,0.556,18,174],[-0.574,0.107,0.396,13,72,110],[0.012,0.098,0.612,23,175],[0.495,0.093,0.418,27,175],[0.568,0.097,0.385,31,174,25],[-0.374,0.143,0.672,17],[-0.744,0.119,0.737,10],[-0.705,0.151,0.453,12],[-0.87,0.125,0.315,5],[-0.715,0.089,0.227,7,72],[0.008,0.146,0.734,22],[0.73,0.085,0.226,37,194],[0.716,0.12,0.52,30],[0.383,0.145,0.66,26],[-0.666,-0.024,-0.336,88],[-0.746,0.019,-0.055,6,76],[-0.782,0.095,-0.07,4],[-0.677,0.061,-0.426,77,12],[-0.501,0.057,-0.631,72,19,183],[-0.335,0.077,-0.687,67,204],[0.001,0.091,-0.859,62,207],[0.313,0.076,-0.758,57,208],[0.566,0.053,-0.554,51,190,23],[0.729,0.051,-0.298,47,191],[0.791,0.077,-0.063,42,193],[0.824,0.098,0.23,36],[-0.64,-0.074,-1.164,70],[-0.421,-0.062,-1.187,65],[-1.029,-0.114,-0.779,75,116],[-1.13,0.026,-0.44,74],[-1.164,-0.059,-0.054,176],[-1.11,-0.021,0.05,8,170],[-1.059,0.003,-0.262,0,190],[-1.027,0.063,-0.064,3],[-0.494,-0.42,-1.398,68,220],[-0.944,-0.435,-1.257,187,102],[-0.92,-0.419,-1.348,73,116,102],[-1.149,-0.272,-0.703,185],[-1.163,-0.243,-0.931,78,110],[1.173,-0.298,-0.803,146,106],[1.101,-0.223,-1.044,255],[1.367,-0.301,-0.272,137,112],[1.248,-0.029,-0.135,250],[1.293,-0.161,0.398,246],[1.07,0.058,0.408,38,210],[0.956,-0.262,-1.316,260,17],[0.618,-0.727,-1.18,152,127],[0.163,-0.125,-1.345,63,222],[0.777,-0.24,-1.366,280],[0.506,-0.072,-1.277,58,224],[-0.478,-0.64,-1.217,286],[-0.142,-0.718,-1.13,155],[-0.035,-0.833,-1.132,156],[-0.713,-0.456,-1.35,153],[0.043,-0.581,-1.389,284],[-0.313,-0.851,-1.2,157,126],[-0.502,-0.443,-1.129,154,116],[-0.451,-0.765,-1.151,148],[-0.064,-0.058,-1.176,268],[0.116,-0.286,-1.271,160],[-0.832,-0.154,-0.835,158,115],[-0.966,-0.317,-0.846,159],[-0.694,-0.096,-0.956,272]],"s":[{"p":[-0.008963496,0.01821101,-0.02103966],"r":[90,135,0],"s":[0.06205549,0.1250136,0.0555949],"c":[0.4656086,0.2962962,0.6666667]}]},{"b":69,"c":[[0.868,-0.645,-0.737,142],[0.86,0.896,-0.688,111],[-0.44,1.699,-0.041,16],[-0.275,1.792,-0.361,19],[-0.445,1.811,-0.004,13]],"s":[{"p":[-0.04452119,0.02312505,0.01608252],"r":[-6.476046E-06,44.99999,1.467089E-06],"s":[0.06386651,0.03514185,0.06777652],"c":[0.3950615,0.8465608,0.8888889]}]},{"b":3,"c":[[0.566,1.156,0.24,14],[0.209,0.949,-0.489,4],[-0.356,1.153,0.382,17],[-0.168,1.434,0.47,16],[-0.875,0.856,-0.534,12],[-0.755,1.42,0.283,18],[0.511,1.336,0.289,15,30],[-0.926,1.204,0.395,21],[-1.266,0.698,0.605,27],[0.616,1.004,-0.389,13,31],[-1.302,0.296,-0.544,7],[-1.159,-0.387,-0.162,9],[-0.676,-0.61,0.515,22],[-1.176,-0.321,0.397,20],[-0.891,0.982,0.686,51],[0.191,0.403,0.865,49],[0.478,0.987,0.682,46],[-0.648,1.374,0.544,26,24,2,1],[0.484,-0.35,0.723,30],[0.658,0.216,0.624,48],[0.821,-0.433,0.14,34],[0.54,-0.746,0.384,32],[0.565,-0.83,-0.018,33],[-1.019,1.263,0.035,19],[-0.38,0.811,-0.783,5],[-0.209,0.201,0.901,29],[-0.225,-0.308,0.734,24],[-1.122,0.347,0.762,28],[-0.778,0.13,-0.753,2],[-0.055,0.487,-0.881,0],[0.307,0.647,-0.681,3,35],[0.096,-0.108,-0.837,1,38]],"s":[{"p":[-0.07089121,0.004876977,0.01878018],"r":[3.415095E-06,22.5,270],"s":[0.06866265,0.06867729,0.09809784],"c":[0.4656086,0.2962962,0.6666667]}]},{"b":3,"s":[{"p":[0.01077412,0.00655353,-0.01533003],"r":[90,112.5,0],"s":[0.005131587,0.007148498,0.02035184],"c":[0,0,0]}]},{"b":3,"s":[{"p":[-0.01469159,0.007176043,-0.03835544],"r":[90,112.5,0],"s":[0.005132242,0.007149242,0.02035335],"c":[0,0,0]}]},{"b":3,"s":[{"p":[-0.01668437,-0.01194501,0.04759117],"r":[45.00001,225,180],"s":[0.05968672,0.04159399,0.08517372],"c":[0.4656086,0.2962962,0.6666667]}]},{"b":3,"s":[{"p":[-0.0190006,-0.03363895,0.04480122],"r":[22.49999,225,180],"s":[0.05062103,0.04159736,0.0741743],"c":[0.4656086,0.2962962,0.6666667]}]},{"b":3,"s":[{"p":[-0.02640664,-0.06974292,0.03924896],"r":[-1.355978E-05,225,180],"s":[0.03081241,0.02667626,0.04160534],"c":[0.4656086,0.2962962,0.6666667]}]},{"b":3,"s":[{"p":[-0.02645419,-0.09061897,0.03482421],"r":[337.5,202.5,202.5],"s":[0.01313046,0.01475879,0.01904546],"c":[0.4656086,0.2962962,0.6666667]}]},{"b":3,"s":[{"p":[0.010957,-0.02462053,0.02154665],"r":[22.5,247.5,202.5],"s":[0.02787769,0.02047455,0.06760213],"c":[0.4656086,0.2962962,0.6666667]}]},{"b":3,"s":[{"p":[-0.02880294,-0.05214381,0.07916877],"r":[337.5,180,180],"s":[0.02790822,0.02048266,0.05046328],"c":[0.4656086,0.2962962,0.6666667]}]},{"b":3,"s":[{"p":[-0.01407447,-0.03960967,0.08935077],"r":[-2.561321E-06,202.5,202.5],"s":[0.02789726,0.02047976,0.05044328],"c":[0.4656086,0.2962961,0.6666667]}]},{"b":3,"s":[{"p":[-0.08873753,0.08066607,-0.05676012],"r":[45.00002,45,270],"s":[0.01286517,0.01302916,0.03861813],"c":[0.7901235,0.3950616,0.8888889]}]},{"b":3,"s":[{"p":[-0.07638269,0.06863105,-0.0407707],"r":[315,225,202.5],"s":[0.02788316,0.02047691,0.0504164],"c":[0.4656086,0.2962962,0.6666667]}]},{"b":3,"s":[{"p":[0.003213864,-0.04143322,0.1139233],"r":[-5.122642E-06,22.5,270],"s":[0.01287208,0.01303314,0.03863052],"c":[0.7901235,0.3950616,0.8888889]}]},{"b":3,"s":[{"p":[0.04957363,-0.007229809,0.03428309],"r":[337.5,45,270],"s":[0.01287284,0.01303504,0.03862979],"c":[0.7901235,0.3950616,0.8888889]}]},{"b":3,"s":[{"p":[-0.02664951,-0.06377386,0.1138159],"r":[22.5,22.5,270],"s":[0.01287408,0.01303535,0.03863087],"c":[0.7901235,0.3950616,0.8888889]}]},{"b":3,"s":[{"p":[0.01657581,0.04435492,0.04863379],"r":[45,225,157.5],"s":[0.02435736,0.02047807,0.05043069],"c":[0.4656086,0.2962962,0.6666667]}]},{"b":3,"s":[{"p":[0.02806656,0.06026661,0.05795887],"r":[315,45,225],"s":[0.01286312,0.0130277,0.03861576],"c":[0.7901235,0.3950616,0.8888889]}]},{"b":3,"s":[{"p":[-0.1026594,-0.04700505,-0.01353646],"r":[22.49999,225,202.5],"s":[0.02788078,0.02047574,0.05041391],"c":[0.4656086,0.2962961,0.6666667]}]},{"b":3,"s":[{"p":[-0.1210057,-0.05734538,-0.0326732],"r":[337.5,45,270],"s":[0.01286933,0.01303202,0.0386274],"c":[0.7901235,0.3950616,0.8888889]}]}]}