{"v":9,"p":[{"b":102,"t":2,"e":"[UnderConstructionAttribute()]","s":[{"p":[0,0,0],"r":[0,0,0],"s":[0.01805757,0.0180575,0.01805756],"c":[0,1,1]}]}]}