{"n":"fence left","v":9,"a":[7,18],"p":[{"s":[{"p":[0.0064831,-0.08496094,-0.9695306],"r":[271.2509,168.4525,136.0345],"s":[2.098127,0.04713278,0.1001749],"c":[0.7777778,0.5333333,0]}]}]}