{"v":9,"p":[{"b":4,"s":[{"p":[0,0,0],"r":[0,0,0],"s":[0.1250001,0.1250001,0.1250001],"c":[1,1,1]}]},{"b":4,"s":[{"p":[0.1667068,0.2790786,-0.2011957],"r":[7.020679,5.102652,347.3641],"s":[0.1250002,0.1250003,0.001000002],"c":[1,1,1]}]},{"b":139,"e":"NORMAL","s":[{"p":[0.170238,-0.2051507,-0.1067799],"r":[6.011952,183.3222,121.8627],"s":[0.004921376,0.004921373,0.004921377],"c":[0.4444443,0.3809522,0]}]},{"b":139,"e":"SQUSHED ALL THE WAY","s":[{"p":[0.1562928,-0.08720122,-0.2421387],"r":[354.1801,174.4663,125.3465],"s":[0.004625814,0.00462581,0.004625812],"c":[0.4444443,0.3809522,0]}]}]}