{"v":9,"a":[2],"p":[{"b":7,"t":9,"s":[{"p":[0,0,0],"r":[0,0,-8.537737E-07],"s":[0.05866275,0.01059525,0.04756362],"c":[1,0.447619,0.3333332]}]},{"b":5,"t":9,"s":[{"p":[-0.02572759,0.007153755,0.002116539],"r":[277.2029,347.655,336.9306],"s":[0.006074895,0.006074766,0.01918723],"c":[0.3333332,0.3333332,0.3333332]}]},{"b":5,"t":9,"s":[{"p":[-0.00168679,0.00996263,0.002946224],"r":[274.4717,322.7981,346.3991],"s":[0.006074859,0.006074727,0.01918717],"c":[0.3333332,0.3333332,0.3333332]}]}]}