{"n":"ground","v":9,"a":[2,32],"p":[{"b":17,"t1":43,"s":[{"p":[0,0,0],"r":[0,0,0],"s":[32.234,0.11062,56.42273],"c":[0.9019608,0.8509804,0.7215686],"t1":{"c":[0.4444444,0.3047618,0],"x":0.5,"y":0.5,"a":0.8925,"m":0,"n":0,"r":0,"g":0,"o":0.5,"t":0.5,"e":0.5}}]}]}