{"n":"sky box","v":9,"p":[{"t":19,"a":[29,30],"t1":137,"s":[{"p":[0,0,0],"r":[0,0,0],"s":[0.1750003,0.1750003,0.1750003],"c":[0,0.006349154,0.111111],"t1":{"c":[0,0.05714262,1],"x":0.6377735,"y":0.7069092,"a":0.6346875,"m":0,"n":0,"r":0,"g":0,"o":0.5,"t":0.5,"e":0.5}}]},{"s":[{"p":[0.004605092,0.007305667,0.1223234],"r":[272.1732,216.737,325.6354],"s":[0.1750001,0.175,0.1750001],"c":[1,1,1]}]}]}