{"n":"log","v":9,"a":[22],"p":[{"b":5,"t1":13,"s":[{"p":[0,0,0],"r":[0,0,1.494104E-06],"s":[0.1000042,0.1000042,0.8949203],"c":[0.5555556,0.3809522,0],"t1":{"c":[0,0,0],"x":0.17,"y":0.17,"a":0.8925,"m":0.5,"n":0.5,"r":0,"g":0,"o":0.5,"t":0.5,"e":0.5}}]}]}