{"v":9,"p":[{"b":73,"s":[{"p":[0,0,0],"r":[0,0,-1.707547E-06],"s":[4.215778,4.215777,4.215778],"c":[0.4571426,1,0]}]}]}