{"v":9,"a":[2,16],"p":[{"b":3,"t":2,"s":[{"p":[0,0,0],"r":[0,0,0],"s":[0.1250002,0.1250002,0.1250003],"c":[1,0,0]}]}]}