{"v":9,"p":[{"b":17,"t":7,"pr":17,"s":[{"p":[0,0,0],"r":[0,0,0],"s":[0.06000005,0.05999999,0.06000006],"c":[1,0,0],"pr":{"c":[1,0,0],"m":0.25,"a":0.25,"s":0.15,"z":0.25,"g":0.5,"h":0.25}}]}]}