{"v":9,"a":[7,18],"p":[{"b":11,"s":[{"p":[0,0,0],"r":[0,0,0],"s":[13.34833,1.06615,1.305662],"c":[0.6380951,1,0.3333332]}]},{"b":11,"s":[{"p":[5.722046E-06,17.06392,2.622604E-06],"r":[0,0,180],"s":[13.35008,1.066289,1.30585],"c":[0.6380951,1,0.3333331]}]}]}