{"n":"head","v":9,"a":[22,31],"p":[{"b":29,"s":[{"p":[-0.1056739,0.004357837,0.04795884],"r":[-2.561321E-06,225,337.5],"s":[0.06520951,0.06519797,0.06519943],"c":[0,0,0]}]},{"b":10,"s":[{"p":[-0.06550721,-0.08929966,-0.002513424],"r":[0,0,-3.415094E-06],"s":[0.1250154,0.1250196,0.1250238],"c":[0,0,0]}]},{"b":29,"s":[{"p":[0.005942485,-0.0200483,0.05030537],"r":[330,215.2644,12.76439],"s":[0.06522216,0.06519892,0.06520214],"c":[0,0,0]}]},{"b":31,"s":[{"p":[-0.06313843,-0.01299497,-0.00990773],"r":[344.3001,222.7342,353.825],"s":[0.1250156,0.1250108,0.1250069],"c":[0,0,0]}]}]}