{"v":9,"a":[1],"p":[{"b":38,"s":[{"p":[0,0,0],"r":[0,0,-4.268868E-07],"s":[0.043659,0.06574416,0.0618861],"c":[0.6063493,0.5555556,1]}]}]}