{"v":9,"a":[31],"p":[{"b":10,"s":[{"p":[0,0,0],"r":[0,0,0],"s":[0.2607562,0.2607568,0.260757],"c":[0.1851851,0.5555556,0.5555556]}]},{"b":10,"s":[{"p":[0.01382419,0.2127226,0.07041563],"r":[3.06559,322.1726,333.5989],"s":[0.06097031,0.06097032,0.06097027],"c":[1,1,1]}]},{"b":10,"s":[{"p":[0.05818643,0.2362248,-0.04549695],"r":[352.3615,309.9288,5.355199],"s":[0.05879118,0.05879118,0.05879109],"c":[1,1,1]}]}]}