{"v":9,"p":[{"b":14,"s":[{"p":[0,0,0],"r":[0,0,0],"s":[0.05999999,0.06000001,0.06000003],"c":[1,1,1]}]},{"b":14,"s":[{"p":[-0.03508599,0.04639585,-0.2728755],"r":[24.01131,7.874312,344.3412],"s":[0.06000005,0.06000006,0.06000008],"c":[1,1,1]}]}]}