{"n":"belly","v":9,"a":[7],"p":[{"b":3,"c":[[0.409,0.912,0.728,26,24,2,1],[-0.214,0.982,0.751,21],[0.33,-0.909,0.737,31],[-0.188,-1.079,0.816,23],[-0.827,-0.006,0.691,20],[-0.642,-0.763,0.824,22],[-0.645,0.772,0.831,27],[0.093,-0.738,-0.217,1,38],[0.36,-0.836,-0.111,40],[-0.263,-0.809,-0.137,6,5,31,13],[-0.017,-0.012,-0.408,0],[0.35,0.83,-0.086,14],[0.033,0.74,-0.221,4],[-0.307,0.833,-0.096,17],[-0.011,-0.918,0.009,25,16,2,4,7,2],[-0.031,0.925,0.015,16],[-0.374,0.197,-0.455,5],[-0.405,-0.235,-0.436,2],[0.718,0.023,0.783,48],[0.674,-0.441,0.747,32],[0.709,0.545,0.746,46],[1.036,-0.281,0.186,34],[1.017,0.242,0.168,37],[0.651,0.293,0.946,49],[0.656,-0.325,0.946,30],[0.468,-0.031,-0.408,3,35],[0.688,0.5,-0.364,13,31],[0.688,-0.5,-0.358,35],[0.894,0,-0.354,36],[-0.783,0.007,-0.445,7],[-0.675,-0.501,-0.408,8],[-0.714,0.527,-0.423,12]],"sa":180,"cx":0,"s":[{"p":[0,0,0],"r":[0,0,0],"s":[0.161502,0.1798229,0.3576764],"c":[0.9777778,1,0.2222221]}]},{"b":147,"c":[[-0.342,0.175,-1.4,94],[0.342,0.175,-1.4,87],[0.342,0.524,-1.255,88],[-0.342,0.524,-1.255,93],[0.342,0.825,-1.025,89],[-0.342,0.825,-1.025,92],[0.342,1.055,-0.725,90],[-0.342,1.055,-0.725,91],[0.342,1.2,-0.375,24],[-0.342,1.2,-0.375,26],[0.342,1.249,0,25],[-0.342,1.249,0,27],[0.342,1.2,0.376,69],[-0.342,1.2,0.376,68],[-0.342,1.055,0.725,67],[0.342,1.055,0.725,70],[-0.342,0.825,1.026,66],[0.342,0.825,1.026,71],[0.342,0.524,1.256,72],[-0.342,0.524,1.256,65],[0.342,0.175,1.401,73],[-0.342,0.175,1.401,64],[-0.564,0.093,-1.095,38],[-0.564,0.366,-0.982,36],[-0.564,0.601,-0.802,34],[-0.564,0.781,-0.567,32],[-0.564,0.895,-0.293,29],[-0.564,0.933,0,28],[-0.564,0.895,0.294,30],[-0.564,0.781,0.567,31],[-0.564,0.601,0.802,33],[-0.564,0.366,0.982,35],[-0.564,0.093,1.096,37]],"s":[{"p":[-0.0387404,-0.002263084,0.1486495],"r":[90,90,0],"s":[0.06459261,0.0805822,0.1296932],"c":[0.2222221,0.1248676,0.07407398]}]},{"b":147,"v":1,"s":[{"p":[-0.03691,-0.003159553,0.3420043],"r":[90,90,0],"s":[0.06451659,0.08047254,0.13112],"c":[0.2222221,0.1248676,0.07407398]}]}]}