{"v":9,"a":[7,18,42],"p":[{"b":150,"t1":13,"s":[{"p":[0,0,0],"r":[0,0,0],"s":[0.4228211,0.001,0.329164],"c":[0,1,1],"t1":{"c":[0.5555556,1,1],"x":0.17,"y":0.17,"a":0.8925,"m":0.5,"n":0.5,"r":0,"g":0,"o":0.5,"t":0.5,"e":0.5}}]}]}