{"v":9,"p":[{"b":73,"t":21,"a":[29],"t1":76,"t2":76,"s":[{"p":[0,0,0],"r":[0,0,2.668043E-07],"s":[0.2250012,0.2250006,0.2250009],"c":[0.08641959,0.3629624,0.7777778],"b":["when starts then become unsoftened 2 in 8s"],"t1":{"c":[1,1,1],"x":0.5,"y":0.5,"a":0.7133844,"m":0,"n":0,"r":0,"g":0.134746,"o":0.5,"t":0.5,"e":0.5},"t2":{"c":[1,1,1],"x":0.5,"y":0.5,"a":0.8925,"m":1,"n":0.05314863,"r":0,"g":0.06344104,"o":0.5,"t":0.5,"e":0.5}},{"p":[0,0,0],"r":[0,0,2.668043E-07],"s":[0.2250012,0.2250006,0.2250009],"c":[0.08641968,0.3629625,0.7777778],"b":["when starts then become untweened 1"],"t1":{"c":[1,1,1],"x":0.5,"y":0.5,"a":0.7133844,"m":1,"n":0,"r":0,"g":0.134746,"o":0.5,"t":0.5,"e":0.5},"t2":{"c":[1,1,1],"x":0.5,"y":0.5,"a":1,"m":0,"n":0.05308521,"r":0,"g":0.04276121,"o":0.5,"t":0.5,"e":0.5}}]}]}