{"v":9,"p":[{"b":205,"t":4,"s":[{"p":[0,0,0],"r":[0,0,0],"s":[0.1270298,0.239837,0.0450002],"c":[0.691358,0.7777778,0.7703704]}]}]}