{"v":9,"p":[{"s":[{"p":[-2.483591,1.161961,14.64746],"r":[348.375,353.25,0],"s":[0.175,0.175,0.175],"c":[1,1,1]}]}]}