{"v":9,"p":[{"b":16,"t":19,"pr":2,"t1":168,"s":[{"p":[0,0,0],"r":[0,0,0],"s":[0.1596443,0.03998619,0.1596444],"c":[0,0,0],"t1":{"c":[0.6285716,0,1],"a":0.05},"pr":{"c":[1,1,1],"m":0.7326322,"a":0.25,"s":0,"z":0.1538036,"g":0.5,"h":0.25}}]},{"b":4,"t":19,"pr":2,"t1":168,"c":[[0.209,-0.624,0.744,2]],"s":[{"p":[0.04485479,0.2349682,-0.01314904],"r":[280.9391,133.4908,193.1268],"s":[0.1250002,0.1250005,0.2148811],"c":[0,0,0],"t1":{"c":[0.6285716,0,1],"a":0.05},"pr":{"c":[1,1,1],"m":0.7326322,"a":0.25,"s":0,"z":0.1538036,"g":0.5,"h":0.25}}]}]}