{"v":9,"a":[7,49],"p":[{"b":152,"t":10,"s":[{"p":[0,0,0],"r":[0,0,0],"s":[1.784503,0.2990332,0.9115693],"c":[0.222222,0.222222,0.222222]}]},{"b":152,"t":10,"s":[{"p":[-0.9834139,0.06059382,-4.882699],"r":[0,0,-1.001791E-05],"s":[1.785034,0.2990454,0.9118602],"c":[0.222222,0.222222,0.222222]}]}]}