{"v":9,"p":[{"s":[{"p":[-0.3402502,0.2833252,0.0156039],"r":[46.16308,255.8261,261.546],"s":[0.1750008,0.1750008,0.1750008],"c":[1,1,1],"b":["when starts then become next in 1s"]},{"p":[0,0,0],"r":[0,0,0],"s":[0.1750002,0.1750004,0.1750005],"c":[1,1,1],"b":["when starts then become next in 1s"]}]}]}