{"v":9,"a":[7,12],"p":[{"b":3,"t":19,"s":[{"p":[0,0,0],"r":[-1.366038E-05,-6.830191E-06,8.537738E-06],"s":[0.1128708,0.1128725,0.1128715],"c":[0,0,0]}]},{"b":4,"t":19,"s":[{"p":[0,5.960464E-08,-0.558838],"r":[0,180,180],"s":[0.09899183,0.09899752,0.519422],"c":[0,0,0],"b":["when starts then all parts face up"],"pr":{"c":[0,0,0],"m":0.25,"a":0.25,"s":0.15,"z":0.25,"g":0.5,"h":0.25}}]}]}