{"v":9,"a":[5,48],"p":[{"t":7,"s":[{"p":[0,0,0],"r":[0,0,0],"s":[1.614071,0.3857227,2.307217],"c":[1,1,1]}]}]}