{"v":9,"a":[22],"p":[{"b":60,"t":7,"s":[{"p":[-0.01088642,-0.01513869,0.004049637],"r":[0,0,1.707547E-06],"s":[0.2374726,0.04600369,0.2374762],"c":[0.3333331,0,0.1142856],"b":["when touches hand then tell any respawn1","when touches hand then send one nearby onto spawnplat","when touches hand then tell any reheal","when touches hand then play success with low-pitch surround"]}]},{"b":123,"a":[19],"e":"Respawn","s":[{"p":[-0.01016428,0.02099717,0.06211888],"r":[90,9.659346E-06,0],"s":[0.005523311,0.00552329,0.005523403],"c":[1,1,1]}]},{"b":123,"a":[19],"e":"(if allowed)","s":[{"p":[-0.007952458,0.01920946,-0.003601374],"r":[90,2.414837E-06,0],"s":[0.00429147,0.004291455,0.004291601],"c":[1,1,1]}]}]}