{"v":9,"p":[{"s":[{"p":[-0.7358562,0.2987176,-0.4218577],"r":[0.4548339,253.7118,36.32087],"s":[0.1750012,0.1750005,0.1750012],"c":[1,1,1]}]},{"s":[{"p":[-0.7711374,0.4288392,-0.2427672],"r":[26.67223,244.8263,74.09775],"s":[0.1750013,0.1750008,0.1750014],"c":[1,1,1]}]},{"s":[{"p":[-0.6555692,0.1764876,-0.5839341],"r":[359.1883,305.9009,274.5733],"s":[0.1750008,0.1750003,0.1750011],"c":[1,1,1]}]},{"s":[{"p":[-0.5886958,0.03400776,-0.752947],"r":[1.812398,256.098,40.17654],"s":[0.1750009,0.1750002,0.1750008],"c":[1,1,1]}]}]}