{"v":9,"a":[2,7,14,18,49],"p":[{"b":200,"t":21,"s":[{"p":[0,0,0],"r":[0,0,0],"s":[0.001,0.001,0.001],"c":[0,0,0],"b":["when starts then become unsoftened next in 0.2s"]},{"p":[0,0,0],"r":[0,0,0],"s":[0.08507695,0.001000084,0.08507702],"c":[0,1,0.5714287],"b":["when starts then become unsoftened next in 0.5s"]},{"p":[0,0.1780138,2.980232E-08],"r":[0,0,1.024528E-05],"s":[0.001000005,0.001,0.00100001],"c":[0,0,0],"b":["when starts then destroy all parts"]}]}]}