{"v":9,"a":[1,22,13,18],"p":[{"t":11,"a":[32],"s":[{"p":[1.12398,1.639371E-06,2.384186E-07],"r":[0,0,-2.732076E-05],"s":[0.05498224,0.2797371,2.255214],"c":[0.6666667,0.6666667,0.6666667]}]},{"t":11,"a":[32],"s":[{"p":[1.129031,-2.69182E-07,0],"r":[0,0,-2.049057E-05],"s":[0.1071119,0.05006238,2.255677],"c":[0.6666667,0.6666667,0.6666667]}]},{"t":11,"s":[{"p":[7.510168E-05,-0.0006198883,1.115908],"r":[8.964156E-08,270,8.964157E-08],"s":[0.05501825,0.2798988,2.302198],"c":[0.6666667,0.6666667,0.6666667]}]}]}