{"v":9,"a":[1,31],"p":[{"b":5,"t":1,"t1":58,"c":[[0.351,-0.4,-0.4,1,42,-38,39,-35,36,7,-41,42],[0,-1.3,-0.4,13,19,8,9,5],[-0.34,-0.4,-0.4,30,20,-22,14,9,-25,15,-17,15],[-1.3,-0.3,-0.4,22,16],[-0.5,0.2,-0.4,20,17],[-0.8,1.1,-0.4,18,17],[0,0.6,-0.4,16,20],[0.8,1.1,-0.4,14,32],[0.5,0.2,-0.4,6,41],[1.3,-0.4,-0.4,2,46],[0.259,-0.4,0.4,0,72,-68,67,-63,62],[0,-1.3,0.4,10,47,-45,21,23,-25,27],[-0.34,-0.4,0.4,29,30,-32,33,-35,36],[-1.3,-0.3,0.4,23,40,14],[-0.5,0.2,0.4,21,43],[-0.8,1.1,0.4,19,46],[0,0.6,0.4,17,49],[0.8,1.1,0.4,15,52],[0.5,0.2,0.4,7,61],[1.3,-0.4,0.4,3,66,5]],"s":[{"p":[0,0,0],"r":[0,0,0],"s":[0.02782959,0.02785851,0.001000001],"c":[1,0.8571429,0],"t1":{"c":[0.4444444,0.430335,0.345679],"x":0.5,"y":0.5,"a":0.8925,"m":0,"n":0,"r":0,"g":0,"o":0.5,"t":0.5,"e":0.5}}]}]}