{"n":"bullet1","v":9,"a":[2,15,31,38,48],"p":[{"b":3,"a":[14],"s":[{"p":[0,0,0],"r":[0,0,0],"s":[0.01281559,0.01281551,0.0128156],"c":[1,1,1],"b":["when touched then destroy all parts"]}]}]}