{"v":9,"a":[24],"bod":{"h": {"p":[0.0127576,-0.03440247,0.07167368],"r":[335.8496,221.1767,288.744]},"ht": {"i":"5dd9e0581181e70632f6f296","p":[0.01021408,-0.06960347,0.06514271],"r":[286.971,165.0489,227.617]},"lt": {"i":"5dd9e2e144b07b0626aedd53","p":[0.01574873,0.1099854,0.02540704],"r":[278.5668,163.7832,186.6394]}},"p":[{"b":3,"t":7,"t1":167,"s":[{"p":[0,0,0],"r":[0,0,-1.707547E-06],"s":[0.2818836,0.2818825,0.2818846],"c":[1,1,1],"t1":{"c":[0.2469135,0.5291005,0.5555556],"a":0.75}}]},{"b":123,"e":"REPLACE THIS","s":[{"p":[-0.1088388,0.1596928,-0.2426823],"r":[48.32507,359.1378,57.39342],"s":[0.005446986,0.005446975,0.005446972],"c":[0,0,0]}]}]}