{"v":9,"a":[7,18],"p":[{"b":205,"a":[8],"s":[{"p":[0,0,0],"r":[0,0,0],"s":[0.04500814,0.04500178,0.04500792],"c":[1,1,1]}]}]}