{"v":9,"a":[22],"p":[{"b":60,"s":[{"p":[0,0,0],"r":[0,0,0],"s":[0.9226016,0.4747767,0.02514596],"c":[1,1,1]}]}]}