{"v":9,"a":[24],"bod":{"h": {"p":[0.01744643,-0.01651165,0.122581],"r":[334.0859,225.4721,287.4582]},"ht": {"i":"5dd9e9641ea0d10d13f98daf","p":[0.02768644,-0.0550933,0.09905666],"r":[281.9796,145.0818,176.7142]},"lt": {"i":"5dd9eab8f1ecd70d199923d8","p":[-0.02158259,0.162262,0.04749236],"r":[281.4795,356.7462,5.108699]}},"p":[{"b":3,"t":7,"t1":167,"s":[{"p":[0,0,0],"r":[0,0,-1.707547E-06],"s":[0.2818836,0.2818825,0.2818846],"c":[1,1,1],"t1":{"c":[0.2469135,0.5291005,0.5555556],"a":0.75}}]},{"b":123,"e":"REPLACE THIS","s":[{"p":[-0.1088388,0.1596928,-0.2426823],"r":[48.32507,359.1378,57.39342],"s":[0.005446986,0.005446975,0.005446972],"c":[0,0,0]}]}]}