{"v":9,"a":[22,18,31],"p":[{"b":5,"t":11,"s":[{"p":[-0.0006188248,1.33515E-05,-0.05338454],"r":[0,1.001792E-05,315],"s":[0.002054483,0.002054535,0.08070283],"c":[0.4444443,0.495238,0.6666667]}]},{"b":4,"a":[12,37,36,42],"i":[{"t":"5dda49411d8c360d572ec03c","p":[-0.0001325607,-0.0009694126,-0.01527762],"r":[-1.001791E-05,1.628444E-12,270]}],"s":[{"p":[-0.001826522,0.0001878766,0.01481128],"r":[-1.001792E-05,5.699553E-12,270],"s":[0.01046373,0.0104621,0.01045656],"c":[1,1,1],"b":["when told fire then become untweened next"]},{"p":[-0.001826522,0.0001878766,0.01481128],"r":[-1.001792E-05,5.292443E-12,90.00001],"s":[0.01046459,0.01046299,0.01045697],"c":[1,1,1],"b":["when told fire then become untweened next"]}]},{"b":65,"t":11,"s":[{"p":[-0.008079172,-0.006245621,-0.0342207],"r":[0,90,270],"s":[0.006062537,0.007499713,0.02313053],"c":[0.3703699,0.412698,0.5555556]}]}]}