{"v":9,"a":[22,21],"p":[{"b":123,"a":[19],"e":"Back to\nhub","s":[{"p":[0.001859782,0.04201098,0.1022982],"r":[90,-1.448902E-05,0],"s":[0.01012115,0.01012115,0.01012124],"c":[1,1,1]}]},{"b":60,"t":7,"s":[{"p":[0.001590967,-0.01655954,0.008333242],"r":[0,0,0],"s":[0.4351768,0.08430246,0.435178],"c":[0,0,0],"b":["when touches hand then play error 3","when touches hand then send all onto hubspawn"]}]}]}