{"v":9,"a":[24],"bod":{"h": {"p":[0.006049976,-0.04027016,0.2059878],"r":[335.4076,226.5435,290.2292]},"ht": {"i":"5ddb02f6d6b1094af2b871ef","p":[0.00535682,-0.1151149,0.006027833],"r":[293.6622,186.9016,215.7432]},"ut": {"i":"5ddb02c3556eec4af3d6adc2","p":[0.01052709,-0.09859008,-0.0004852563],"r":[280.5528,175.7275,181.9598]}},"p":[{"b":3,"t":7,"t1":167,"s":[{"p":[0,0,0],"r":[0,0,-1.707547E-06],"s":[0.2818836,0.2818825,0.2818846],"c":[1,1,1],"t1":{"c":[0.2469135,0.5291005,0.5555556],"a":0.75}}]},{"b":123,"e":"REPLACE THIS","s":[{"p":[-0.1088388,0.1596928,-0.2426823],"r":[48.32507,359.1378,57.39342],"s":[0.005446986,0.005446975,0.005446972],"c":[0,0,0]}]}]}