{"n":"heal2","v":9,"a":[6,31],"tp_lp": [1,1,1],"tp_lp": [1,1,1],"tp_lr": [1,1,1],"p":[{"b":3,"t":21,"s":[{"p":[0,0,0],"r":[0,0,-8.537737E-07],"s":[0.03054291,0.03054277,0.03054299],"c":[0.2222221,0,0.07619045],"b":["when starts then become next in 0.2s"]},{"p":[0,0,0],"r":[0,0,-8.537737E-07],"s":[0.4168752,0.4168751,0.4168753],"c":[0.222222,0,0.07619039],"b":["when starts then destroy all parts"]}]}]}