{"v":9,"a":[21],"p":[{"b":12,"sa":117,"s":[{"p":[-0.01605819,0.004395123,-0.001612931],"r":[359.9434,0.2062141,1.060374],"s":[0.05779911,0.02042412,0.08515794],"c":[1,1,1]}]},{"b":3,"t":3,"a":[12],"s":[{"p":[-0.495831,-0.305538,0.04431179],"r":[278.3579,189.6252,352.7985],"s":[0.006857925,0.03565338,0.01366266],"c":[0.6666666,0.9714285,1]}]},{"b":123,"a":[19],"e":"Look at the handle\nfor the number of stars\nrequired to open the door,","s":[{"p":[-0.1269336,-0.01780534,0.003578363],"r":[272.3367,160.3337,288.8735],"s":[0.002592285,0.002592219,0.002592283],"c":[0,0,0]}]},{"b":123,"a":[19],"e":"Choose the key that works\nand press the DELETE button\nwhile aiming the key at the lock\nfrom a small distance.","s":[{"p":[-0.03734355,-0.01964844,0.009769348],"r":[272.3298,151.6311,297.865],"s":[0.002466784,0.002466718,0.002466787],"c":[0,0,0]}]}]}