{"n":"table","v":9,"a":[22,18],"p":[{"s":[{"p":[0,0,0],"r":[0,0,0],"s":[2.883609,0.7873272,0.04009767],"c":[1,1,1]}]}]}