{"n":"guardspawn","v":9,"a":[22],"p":[{"a":[12],"s":[{"p":[0,0,0],"r":[0,0,0],"s":[0.175023,0.175028,0.0253931],"c":[1,1,1]}]}]}