{"v":9,"p":[{"b":2,"t":3,"s":[{"p":[0,0,0],"r":[0,0,0],"s":[0.2607493,0.2557327,0.1250004],"c":[0.2419752,0.1728394,0.7777778]}]}]}