{"v":9,"a":[22],"p":[{"t":7,"s":[{"p":[0,0,0],"r":[0,0,0],"s":[4.553962,0.1794856,0.0400334],"c":[0.3950613,0.4148144,0.4444439]}]}]}