{"v":9,"a":[22,20,31,34,50],"tp_lp": [1,0,1],"tp_lp": [1,0,1],"tp_lr": [1,1,1],"p":[{"b":5,"t":1,"s":[{"p":[0,0,0],"r":[0,0,0],"s":[0.02396979,0.02396984,1.447372],"c":[0.7777778,0.7777778,0.7777778]}]},{"b":147,"t":1,"s":[{"p":[-0.003868365,-0.01212306,-0.560114],"r":[45.00002,89.99999,180],"s":[0.1488099,0.1488017,0.1488128],"c":[0.5555556,0.5555556,0.5555556]}]},{"b":147,"t":1,"s":[{"p":[-0.006798614,-0.01416784,0.6032087],"r":[22.50001,90,180],"s":[0.1439336,0.1439027,0.1439294],"c":[0.5555556,0.5555556,0.5555556]}]}]}