{"v":9,"a":[31],"p":[{"s":[{"p":[0,0,0],"r":[0,0,0],"s":[0.06303801,0.0630379,0.06303786],"c":[1,1,1]}]},{"b":14,"s":[{"p":[-0.0002166193,0.001283508,-0.03287239],"r":[2.095121,0.6441131,358.9017],"s":[0.03033693,0.0303369,0.0303369],"c":[0.1142855,1,0],"b":["when starts then project with 50.5 max"]}]}]}