{"v":9,"a":[24],"bod":{"h": {"p":[0.008061558,-0.01889929,0.1878903],"r":[330.3528,221.3714,285.1709]},"ht": {"i":"5de0da259cf51a4aec96f2cb","p":[0.03571852,-0.06573303,0.05610046],"r":[276.5311,115.6954,21.92671]},"lt": {"i":"5de0da86a7a87e4ae60f2fc1","p":[-0.001943442,0.1468048,-0.004608877],"r":[283.125,350.3496,5.984201]}},"p":[{"b":3,"t":7,"t1":167,"s":[{"p":[0,0,0],"r":[0,0,-1.707547E-06],"s":[0.2818836,0.2818825,0.2818846],"c":[1,1,1],"t1":{"c":[0.2469135,0.5291005,0.5555556],"a":0.75}}]},{"b":123,"e":"REPLACE THIS","s":[{"p":[-0.1088388,0.1596928,-0.2426823],"r":[48.32507,359.1378,57.39342],"s":[0.005446986,0.005446975,0.005446972],"c":[0,0,0]}]}]}