{"v":9,"a":[22,21],"p":[{"b":123,"a":[19],"e":"Back to\nOffice","s":[{"p":[0.003380196,0.04156121,0.1323082],"r":[90,-9.659346E-06,0],"s":[0.01074832,0.01074821,0.0107484],"c":[1,1,1]}]},{"b":60,"t":7,"s":[{"p":[0.001692535,-0.01758101,0.008847186],"r":[0,0,0],"s":[0.4621405,0.08952543,0.2528184],"c":[0.3333332,0.03703704,0.1386243],"b":["when touches hand then play success 2","when touches hand then send one nearby onto guardspawn","when touches hand then tell any camson"]},{"p":[0.001692535,-0.01758101,0.008847186],"r":[0,0,0],"s":[0.4621405,0.08952543,0.2528184],"c":[0.3333331,0.03703704,0.1386242],"b":["when starts then tell any camon","when starts then tell any cam1"]}]}]}