{"v":9,"a":[24],"bod":{"h": {"p":[0.00844842,-0.04348485,0.1567668],"r":[340.0091,225.3916,294.9663]},"ht": {"i":"5de09ede1d8c360d572ec116","p":[0.01142974,-0.1194857,0.06243424],"r":[294.1792,184.8001,218.6524]},"lt": {"i":"5de09ebb5b1a1432e955b06e","p":[0.01472564,0.1053925,0.005228348],"r":[275.0028,188.2361,170.061]}},"p":[{"b":3,"t":7,"t1":167,"s":[{"p":[0,0,0],"r":[0,0,-1.707547E-06],"s":[0.2818836,0.2818825,0.2818846],"c":[1,1,1],"t1":{"c":[0.2469135,0.5291005,0.5555556],"a":0.75}}]},{"b":123,"e":"REPLACE THIS","s":[{"p":[-0.1088388,0.1596928,-0.2426823],"r":[48.32507,359.1378,57.39342],"s":[0.005446986,0.005446975,0.005446972],"c":[0,0,0]}]}]}