{"n":"embers","v":9,"a":[7],"p":[{"b":12,"t":3,"s":[{"p":[0,0,0],"r":[0,0,0],"s":[0.06001097,0.1690162,0.06003131],"c":[0.5555556,0.285714,0],"b":["when starts then become next in 7s"]},{"p":[0,0,0],"r":[0,0,0],"s":[0.06001097,0.1690162,0.06003131],"c":[0.7777778,0.3999997,0],"b":["when starts then become next in 7s"]}]}]}