{"n":"letter line xl","v":9,"a":[22,18],"p":[{"s":[{"p":[0,0,0],"r":[0,0,-1.526666E-13],"s":[0.4221006,3.111348,0.3355584],"c":[1,1,1]}]}]}