{"n":"3d e","v":9,"a":[22,12,18],"p":[{"s":[{"p":[0,0,0],"r":[0,0,-1.526666E-13],"s":[0.4221006,3.111348,0.3355584],"c":[1,1,1]}]},{"s":[{"p":[0.001163593,-0.01390087,0.6370621],"r":[89.98022,5.008957E-06,0],"s":[0.4220943,0.9415411,0.3355599],"c":[1,1,1]}]},{"s":[{"p":[-0.0004119389,-1.389288,0.9716527],"r":[90,5.008957E-06,0],"s":[0.4220296,1.609381,0.3355376],"c":[1,1,1]}]},{"s":[{"p":[-0.0004116961,1.387967,0.9716532],"r":[90,5.008957E-06,0],"s":[0.4220296,1.609381,0.3355376],"c":[1,1,1]}]}]}