{"n":"letter line","v":9,"a":[7,18],"p":[{"s":[{"p":[0,0,0],"r":[0,0,0],"s":[0.4220293,0.9414213,0.3355375],"c":[1,1,1]}]}]}