{"n":"ground","v":9,"a":[1],"p":[{"b":17,"c":[[0.547,2.56,1.089,165,7,66,5],[0.854,16.991,1.191,525,7,66,5],[-0.212,27.341,-1.093,424,4,65,6],[-0.18,4.813,-0.953,496,4,65,6]],"s":[{"p":[0,0,0],"r":[0,0,0],"s":[3.363346,0.11062,3.201102],"c":[0.9019608,0.8509804,0.7215686]}]}]}