{"v":9,"a":[7],"p":[{"b":76,"t":9,"s":[{"p":[0,0,0],"r":[0,0,0],"s":[0.0750033,0.07500015,0.0750031],"c":[1,0,0]}]}]}