{"v":9,"p":[{"im":"768355311308880597/3DD10DFD4F26EA0CCAEED5D765E7A5EAAFE8B137/","s":[{"p":[0,0,0],"r":[0,0,1.067217E-07],"s":[0.3837071,0.02230068,0.3837071],"c":[1,1,1]}]}]}