{"n":"conrete","v":9,"a":[7],"p":[{"t":10,"t1":34,"t2":66,"s":[{"p":[0,0,0],"r":[0,0,0],"s":[6.815437,10.24083,0.1750213],"c":[0.7777778,0.7777778,0.7777778],"t1":{"c":[0.6666667,0.6666667,0.6666667],"x":0.2018694,"y":0.05303299,"a":0,"m":0,"n":0,"r":0,"g":0,"o":0.5,"t":0.5,"e":0.5},"t2":{"c":[0.3333333,0.3333333,0.3333333],"x":0.5,"y":0.5,"a":1,"m":0,"n":0,"r":0,"g":0,"o":0.5,"t":0.5,"e":0.5}}]}]}