{"v":9,"p":[{"im":"797631097904662598/45DD17C56671B5A8CF388EEF92B69E8AB4601F58/","s":[{"p":[0,0,0],"r":[0,0,0],"s":[1.11829,0.001000002,1.265826],"c":[1,1,1]}]}]}