{"v":9,"a":[7,18,21],"p":[{"a":[32,33],"s":[{"p":[-0.1439137,0,-0.1354118],"r":[270,0,0],"s":[0.02730921,0.02731609,0.02731006],"c":[1,1,1]}]}]}