{"v":9,"p":[{"b":7,"c":[[-2,-1.756,-1.894,11,3,6],[-2.072,-1.681,-5.048,10,5,2]],"s":[{"p":[-0.03058109,0.365958,-0.009943336],"r":[358.9079,237.5391,18.40488],"s":[0.1250003,0.1250003,0.1250003],"c":[1,0.4444443,0.6349207]}]},{"b":7,"c":[[1.17,1.039,0.44,0,5,14],[0.234,0.686,-0.828,1,3,18],[2.769,-1.215,-1.099,3,9,4]],"sa":175,"s":[{"p":[-0.03162088,-0.5666451,-0.4823494],"r":[295.7605,267.625,77.29356],"s":[0.1250008,0.1250016,0.1250013],"c":[1,1,1]}]},{"b":15,"t":1,"c":[[1.9,0,0.2,1,30,11],[1.3,-1.5,-0.4,18,12,15],[1.4,0,0.4,0,43],[1,-1,0.4,19,25,-21,15,8],[0,-1.8,-0.4,21,7,34],[0,-1.4,0.3,20,43],[-1.4,-1.6,-0.4,14,15,32],[-1,-1,0.4,15,45,-43,22,25],[-2,0,0,12,45],[-0.1,2.1,-1.2,8,18,29],[0.5,2.1,-0.9,7,20,23],[-1,1.8,-0.2,9,45],[0,1.3,0.5,10,26,17,-47,45],[1.3,1.9,0,3,45],[1.9,1,-0.4,2,30,17]],"s":[{"p":[-2.109921,-3.326459,-2.802243],"r":[350.3836,36.78291,125.5353],"s":[0.7503489,0.6474009,0.136353],"c":[0,0.05714224,1]}]}]}