{"v":9,"a":[2,14,15,31,38,52],"p":[{"b":3,"t":2,"t1":13,"s":[{"p":[0,0,0],"r":[0,0,0],"s":[0.00922644,0.009226433,0.009226447],"c":[0.6666666,1,0.9714286],"b":["when starts then trail start with thick-end 0.2s"],"t1":{"c":[0,0.7428569,1],"x":0.17,"y":0.17,"a":0.8925,"m":0.5,"n":0.5,"r":0,"g":0,"o":0.5,"t":0.00118041,"e":0.5}}]}]}