{"v":9,"a":[7,18,49],"p":[{"c":[[-0.5,9.2,-2.4,5,6,7],[-0.5,9.2,-1.4,3,6,8],[0.5,9.2,-1.4,2,6,14],[0.5,9.2,-2.4,4,6,11]],"s":[{"p":[0,0,0],"r":[0,0,0],"s":[0.09585279,0.1750373,0.6881932],"c":[1,0.9682539,0.7777778]}]}]}