{"v":9,"a":[7,18],"p":[{"t":12,"s":[{"p":[0,0,0],"r":[0,0,0],"s":[1.110137,1.118706,2.893753],"c":[1,0.8571429,0]}]}]}