{"v":9,"a":[7,18],"p":[{"s":[{"p":[0,0,0],"r":[0,0,0],"s":[62.1163,0.1750005,85.16933],"c":[1,1,1]}]}]}