{"v":9,"a":[7,18,49],"p":[{"s":[{"p":[0,0,0],"r":[0,0,0],"s":[1.201859,0.3714413,1.152776],"c":[0.6666667,0.573545,0.3703701]}]}]}