{"n":"tan wall","v":9,"a":[7,18,49],"p":[{"t":17,"s":[{"p":[0,0,0],"r":[0,0,0],"s":[0.04271406,11.01012,0.680034],"c":[0.6246914,0.7777778,0.6049383]}]}]}