{"n":"ground","v":9,"a":[1,7,18],"p":[{"b":17,"s":[{"p":[0.005497216,0.0001619223,-0.003947871],"r":[6.939914,35.85119,1.379138],"s":[2.161114,0.03061624,2.043812],"c":[0.6666666,1,1]}]}]}