{"n":"chosen visor","v":9,"a":[7,12,18,21,49],"p":[{"b":215,"t":20,"a":[12,36],"c":[[0.1,-0.5,-0.3,8,35],[-0.1,-0.5,-0.3,11,30],[0.5,-0.5,-0.3,4,43,3],[-0.5,-0.5,-0.3,17,17,4],[0.5,-0.5,0.2,1,18,34],[-0.5,-0.5,0.2,15,13,3],[-0.3,-0.5,0.4,12,14],[0.3,-0.5,0.4,2,16],[-0.1,0.5,-0.3,40,25],[0.1,0.5,-0.3,42,20],[-0.5,0.5,-0.3,35,4,32],[0.5,0.5,-0.3,46,5,7],[-0.5,0.5,0.2,29,3,37],[-0.3,0.5,0.4,27,39],[0.5,0.5,0.2,20,32,3],[0.3,0.5,0.4,21,33],[-0.1,0.5,0.4,25,38],[0.1,0.5,0.4,23,37],[0.1,-0.5,0.4,6,16],[-0.1,-0.5,0.4,9,15],[0.3,-0.5,-0.4,5,40],[-0.3,-0.5,-0.4,14,23],[0.3,0.5,-0.4,44,15],[-0.3,0.5,-0.4,36,32]],"s":[{"p":[-3.079342E-09,0.05000116,0.08998489],"r":[270,180,0],"s":[0.01313761,0.009212973,0.01313722],"c":[0,0.05714248,1],"b":["when told by body visor then become 2 in 0.2s, turn visible, play activate laser","when starts then turn invisible"]},{"p":[-7.450581E-09,1.573347E-08,0.0899849],"r":[270,180,0],"s":[0.1631376,0.009212973,0.1131372],"c":[0,0.05714248,1],"b":["when told by body visor then become 1 in 0.2s, play deactivate laser"]}]}]}