{"v":9,"p":[{"s":[{"p":[0,0,0],"r":[3.521816E-06,0,0],"s":[0.4138551,0.4482495,0.1386199],"c":[1,1,1]}]}]}