{"v":9,"p":[{"s":[{"p":[0,0,0],"r":[0,0,0],"s":[0.03403543,0.5025204,0.2253584],"c":[0.7777778,0.5333333,0]}]},{"s":[{"p":[0.4123003,-0.2040036,-0.1066446],"r":[2.528588,273.6152,350.0197],"s":[0.04144102,0.07667676,0.7899958],"c":[0.7777778,0.5333333,0]}]},{"s":[{"p":[0.4072924,0.2258053,-0.112077],"r":[1.237891,274.4199,0.6249816],"s":[0.04144105,0.07667691,0.7899973],"c":[0.7777778,0.5333333,0]}]},{"s":[{"p":[0.4060889,-0.194434,0.07108426],"r":[2.736795,274.3869,177.7566],"s":[0.04144103,0.07667684,0.789997],"c":[0.7777778,0.5333333,0]}]}]}