{"n":"iri fan hand","v":9,"a":[7,12,27,31],"p":[{"b":73,"t":9,"a":[36],"i":[{"t":"5df18b64e9edf1062065189a","p":[0.0009178988,-0.001982689,0.07087612],"r":[90,180,0]}],"t1":10,"t2":162,"s":[{"p":[0,0,0],"r":[0,0,0],"s":[0.133099,0.1330899,0.1330848],"c":[0,0,0],"b":["when starts then become next in 0.5s","when starts then play balloon blow up"],"t1":{"c":[0.6285716,0,1],"a":0},"t2":{"c":[0.9714285,0,1],"x":0.5,"y":0.5,"a":0.04641283,"m":0,"n":0,"r":0,"g":0,"o":0.5,"t":0.5,"e":0.5}},{"p":[0,0,0],"r":[-4.071109E-13,1.001792E-05,-3.559082E-20],"s":[0.1941074,0.194099,0.1940987],"c":[0,0,0],"b":["when starts then set constant rotation to 0 0 700, end loop, set repel 0","when told by body xcl1d then play pop, tell body xaa","when told by body xcl1t then become next"],"t1":{"c":[0.6285716,0,1],"a":0},"t2":{"c":[0.9714285,0,1],"x":0.5,"y":0.5,"a":0.04641283,"m":0,"n":0,"r":0,"g":0,"o":0.5,"t":0.5,"e":0.5}},{"p":[0,0,0],"r":[-4.071109E-13,1.001792E-05,-3.559082E-20],"s":[0.1941074,0.194099,0.1940987],"c":[0,0,0],"b":["when starts then set constant rotation to 0 0 2000, loop wind 2, set repel 50 forward-only","when told by body xcl2t then become previous"],"t1":{"c":[0.6285716,0,1],"a":0},"t2":{"c":[0.9714285,0,1],"x":0.5,"y":0.5,"a":0.04641283,"m":0,"n":0,"r":0,"g":0,"o":0.5,"t":0.5,"e":0.5}}]}]}