{"n":"scrap bullet","v":9,"a":[7,18],"p":[{"b":72,"t":1,"s":[{"p":[0,-0.0420078,0.001570702],"r":[0,0,0],"s":[0.008654971,0.00516804,0.02965143],"c":[0.5555556,0.5555556,0.5555556]}]},{"b":72,"t":1,"s":[{"p":[-0.0003550053,-0.04177356,0.001963854],"r":[0,0,0],"s":[0.03130478,0.005168712,0.0296545],"c":[0.6666667,0.6666667,0.6666667]}]},{"b":72,"t":1,"t1":161,"s":[{"p":[0.0007801056,-0.005637407,0],"r":[-1.526666E-13,1.024528E-05,1.707547E-06],"s":[0.01534794,0.0326988,0.01472305],"c":[0.6666667,0.6666667,0.6666667],"b":["when touched then become 2"],"t1":{"c":[0,0,0],"x":0.5,"y":0.1031294,"a":0.8925,"m":0,"n":0,"r":0.0686152,"g":0,"o":0.5,"t":0.5,"e":0.5}},{"p":[0.0007801056,-0.005637407,0],"r":[-1.526666E-13,1.024528E-05,1.707547E-06],"s":[0.01534794,0.0326988,0.01472305],"c":[0.6666667,0.6666667,0.6666667],"b":["when starts then play splat crunch hit","when starts then tell nearby hit","when starts then destroy all parts"],"t1":{"c":[0,0,0],"x":0.5,"y":0.1031294,"a":0.8925,"m":0,"n":0,"r":0.0686152,"g":0,"o":0.5,"t":0.5,"e":0.5}}]}]}