{"n":"storm platform","v":9,"a":[2,4,7,12,14,18],"tp_d": 10,"tp_ad": 10,"p":[{"b":248,"t":16,"t1":168,"t2":167,"s":[{"p":[0,0,0],"r":[0,0,0],"s":[0.07211825,0.07216021,0.01590554],"c":[0.9714286,1,0],"b":["when starts then play lightning with 200%","when starts then play lightsword swing 8 with -1.0 octaves 200%","when starts then all parts face up","when starts then become 2 in 0.5s"],"t1":{"c":[0.9714286,1,0],"a":0},"t2":{"c":[1,1,1],"a":1}},{"p":[0,0,0],"r":[0,0,0],"s":[0.827354,0.827396,0.1018989],"c":[0.9936507,1,0.7777778],"t1":{"c":[0.9714286,1,0],"a":0},"t2":{"c":[0.9714286,1,0],"a":0.2845764}}]}]}