{"v":9,"a":[7,12,18,31,32],"p":[{"b":4,"i":[{"t":"5df5f70db9268d3a393704b6","p":[-1.0125,9.50723E-08,-0.0375002],"r":[1.707547E-06,89.99999,90.00001]}],"s":[{"p":[6.556713E-09,-5.73206E-16,0.03750002],"r":[-1.001791E-05,1.001791E-05,0],"s":[0.01259474,0.01259109,0.01259596],"c":[1,1,1],"b":["when starts then all parts face nearest 0"]}]},{"b":179,"s":[{"p":[-0.05000007,4.371156E-09,1.235804E-07],"r":[6.830189E-06,90.00001,270],"s":[0.03573484,0.03574172,0.03572651],"c":[1,1,1]}]}]}