{"v":9,"p":[{"b":16,"s":[{"p":[0,0,0],"r":[0,0,0],"s":[0.1000001,0.1,0.1000001],"c":[1,1,1]}]},{"b":3,"s":[{"p":[-0.170499,0.159781,-0.16626],"r":[359.0496,6.580357,242.131],"s":[0.02269494,0.04576959,0.03838157],"c":[1,1,1]}]},{"b":3,"s":[{"p":[-0.3440928,0.1672079,-0.187866],"r":[345.5548,340.765,225.7442],"s":[0.02269496,0.04576961,0.03838157],"c":[1,1,1]}]}]}