{"v":9,"a":[12,31],"p":[{"b":3,"s":[{"p":[3.585947E-05,0.0006792722,0.006012874],"r":[282.3643,275.3174,263.9406],"s":[0.004170654,0.01141849,0.004429675],"c":[0.5555556,0.4197513,0.123455],"b":["when starts then all parts face nearest rank"]}]},{"b":205,"s":[{"p":[0,0,0],"r":[-1.024528E-05,-2.56132E-06,-8.537736E-06],"s":[0.002575882,0.001574504,0.001574484],"c":[1,1,1]}]}]}