{"v":9,"p":[{"s":[{"p":[0,0,0],"r":[0,0,0],"s":[0.1750001,0.1750001,0.1750003],"c":[1,1,1]}]},{"b":3,"s":[{"p":[-0.09524993,-0.01053473,-0.0103367],"r":[357.6556,316.93,8.519341],"s":[0.1250001,0.1250001,0.1250005],"c":[1,1,1]},{"p":[-0.09524993,-0.01053473,-0.0103367],"r":[357.6556,316.93,8.519341],"s":[0.1250001,0.1250001,0.1250005],"c":[1,1,1]}]}]}