{"v":9,"p":[{"t":11,"t1":43,"t2":4,"c":[[1.27,0.787,0.182,2,6,14],[1.369,-0.986,-0.6,0,13,10],[-0.115,0.738,0.958,3,6,8]],"s":[{"p":[0,0,0],"r":[0,0,5.336085E-07],"s":[0.175,0.175,0.175],"c":[0.9714286,1,0],"t1":{"c":[0,0,0],"x":0.6553228,"y":0.7597277,"a":0.8925,"m":0,"n":0,"r":0,"g":0,"o":0.5,"t":0.5,"e":0.5},"t2":{"c":[0,0,0],"x":0.17,"y":0.7290775,"a":0.69625,"m":0.5,"n":0.5,"r":0,"g":0,"o":0.5,"t":0.5,"e":0.5},"pr":{"c":[0.3333333,0.3015873,0.1111111],"m":0.25,"a":0.25,"s":0.15,"z":0.25,"g":0.5,"h":0.25}}]}]}