{"v":9,"a":[22,31],"p":[{"b":12,"s":[{"p":[0,0,0],"r":[0,0,-5.336085E-08],"s":[0.020904,0.04273631,0.020904],"c":[1,0.5142855,0],"b":["when told invr then become untweened next"]},{"p":[-0.07064535,-0.04268342,0.02103766],"r":[-1.750236E-05,-1.024528E-05,-4.781132E-05],"s":[0.001974592,0.001974508,0.001974305],"c":[1,0.5142855,0],"b":["when told invrx then become untweened previous"]}]}]}