{"v":9,"a":[12],"p":[{"b":4,"t":1,"s":[{"p":[-0.002828927,-0.006868533,0.1118667],"r":[2.273449,356.0551,0.1923864],"s":[0.009275132,0.009639621,0.05853585],"c":[0.7777778,0.6790124,0.08641965]}]}]}