{"n":"rage spell","v":9,"a":[2,22,15,18,31],"inc":[["rage","5dfd98f73c48ca5356aac129"],["rage 2","5dfd9a27eba84f2a553eed55"]],"p":[{"b":5,"t":9,"a":[12,37,36],"s":[{"p":[0,0,0],"r":[1.024528E-05,-3.415095E-06,-3.415095E-06],"s":[0.02753717,0.02752994,0.01048663],"c":[0.6666667,0.4804232,0.07407398],"b":["when starts then all parts face up"]}]},{"b":4,"a":[12,37,36],"s":[{"p":[0.001082794,0.0004058555,0.02328658],"r":[-5.861552E-07,-4.591859E-07,256.1493],"s":[0.01853203,0.01852745,0.01853062],"c":[1,1,1],"b":["when told activate then emit rage 2 with 0"]}]}]}