{"n":"lens","v":9,"a":[7,18],"p":[{"b":5,"t":20,"pr":57,"s":[{"p":[0,0,0],"r":[0,0,0],"s":[0.08732248,0.08732368,0.008475944],"c":[0.7777778,0.1333331,0],"pr":{"c":[1,0,0],"m":0.25,"a":0.25,"s":0,"z":0.5,"g":0.5,"h":0.5}}]},{"b":59,"t":11,"s":[{"p":[0.0007127551,-0.0007514954,-0.01189947],"r":[270,-1.198454E-05,0],"s":[0.1255509,0.407019,0.1245509],"c":[0.7654321,0.7777778,0.3456789]}]}]}