{"n":"laser","v":9,"p":[{"b":3,"s":[{"p":[0,0,0],"r":[0,0,0],"s":[0.01999644,0.1038888,0.0211739],"c":[1,0,0]}]}]}