{"n":"gabullet","v":9,"a":[2,22,12,14,16,32],"p":[{"b":61,"t":1,"s":[{"p":[0,0,0],"r":[0,0,-7.656432E-20],"s":[0.02696881,0.02696361,0.06868139],"c":[0.3333331,0.3333331,0.3333331],"b":["when told by any gabgo then send nearby to you are dead","when told by any gabgo then play wilhelm scream"]}]},{"b":161,"t":1,"s":[{"p":[4.371135E-09,-7.642734E-16,-0.02499998],"r":[0,0,-1.001791E-05],"s":[0.01818304,0.01818175,0.00701989],"c":[1,0.6857142,0]}]}]}