{"v":9,"p":[{"b":14,"s":[{"p":[0,0,0],"r":[0,0,0],"s":[0.001,0.06,0.07737046],"c":[0,1,0.9142858]}]}]}