{"n":"pine","v":9,"a":[4,7],"p":[{"b":5,"t":10,"s":[{"p":[0,0,0],"r":[0,0,0],"s":[0.1163929,0.1041962,11.46076],"c":[0.4444443,0.1171075,0.04938262]}]},{"b":154,"t":10,"s":[{"p":[-0.01513575,0.1476469,3.86508],"r":[90,-9.659345E-06,0],"s":[0.6771297,1.985497,0.6704639],"c":[0.02469136,0.2222221,0.06984121]}]}]}