{"n":"ground","v":9,"a":[7],"p":[{"s":[{"p":[0,0,0],"r":[0,0,0],"s":[0.1750196,1045.781,600.8058],"c":[0.2539681,0.5555556,0]}]}]}