{"v":9,"p":[{"t1":38,"s":[{"p":[0,0,0],"r":[0,0,0],"s":[0.175,0.1750001,0.1750001],"c":[0.3333332,0.2285713,0],"t1":{"c":[0.4444444,0.3047618,0],"x":0.5,"y":0.6483126,"a":0.8925,"m":0,"n":0,"r":0,"g":0,"o":0.5,"t":0.5,"e":0.5}}]},{"t1":3,"s":[{"p":[0.2048583,-0.00275653,0.008415623],"r":[357.9409,1.399745,0.8906556],"s":[0.1750001,0.1750001,0.175],"c":[0.3333332,0.2285713,0],"t1":{"c":[0.4444444,0.3047618,0],"x":0.6817645,"y":0.7414724,"a":0.69625,"m":0.5,"n":0.5,"r":0,"g":0,"o":0.5,"t":0.5,"e":0.5}}]}]}