{"v":9,"p":[{"b":2,"s":[{"p":[0,0,0],"r":[0,0,0],"s":[0.1250007,0.1250006,0.1250006],"c":[1,1,1],"b":["when starts then stream to desktop"]}]}]}