{"n":"mlxauhandr","v":9,"a":[48,49],"p":[{"b":3,"s":[{"p":[0,0,0],"r":[-5.464148E-05,5.840892E-05,-5.840892E-05],"s":[0.01310456,0.01310578,0.01310569],"c":[1,1,1]}]}]}