{"v":9,"p":[{"b":156,"s":[{"p":[0,0,0],"r":[0,0,-2.668042E-08],"s":[0.9215317,0.3793434,0.631621],"c":[0.2222219,0.2222219,0.2222219]}]},{"b":175,"s":[{"p":[-0.5260708,-0.1184875,0.2495816],"r":[357.7466,326.5178,180.3084],"s":[0.2522076,0.0450004,0.1766021],"c":[0.2222219,0.2222219,0.2222219]}]},{"b":175,"s":[{"p":[0.5240009,-0.1116153,0.1400839],"r":[0.5295882,329.6235,184.3163],"s":[0.2522079,0.04500043,0.1766022],"c":[0.2222218,0.2222218,0.2222218]}]},{"b":175,"s":[{"p":[-0.1891248,-0.1135759,-0.3165177],"r":[355.2282,26.91987,177.7995],"s":[0.2522078,0.04500044,0.1766021],"c":[0.2222219,0.2222219,0.2222219]}]}]}