{"v":9,"p":[{"b":132,"e":"DEATH","s":[{"p":[0,0,0],"r":[0,0,4.002064E-07],"s":[0.01365584,0.01365583,0.01365584],"c":[1,0,0]}]}]}