{"v":9,"a":[13,16,31,34,45],"p":[{"b":3,"s":[{"p":[0,0,0],"r":[0,0,0],"s":[0.03403836,0.03403831,0.03403844],"c":[1,1,1],"b":["when starts then tell mew","when told mew then destroy all parts"]}]}]}