{"v":9,"a":[7,18],"p":[{"s":[{"p":[0,0,0],"r":[0,0,0],"s":[0.7581717,0.1751774,0.4521801],"c":[0.6666667,0.6666667,0.6666667]}]}]}