{"v":9,"a":[7,18],"p":[{"b":60,"s":[{"p":[0,0,0],"r":[0,0,0],"s":[0.1250035,0.125003,0.1250077],"c":[0.9714286,1,0],"b":["when touches hand then tell clean"]}]},{"b":142,"e":"CLEAN","s":[{"p":[-0.03666067,-0.01048255,0.06600183],"r":[0,180,180],"s":[0.003000321,0.003000429,0.003000656],"c":[1,0,0]}]}]}