{"n":"x","v":9,"a":[7,18],"p":[{"b":73,"a":[12,37],"s":[{"p":[0,0,0],"r":[0,0,0],"s":[0.03865029,0.03866543,0.03865828],"c":[1,1,1]}]}]}