{"v":9,"a":[22,49],"p":[{"b":156,"t":21,"t1":167,"s":[{"p":[-0.01333809,-0.03081597,-0.008763311],"r":[-5.390239E-06,112.5,180],"s":[0.08299677,0.07622755,0.08921777],"c":[0,0,0],"t1":{"c":[0.9714285,0,1],"a":0.75}}]},{"b":156,"t":21,"t1":167,"s":[{"p":[-0.03073406,-0.06580748,-0.1011696],"r":[-1.540815E-05,112.5,180],"s":[0.08299828,0.1547783,0.08921923],"c":[0,0,0],"t1":{"c":[0.9714285,0,1],"a":0.75}}]}]}