{"n":"pop fire","v":9,"a":[2,14,31,49],"tp_lp": [1,1,1],"p":[{"b":3,"t":21,"s":[{"p":[0,0,0],"r":[0,0,0],"s":[0.05800779,0.0580078,0.05800782],"c":[1,0.7555555,0.222222],"b":["when starts then become next in 0.2"]},{"p":[0,0,0],"r":[0,0,0],"s":[0.4717082,0.4717082,0.4717082],"c":[0.8888889,0.4345677,0.1975307],"b":["when starts then become next in 0.3"]},{"p":[0,0,0],"r":[0,0,0],"s":[0.6039438,0.6039438,0.6039439],"c":[0,0,0],"b":["when starts then become next"]},{"p":[0,0,0],"r":[0,0,0],"s":[0.6039438,0.6039438,0.6039439],"c":[0,0,0],"b":["when starts then destroy all parts with 0.1s restore"]}]}]}