{"v":9,"p":[{"s":[{"p":[0,0,0],"r":[0,0,0],"s":[0.1750003,0.1750004,0.1750005],"c":[1,0,0],"b":["when touched then play air hammer drill"]}]},{"b":139,"e":"DO NOT\nPRESS","s":[{"p":[-0.05765154,0.09071124,0.03007278],"r":[89.12062,74.58489,76.33752],"s":[0.003000006,0.003000004,0.003000007],"c":[1,1,1]}]}]}