{"v":9,"p":[{"b":139,"e":"PRESS","s":[{"p":[0.00181147,0.009171657,-0.02706016],"r":[2.426937,0.9404606,357.553],"s":[0.001000001,0.001000002,0.001000001],"c":[1,1,1],"b":["when touched then play doorbell with 150% "]}]},{"s":[{"p":[0.02184128,0.00065111,-0.0156821],"r":[1.419071,4.279843,355.0476],"s":[0.05090899,0.05270215,0.01482851],"c":[1,0,0]}]}]}