{"n":"ground","v":9,"a":[1],"p":[{"b":17,"s":[{"p":[0,0,0],"r":[0,0,0],"s":[3.363346,0.11062,3.201102],"c":[0.9019608,0.8509804,0.7215686]}]},{"b":3,"s":[{"p":[1.503373,1.114893,-0.06774032],"r":[351.3725,128.3962,287.0941],"s":[0.1250004,0.1250003,0.1250004],"c":[1,1,1]}]},{"s":[{"p":[1.082023,1.049592,0.1274699],"r":[36.79478,51.97863,285.6182],"s":[0.1750003,0.1750002,0.1750002],"c":[1,1,1]}]}]}