{"v":9,"a":[22],"p":[{"b":45,"s":[{"p":[0.02279976,0.001962302,0.02169282],"r":[-1.001791E-05,4.378969E-13,2.035555E-13],"s":[2.780642,1.890743,2.699779],"c":[1,1,1]},{"p":[0.6111987,-0.4952703,3.04982],"r":[282.4995,317.9202,125.5999],"s":[2.779954,1.890376,2.699429],"c":[1,1,1]}]}]}