{"v":9,"a":[22,21],"p":[{"b":60,"t":7,"a":[23],"s":[{"p":[-0.1322982,-0.008744584,-0.01502817],"r":[-1.675759E-13,-8.14222E-13,1.001791E-05],"s":[0.1480958,0.03443784,0.1108031],"c":[0.4444433,0.4571425,0.6666667],"b":["when touches hand then is area.time = area.time + 1","when touches hand then become untweened next in 0","when touches hand then play success with varied-pitch"]},{"p":[-0.1322982,-0.008744584,-0.01502817],"r":[0,0,0],"s":[0.1480958,0.03443784,0.1108031],"c":[0.7777778,1,1],"b":["when starts then become untweened next in 0.05"]}]},{"b":123,"t":2,"e":"+1 Second","s":[{"p":[-0.1884067,0.00711959,0.0006382428],"r":[90,-1.001791E-05,0],"s":[0.003195491,0.003192353,0.003195732],"c":[0.8888889,0.8888889,0.8888889]}]}]}