{"v":9,"a":[22],"p":[{"b":123,"e":"( Unfinished )","s":[{"p":[0,0,0],"r":[0,0,0],"s":[0.002400819,0.002400847,0.002400815],"c":[1,1,1]}]}]}