{"v":9,"a":[22,31,34,50],"p":[{"b":251,"t":3,"s":[{"p":[0,0,0],"r":[0,0,0],"s":[0.04821185,0.04820265,0.04820055],"c":[1,0.9650794,0.8888889],"b":["when starts then set constant rotation to 15 0 0"]}]}]}