{"n":"bullet","v":9,"a":[7,12,18],"p":[{"b":187,"t":1,"sa":88,"s":[{"p":[0,0,0],"r":[0,90,90],"s":[0.005083717,0.009009559,0.005083259],"c":[1,0.7904761,0.3333332],"b":["when any part touched then play bullet energy impact with 75% varied-pitch, then destroy all parts with 1s restore"]}]}]}