{"v":9,"p":[{"s":[{"p":[0,0,0],"r":[0,0,0],"s":[65.25139,0.1750005,57.07307],"c":[0,0.6666667,0.1523809]}]}]}