{"v":9,"a":[31],"p":[{"b":10,"t":3,"s":[{"p":[0,0,0],"r":[0,0,0],"s":[0.2321722,0.2321717,0.2321721],"c":[1,0.984127,0.8888889],"b":["when starts then set light range 10000"]}]}]}