{"v":9,"p":[{"b":159,"s":[{"p":[0,0,0],"r":[0,0,0],"s":[0.1027639,1.742721,0.0900001],"c":[0.3333332,0.2285713,0]}]},{"b":167,"s":[{"p":[-0.2736113,0.5049192,0.194847],"r":[6.227854,208.9994,4.889224],"s":[0.1524348,0.1024514,0.08694527],"c":[0.190476,0.6666667,0]}]}]}