{"n":"413","v":9,"p":[{"b":60,"s":[{"p":[0,0,0],"r":[9.225295,174.2909,182.1037],"s":[0.02753172,0.05575886,0.1100062],"c":[0.3333331,0.3333331,0.3333331]}]}]}