{"v":9,"a":[1,2,3,14],"inc":[["asde","5e0a8e5e3aee992a4f6ece6d"],["4536","5e0a8f008e5bff06228a94c7"],["thing","5e12af54f65fa406270a2735"]],"p":[{"s":[{"p":[0,0,0],"r":[0,0,0],"s":[0.02692454,0.07065437,0.1750747],"c":[1,1,1],"b":["when triggered then emit gravity-free 4536 with 50","when trigger let go then send one nearby onto 4536","when trigger let go then tell any destr"]},{"p":[0,0,0],"r":[0,0,0],"s":[0.02692454,0.07065437,0.1750747],"c":[1,1,1],"b":["when triggered then become previous in 0.1s"]}]},{"s":[{"p":[0.0003738488,-0.06091823,-0.0966185],"r":[315,5.75742E-13,1.001791E-05],"s":[0.01779909,0.07065614,0.1751055],"c":[1,1,1]}]}]}