{"v":9,"a":[22],"p":[{"b":4,"a":[12],"i":[{"t":"5e127275b44f68062425c664","p":[0.0850747,-0.01938014,0.05961627],"r":[351.5789,339.059,91.55898]}],"s":[{"p":[0,0,0],"r":[0,0,-1.707547E-06],"s":[0.1250008,0.1250033,0.1250031],"c":[1,1,1],"b":["when starts then set constant rotation to 0 0 10"]}]}]}