{"n":"rdbs","v":9,"a":[24,27,31,33,49],"bod":{"al": {"i":"5e12458781804f0630e3a6fe","p":[-0.02540465,-0.04244048,-0.108458],"r":[57.10988,240.4865,287.7941]},"ar": {"i":"5e1246a781804f0630e3a701","p":[0.03450435,-0.03045501,-0.09293191],"r":[40.55233,155.1675,113.121]},"ut": {"i":"5e124878e22fe5062530475c","p":[0.00353027,0.1123121,0.08373114],"r":[298.2992,358.504,174.0985]}},"p":[{"b":3,"t":21,"i":[{"t":"5e1244aa05c302061eff0d5b","p":[0.1784018,-0.02447341,0.1928376],"r":[36.92166,78.85017,75.78584]}],"pr":2,"s":[{"p":[0,0,0],"r":[0,0,-1.494104E-06],"s":[0.01375936,0.01375937,0.01375942],"c":[0,0,0],"pr":{"c":[0.3333333,0,0.1142857],"m":0.9478378,"a":1,"s":0.15,"z":0.6225243,"g":0.5,"h":0.1394291}}]}]}