{"v":9,"a":[7],"p":[{"s":[{"p":[0,0,0],"r":[0,0,0],"s":[2501.546,0.2140196,2501.186],"c":[0.15873,0.5555556,0]}]}]}