{"v":9,"a":[22],"p":[{"b":3,"t":7,"t1":167,"s":[{"p":[0.04111481,-0.1499414,-0.3214345],"r":[337.5,0,0],"s":[0.1087598,0.1543003,0.2298001],"c":[0.2592588,0.333333,0.3333329],"t1":{"c":[0.5555556,0.5555556,0.5555556],"a":0.75}}]},{"b":3,"t":7,"t1":167,"s":[{"p":[0.03299809,-0.006035056,0.0009902678],"r":[1.707547E-06,6.830189E-06,1.195283E-05],"s":[0.1055396,0.1109557,0.110957],"c":[0.2592589,0.333333,0.3333329],"t1":{"c":[0.5555556,0.5555556,0.5555556],"a":0.75}}]},{"b":3,"t":7,"t1":167,"s":[{"p":[0.007353783,0.03925493,-0.3618863],"r":[354.0562,15.78693,288.5572],"s":[0.04041815,0.04387902,0.1685238],"c":[0.2592587,0.3333329,0.3333327],"t1":{"c":[0.5555556,0.5555556,0.5555556],"a":0.75}}]},{"b":3,"t":7,"t1":167,"s":[{"p":[0.0007619858,-0.3206003,-0.1992818],"r":[322.8751,19.83932,237.4808],"s":[0.040423,0.03403609,0.1685299],"c":[0.2592587,0.3333329,0.3333327],"t1":{"c":[0.5555556,0.5555556,0.5555556],"a":0.75}}]}]}