{"v":9,"a":[2,16],"p":[{"s":[{"p":[0,0,0],"r":[0,0,0],"s":[0.3738437,0.03904592,0.352955],"c":[1,1,1]}]}]}