{"n":"elpoimon","v":9,"a":[7,18,48,49],"p":[{"b":5,"s":[{"p":[0,0,0],"r":[0,0,0],"s":[0.03308189,0.03308189,0.02070159],"c":[1,1,1]}]}]}