{"v":9,"p":[{"i":[{"t":"5e1bfe49363ca93807cc7aba","p":[-0.3161814,0.1202813,-0.1675989],"r":[23.73653,10.42755,348.6423]}],"s":[{"p":[0,0,0],"r":[0,0,1.067217E-07],"s":[0.1750032,0.1750031,0.1750013],"c":[1,1,1]}]}]}