{"v":9,"p":[{"a":[1],"s":[{"p":[0,0,0],"r":[0,0,0],"s":[1.580657,0.2351689,1.336344],"c":[1,1,1]}]}]}