{"v":9,"p":[{"b":5,"s":[{"p":[0,0,0],"r":[0,0,1.707547E-06],"s":[0.00823734,0.009021975,0.7338669],"c":[0,0,0]}]},{"b":37,"s":[{"p":[0.03951128,-0.01688629,0.2852069],"r":[20.1463,58.46011,345.9778],"s":[0.08467754,0.125,0.08103202],"c":[0,0,0]}]},{"b":5,"s":[{"p":[-0.003802612,3.921986E-05,0.3368229],"r":[356.2354,358.9883,56.34208],"s":[0.001948483,0.002955391,0.1000002],"c":[0,0,0]}]}]}