{"n":"spring 1","v":9,"a":[7,18,48],"p":[{"t":19,"s":[{"p":[0,0,0],"r":[0,0,0],"s":[0.1750275,0.1750331,0.1750268],"c":[0.6285715,1,0]}]}]}