{"v":9,"a":[7,18],"p":[{"b":3,"s":[{"p":[0,0,0],"r":[0,0,0],"s":[0.6895313,0.1250059,0.8126172],"c":[0.8888889,0.9904762,1]}]},{"b":3,"s":[{"p":[-6.844711E-08,1.490116E-08,0.7829437],"r":[1.001791E-05,6.157171E-14,1.001791E-05],"s":[0.6006185,0.0622417,0.6611472],"c":[0.8888889,0.9904762,1]}]}]}