{"v":9,"a":[2,15],"p":[{"b":39,"s":[{"p":[0,0,0],"r":[0,0,8.537735E-07],"s":[0.1250001,0.1338155,0.1250001],"c":[1,1,1]}]}]}