{"v":9,"p":[{"b":107,"e":"WHAT FREE WILL...?","s":[{"p":[0,0,0],"r":[0,0,0],"s":[0.005517795,0.005516397,0.00551735],"c":[0.222222,0.3238093,0.6666667]}]}]}