{"n":"rockandroll","v":9,"a":[7,13,18,20],"p":[{"t":11,"s":[{"p":[0,0,0],"r":[0,0,-6.157171E-14],"s":[4.608052,0.1750034,32.16785],"c":[1,1,1]}]},{"s":[{"p":[-2.314457,-1.831619,-15.09563],"r":[1.001791E-05,0,90],"s":[4.288401,0.1751541,1.978239],"c":[0.5555556,0.5555556,0.5555556]}]}]}