{"n":"square","v":9,"a":[2,15],"p":[{"s":[{"p":[0,0,0],"r":[0,0,0],"s":[0.1750005,0.1750005,0.175],"c":[1,1,1]}]}]}