{"n":"2","v":9,"a":[7,18,48],"p":[{"t":2,"t1":10,"t2":167,"c":[[0.6,-0.5,0.4,0,13,10],[0.6,0.5,0.4,2,6,14]],"s":[{"p":[0,0,0],"r":[0,0,0],"s":[0.03407601,0.001000004,1.066197],"c":[1,0,0],"b":["when starts then become next in 1s"],"t1":{"c":[1,0,0],"a":1},"t2":{"c":[0,0,0],"a":0.9881315}},{"p":[0,0,0],"r":[0,0,0],"s":[0.03407601,0.001000004,1.066197],"c":[1,0,0],"b":["when starts then become next in 0.5s"],"t1":{"c":[1,0,0],"a":1},"t2":{"c":[0,0,0],"a":0.9206108}}]}]}