{"v":9,"p":[{"b":142,"t":2,"e":"KF","s":[{"p":[0,0,0],"r":[0,0,0],"s":[0.007697218,0.007697236,0.00769722],"c":[0.7047619,1,0.6666666]}]}]}