{"v":9,"a":[22,18],"p":[{"b":131,"t":2,"e":"THIS IS THE FRONT","s":[{"p":[-0.2793503,0.01954652,0.04117203],"r":[90,2.594119E-06,0],"s":[0.005111168,0.005110267,0.005111172],"c":[0,1,0.9142858]}]},{"s":[{"p":[-0.01395417,-1.862645E-09,0.01622391],"r":[0,0,-2.414837E-06],"s":[0.5518579,0.03686451,0.07364548],"c":[0,0,0]}]}]}