{"v":9,"a":[22],"p":[{"b":204,"s":[{"p":[-0.006141502,0.02350264,0.001293903],"r":[2.066545,357.883,222.4034],"s":[0.004871016,0.006404526,0.001000481],"c":[0.111111,0.111111,0.111111]}]},{"b":204,"s":[{"p":[0.00138324,0.003562039,-1.887837E-05],"r":[2.066545,357.883,357.4034],"s":[0.004870282,0.006403711,0.001000264],"c":[0.111111,0.111111,0.111111]}]},{"b":204,"s":[{"p":[0.01174876,0.01705419,0.002150189],"r":[2.066547,357.883,109.9034],"s":[0.004869993,0.006401229,0.001000208],"c":[0.111111,0.111111,0.111111]}]}]}