{"v":9,"p":[{"b":4,"s":[{"p":[0,0,0],"r":[0,0,0],"s":[0.001000001,0.01307632,0.1002717],"c":[1,1,1]}]},{"b":4,"s":[{"p":[-0.0002261177,-0.1843552,-0.1603413],"r":[80.13462,344.1056,4.146902],"s":[0.001000001,0.01307632,0.1002718],"c":[1,1,1]}]}]}