{"v":9,"a":[7,18],"p":[{"s":[{"p":[0,0,0],"r":[0,0,0],"s":[0.03683589,0.01735052,0.1044936],"c":[0.5555556,0.6571428,1]}]}]}