{"n":"shift 1","v":9,"a":[1,4,52],"p":[{"b":3,"t1":43,"s":[{"p":[0,0,0],"r":[0,0,0],"s":[0.001000003,0.1250003,0.5435752],"c":[1,1,1],"t1":{"c":[0.1181657,0.5555556,0.06172834],"x":0.5,"y":0.5,"a":0.8925,"m":0,"n":0,"r":0,"g":0,"o":0.5,"t":0.5,"e":0.5}}]}]}