{"v":9,"a":[7,18],"p":[{"t":1,"s":[{"p":[0,0,0],"r":[0,0,0],"s":[1.469931,0.5033901,1.590514],"c":[0.4444443,0.4444443,0.4444443]}]}]}