{"n":"cyberpunk","v":9,"a":[6,7,18,48],"p":[{"a":[17,24],"s":[{"p":[0,0,0],"r":[0,0,0],"s":[0.1750052,0.05117391,0.175005],"c":[1,1,1]}]}]}