{"v":9,"a":[7,18],"p":[{"t":1,"s":[{"p":[0,0,0],"r":[0,0,0],"s":[10.69093,0.2108443,10.68949],"c":[0.5862435,0.5185186,0.6666667]}]}]}