{"n":"o","v":9,"a":[22,18,48,49],"p":[{"t":7,"s":[{"p":[0,0,0],"r":[0,0,0],"s":[0.09410056,0.05050587,0.01996052],"c":[0,0.7428566,1]}]}]}