{"v":9,"a":[7,18,48,49],"p":[{"a":[31],"i":[{"t":"5e261b68a35bc84f574c16f4","p":[-0.2686232,-0.0559597,0.0516997],"r":[0,180,90]}],"s":[{"p":[0,0,0],"r":[0,0,0],"s":[0.1750087,0.1750035,0.1750044],"c":[1,1,1],"b":["when starts then become soft start next in 3s"]},{"p":[-8.642673E-07,2.59865,1.175341],"r":[-1.792843E-07,90.00001,1.792843E-07],"s":[0.1750306,0.1750282,0.1750167],"c":[1,1,1],"b":["when starts then become soft end next in 3s"]},{"p":[5.662441E-07,6.629535,5.960464E-08],"r":[0,0,0],"s":[0.175045,0.1750332,0.175024],"c":[1,1,1],"b":["when starts then become soft start next in 3s"]},{"p":[-8.642673E-07,2.59865,1.175341],"r":[-1.792843E-07,90.00001,1.792843E-07],"s":[0.1750306,0.1750282,0.1750167],"c":[1,1,1],"b":["when starts then become soft end next in 3s"]}]}]}