{"v":9,"a":[2,3],"p":[{"b":166,"s":[{"p":[-0.01532727,0.01882343,-0.3002133],"r":[82.93223,120.6371,117.7256],"s":[0.0162642,0.08212899,0.01365527],"c":[0.4444443,0.2285713,0]}]},{"b":5,"a":[36],"s":[{"p":[-0.005903677,0.001924494,0.004225896],"r":[0.7043617,359.0027,359.5973],"s":[0.01998948,0.01998948,0.09174139],"c":[1,1,1],"b":["when consumed then become next"]},{"p":[-0.005903677,0.001924494,0.004225896],"r":[0.7043617,359.0027,359.5973],"s":[0.001,0.001,0.09174139],"c":[1,1,1],"b":["when starts then play munching","when triggered then become previous in 0.5s"]}]}]}