{"v":9,"a":[1,22,12,18,31],"p":[{"b":4,"t":2,"a":[5,12,36],"s":[{"p":[0.0386524,-0.0943451,-0.1888204],"r":[-3.737684E-13,6.106666E-13,-1.209269E-05],"s":[0.00795317,0.007952489,0.007953134],"c":[0,0.7428569,1],"b":["when told laser then become next"]},{"p":[2.477826E-15,1.516593E-15,0.232482],"r":[1.001791E-05,1.001791E-05,-2.074779E-06],"s":[0.01366934,0.01366924,0.01366987],"c":[0,0.7428569,1],"b":["when told by body hand triggered right then project with 1000 default, show line with 0.001 width, loop bubbles 2","when told by body hand trigger let go right then project with 0% reach, show line with 0 width, end loop","when told laserthen become next, project with 0% reach, show line with 0 width, end loop","when told laser then become next, project with 0% reach, show line with 0 width, end loop","when told laser then become next, project with 0% reach, show line with 0 width, end loop","when told laser then become untweened 1"]}]}]}