{"v":9,"p":[{"s":[{"p":[0,0,0],"r":[0,0,0],"s":[0.1750008,0.1885839,0.2548898],"c":[0.2222221,0.09241613,0.02469136]}]},{"s":[{"p":[-0.00207112,-0.006029278,0.04535654],"r":[89.83214,201.1807,200.1002],"s":[0.1965357,0.05544797,0.2054637],"c":[0.5555556,0.3121692,0.1851851]}]}]}