{"v":9,"a":[2,22,31],"p":[{"s":[{"p":[0,0,0],"r":[0,0,0],"s":[0.1750295,0.1750294,0.17504],"c":[1,1,1]}]},{"b":14,"s":[{"p":[-0.002748119,-0.01212704,-0.2082821],"r":[0,180,90],"s":[0.06002948,0.06002566,0.06002553],"c":[1,1,1]}]}]}