{"v":9,"p":[{"s":[{"p":[0.08990886,-0.229999,-0.008921318],"r":[279.3907,208.7586,168.9255],"s":[0.171435,0.01167932,0.08523443],"c":[1,0,0]}]},{"b":131,"e":"1$","s":[{"p":[0.06969972,-0.2136943,-0.01950379],"r":[354.4857,16.06026,358.6559],"s":[0.003000003,0.003,0.003000001],"c":[0.1142856,1,0]}]}]}