{"v":9,"a":[1,7,12,18,21],"p":[{"b":7,"s":[{"p":[-2.980232E-08,0,0.2278157],"r":[2.414836E-06,180,90.00001],"s":[0.1228309,0.1334596,0.5308858],"c":[1,1,1]}]},{"b":4,"a":[12,37],"s":[{"p":[0,0,0],"r":[1.628444E-12,-1.157079E-26,-8.142219E-13],"s":[0.1250232,0.1250036,0.1250257],"c":[1,1,1],"b":["when starts then all parts face nearest hnd2"]}]}]}