{"v":9,"a":[2,15],"p":[{"b":4,"s":[{"p":[0,0,0],"r":[0,0,-8.537735E-07],"s":[0.005302174,0.005302174,0.02876727],"c":[0.9714286,1,0]}]}]}