{"v":9,"a":[7],"p":[{"s":[{"p":[0,0,0],"r":[0,0,0],"s":[1.893119,0.04492598,2.174035],"c":[1,1,1]}]}]}