{"v":9,"p":[{"b":90,"t":2,"e":"BY REX","s":[{"p":[0,0,0],"r":[0,0,0],"s":[0.003000001,0.003000002,0.003000001],"c":[0,1,1]}]},{"b":60,"t":19,"i":[{"t":"5db34ec7a3f82a1c584d8e31","p":[-0.004101089,0.03139546,0.02957496],"r":[359.9856,269.8804,180.2529]}],"s":[{"p":[0.06201639,0.1638065,0.01300775],"r":[277.9313,187.4256,172.3376],"s":[0.2395717,0.05473785,0.4514429],"c":[0,0,0]}]}]}