{"v":9,"p":[{"b":5,"s":[{"p":[0,0,0],"r":[0,0,0],"s":[0.1000005,0.1000003,0.01900976],"c":[1,1,1]}]},{"b":59,"s":[{"p":[-0.001680728,0.02098811,0.1839868],"r":[76.51633,288.995,290.6704],"s":[0.1250006,3.685119,0.1250006],"c":[1,1,1]}]}]}