{"v":9,"a":[7,18],"p":[{"t":11,"s":[{"p":[0,0,0],"r":[0,0,0],"s":[4.611472,0.1750163,9.585703],"c":[1,1,1]}]},{"t":11,"s":[{"p":[-2.313042,1.192093E-07,2.384186E-07],"r":[-8.964187E-08,-8.964185E-08,90],"s":[0.6251347,0.1750251,9.585692],"c":[0.5555556,0.5555556,0.5555556]}]}]}