{"v":9,"p":[{"s":[{"p":[0,0,0],"r":[1.600826E-07,2.981771E-16,2.134434E-07],"s":[1.462489,0.01650406,1.446779],"c":[0.126984,0.4444443,0]}]}]}