{"n":"ground","v":9,"a":[1],"p":[{"b":17,"s":[{"p":[0,0,0],"r":[0,0,0],"s":[549.0591,0.11062,535.9932],"c":[0.5460317,0.6666667,0.4444443]}]}]}