{"v":9,"a":[7,18,20],"p":[{"s":[{"p":[0,0,0],"r":[0,0,0],"s":[11.73405,0.6412575,24.89464],"c":[0.8793651,0.7777778,1]}]}]}