{"v":9,"a":[2,20,30],"p":[{"b":59,"t":12,"s":[{"p":[-0.000254698,-0.02203379,0.0005880379],"r":[3.563938,188.9693,359.5313],"s":[0.02953562,0.4815212,0.03105758],"c":[1,0.8571429,0]}]},{"b":58,"t":12,"t1":46,"s":[{"p":[0.0009599933,-0.03331015,0.000581204],"r":[356.0545,0.09350532,1.144302],"s":[0.02720168,0.3226786,0.02753591],"c":[1,0.8571429,0],"t1":{"c":[0,0,0],"x":0.5,"y":0.5,"a":0.8925,"m":0,"n":0,"r":0,"g":0,"o":0.5,"t":0.5,"e":0.5}}]}]}