{"n":"human","v":9,"a":[2,4,15,16],"p":[{"b":40,"s":[{"p":[0,0,0],"r":[0,0,-4.268868E-07],"s":[0.1250003,0.1250003,0.1250002],"c":[1,1,1]}]}]}