{"v":9,"a":[5,48],"p":[{"b":11,"s":[{"p":[1.918005,-3.377186,1.242956],"r":[342.324,349.1236,333.3378],"s":[2.84517,1.354586,0.5043168],"c":[1,1,1]}]}]}