{"v":9,"p":[{"b":129,"e":"FUCK THIS THING","s":[{"p":[0,0,0],"r":[0,0,0],"s":[0.02128384,0.02128383,0.02128384],"c":[1,1,1]}]}]}