{"v":9,"a":[5,7,18,49],"p":[{"t":1,"s":[{"p":[0,0,0],"r":[0,0,0],"s":[2.132597,0.08498377,0.06666884],"c":[0.6666667,0.6666667,0.6666667]}]},{"t":1,"s":[{"p":[-1.850804E-07,-9.254022E-08,1.058537],"r":[0,0,0],"s":[2.132847,0.08498885,0.06667791],"c":[0.6666667,0.6666667,0.6666667]}]},{"t":1,"s":[{"p":[-1.035601,-1.192093E-07,0.5209731],"r":[0,-1.001791E-05,0],"s":[0.06145786,0.08500603,1.018928],"c":[0.6666667,0.6666667,0.6666667]}]}]}