{"v":9,"a":[5,7,13,18,48],"p":[{"s":[{"p":[0,0,0],"r":[0,0,0],"s":[0.1749681,5.362592,0.1750051],"c":[1,1,1]}]},{"s":[{"p":[0.4706688,-2.691983,2.384186E-07],"r":[0,0,270],"s":[0.1749641,1.137975,0.1750548],"c":[1,1,1]}]}]}