{"v":9,"a":[7,18],"p":[{"a":[23],"s":[{"p":[0,0,0],"r":[0,0,0],"s":[0.4885172,0.01597168,0.5659012],"c":[0.6666667,0.5714286,0]}]},{"a":[24],"t1":70,"t2":68,"s":[{"p":[3.49246E-10,0.001435757,0],"r":[0,0,0],"s":[0.4470972,0.0159721,0.5324132],"c":[1,0.8888889,0.2222221],"t1":{"c":[1,0.8571429,0],"x":0.5,"y":0.5,"a":1,"m":0,"n":0,"r":0.3746009,"g":0,"o":0.5,"t":0.5,"e":0.5},"t2":{"c":[1,0.8571429,0],"x":0.6422443,"y":0.6304142,"a":1,"m":0,"n":0.02948999,"r":0,"g":1,"o":0.5,"t":0.5,"e":0.5}}]}]}