{"n":"grass","v":9,"a":[2,16],"p":[{"b":11,"s":[{"p":[0.0007178602,0.003974823,-0.02070516],"r":[0.7204154,1.002649,0.5639089],"s":[0.001000012,0.01187767,0.01049687],"c":[0.09453239,0.4444442,0.04938254],"b":["when told by any grassgrow then become 2 in 0.5s","when starts then all parts face up"]},{"p":[0.0007178602,0.003974823,-0.02070516],"r":[0.7204129,1.002623,0.5638795],"s":[0.001000012,0.01187767,0.01049687],"c":[0.09453239,0.4444442,0.04938254],"b":["when starts then become next in 1s"]},{"p":[-0.005502138,-0.001113996,0.07404441],"r":[355.9123,356.9477,359.3427],"s":[0.00100001,0.03735312,0.1360593],"c":[0.09453235,0.4444442,0.04938252]}]}]}