{"v":9,"a":[6,31,48],"p":[{"b":9,"t":3,"s":[{"p":[0,0,0],"r":[0,0,0],"s":[0.09635314,0.09635314,0.09635355],"c":[1,0.6857142,0]}]}]}