{"v":9,"a":[7,18],"p":[{"t":7,"s":[{"p":[2.328306E-10,0.0009384155,1.014364],"r":[0,0,0],"s":[2.07761,0.1705804,1.493703],"c":[0,0,0]}]}]}