{"v":9,"a":[7,18],"p":[{"id":"5e3100278c3ed640d442752b","t1":66,"s":[{"p":[0,0,0],"r":[0,0,0],"s":[0.1750225,1.15484,0.1460175],"c":[0.3333331,0.3333331,0.3333331],"t1":{"c":[0.6666667,0.6666667,0.6666667],"x":0.5,"y":0.5,"a":0.8925,"m":0,"n":0,"r":0,"g":0,"o":0.5,"t":0.5,"e":0.5}}]},{"t1":66,"ac":{"id":"5e3100278c3ed640d442752b","c":5},"s":[{"p":[0.1748772,0,-0.5638332],"r":[0,0,8.537737E-06],"s":[0.1752343,1.154261,0.979597],"c":[0.3333332,0.3333332,0.3333332],"t1":{"c":[0.6666667,0.6666667,0.6666667],"x":0.5,"y":0.5,"a":0.8925,"m":0,"n":0,"r":0,"g":0,"o":0.5,"t":0.5,"e":0.5}}]},{"t":12,"s":[{"p":[-0.08792114,0.02323437,0.07955056],"r":[0,0,0],"s":[0.04225221,1.104684,0.01637277],"c":[1,1,1]}]}]}