{"v":9,"a":[7,13,18],"p":[{"b":43,"s":[{"p":[0.3357048,-1.779058E-07,2.980232E-08],"r":[0,0,-1.001791E-05],"s":[1.78752,2.454685,1.621618],"c":[0,0.5714284,1]}]},{"b":43,"s":[{"p":[0.335705,1.184423,-1.788139E-07],"r":[-1.001791E-05,0,0],"s":[2.125587,0.1147909,1.959508],"c":[0.5555556,0.5555556,0.5555556]}]},{"b":43,"s":[{"p":[0.1320172,-1.422919E-07,1.490116E-08],"r":[-1.001792E-05,8.757943E-13,-1.001791E-05],"s":[2.448402,1.68648,2.290215],"c":[0,0.5714284,1]}]}]}