{"n":"beaker","v":9,"a":[2,3,7,12,18,49],"p":[{"b":144,"t":15,"c":[[0.552,-1.289,-0.345,24,25],[0.552,-1.155,-0.667,27,28],[0.552,-0.943,-0.943,29,30],[0.552,-0.667,-1.155,31,32],[0.552,-0.345,-1.289,33,34],[0.552,0,-1.334,35,36],[0.552,0.345,-1.289,37,37],[0.552,0.667,-1.155,39,39],[0.552,0.943,-0.943,41,41],[0.552,1.155,-0.667,43,43],[0.552,1.289,-0.345,45,45],[0.552,1.334,0,47,45],[0.552,1.289,0.345,46,48],[0.552,1.155,0.667,44,45],[0.552,0.943,0.943,42,43],[0.552,0.667,1.155,40,41],[0.552,0.345,1.289,38,39],[0.552,0,1.334,36,36],[0.552,-0.345,1.289,34,34],[0.552,-0.667,1.155,32,32],[0.552,-0.943,0.943,30,30],[0.552,-1.155,0.667,28,28],[0.552,-1.289,0.345,26,26],[0.552,-1.334,0,25,23]],"cx":0,"s":[{"p":[-4.768372E-07,0.01854968,-8.337288E-14],"r":[0,-1.001792E-05,270],"s":[0.09036948,0.03353757,0.03353693],"c":[1,1,1]}]},{"b":58,"t":15,"s":[{"p":[-4.768372E-07,0.0790844,-8.337288E-14],"r":[0,89.99999,-9.659346E-06],"s":[0.04850698,0.04850541,0.04850686],"c":[1,1,1]}]},{"b":144,"t":2,"a":[36,38],"s":[{"p":[0,0,0],"r":[1.707547E-06,270,270],"s":[0.0483809,0.03122369,0.03122592],"c":[1,0.5142855,0],"b":["when grabbed then tell taken","when touches holder then destroy all parts","when turned around then become next in .5","when turned around then play pouring water","when turned around then tell nearby melt liquid"]},{"p":[0,-0.02968884,0],"r":[0,270,270],"s":[0.00100007,0.03122534,0.03122794],"c":[1,0.5142855,0],"b":["when starts then turn invisible","when touches holder then destroy all parts"]}]}]}