{"v":9,"p":[{"t1":162,"s":[{"p":[0,0,0],"r":[0,0,1.334021E-08],"s":[0.07145513,0.08179253,0.2622142],"c":[0.111111,0.111111,0.111111],"t1":{"c":[0.1111111,0.1111111,0.1111111],"x":0.5,"y":0.5,"a":0.8925,"m":0,"n":0,"r":0,"g":0,"o":0.5,"t":0.5,"e":0.5}}]},{"t1":162,"s":[{"p":[0.1308901,0.002652003,0.0007951977],"r":[0.9514017,359.3256,4.000401],"s":[0.07145517,0.08179257,0.2622143],"c":[0.111111,0.111111,0.111111],"t1":{"c":[0.1111111,0.1111111,0.1111111],"x":0.5,"y":0.5,"a":0.8925,"m":0,"n":0,"r":0,"g":0,"o":0.5,"t":0.5,"e":0.5}}]}]}