{"v":9,"p":[{"b":131,"e":"MICHAEL97 MADE THIS","s":[{"p":[0,0,0],"r":[0,0,0],"s":[0.008024205,0.008024202,0.008024205],"c":[1,1,1]}]}]}