{"v":9,"a":[7,18,49],"p":[{"t":2,"s":[{"p":[0,0,0],"r":[6.830189E-06,-3.073585E-05,1.707545E-06],"s":[0.5814645,0.001000088,0.09824549],"c":[0.8,1,0]}]},{"b":105,"t":2,"a":[19],"e":"THE DJ MAY HAVE OVER 30 SECONDS OF \nVOICE DLEAY, COVERSATIONS MAY BE IMPOSSIBLE","s":[{"p":[0.003772449,0.0009815693,0.02269937],"r":[90,-9.659345E-06,0],"s":[0.002111562,0.002111084,0.002111426],"c":[0,0.0571425,1]}]},{"b":44,"t":7,"s":[{"p":[0.002120195,-0.002195355,0.06359269],"r":[-6.830189E-06,269.9999,90.00003],"s":[0.4057493,0.2763003,0.5132244],"c":[0.8,1,0]}]}]}