{"v":9,"p":[{"b":5,"s":[{"p":[0,0,0],"r":[0,0,0],"s":[0.00222116,0.002214526,0.07209276],"c":[0.3333332,0.2285713,0]}]},{"b":4,"s":[{"p":[0.0008190298,2.994388E-05,0.03694633],"r":[0.9014569,4.882596,346.7715],"s":[0.004921291,0.003984782,0.008462247],"c":[0.4444443,0.3047618,0]}]}]}