{"v":9,"a":[21],"p":[{"b":5,"s":[{"p":[0,0,0],"r":[0,0,-5.336085E-08],"s":[0.0005208571,0.001872784,0.01900169],"c":[0.4444443,0.4444443,0.4444443]}]},{"b":5,"s":[{"p":[0.0002072573,0.01012465,-0.000481757],"r":[272.4597,131.948,228.4923],"s":[0.0005208571,0.001872787,0.05099323],"c":[0.4444443,0.4444443,0.4444443]}]}]}