{"v":9,"a":[7,20],"p":[{"t":3,"s":[{"p":[0,0,0],"r":[0,0,0],"s":[0.7202316,1.379579,0.0442262],"c":[1,1,1]}]}]}