{"v":9,"a":[31,48],"p":[{"b":3,"t":3,"s":[{"p":[0,0,0],"r":[0,0,0],"s":[0.3531684,0.3531682,0.3531684],"c":[1,0.342857,0]}]}]}