{"n":"spawn","v":9,"a":[7],"p":[{"t1":158,"s":[{"p":[0,0,0],"r":[0,0,-6.157171E-14],"s":[0.6669409,0.1750208,0.6924056],"c":[0.1851846,0.2698407,0.5555556],"t1":{"c":[0,0.7428566,1],"x":0.7595756,"y":0.740774,"a":1,"m":0,"n":0,"r":0,"g":0,"o":0.5,"t":0.5,"e":0.5}}]}]}