{"n":"light","v":9,"a":[6,5,22,18,34,49],"p":[{"b":202,"t":2,"t1":158,"t2":10,"s":[{"p":[-0.002025455,-0.001929879,-0.2226987],"r":[270.0198,180,0],"s":[0.03069526,0.2448731,0.03069554],"c":[0.8776014,0.8888889,0.4938272],"t1":{"c":[0.9936507,1,0.7777778],"x":0.7620211,"y":0.6974812,"a":1,"m":0.2142515,"n":0.2017632,"r":0.5139828,"g":1,"o":0.5,"t":0.5,"e":0.5},"t2":{"c":[1,1,1],"a":0.6180334}}]},{"b":5,"t":1,"s":[{"p":[0.0001851618,0.001417544,-0.002341521],"r":[89.98022,180,0],"s":[0.006456903,0.006458463,0.1645554],"c":[0,0,0]}]},{"b":205,"a":[12,37],"s":[{"p":[0,0,0],"r":[359.9802,-1.179095E-09,6.830189E-06],"s":[0.01138668,0.01247577,0.01035453],"c":[1,1,1]}]},{"b":205,"a":[12],"s":[{"p":[0.0003569573,0.001627505,0.07268278],"r":[359.9802,0,270],"s":[0.01787777,0.01769534,0.0143342],"c":[0,0,0],"b":["when starts then show line with 0.02 width","when starts then project"]}]}]}