{"v":9,"a":[7,18],"p":[{"a":[1],"s":[{"p":[0,0,0],"r":[0,0,0],"s":[2.210866,0.01508564,1.658432],"c":[1,1,1]}]}]}