{"v":9,"p":[{"b":3,"s":[{"p":[0,0,0],"r":[0,0,5.315241E-08],"s":[0.07244767,0.0275678,0.05697845],"c":[1,0,0]}]}]}