{"n":"necrorarm1","v":9,"a":[22,18,31],"p":[{"b":69,"i":[{"t":"5e4c442a363ca93807cc82ed","p":[0.003063632,-0.1123069,0.00603383],"r":[4.349921E-06,315,180]},{"t":"5e4c3e12f349cf24dd87b967","p":[-0.01206956,0.006961106,0.01047973],"r":[-1.536793E-05,247.5,90]}],"s":[{"p":[0.002287673,-0.003108395,0.1300757],"r":[292.5,90,270],"s":[0.03189333,0.08093181,0.03188793],"c":[1,1,1]}]},{"b":4,"s":[{"p":[0,0,0],"r":[0,0,4.268868E-06],"s":[0.05027212,0.05028239,0.050269],"c":[1,1,1],"b":["when starts then all parts face nearest necrorarm3"]}]}]}