{"v":9,"a":[22],"p":[{"s":[{"p":[-0.007409366,0.01976078,0.384274],"r":[0,0,0],"s":[0.93891,0.07029349,0.05580437],"c":[1,1,1]}]},{"s":[{"p":[0.01374383,-0.0003270563,0.009338383],"r":[-1.707547E-06,-1.366038E-05,2.035555E-13],"s":[0.9385755,0.07028656,0.05579315],"c":[1,1,1]}]},{"s":[{"p":[-0.3152492,-0.6503941,0.01490873],"r":[6.310272E-06,-2.613801E-06,315],"s":[0.9387746,0.07030255,0.05580269],"c":[1,1,1]}]},{"s":[{"p":[-0.2986593,-0.6242371,0.320712],"r":[1.585518E-07,-1.300333E-05,315],"s":[0.9387974,0.07030571,0.05580417],"c":[1,1,1]}]}]}