{"v":9,"a":[22,29],"p":[{"b":5,"s":[{"p":[-0.05074346,0.04730964,-0.6198436],"r":[1.245487E-07,1.987655E-07,315],"s":[0.142418,0.1456456,1.391484],"c":[0.5555556,0.5167549,0.4320987]}]},{"b":5,"s":[{"p":[-0.04043535,0.00642385,0.00460723],"r":[0,0,0],"s":[0.2770898,0.2770819,0.1024942],"c":[0.5555556,0.5167549,0.4320987]}]}]}