{"n":"ground","v":9,"a":[1,43],"p":[{"b":17,"c":[[-0.678,-0.313,1.186,396,3,66,5],[-0.632,0.611,1.216,468,3,66,5],[-0.735,12.234,0.985,472,3,66,5]],"s":[{"p":[0,0,0],"r":[0,0,0],"s":[3.363346,0.11062,3.201102],"c":[0.9019608,0.8509804,0.7215686]}]},{"b":14,"a":[34],"s":[{"p":[-0.930442,1.55485,2.000172],"r":[279.1755,210.1372,4.710335],"s":[0.06001001,0.06000488,0.06000578],"c":[1,1,1]}]},{"b":175,"a":[34],"s":[{"p":[-0.9834028,1.282263,2.304024],"r":[10.18051,244.5421,358.2028],"s":[0.04500005,0.04500001,0.04500007],"c":[1,1,1]}]}]}