{"n":"finished cobalt blade","v":9,"a":[1,2,3,7,18],"p":[{"b":60,"a":[36],"t1":10,"c":[[-0.345,0.45,-0.453,37,3,19,28],[-0.345,0.5,-0.403,29,9,16,35],[-0.395,0.45,-0.403,30,13,23,22],[-0.345,0.5,0.402,25,3,27,26],[-0.395,0.45,0.402,18,13,34,17],[-0.345,0.45,0.452,17,9,24,33],[0.341,0.45,-0.453,35,1,20,29],[0.391,0.45,-0.403,21,11,37,15],[0.341,0.5,-0.403,22,17,14,33],[0.341,0.45,0.452,10,17,22,31],[0.391,0.45,0.402,9,11,50,8],[0.341,0.5,0.402,23,1,28,27]],"s":[{"p":[0,0,0],"r":[0,0,-7.656432E-20],"s":[0.07829785,0.003903879,0.2811424],"c":[0,0.6603169,0.8888889],"b":["when touches work bench then destroy all parts","when grabbed then tell taken","when touches inventory then become next"],"t1":{"c":[0,0,0],"a":0}},{"p":[0,0,0],"r":[0,0,-7.656432E-20],"s":[0.07829785,0.003903879,0.2811424],"c":[0,0.6603169,0.8888889],"b":["when starts then is person.id28 += 1","when starts then destroy all parts"],"t1":{"c":[0,0,0],"a":0}}]}]}