{"v":9,"p":[{"b":175,"s":[{"p":[0,0,0],"r":[0,0,0],"s":[0.04500006,0.04500011,0.04500013],"c":[1,1,1]}]},{"b":152,"s":[{"p":[0.261178,-0.4393376,-0.4348746],"r":[330.9559,87.6157,238.3549],"s":[0.04000005,0.04000014,0.04000011],"c":[1,1,1]}]}]}