{"v":9,"a":[22,31],"p":[{"b":69,"s":[{"p":[0.008518245,0.002623321,0.08388282],"r":[0,90.00001,90],"s":[0.04103067,0.05411261,0.0410307],"c":[0.8888889,0.6490299,0.3950614],"b":["when starts then all parts face nearest girl4"]}]},{"b":205,"a":[12],"s":[{"p":[0,0,0],"r":[1.526666E-13,8.537736E-06,-3.053332E-13],"s":[0.02507141,0.02506838,0.02507174],"c":[1,1,1]}]}]}