{"v":9,"a":[1,7,12,18,31],"p":[{"b":14,"i":[{"t":"5e4f227f6677020547c81121","p":[-8.138996E-09,8.601191E-10,0.02119446],"r":[-2.325189E-06,-2.701141E-05,270]}],"s":[{"p":[-3.72529E-09,0,0.02380562],"r":[7.154867E-06,-2.325195E-06,270],"s":[0.01331518,0.01331755,0.007785758],"c":[0.4444441,0.4444441,0.4444441]}]},{"b":205,"a":[12,37],"s":[{"p":[0,0,0],"r":[0,0,0],"s":[0.006096942,0.006096942,0.006096942],"c":[1,1,1],"b":["when starts then all parts face nearest 1l"]}]}]}