{"v":9,"a":[22,21],"p":[{"b":132,"e":"LASER","s":[{"p":[-0.02012253,0.003836636,0.004948975],"r":[90,-1.151484E-12,0],"s":[0.0006521369,0.0006521418,0.0006521386],"c":[0,0,0]}]},{"b":60,"t":2,"a":[36],"t1":167,"t2":14,"s":[{"p":[0,0,0],"r":[0,0,0],"s":[0.04337062,0.006885658,0.01898644],"c":[0.6285716,1,0],"b":["when touches hand then tell body laon","when touches hand then become 2 in 0.2s","when touches hand then play sci fi button beep"],"t1":{"c":[0.1142856,1,0],"a":0.4914382},"t2":{"c":[0.1142856,1,0],"x":0.17,"y":0,"a":0.8925,"m":0.5,"n":0.5,"r":0,"g":0,"o":0.5,"t":0.5,"e":0.5}},{"p":[0,0,0],"r":[0,0,0],"s":[0.04337062,0.006885658,0.01898644],"c":[0.6285716,1,0],"b":["when touches hand then play sci fi button beep","when touches hand then tell body laoff","when touches hand then become 1 in 0.2s"],"t1":{"c":[0.1142856,1,0],"a":0.4914382},"t2":{"c":[0.1142856,1,0],"x":0.17,"y":0,"a":0.8925,"m":0.5,"n":0.5,"r":0,"g":0,"o":0.5,"t":0.5,"e":0.5}}]}]}