{"v":9,"p":[{"b":129,"e":"I WZANT TYHAT OOGE HEAD","s":[{"p":[0,0,0],"r":[0,0,0],"s":[0.01906462,0.01906461,0.01906462],"c":[1,1,1]}]}]}