{"n":"handledr","v":9,"p":[{"s":[{"p":[0,0,0],"r":[0,0,0],"s":[0.05860978,0.05548448,0.0588894],"c":[1,1,1]}]}]}