{"v":9,"a":[7],"p":[{"b":5,"s":[{"p":[0,0,0],"r":[0,0,0],"s":[0.01623647,0.01841206,0.02080841],"c":[1,1,1]}]},{"b":5,"s":[{"p":[-0.001764774,0.001743078,0.009202421],"r":[0,0,0],"s":[0.006665177,0.008656062,0.02081069],"c":[0,0,0],"b":["when touches hand then tell any borduppned"]}]}]}