{"v":9,"p":[{"b":3,"s":[{"p":[0,0,0],"r":[0,0,-1.067217E-06],"s":[0.1250003,0.1250006,0.1250005],"c":[1,1,1]}]},{"b":3,"s":[{"p":[-0.04180656,-0.05131612,0.002081146],"r":[2.167379,21.9836,18.64353],"s":[0.1250002,0.1250004,0.1250005],"c":[1,1,1]}]},{"b":3,"s":[{"p":[-0.03960611,0.4259591,-0.6289833],"r":[301.6413,66.30073,294.201],"s":[0.1250005,0.1250008,0.1250008],"c":[1,1,1]}]},{"b":3,"s":[{"p":[-0.03782736,-0.0564981,-0.4513575],"r":[339.0366,26.19931,18.29748],"s":[0.1250007,0.1250009,0.1250008],"c":[1,1,1]}]}]}