{"v":9,"a":[7,18],"p":[{"t":7,"s":[{"p":[0.2160035,-0.01592256,-0.03256226],"r":[0,0,1.001791E-05],"s":[0.1923593,0.7402153,0.1750418],"c":[0.2222219,0.5333328,1]}]},{"t":7,"s":[{"p":[0.2160035,-0.01592256,-0.05781556],"r":[0,0,1.001791E-05],"s":[0.1923715,0.7402378,0.1750478],"c":[0.2222219,0.5333328,1]}]},{"t":7,"s":[{"p":[0.2160035,-0.01592256,-0.09216309],"r":[0,0,1.001791E-05],"s":[0.192373,0.7402393,0.1750479],"c":[0.2222219,0.5333328,1]}]},{"t":7,"s":[{"p":[0.2160035,-0.01592255,-0.1291046],"r":[0,0,-5.008957E-06],"s":[0.192369,0.7402341,0.1750489],"c":[0.2222219,0.5333328,1]}]}]}