{"v":9,"p":[{"b":3,"t":19,"s":[{"p":[0,0,0],"r":[0,0,0],"s":[0.04609947,0.2180652,0.04236787],"c":[1,0.5142855,0]}]},{"b":3,"t":19,"s":[{"p":[0.002467434,0.1717045,0.004286883],"r":[1.600725,8.749894,271.2682],"s":[0.04609954,0.1520489,0.143408],"c":[1,0.5142855,0]}]}]}