{"n":"platform9","v":9,"a":[20,31,48,49],"p":[{"t":2,"s":[{"p":[0,0,0],"r":[0,0,0],"s":[0.00831504,0.00831504,0.00831504],"c":[1,0,0]}]}]}