{"n":"poletarget","v":9,"a":[31],"p":[{"b":9,"s":[{"p":[0,0,0],"r":[2.283844E-05,1.792925E-05,3.415098E-06],"s":[0.02250759,0.02250759,0.02250759],"c":[1,1,1]}]}]}