{"v":9,"p":[{"b":4,"s":[{"p":[0,0,0],"r":[0,0,-1.707547E-06],"s":[0.04066063,0.03134942,0.1250005],"c":[1,1,1]}]}]}