{"n":"re1","v":9,"a":[31],"p":[{"b":10,"s":[{"p":[0,0,0],"r":[0,0,0],"s":[0.01281141,0.01281141,0.01281141],"c":[1,0,0]}]}]}