{"v":9,"p":[{"s":[{"p":[0.0005836486,-6.073702E-05,0.001240611],"r":[0,0,-1.001791E-05],"s":[0.05540563,0.03979837,0.05500404],"c":[0.4444443,0.4444443,0.4444443]}]},{"b":5,"s":[{"p":[0.0008325614,0.0219698,0.001483556],"r":[270,1.931869E-05,0],"s":[0.01092381,0.01091813,0.03468319],"c":[0.6666667,0.1142855,0],"b":["when touched then become next in 0.1s","when touched then tell nearby pressed "]},{"p":[0.0008325614,0.0219698,0.001483556],"r":[270,1.931869E-05,0],"s":[0.01092381,0.01091813,0.003139965],"c":[0.6666667,0.1142855,0],"b":["when starts then become previous in 0.1s"]}]}]}