{"v":9,"a":[1,2,3,12],"inc":[["runestone","5a069531105286b713637248"]],"p":[{"s":[{"p":[-0.1243585,0.06700477,-0.1454425],"r":[0.3569526,178.5746,189.5221],"s":[0.05247924,0.05437801,0.1750002],"c":[0.1269839,0.4444443,0]}]},{"b":5,"s":[{"p":[-0.1302539,0.04275093,-0.03705771],"r":[77.92411,245.0257,262.4318],"s":[0.02540063,0.02540079,0.1517746],"c":[0.126984,0.4444443,0],"b":["when triggered then emit runestone with 70"]}]}]}