{"v":9,"a":[20,34],"p":[{"t":19,"s":[{"p":[0,0,0],"r":[0,0,0],"s":[0.5349522,0.4132541,1.576616],"c":[1,0,0]}]}]}