{"v":9,"a":[12],"p":[{"b":147,"s":[{"p":[0.007441688,-0.01112363,0.121706],"r":[288.4831,291.184,337.7624],"s":[0.2181224,0.04424059,0.05006344],"c":[0.424691,0.4444441,0.3456787]}]},{"b":3,"s":[{"p":[0.00704876,-0.02264783,0.2314718],"r":[67.83306,172.2503,2.731591],"s":[0.05825225,0.06841932,0.06981103],"c":[0.424691,0.4444441,0.3456787]}]},{"b":3,"s":[{"p":[0.002616864,0.004004359,0.2475712],"r":[20.46199,101.0744,317.848],"s":[0.04734538,0.02884072,0.04069257],"c":[0.6666667,0.5968254,0.4444442]}]},{"b":3,"i":[{"t":"5e5c3240a638030546d35381","p":[0.00443746,-0.02053825,0.2585679],"r":[314.0622,156.3447,160.8482]}],"s":[{"p":[0,0,0],"r":[-2.219812E-05,-8.537738E-06,6.830191E-06],"s":[0.09958853,0.09958924,0.0995862],"c":[0.424691,0.4444441,0.3456787],"b":["when starts then all parts face nearest re2"]}]}]}