{"v":9,"p":[{"b":5,"t":7,"s":[{"p":[0,0,0],"r":[0,0,0],"s":[0.03377026,0.03333544,0.006563045],"c":[1,1,1]}]},{"b":4,"t":7,"s":[{"p":[-0.001933321,0.001197664,0.03243243],"r":[0.9869024,179.1674,108.403],"s":[0.0253453,0.02828594,0.04323237],"c":[1,1,1]}]},{"b":86,"t":7,"s":[{"p":[-0.007394767,0.003252052,0.08633816],"r":[11.81146,265.3326,276.0269],"s":[0.01521717,0.03423288,0.02132522],"c":[1,1,1]}]},{"b":79,"s":[{"p":[-0.009985909,0.002095796,0.09394463],"r":[17.10701,266.8906,275.9328],"s":[0.01495981,0.02607466,0.01571198],"c":[0.4444443,0,0]}]}]}