{"v":9,"a":[1,12,20],"p":[{"b":147,"s":[{"p":[0,0,0],"r":[1.536793E-05,-1.024529E-05,-5.122643E-06],"s":[0.2002842,0.02884595,0.03211135],"c":[1,0.7809523,0.6666666]}]},{"b":3,"s":[{"p":[0.06905036,0.0007768776,0.01440386],"r":[1.705243,356.6844,269.5828],"s":[0.05297975,0.1269378,0.06843477],"c":[1,0.7809523,0.6666666]}]}]}