{"n":"bullet","v":9,"a":[7,31],"p":[{"b":14,"t1":162,"s":[{"p":[0,0,0],"r":[0,0,0],"s":[0.01552987,0.01553088,0.01318793],"c":[1,1,1],"t1":{"c":[1,0.8571429,0],"x":0.5,"y":0.5,"a":0.8925,"m":0,"n":0,"r":0,"g":0,"o":0.5,"t":0.5,"e":0.5}}]}]}