{"v":9,"p":[{"b":205,"t":7,"a":[11,12,37,36],"i":[{"t":"5e68004ce6aadd0617d39189","p":[-0.0004548351,-0.003691792,0.02153056],"r":[354.3937,359.8122,2.436239]}],"s":[{"p":[0.0005588199,0.003237175,0.002970912],"r":[359.8412,0.6720157,359.6298],"s":[0.04500014,0.04500031,0.04500025],"c":[1,1,1],"b":["when starts then become next in 70"]},{"p":[0.001148988,0.1239849,1.199898],"r":[1.341163,0.6622822,359.6297],"s":[0.04500014,0.04500028,0.04500021],"c":[1,1,1],"b":["when starts then become untweened 1 in 10"]}]}]}