{"v":9,"a":[7],"p":[{"t":4,"s":[{"p":[0,0,0],"r":[0,0,0],"s":[0.001,0.001,0.001],"c":[0.3333332,1,0.7142858],"b":["when told by body open, then become 2 in 0s, then play activate laser"]},{"p":[0,0,0],"r":[0,0,0],"s":[0.397439,0.02955748,0.2598083],"c":[0.3333331,1,0.7142858],"b":["when "]}]}]}