{"v":9,"a":[22,18],"p":[{"b":11,"t1":75,"s":[{"p":[0,0,0],"r":[0,0,0],"s":[1.351439,1.875668,1.376027],"c":[0.5555556,0.3809522,0],"t1":{"c":[0,0,0],"x":1,"y":0.05072021,"a":1,"m":0,"n":0,"r":0,"g":0.3014069,"o":0.5,"t":0.5,"e":0.5}}]},{"b":11,"a":[23],"s":[{"p":[-4.767803E-07,-0.001348496,-1.164153E-10],"r":[1.10425E-20,-1.017777E-13,1.243275E-05],"s":[1.513516,1.876409,1.376429],"c":[1,1,1]}]}]}