{"v":9,"p":[{"s":[{"p":[0,0,0],"r":[0,0,0],"s":[0.1750001,0.175,0.175],"c":[1,1,1]}]},{"s":[{"p":[-0.2024941,-0.04946717,-0.1306594],"r":[3.753238,311.3155,348.5617],"s":[0.1750002,0.175,0.1750002],"c":[1,1,1]}]}]}