{"v":9,"a":[7],"p":[{"t":3,"s":[{"p":[0,0,0],"r":[0,0,0],"s":[0.01291732,0.4407436,0.01131118],"c":[1,0.1714285,0]}]}]}