{"v":9,"a":[22,12,18],"p":[{"i":[{"t":"5e6a8179b071e84446d8ae2e","p":[0.0009622501,-0.007596493,0.08993531],"r":[337.5,180,9.969974E-06]}],"s":[{"p":[0,0,0],"r":[0,0,0],"s":[0.8322507,0.04789578,0.02080908],"c":[1,1,1]}]}]}