{"v":9,"a":[1,2,3,22],"p":[{"s":[{"p":[0.06713483,-0.6683925,0.4147039],"r":[18.37741,309.8644,30.46806],"s":[0.1750609,0.175063,0.1750502],"c":[1,1,1],"b":["when triggered then become next"]},{"p":[0,0,0],"r":[0,0,6.403302E-07],"s":[0.3106969,0.175,0.1750001],"c":[0,1,1],"b":["when starts then become next"]}]}]}