{"n":"bullet6","v":9,"p":[{"b":14,"s":[{"p":[0,0,0],"r":[0,0,0],"s":[0.0214932,0.01588858,0.01511212],"c":[1,0.8571429,0]}]}]}