{"n":"clean up remote","v":9,"a":[1,2,3,7,18,31],"p":[{"b":60,"t":1,"s":[{"p":[0,0,0],"r":[0,0,0],"s":[0.07219289,0.02800784,0.1212123],"c":[0.5555556,0.5555556,0.5555556]}]},{"b":145,"s":[{"p":[0.0004406013,0.01729667,0.01993787],"r":[-3.415095E-06,270,270],"s":[0.01725161,0.0172509,0.01725121],"c":[1,0,0]}]},{"b":14,"t":1,"i":[{"t":"5e769a5daa8a456f6b16bcc3","p":[-0.0007538795,1.164153E-10,-0.1000522],"r":[0,0,0]}],"s":[{"p":[0,0,0.09955662],"r":[0,0,0],"s":[0.005501267,0.005501064,0.02605747],"c":[0.5555556,0.5555556,0.5555556]}]}]}