{"v":9,"a":[13],"p":[{"b":5,"s":[{"p":[0,0,0],"r":[0,0,-7.470518E-07],"s":[0.09999999,0.0999999,0.09999992],"c":[1,1,1]}]}]}