{"v":9,"p":[{"b":173,"s":[{"p":[0,0,0],"r":[0,0,4.268868E-07],"s":[0.045,0.045,0.045],"c":[0.2857141,1,0]}]}]}