{"n":"x","v":9,"p":[{"b":73,"s":[{"p":[0,0,0],"r":[0,0,0],"s":[0.1042091,0.104209,0.104209],"c":[1,1,1]}]}]}