{"v":9,"a":[7,18],"p":[{"t":10,"s":[{"p":[0,0,0],"r":[0,0,0],"s":[4.52608,0.1422418,5.251756],"c":[0.5925926,0.8126982,0.8888889]}]}]}