{"v":9,"p":[{"b":140,"e":"memphis_s#2849","s":[{"p":[0,0,0],"r":[0,0,0],"s":[0.003000007,0.003000005,0.003000013],"c":[0.1142856,1,0]}]},{"s":[{"p":[0.1136807,-0.0252528,0.04020213],"r":[274.0991,357.0694,3.494265],"s":[0.2540242,0.06847823,0.07350906],"c":[0,0,0]}]}]}