{"n":"bullet","v":9,"a":[2,15],"p":[{"b":14,"s":[{"p":[0,0,0],"r":[0,0,0],"s":[0.02094284,0.01897794,0.0130236],"c":[0.9714286,1,0]}]}]}