{"v":9,"p":[{"a":[1],"s":[{"p":[0,0,0],"r":[0,0,0],"s":[0.6932218,0.006067128,0.4806862],"c":[1,1,1]}]}]}