{"v":9,"p":[{"b":10,"s":[{"p":[0,0,0],"r":[0,0,0],"s":[0.1250002,0.1250002,0.1250006],"c":[1,1,1]}]},{"b":10,"s":[{"p":[-0.1158074,0.2187741,0.0584648],"r":[329.3742,305.511,48.73458],"s":[0.1250003,0.1250003,0.1250006],"c":[1,1,1]}]}]}