{"v":9,"a":[21],"p":[{"b":14,"s":[{"p":[-0.005637677,-0.0002068412,0.002981406],"r":[343.4585,124.3008,354.8947],"s":[0.01389137,0.01389133,0.01389133],"c":[0,0,0]}]},{"b":14,"s":[{"p":[-0.009257749,-0.003026319,0.003238209],"r":[355.1065,32.84376,16.6038],"s":[0.01389223,0.01389186,0.01389213],"c":[0,0,0]}]}]}