{"v":9,"p":[{"s":[{"p":[0,0,0],"r":[0,0,0],"s":[0.1750002,0.1750001,0.1750002],"c":[1,1,1]}]},{"b":12,"s":[{"p":[0.00900656,-0.007447027,0.1109863],"r":[86.24595,121.566,120.884],"s":[0.06000001,0.05999999,0.06000003],"c":[1,1,1]}]}]}