{"v":9,"a":[12],"p":[{"b":73,"t":2,"a":[18],"pr":40,"s":[{"p":[0,0,0],"r":[0,0,0],"s":[0.2250007,0.225001,0.2250012],"c":[0.8888889,0,0],"pr":{"c":[1,0,0],"m":0.25,"a":0.25,"s":0.15,"z":0.35,"g":0.5,"h":0.5}}]},{"b":73,"t":7,"a":[18],"pr":40,"s":[{"p":[0.00830986,0.01571536,0.08027187],"r":[28.49102,333.4244,153.779],"s":[0.3369466,0.3369477,0.3369481],"c":[1,0,0],"pr":{"c":[1,0,0],"m":0.25,"a":0.25,"s":0.15,"z":0.35,"g":0.5,"h":0.5}}]}]}