{"v":9,"p":[{"b":9,"t":2,"t1":168,"s":[{"p":[0,0,0],"r":[0,0,0],"s":[0.04472846,0.04472853,0.04472852],"c":[0.2857141,1,0],"b":["when hears protect then become 2 in 0.5s","when hears protect then play magic 5"],"t1":{"c":[0,0,0],"a":0.05}},{"p":[-0.39486,-0.3904915,0.3159232],"r":[3.31176,23.98485,317.7825],"s":[0.5419739,0.05565524,0.5588369],"c":[0.285714,1,0],"b":["when hears stop then become 1 in 0.5s","when hears stop then play magic fizzle 3"],"t1":{"c":[0,0,0],"a":0.05}}]}]}