{"v":9,"a":[31],"p":[{"i":[{"t":"5e800219f8d7fb40f7ec9f50","p":[0.1831781,0.06051664,0.1272717],"r":[283.5736,186.7521,173.263]},{"t":"5e8005ff7c3a81063147ad92","p":[0.1831781,0.06051664,0.1272717],"r":[283.5736,186.7521,173.263]},{"t":"5e800aa1888753170ebf8b76","p":[0.1831781,0.06051664,0.1272717],"r":[283.5736,186.7521,173.263]},{"t":"5e800694bc001440f2d1c29b","p":[0.1831781,0.06051664,0.1272717],"r":[283.5736,186.7521,173.263]}],"s":[{"p":[0,0,0],"r":[0,0,0],"s":[0.02845381,0.02845396,0.02845403],"c":[1,1,1]}]}]}