{"v":9,"a":[2,3],"p":[{"b":43,"i":[{"t":"5e823980838ee073ba820858","p":[-0.03823585,0.03316934,-0.03434528],"r":[347.2394,149.7347,252.0145]}],"s":[{"p":[-0.02840782,0.05720763,0.1382935],"r":[358.9846,258.5631,262.2527],"s":[0.1250007,0.1250004,0.1410711],"c":[0,0,0]}]}]}