{"n":"he","v":9,"a":[31],"p":[{"b":10,"s":[{"p":[0,0,0],"r":[0,0,0],"s":[0.04360223,0.04360224,0.04360225],"c":[0,0,0]}]}]}