{"v":9,"p":[{"b":136,"e":"MARIO","s":[{"p":[0,0,0],"r":[0,0,0],"s":[0.009501735,0.009501728,0.009501732],"c":[0,0,0]}]}]}