{"v":9,"a":[1,2,32],"p":[{"b":12,"c":[[-0.445,0.781,2.889,522,3,228,32],[-0.511,-0.152,3.252,266,3,120,5],[-2.461,0.278,2.85,400,3,124,5],[-3.505,0.013,1.007,412,5,123],[-3.289,0.24,-1.357,426,3,118,5],[-2.893,-1.122,-1.437,238,3,58,5],[-2.873,-0.317,-2.855,310,4,121,6],[-1.081,-0.719,1.273,132,3,22,8]],"s":[{"p":[-0.07370064,0.02632616,0.05512365],"r":[63.43015,29.64073,61.19182],"s":[0.06000001,0.06,0.06000001],"c":[0,0.3999996,1]}]},{"b":5,"c":[[-0.909,0.21,2.141,23,40,14],[-1.333,0.091,-0.46,24,15],[-0.004,1.32,2.224,17,49],[-0.146,-0.907,2.208,31,27],[-1.059,-0.404,2.124,27,33]],"s":[{"p":[-0.1049478,0.03805335,0.132735],"r":[345.4089,320.246,29.71784],"s":[0.1,0.1000001,0.1000001],"c":[0.09876534,0.4148143,0.8888889]}]},{"b":17,"c":[[-2.125,-1.278,-1.561,200,3,66,5],[-1.418,-1.452,0.092,123,69,2,67],[-1.909,0.248,-0.833,340,3,66,5]],"s":[{"p":[-0.03511735,-0.0009716023,-0.001127027],"r":[358.2705,2.392561,354.0599],"s":[0.06000002,0.0600001,0.06000006],"c":[0.7777778,0.4839506,0.1728394]}]}]}