{"v":9,"a":[7,18,31],"p":[{"b":183,"t":11,"s":[{"p":[0.010396,0,0],"r":[270,90.00001,0],"s":[0.004150807,0.007475868,0.004150972],"c":[0.8888889,0.7026455,0.2962962]}]},{"b":5,"t":11,"s":[{"p":[0.02554607,0,0],"r":[0,270,180],"s":[0.006098336,0.006098328,0.006098577],"c":[0.8888889,0.7026455,0.2962962]}]},{"b":5,"t":11,"s":[{"p":[-0.01815224,0,0],"r":[0,270,180],"s":[0.004532703,0.004532736,0.04212423],"c":[0.8888889,0.7026455,0.2962962]}]}]}