{"v":9,"a":[7,18,24],"bod":{"al": {"i":"5e8949a6bdfdf448b1f6be33","p":[-0.02263579,-0.04897063,-0.1479992],"r":[330.7892,247.3479,267.2209]},"lt": {"i":"5e893bc5bdfdf448b1f6be31","p":[-0.02833223,-0.01919544,-0.1403699],"r":[359.1816,275.2298,265.0872]}},"p":[{"b":73,"c":[[-0.148,0.257,0.355,139,177],[-0.06,0.27,0.369,137,181],[0.011,0.265,0.378,130,190],[0.184,0.248,0.344,125,206],[0.099,0.254,0.366,124,205],[0.236,0.239,0.32,127,206],[-0.176,0.291,0.233,140],[-0.084,0.311,0.243,138],[0,0.308,0.256,131],[0.094,0.297,0.246,122],[0.168,0.273,0.241,123],[0.277,0.263,0.205,126],[0.28,0.26,0.324,230,104],[0.317,0.275,0.277,129,103,103],[-0.287,0.282,0.289,143,170,63],[-0.226,0.226,0.315,141,173],[-0.267,0.274,0.241,142],[-0.296,0.302,0.162,145],[-0.312,0.318,0.083,147],[-0.317,0.319,-0.008,149,29],[-0.32,0.319,-0.094,174],[-0.18,0.325,0.157,151],[-0.083,0.338,0.161,154],[0.017,0.329,0.159,134],[0.105,0.319,0.143,120],[0.176,0.315,0.147,121],[0.307,0.269,0.129,133],[0.336,0.288,0.215,128,105],[0.355,0.302,0.151,132,103],[0.379,0.33,0.07,135,102],[0.379,0.332,-0.012,101,138],[-0.174,0.366,-0.118,175],[-0.175,0.344,-0.244,171],[-0.082,0.366,-0.247,172],[-0.169,0.331,-0.034,153,26],[-0.179,0.343,0.067,152],[-0.077,0.366,0.071,155],[0.014,0.364,0.07,157],[0.1,0.341,0.067,118],[0.185,0.326,0.071,119],[0.323,0.304,0.041,136],[0.305,0.312,-0.058,100],[0.003,0.363,-0.246,114],[0.109,0.356,-0.239,109],[0.184,0.335,-0.23,104],[0.278,0.287,-0.222,96],[0.291,0.318,-0.126,98],[0.357,0.34,-0.101,99,149],[0.181,0.336,-0.043,106],[0.175,0.342,-0.117,105],[0.081,0.354,-0.13,110],[0.103,0.363,-0.035,111],[0.027,0.379,-0.036,116,1,41,1,1,21],[-0.089,0.375,-0.037,156,24],[-0.007,0.378,-0.13,115],[-0.095,0.372,-0.112,176],[-0.274,0.369,-0.187,170],[-0.342,0.348,-0.094,173,252],[0.468,0.118,-0.071,262],[0.473,0.001,-0.098,205],[0.471,-0.083,-0.095,200],[0.449,-0.179,-0.094,195],[0.455,-0.185,0.002,196],[0.456,-0.185,0.096,208],[0.478,-0.095,0.101,207],[0.486,0.121,0.091,244],[0.482,0.126,0.01,245],[0.477,0.011,0.097,246]],"sa":2,"s":[{"p":[0.01099437,0.1305561,-0.03024292],"r":[358.0618,359.5391,0.6334163],"s":[0.3864238,0.3864727,0.3864559],"c":[1,1,1]}]},{"b":180,"t":1,"s":[{"p":[0.01614332,0.2389009,-0.007296443],"r":[12.49959,4.729451,178.1745],"s":[0.1373486,0.05353407,0.1460991],"c":[0.3333332,0.3015872,0.111111]}]},{"b":200,"s":[{"p":[0.01254725,0.1261368,-0.1540833],"r":[87.96125,17.64042,18.09058],"s":[0.07449146,0.04605512,0.06957593],"c":[1,1,1]}]},{"b":200,"t":1,"s":[{"p":[0.01288092,0.1247327,-0.1955702],"r":[87.96106,17.64089,18.09106],"s":[0.07803407,0.00544299,0.07311806],"c":[0.7777778,0.7777778,0.7777778]}]},{"b":149,"t":1,"s":[{"p":[0.1414055,-0.01773691,-0.1071141],"r":[25.45457,97.57448,4.425887],"s":[0.02924822,0.01278572,0.0127861],"c":[0.7777778,0.7777778,0.7777778]}]},{"b":202,"t":1,"s":[{"p":[0.1398491,-0.01661944,-0.1250606],"r":[4.398977,95.35358,273.6895],"s":[0.006761652,0.004482394,0.006761731],"c":[0.7777778,0.7777778,0.7777778]}]},{"b":204,"s":[{"p":[0.141026,-0.01689291,-0.1174638],"r":[27.03727,98.24129,273.5865],"s":[0.009095819,0.009095821,0.009095877],"c":[1,1,1]}]},{"b":16,"t":1,"s":[{"p":[0.141403,-0.01875305,-0.09696352],"r":[20.84499,96.78719,91.64192],"s":[0.01177103,0.01177115,0.01177119],"c":[0.7777778,0.7777778,0.7777778]}]},{"b":5,"t":1,"s":[{"p":[0.1334708,-0.01047659,-0.09694695],"r":[40.01836,98.98785,318.3985],"s":[0.0122571,0.01225698,0.02966972],"c":[0.7777778,0.7777778,0.7777778]}]},{"b":144,"t":1,"s":[{"p":[0.1046649,0.001887798,-0.1747122],"r":[55.05201,79.58763,352.6309],"s":[0.006503237,0.006505087,0.006501945],"c":[0.111111,0.111111,0.111111]}]},{"b":202,"t":1,"t1":80,"s":[{"p":[0.105808,0.0007705688,-0.186465],"r":[55.05202,79.58762,262.6308],"s":[0.003928363,0.009873395,0.00392727],"c":[0.7777778,0.7777778,0.7777778],"t1":{"c":[0.4444444,0.4444444,0.4444444],"x":0.5,"y":0.2088741,"a":0.8925,"m":0,"n":0,"r":0,"g":0,"o":0.5,"t":0.5,"e":0.5}}]},{"b":201,"s":[{"p":[0.1056944,0.001074314,-0.1856822],"r":[325.3821,88.55402,264.8778],"s":[0.002790458,0.009478498,0.002791065],"c":[0,0,0]}]},{"b":180,"t":1,"s":[{"p":[0.1043336,0.002058983,-0.1709301],"r":[55.05202,79.58764,82.63081],"s":[0.00931827,0.009317861,0.009314488],"c":[0,0,0]}]},{"b":203,"t":1,"s":[{"p":[0.0991081,0.009477377,-0.1721323],"r":[4.213447,175.6388,325.2749],"s":[0.005901071,0.00590116,0.00590041],"c":[0,0,0]}]},{"b":144,"t":1,"s":[{"p":[0.001231134,-0.02692294,-0.1768895],"r":[78.72073,282.3754,189.6934],"s":[0.006503236,0.006505085,0.006501942],"c":[0.111111,0.111111,0.111111]}]},{"b":202,"t":1,"t1":80,"s":[{"p":[0.0006335378,-0.0276618,-0.1887125],"r":[78.72076,282.3755,99.69347],"s":[0.003928364,0.009873392,0.003927269],"c":[0.7777778,0.7777778,0.7777778],"t1":{"c":[0.4444444,0.4444444,0.4444444],"x":0.5,"y":0.2088741,"a":0.8925,"m":0,"n":0,"r":0,"g":0,"o":0.5,"t":0.5,"e":0.5}}]},{"b":201,"s":[{"p":[0.0008119941,-0.027426,-0.1879182],"r":[11.11617,92.49485,268.0766],"s":[0.002790457,0.009478496,0.002791066],"c":[0,0,0]}]},{"b":180,"t":1,"s":[{"p":[0.001313746,-0.02684259,-0.1730909],"r":[78.72075,282.3755,279.6935],"s":[0.009318266,0.009317861,0.009314485],"c":[0,0,0]}]},{"b":203,"t":1,"s":[{"p":[0.002941847,-0.01785731,-0.1737235],"r":[1.887296,182.8658,11.12232],"s":[0.005901075,0.005901159,0.00590041],"c":[0,0,0]}]},{"b":149,"t":1,"s":[{"p":[0.03779262,-0.05850768,-0.1089649],"r":[67.01244,102.2712,12.41416],"s":[0.02924823,0.01278572,0.0127861],"c":[0.7777778,0.7777778,0.7777778]}]},{"b":202,"t":1,"s":[{"p":[0.03760892,-0.05724573,-0.1269684],"r":[46.20147,94.95438,276.0463],"s":[0.006761653,0.004482394,0.006761732],"c":[0.7777778,0.7777778,0.7777778]}]},{"b":204,"t":1,"s":[{"p":[0.03820568,-0.05797672,-0.1193342],"r":[68.48441,104.4757,283.3204],"s":[0.009095823,0.009095825,0.009095879],"c":[1,0,0]}]},{"b":16,"t":1,"s":[{"p":[0.03698266,-0.05891943,-0.09880424],"r":[62.51978,99.30491,97.25452],"s":[0.01177103,0.01177115,0.01177119],"c":[0.7777778,0.7777778,0.7777778]}]},{"b":5,"t":1,"s":[{"p":[0.03659385,-0.04746819,-0.0991807],"r":[80.77943,121.8387,344.5639],"s":[0.0122571,0.01225698,0.02966972],"c":[0.7777778,0.7777778,0.7777778]}]},{"b":149,"t":1,"s":[{"p":[-0.009528071,-0.06241035,-0.1094611],"r":[80.12014,114.73,24.65554],"s":[0.02924822,0.01278572,0.0127861],"c":[0.7777778,0.7777778,0.7777778]}]},{"b":202,"t":1,"s":[{"p":[-0.009641826,-0.06138182,-0.1274797],"r":[59.68103,96.20679,276.8119],"s":[0.006761653,0.004482394,0.006761731],"c":[0.7777778,0.7777778,0.7777778]}]},{"b":204,"t":1,"s":[{"p":[-0.009134471,-0.06212902,-0.1198409],"r":[81.33125,122.0818,300.7775],"s":[0.009095822,0.009095823,0.009095877],"c":[0.1975307,0.2370366,0.8888889]}]},{"b":16,"t":1,"s":[{"p":[-0.01028246,-0.06248569,-0.09928787],"r":[75.86765,105.3429,102.9923],"s":[0.01177102,0.01177115,0.01177118],"c":[0.7777778,0.7777778,0.7777778]}]},{"b":5,"t":1,"s":[{"p":[-0.008000731,-0.05126476,-0.09984386],"r":[83.06653,234.573,97.17876],"s":[0.0122571,0.01225698,0.02966972],"c":[0.7777778,0.7777778,0.7777778]}]},{"b":60,"s":[{"p":[0.01050133,-0.0604527,-0.02107215],"r":[356.956,357.6823,178.9349],"s":[0.1062367,0.002348672,0.05849071],"c":[0,0,0]}]},{"b":138,"e":"HAMILTON STANDARD","s":[{"p":[0.05737466,-0.0623889,0.006523252],"r":[273.2247,158.388,19.26605],"s":[0.001202188,0.001202301,0.001202282],"c":[0,0,0]}]},{"b":138,"e":"1968 MODEL II, SN12","s":[{"p":[0.05326068,-0.0626893,-0.003987312],"r":[273.2247,158.388,19.26605],"s":[0.001072198,0.001072345,0.001072278],"c":[0,0,0]}]},{"b":60,"t":1,"s":[{"p":[0.01094192,-0.06129313,-0.02128363],"r":[356.956,357.6823,178.9349],"s":[0.1010718,0.002350719,0.0553357],"c":[0.6666667,0.6666667,0.6666667]}]},{"b":131,"e":"E. HOSACK,","s":[{"p":[0.04893392,-0.06346273,-0.01553059],"r":[273.2247,158.388,19.26605],"s":[0.001358279,0.001358482,0.001358353],"c":[0,0,0]}]},{"b":131,"e":"PILOT","s":[{"p":[0.02296633,-0.06439877,-0.0315448],"r":[273.2247,158.388,19.26605],"s":[0.001072166,0.001072346,0.001072284],"c":[0,0,0]}]},{"t":1,