{"v":9,"p":[{"b":14,"t":9,"s":[{"p":[0,0,0],"r":[0,0,0],"s":[0.06,0.06000005,0.06000007],"c":[0.5555556,0.4391533,0.1851851]}]},{"b":14,"t":9,"s":[{"p":[-0.6201751,0.1936934,0.07214165],"r":[355.9241,353.0283,331.884],"s":[0.06000001,0.06,0.06000004],"c":[0.5555556,0.4391533,0.1851851]}]},{"b":14,"t":9,"s":[{"p":[-0.5025496,-0.1210508,0.06900549],"r":[354.6086,3.272613,339.7277],"s":[0.06000001,0.0600001,0.06000014],"c":[0.5555556,0.4391533,0.1851851]}]}]}