{"v":9,"a":[22,18,21],"p":[{"b":177,"s":[{"p":[-0.0131972,0.02632542,0.01167679],"r":[1.416746E-05,2.035555E-12,2.516647E-19],"s":[0.02466746,0.08074643,0.3587016],"c":[1,1,1]}]},{"s":[{"p":[-0.02427388,-0.01476556,0.01075888],"r":[9.126235E-14,6.648797E-13,315],"s":[0.1472533,0.03165706,1.429947],"c":[1,1,1]}]}]}