{"v":9,"a":[22],"p":[{"t":1,"s":[{"p":[0,0,0],"r":[0,0,0],"s":[0.1241475,6.588404,0.5575073],"c":[0.4444441,0.4444441,0.4444441]}]}]}