{"v":9,"a":[2,49],"p":[{"b":5,"t":1,"t1":23,"s":[{"p":[0,0,0],"r":[0,0,0],"s":[0.004617109,0.00671753,0.008434253],"c":[0.7777778,0.7777778,0.7777778],"t1":{"c":[0,0,0],"x":0.17,"y":0.17,"a":0.6093794,"m":0.5,"n":0.5,"r":0,"g":0,"o":0.5,"t":0.5,"e":0.5}}]},{"b":7,"t":1,"a":[38],"t1":23,"s":[{"p":[-0.04533601,-1.27316E-07,0],"r":[1.024528E-05,270,90],"s":[0.009969975,0.003294325,0.1219208],"c":[0.7777778,0.7777778,0.7777778],"t1":{"c":[0,0,0],"x":0.17,"y":0.17,"a":0.6093794,"m":0.5,"n":0.5,"r":0,"g":0,"o":0.5,"t":0.5,"e":0.5}}]},{"b":86,"t":1,"a":[38],"t1":23,"s":[{"p":[-0.131397,-0.0004940033,0.003405631],"r":[270,0,0],"s":[0.0192473,0.007271435,0.01113459],"c":[0.7777778,0.7777778,0.7777778],"t1":{"c":[0,0,0],"x":0.17,"y":0.17,"a":0.6093794,"m":0.5,"n":0.5,"r":0,"g":0,"o":0.5,"t":0.5,"e":0.5}}]}]}