{"v":9,"a":[7],"p":[{"b":109,"e":"LIVE","s":[{"p":[-0.3278474,0.1883748,-0.007595601],"r":[3.763252E-13,3.289939E-20,1.001791E-05],"s":[0.007691928,0.007691315,0.007691834],"c":[1,1,1]}]},{"b":109,"e":"LAUGH","s":[{"p":[-0.2159327,0.121548,-0.005258124],"r":[3.763252E-13,3.289939E-20,1.001791E-05],"s":[0.007692356,0.007691473,0.007692073],"c":[1,1,1]}]},{"b":109,"e":"LOVE","s":[{"p":[-0.01275054,0.06290156,-0.005023253],"r":[3.763252E-13,3.289939E-20,1.001791E-05],"s":[0.007692629,0.007691589,0.007692045],"c":[1,1,1]}]},{"b":5,"s":[{"p":[-0.07147163,0.08688289,-0.001533053],"r":[3.763252E-13,3.289939E-20,1.001791E-05],"s":[0.2141712,0.1197948,0.001000033],"c":[0.3333332,0.2603174,0.2222221]}]}]}