{"v":9,"a":[22,18],"p":[{"b":5,"s":[{"p":[0,0,0],"r":[0,0,0],"s":[0.0159947,0.01657493,0.8407226],"c":[0.4444443,0.3724867,0.2962962]}]},{"b":17,"s":[{"p":[-0.0003744033,-0.03813524,-0.3782797],"r":[292.5,90.00003,-2.677221E-05],"s":[0.1364775,0.06000226,0.06000305],"c":[0.708642,0.7777778,0.4320987]}]},{"b":17,"s":[{"p":[-0.04536518,-0.03813524,-0.3782797],"r":[270,112.5,0],"s":[0.1364842,0.06000633,0.06000565],"c":[0.708642,0.7777778,0.4320987]}]}]}