{"v":9,"a":[2,16,31],"p":[{"b":3,"pr":8,"t1":168,"s":[{"p":[0,0,0],"r":[0,0,0],"s":[0.01028937,0.01028934,0.01028938],"c":[0.5555556,0.5555556,0.5555556],"t1":{"c":[0.1111111,0.1111111,0.1111111],"a":0.01519454},"pr":{"c":[0,0,0],"a":0.1195728}}]}]}