{"v":9,"p":[{"b":73,"s":[{"p":[0,0,0],"r":[0,0,-8.537735E-07],"s":[0.1887454,0.1887453,0.1887453],"c":[1,0.1714285,0]}]}]}