{"v":9,"a":[12,31],"p":[{"b":5,"s":[{"p":[-0.00303177,-0.001437265,0.07204159],"r":[1.990103,358.7587,341.0727],"s":[0.006604987,0.006604988,0.242143],"c":[1,0.8380952,0.6666666]}]},{"b":4,"a":[12,37],"s":[{"p":[0,0,0],"r":[-4.268869E-07,2.561321E-06,1.974352E-06],"s":[0.02911857,0.02911859,0.02911839],"c":[1,0.8380952,0.6666666],"b":["when starts then all parts face nearest a11"]}]}]}