{"v":9,"a":[7,18],"p":[{"i":[{"t":"5e91023f2cec6e061cf230c0","p":[0.2679305,-0.007422939,0.1388171],"r":[0,0,270]}],"s":[{"p":[0,0,0],"r":[0,0,0],"s":[0.175146,0.112339,0.1147427],"c":[0.2222218,0.2222218,0.2222218]}]}]}