{"n":"steveforearm","v":9,"a":[7,12,18],"p":[{"s":[{"p":[0.002892018,0.007080793,0.1209278],"r":[5.008957E-06,90.00001,5.008956E-06],"s":[0.2472367,0.09032221,0.09607185],"c":[0.8888889,0.6970019,0.4938272],"b":["when starts then all parts face nearest rightstevehand"]}]},{"b":2,"a":[12,37],"s":[{"p":[0,0,0],"r":[-2.528877E-34,0,4.07111E-13],"s":[0.03697677,0.04220704,0.0663568],"c":[1,1,1]}]}]}