{"v":9,"a":[22,12,18,27],"p":[{"b":252,"a":[36],"i":[{"t":"5e93d83dca08562279405dc4","p":[-0.009571133,-0.1128342,-0.04025594],"r":[22.51981,-7.504515E-06,-1.626999E-05]}],"c":[[0,0.9,0.5,30,45],[0.3,1,0.4,28,37],[0.5,1.1,0.3,27,36,3],[-0.3,1,0.4,32,48],[-0.5,1.1,0.3,34,3,48],[-0.5,-0.7,0.3,20,13,3],[-0.3,-0.8,0.4,15,16],[0,-0.9,0.5,10,19],[0.3,-0.8,0.4,2,23],[0.5,-0.7,0.3,1,25,38],[-0.6,1.1,0.1,38,48],[-0.6,1.1,0,40,47],[-0.6,1.1,-0.2,42,46],[-0.5,0.4,-0.4,44,4,41],[-0.3,1.1,-0.5,45,39],[-0.3,1.1,-0.1,83],[-0.3,1.1,0.1,82],[0,1,0.2,77],[0.3,1.1,-0.1,72],[0.3,1.1,0.1,70],[0.3,1,0.3,68],[-0.3,1,0.3,81],[0,0.9,0.4,76],[0.6,1.1,0.1,61,6],[0.6,1.1,0,59,10],[0.6,1.1,-0.2,55,16],[0.4,1.1,-0.4,53,5,15],[0.2,1.1,-0.5,51,23],[0,1.1,-0.6,49,30],[0,1.1,-0.1,78],[-0.5,-0.7,-0.4,24,19,4],[0,-0.7,-0.6,14,36],[0.5,-0.7,-0.3,8,46,3],[0.6,-0.7,0,4,56],[0.6,-0.7,-0.2,6,50],[0.6,-0.7,0.2,0,62],[0.3,-0.7,-0.5,9,43],[-0.3,-0.7,-0.5,19,27],[-0.6,-0.7,-0.2,23,18],[-0.6,-0.7,0,22,17],[-0.6,-0.7,0.2,21,14],[-0.2,-0.8,0,17],[-0.2,-0.8,0.2,16],[0,-0.9,0.3,11],[0,-0.8,0,12],[-0.2,-0.8,-0.2,18],[0,-0.8,-0.2,13],[0.2,-0.8,-0.2,7],[0.2,-0.8,0,5],[0.2,-0.8,0.2,3]],"s":[{"p":[0.009571006,0.1196484,-0.006029494],"r":[337.4802,-1.000396E-06,1.633155E-05],"s":[0.01283365,0.02019482,0.01283858],"c":[1,1,1],"b":["when told by body hand triggered right then become next in .1","when any state told by body hand trigger let go right then become 1 in .1","when any state told 1 then become 3 in .1"]},{"p":[0.009571001,0.1055451,-0.01463496],"r":[270,5.010686E-06,0],"s":[0.012836,0.02020087,0.01284066],"c":[1,1,1]},{"p":[0.009571001,0.1055451,-0.01463496],"r":[270,5.010686E-06,0],"s":[0.012836,0.02020087,0.01284066],"c":[1,1,1]}]}]}