{"n":"rightstevehand","v":9,"a":[27,48],"p":[{"a":[12],"i":[{"t":"5e924fe93072145a1a00b9fa","p":[-0.2498813,0.006828212,-0.02289133],"r":[2.600523,92.21692,89.58186],"a":[48]},{"t":"5e93361937741767cfc3ae4d","p":[0.03823415,-0.0161302,-0.01220152],"r":[357.5237,177.8459,307.9825]}],"s":[{"p":[0,0,0],"r":[0,0,0],"s":[0.01343274,0.09402976,0.1016605],"c":[1,1,1]}]}]}