{"n":"rightstevehand","v":9,"a":[27,48,49],"p":[{"a":[12],"i":[{"t":"5e924fe93072145a1a00b9fa","p":[-0.2498813,0.006828212,-0.02289133],"r":[2.600523,92.21692,89.58186],"a":[48]},{"t":"5e933da5226626708ee0a251","p":[0.01039917,-0.00115886,-0.008326618],"r":[46.05591,97.87003,90.24643],"a":[2]}],"s":[{"p":[-0.0005029151,-0.01922211,-0.001941459],"r":[5.665359,32.56886,1.842193],"s":[0.01343357,0.09402996,0.1016658],"c":[1,1,1]}]},{"t":18,"a":[12,38],"s":[{"p":[0.2031616,-0.01873151,-0.1796314],"r":[85.3551,211.5722,171.4218],"s":[0.8953372,0.03834511,0.3517269],"c":[1,1,1]}]}]}