{"v":9,"p":[{"b":3,"s":[{"p":[0,0,0],"r":[0,0,0],"s":[0.02584583,0.04897299,0.04596515],"c":[1,1,1]}]},{"b":3,"s":[{"p":[-0.01033398,-0.0005698197,-0.001195597],"r":[0.04251339,358.9631,359.3281],"s":[0.02584586,0.03238333,0.03350444],"c":[1,0,0],"b":["when touches hand then show board the moon"]}]}]}