{"v":9,"a":[7],"p":[{"s":[{"p":[0,0,0],"r":[0,0,0],"s":[2500,0.2139142,2500],"c":[0.2730157,0.6666667,0.222222]}]}]}