{"v":9,"a":[21],"inc":[["thing","5e95ebd99fa9b225b504c45e"],["thing 2","5e95ecba4d882e25afb7793b"],["thing 3","5e95edad63da3b19b2c38352"]],"p":[{"b":3,"s":[{"p":[0,0,0],"r":[4.40227E-07,-6.764889E-15,-1.760908E-06],"s":[0.04262182,0.04262143,0.04262169],"c":[1,1,1]}]},{"b":14,"s":[{"p":[-0.03358027,0.0630655,0.06012552],"r":[334.0265,308.6748,65.07879],"s":[0.03341339,0.03341342,0.03341333],"c":[1,1,1],"b":["when starts then become 2 in 0.3"]},{"p":[-0.03358027,0.0630655,0.06012552],"r":[334.0265,308.6748,65.07879],"s":[0.03341339,0.03341342,0.03341333],"c":[1,1,1],"b":["when starts then emit thing 3 with 6"]}]},{"b":3,"s":[{"p":[0.04152581,0.04379125,0.02221449],"r":[349.51,3.463145,7.937165],"s":[0.04262189,0.0426216,0.04262171],"c":[1,1,1]}]}]}