{"v":9,"a":[12],"p":[{"b":2,"a":[12],"s":[{"p":[-0.004642495,-0.008008486,0.04345132],"r":[0,-1.001791E-05,0],"s":[0.03109982,0.04129433,0.06377973],"c":[1,1,1]}]},{"b":60,"i":[{"t":"5e9605710442d21c6ae83638","p":[-0.1732962,0.01420406,-0.007089138],"r":[1.382165,271.0013,270.0241]}],"s":[{"p":[-0.01272014,0.00307584,0.2075186],"r":[270,90,0],"s":[0.2853585,0.0602857,0.0633089],"c":[1,1,1],"b":["when starts then all parts face nearest re"]}]}]}