{"v":9,"a":[7,18,24],"bod":{"al": {"i":"5e8949a6bdfdf448b1f6be33","p":[-0.02263579,-0.04897063,-0.1479992],"r":[330.7892,247.3479,267.2209]},"lt": {"i":"5e893bc5bdfdf448b1f6be31","p":[-0.02833223,-0.01919544,-0.1403699],"r":[359.1816,275.2298,265.0872]}},"p":[{"b":73,"c":[[-0.148,0.257,0.355,139,177],[-0.06,0.27,0.369,137,181],[0.011,0.265,0.378,130,190],[0.184,0.248,0.344,125,206],[0.099,0.254,0.366,124,205],[0.236,0.239,0.32,127,206],[-0.176,0.291,0.233,140],[-0.084,0.311,0.243,138],[0,0.308,0.256,131],[0.094,0.297,0.246,122],[0.168,0.273,0.241,123],[0.277,0.263,0.205,126],[0.28,0.26,0.324,230,104],[0.317,0.275,0.277,129,103,103],[-0.287,0.282,0.289,143,170,63],[-0.226,0.226,0.315,141,173],[-0.267,0.274,0.241,142],[-0.296,0.302,0.162,145],[-0.312,0.318,0.083,147],[-0.317,0.319,-0.008,149,29],[-0.32,0.319,-0.094,174],[-0.18,0.325,0.157,151],[-0.083,0.338,0.161,154],[0.017,0.329,0.159,134],[0.105,0.319,0.143,120],[0.176,0.315,0.147,121],[0.307,0.269,0.129,133],[0.336,0.288,0.215,128,105],[0.355,0.302,0.151,132,103],[0.379,0.33,0.07,135,102],[0.379,0.332,-0.012,101,138],[-0.174,0.366,-0.118,175],[-0.175,0.344,-0.244,171],[-0.082,0.366,-0.247,172],[-0.169,0.331,-0.034,153,26],[-0.179,0.343,0.067,152],[-0.077,0.366,0.071,155],[0.014,0.364,0.07,157],[0.1,0.341,0.067,118],[0.185,0.326,0.071,119],[0.323,0.304,0.041,136],[0.305,0.312,-0.058,100],[0.003,0.363,-0.246,114],[0.109,0.356,-0.239,109],[0.184,0.335,-0.23,104],[0.278,0.287,-0.222,96],[0.291,0.318,-0.126,98],[0.357,0.34,-0.101,99,149],[0.181,0.336,-0.043,106],[0.175,0.342,-0.117,105],[0.081,0.354,-0.13,110],[0.103,0.363,-0.035,111],[0.027,0.379,-0.036,116,1,41,1,1,21],[-0.089,0.375,-0.037,156,24],[-0.007,0.378,-0.13,115],[-0.095,0.372,-0.112,176],[-0.274,0.369,-0.187,170],[-0.342,0.348,-0.094,173,252],[0.468,0.118,-0.071,262],[0.473,0.001,-0.098,205],[0.471,-0.083,-0.095,200],[0.449,-0.179,-0.094,195],[0.455,-0.185,0.002,196],[0.456,-0.185,0.096,208],[0.478,-0.095,0.101,207],[0.486,0.121,0.091,244],[0.482,0.126,0.01,245],[0.477,0.011,0.097,246]],"sa":2,"s":[{"p":[0,0,0],"r":[-0.000109283,-2.049048E-05,-8.879244E-05],"s":[0.3864238,0.3864727,0.3864559],"c":[1,1,1]}]},{"b":180,"t":1,"s":[{"p":[0.006521694,0.1074427,0.0265554],"r":[14.48656,5.069821,177.7039],"s":[0.1373486,0.05353407,0.1460991],"c":[0.3333332,0.3015872,0.111111]}]},{"b":200,"s":[{"p":[0.0005540853,-0.0002343953,-0.1239274],"r":[90,-0.0001642091,0],"s":[0.07449146,0.04605512,0.06957593],"c":[1,1,1]}]},{"b":200,"t":1,"s":[{"p":[0.0005540136,-0.0002345145,-0.1654395],"r":[90,-0.0001062528,0],"s":[0.07803407,0.00544299,0.07311806],"c":[0.7777778,0.7777778,0.7777778]}]},{"b":149,"t":1,"s":[{"p":[0.1281711,-0.1469992,-0.08288836],"r":[25.79421,98.98909,6.655708],"s":[0.02924822,0.01278572,0.0127861],"c":[0.7777778,0.7777778,0.7777778]}]},{"b":202,"t":1,"s":[{"p":[0.1264896,-0.1452571,-0.1007737],"r":[4.830255,95.96463,275.6888],"s":[0.006761652,0.004482394,0.006761731],"c":[0.7777778,0.7777778,0.7777778]}]},{"b":204,"s":[{"p":[0.1277216,-0.1458007,-0.0932003],"r":[27.35225,99.72668,275.8514],"s":[0.009095819,0.009095821,0.009095877],"c":[1,1,1]}]},{"b":16,"t":1,"s":[{"p":[0.1282353,-0.1483588,-0.07277831],"r":[21.21561,98.00833,93.79003],"s":[0.01177103,0.01177115,0.01177119],"c":[0.7777778,0.7777778,0.7777778]}]},{"b":5,"t":1,"s":[{"p":[0.1203954,-0.1400026,-0.07241806],"r":[40.29527,101.1428,321.0417],"s":[0.0122571,0.01225698,0.02966972],"c":[0.7777778,0.7777778,0.7777778]}]},{"b":144,"t":1,"s":[{"p":[0.09113225,-0.1246987,-0.1494866],"r":[55.96946,82.68904,355.8471],"s":[0.006503237,0.006505087,0.006501945],"c":[0.111111,0.111111,0.111111]}]},{"b":202,"t":1,"t1":80,"s":[{"p":[0.09217275,-0.1254291,-0.1612793],"r":[55.96947,82.68904,265.847],"s":[0.003928363,0.009873395,0.00392727],"c":[0.7777778,0.7777778,0.7777778],"t1":{"c":[0.4444444,0.4444444,0.4444444],"x":0.5,"y":0.2088741,"a":0.8925,"m":0,"n":0,"r":0,"g":0,"o":0.5,"t":0.5,"e":0.5}}]},{"b":201,"s":[{"p":[0.09206851,-0.1251508,-0.1604857],"r":[326.071,87.69621,267.2002],"s":[0.002790458,0.009478498,0.002791065],"c":[0,0,0]}]},{"b":180,"t":1,"s":[{"p":[0.09083184,-0.1246523,-0.1456984],"r":[55.96949,82.68906,85.84707],"s":[0.00931827,0.009317861,0.009314488],"c":[0,0,0]}]},{"b":203,"t":1,"s":[{"p":[0.08567958,-0.1171415,-0.1466068],"r":[2.322696,176.1326,326.0394],"s":[0.005901071,0.00590116,0.00590041],"c":[0,0,0]}]},{"b":144,"t":1,"s":[{"p":[-0.01262725,-0.1523019,-0.1518054],"r":[78.35745,272.9149,179.5822],"s":[0.006503236,0.006505085,0.006501942],"c":[0.111111,0.111111,0.111111]}]},{"b":202,"t":1,"t1":80,"s":[{"p":[-0.01332364,-0.152633,-0.1636414],"r":[78.35748,272.915,89.58222],"s":[0.003928364,0.009873392,0.003927269],"c":[0.7777778,0.7777778,0.7777778],"t1":{"c":[0.4444444,0.4444444,0.4444444],"x":0.5,"y":0.2088741,"a":0.8925,"m":0,"n":0,"r":0,"g":0,"o":0.5,"t":0.5,"e":0.5}}]},{"b":201,"s":[{"p":[-0.0131365,-0.1524262,-0.162841],"r":[11.64227,93.34155,270.086],"s":[0.002790457,0.009478496,0.002791066],"c":[0,0,0]}]},{"b":180,"t":1,"s":[{"p":[-0.01251464,-0.1523513,-0.148007],"r":[78.35745,272.9149,269.5822],"s":[0.009318266,0.009317861,0.009314485],"c":[0,0,0]}]},{"b":203,"t":1,"s":[{"p":[-0.01079223,-0.1433678,-0.1483484],"r":[359.9157,183.3242,11.64231],"s":[0.005901075,0.005901159,0.00590041],"c":[0,0,0]}]},{"b":149,"t":1,"s":[{"p":[0.02410288,-0.186564,-0.08528396],"r":[67.11804,107.5356,17.64108],"s":[0.02924823,0.01278572,0.0127861],"c":[0.7777778,0.7777778,0.7777778]}]},{"b":202,"t":1,"s":[{"p":[0.02379506,-0.1846904,-0.1032324],"r":[46.61299,97.50253,278.9427],"s":[0.006761653,0.004482394,0.006761732],"c":[0.7777778,0.7777778,0.7777778]}]},{"b":204,"t":1,"s":[{"p":[0.02444224,-0.1856863,-0.09563235],"r":[68.50508,110.1028,288.884],"s":[0.009095823,0.009095825,0.009095879],"c":[1,0,0]}]},{"b":16,"t":1,"s":[{"p":[0.02336637,-0.1873113,-0.07513683],"r":[62.74657,103.671,101.6635],"s":[0.01177103,0.01177115,0.01177119],"c":[0.7777778,0.7777778,0.7777778]}]},{"b":5,"t":1,"s":[{"p":[0.02310124,-0.1758503,-0.07512265],"r":[80.0822,133.6819,356.1164],"s":[0.0122571,0.01225698,0.02966972],"c":[0.7777778,0.7777778,0.7777778]}]},{"b":149,"t":1,"s":[{"p":[-0.02326047,-0.1899371,-0.08553135],"r":[79.67052,126.3616,36.01185],"s":[0.02924822,0.01278572,0.0127861],"c":[0.7777778,0.7777778,0.7777778]}]},{"b":202,"t":1,"s":[{"p":[-0.02350104,-0.188297,-0.1035034],"r":[60.025,100.1184,280.8143],"s":[0.006761653,0.004482394,0.006761731],"c":[0.7777778,0.7777778,0.7777778]}]},{"b":204,"t":1,"s":[{"p":[-0.02294342,-0.1893082,-0.09589852],"r":[80.61449,134.5799,312.9751],"s":[0.009095822,0.009095823,0.009095877],"c":[0.1975307,0.2370366,0.8888889]}]},{"b":16,"t":1,"s":[{"p":[-0.0239376,-0.1903491,-0.07536078],"r":[75.80558,113.8765,111.3283],"s":[0.01177102,0.01177115,0.01177118],"c":[0.7777778,0.7777778,0.7777778]}]},{"b":5,"t":1,"s":[{"p":[-0.02153635,-0.1791411,-0.07555529],"r":[81.34987,226.9261,89.00743],"s":[0.0122571,0.01225698,0.02966972],"c":[0.7777778,0.7777778,0.7777778]}]},{"b":60,"s":[{"p":[-0.002533328,-0.1911935,0.002709331],"r":[358.8726,358.1578,178.2388],"s":[0.1062367,0.002348672,0.05849071],"c":[0,0,0]}]},{"b":138,"e":"HAMILTON STANDARD","s":[{"p":[0.04452602,-0.1945696,0.02984573],"r":[272.0909,120.7712,57.36938],"s":[0.001202188,0.001202301,0.001202282],"c":[0,0,0]}]},{"b":138,"e":"1968 MODEL II, SN12","s":[{"p":[0.04032848,-0.1944691,0.01936444],"r":[272.0909,120.7712,57.36938],"s":[0.001072198,0.001072345,0.001072278],"c":[0,0,0]}]},{"b":60,"t":1,"s":[{"p":[-0.002103691,-0.192031,0.002466017],"r":[358.8726,358.1578,178.2388],"s":[0.1010718,0.002350719,0.0553357],"c":[0.6666667,0.6666667,0.6666667]}]},{"b":131,"e":"E. HOSACK,","s":[{"p":[0.03590503,-0.194804,0.007836765],"r":[272.0909,120.7712,57.36938],"s":[0.001358279,0.001358482,0.001358353],"c":[0,0,0]}]},{"b":131,"e":"PILOT","s":[{"p":[0.009806608,-0.1949164,-0.007990664],"r":[272.0909,120.7712,57.36938],"s":[0.001072166,0.001072346,0.001072284],"c":[0,0,0]}]},{"t":1,