{"n":"magic","v":9,"a":[5,22,18,36,37],"p":[{"s":[{"p":[0,0,0],"r":[0,0,0],"s":[0.1750487,0.1750066,0.175047],"c":[1,0,0],"pr":{"c":[1,0,0],"m":0.25,"a":0.25,"s":0.15,"z":0.25,"g":0.5,"h":0.25}}]}]}