{"n":"2568","v":9,"a":[21,48],"p":[{"b":3,"s":[{"p":[0,0,0],"r":[0,0,0],"s":[0.02790844,0.0279085,0.02790849],"c":[1,1,1]}]}]}