{"n":"stormatranoch","v":9,"a":[24,31],"bod":{"ar": {"i":"5e9b8cb3271f7522f857ed19","p":[0.03232925,-0.04163568,-0.1348311],"r":[19.74937,267.5802,177.6017]}},"p":[{"b":3,"s":[{"p":[0,0,0],"r":[0,0,0],"s":[0.03750633,0.03750631,0.03750633],"c":[1,1,1]}]}]}