{"v":9,"a":[7,18,49],"p":[{"b":122,"t":2,"e":"FACTORY RESETTE","s":[{"p":[-1.643509,0.03072768,0.2703159],"r":[90,-1.931869E-05,0],"s":[0.05004314,0.05000207,0.05004732],"c":[1,1,1]}]},{"t":2,"s":[{"p":[-0.08810806,1.575495E-08,0],"r":[0,0,0],"s":[4.145789,0.01742923,0.8227708],"c":[1,1,1],"b":["when starts then become next in 1s"]},{"p":[-0.08810806,1.575495E-08,0],"r":[0,0,0],"s":[4.145789,0.01742923,0.8227708],"c":[0.4571431,0,1],"b":["when starts then become next in 1s"]}]},{"t":2,"s":[{"p":[-0.08810806,-0.0058441,0],"r":[0,0,-1.024528E-05],"s":[4.005378,0.04187085,0.6643627],"c":[0.4571431,0,1]}]}]}