{"n":"flames","v":9,"a":[24,31],"bod":{"ar": {"i":"5e9b1e6a58fcd0061f4d6a39","p":[0.03065947,-0.03985405,-0.1365909],"r":[19.30495,267.624,176.5125]}},"p":[{"b":3,"s":[{"p":[0,0,0],"r":[0,0,0],"s":[0.02912284,0.02912298,0.02912311],"c":[1,1,1]}]}]}