{"n":"lhp","v":9,"a":[22,27],"p":[{"a":[12,37],"i":[{"t":"5e9601005ea1ba784cbe381c","p":[-0.01041947,0.3218318,0.003734499],"r":[0.7655796,358.8759,1.293623]}],"s":[{"p":[0,0,0],"r":[0,0,0],"s":[0.1038359,0.01248657,0.1052571],"c":[1,1,1]}]}]}