{"v":9,"a":[7],"p":[{"a":[12],"s":[{"p":[0.002425134,-0.02135468,-0.5172793],"r":[1.526666E-13,1.024528E-05,-1.707547E-06],"s":[0.04187322,0.1750099,0.1750095],"c":[1,1,1],"b":["when touches k then play button click 2"]}]},{"a":[12],"s":[{"p":[-0.002378419,-0.02781487,-0.05715817],"r":[1.526666E-13,1.024528E-05,-1.707547E-06],"s":[0.04187256,0.1750078,0.1750075],"c":[1,1,1],"b":["when touches k then play button click 2"]}]}]}