{"n":"rhp","v":9,"a":[22,27],"p":[{"a":[12,37],"i":[{"t":"5e9ca012a3ccac60f651be60","p":[-0.01157048,-0.3432317,0.01499936],"r":[0,1.001791E-05,0],"a":[48,49]},{"t":"5e9ca046199ddc26dafb2b29","p":[-0.007603639,0.07101942,0.003480918],"r":[271.0025,131.2896,317.8981]}],"s":[{"p":[0,0,0],"r":[0,0,0],"s":[0.09755294,0.009310252,0.08583777],"c":[1,1,1]}]}]}