{"v":9,"a":[7,18],"p":[{"s":[{"p":[0,0,0],"r":[0,0,0],"s":[0.7003438,0.03862409,0.9664867],"c":[1,1,1]}]}]}