{"v":9,"a":[7,18],"p":[{"s":[{"p":[0,0,0],"r":[0,0,0],"s":[0.8535891,0.01045261,2.916874],"c":[1,1,1]}]}]}