{"v":9,"a":[7,18],"p":[{"b":5,"s":[{"p":[0,0,0],"r":[0,0,0],"s":[0.1000019,0.100001,0.1000018],"c":[1,1,1]}]},{"b":5,"t":3,"s":[{"p":[0,1.192093E-07,0.04185915],"r":[0,0,0],"s":[0.04066145,0.04066144,0.001000155],"c":[1,1,1]}]}]}