{"n":"gun","v":9,"a":[2],"p":[{"b":205,"s":[{"p":[0,0,0],"r":[0,0,-5.336086E-07],"s":[0.03704691,0.05614115,0.1384339],"c":[0,0,0],"b":["when triggered then tell in front a, become next in 0.05s"]},{"p":[0,0,0],"r":[0,0,-5.336086E-07],"s":[0.03704691,0.05614115,0.1129324],"c":[0,0,0],"b":["when starts then become previous in 0.05s"]}]}]}