{"n":"ting","v":9,"a":[7,18],"p":[{"s":[{"p":[0,-0.0106833,0],"r":[0,0,0],"s":[0.05954872,0.7576361,0.4111181],"c":[0.6666667,0.4571426,0]}]},{"s":[{"p":[0.4344249,-0.3563178,0.002068043],"r":[270,270,0],"s":[0.3586113,0.8286746,0.05525893],"c":[0.6666667,0.4571426,0]}]},{"s":[{"p":[0.4440213,0.3233043,0.002068043],"r":[270,270,0],"s":[0.3586385,0.8286844,0.05526431],"c":[0.6666667,0.4571426,0]}]}]}