{"n":"blade","v":9,"a":[7],"p":[{"b":39,"pr":2,"t1":167,"t2":168,"s":[{"p":[-0.3588944,-0.9289804,0.2374803],"r":[-1.001791E-05,-6.157171E-14,1.001791E-05],"s":[0.01154632,1.084532,0.0576075],"c":[1,1,1],"t1":{"c":[1,1,1],"a":0.75},"t2":{"c":[1,1,1],"a":0.01249771},"pr":{"c":[1,1,1],"m":0.5546892,"a":0.25,"s":0.2415137,"z":0.2375474,"g":0.6055179,"h":0.1116743}}]},{"b":251,"pr":2,"t1":167,"t2":168,"s":[{"p":[-0.3585778,-0.4951403,0.2375088],"r":[3.763252E-13,3.289939E-20,1.001791E-05],"s":[0.01295938,0.2400118,0.0626665],"c":[1,1,1],"t1":{"c":[1,1,1],"a":0.75},"t2":{"c":[1,1,1],"a":0.01249771},"pr":{"c":[1,1,1],"m":0.25,"a":0.25,"s":0.15,"z":0.25,"g":0.5,"h":0.25}}]}]}