{"v":9,"a":[7,18],"p":[{"b":20,"e":"BLACK VOID HALLWAY","s":[{"p":[-0.12502,0,0],"r":[0,0,-1.024528E-05],"s":[0.006650739,0.006650806,0.006650711],"c":[1,1,1]}]},{"b":20,"e":"BLACK INNER TUBE IS UNCOLLIDABLE.\nRED OUTER IS LIQUID TO DESTROY ANYTHING\nTHROWN INTO THE VOID TO NOT BREAK THE\nILLUSION OF A VOID.","s":[{"p":[-0.09770393,-0.116106,0],"r":[0,0,8.537737E-06],"s":[0.00300041,0.003000478,0.003000427],"c":[1,1,1]}]}]}