{"v":9,"a":[7,18],"p":[{"b":20,"e":"LEADING TO THE BACKYARD, REPEATED THE SAME\nHALLWAY SEVERAL TIMES IN A ROW WITH MINOR\nVARIATIONS TO TEST THE PLAYER'S SANITY.","s":[{"p":[-0.06453991,-0.04978561,0],"r":[0,0,0],"s":[0.002999915,0.003000067,0.003000251],"c":[1,1,1]}]},{"b":20,"e":"THE \"P.T.\" HALLWAY","s":[{"p":[-0.06129552,0.06537818,0],"r":[0,0,2.049057E-05],"s":[0.007250565,0.007251068,0.007251636],"c":[1,1,1]}]}]}