{"n":"arm a","v":9,"a":[22,12,21],"p":[{"b":3,"s":[{"p":[0,0,0],"r":[0,0,0],"s":[0.0196937,0.01969308,0.01969379],"c":[0.4444443,0.4444443,0.4444443],"b":["when starts then all parts face nearest hand a"]}]},{"b":5,"s":[{"p":[0.0004854203,0.0004851222,0.02029282],"r":[9.659353E-06,0,90],"s":[0.01012701,0.01000579,0.04374881],"c":[0.4444443,0.4444443,0.4444443]}]},{"b":77,"s":[{"p":[0.0004246235,-0.0002806783,0.04024041],"r":[270,180,0],"s":[0.01122935,0.01122882,0.01122825],"c":[0.4444443,0.4444443,0.4444443]}]},{"b":5,"t":21,"s":[{"p":[0.0007877351,0.001561105,0.04683304],"r":[-9.951303E-06,-5.672653E-06,112.5],"s":[0.006374349,0.006374349,0.006374341],"c":[1,0.5142855,0],"b":["when starts then project with 50.5 max","when starts then show line with 0.03 width"]}]}]}