{"v":9,"a":[20,21],"p":[{"b":73,"im":"866240102626203324/419E18F588E0BB62BEA0CF0A979F0CE29BE23084/","s":[{"p":[0,0,0],"r":[1.707547E-06,2.035554E-13,1.366038E-05],"s":[6.577178,6.57725,6.577233],"c":[1,1,1]}]}]}