{"v":9,"a":[1,7,18],"p":[{"a":[1],"s":[{"p":[-0.1950026,0,0],"r":[0,0,0],"s":[3.47676,0.008101804,2.196075],"c":[0,0,0]}]}]}