{"v":9,"a":[22,13],"p":[{"t":19,"s":[{"p":[0,0,0],"r":[0,0,0],"s":[7.001049,0.001000064,3.639503],"c":[0.8888889,0.8888889,0.8888889]}]},{"t":19,"s":[{"p":[-0.0612065,1.706124,-1.725523],"r":[90,-1.001791E-05,0],"s":[7.005445,0.001000235,3.641461],"c":[0.8888889,0.8888889,0.8888889]}]}]}