{"n":"main light","v":9,"a":[7,18,20],"p":[{"t":3,"s":[{"p":[0,0,0],"r":[0,0,0],"s":[0.1750001,0.1750001,0.1750001],"c":[0.6666667,0.6666667,0.6666667],"b":["when starts then set light range 10000"]}]}]}