{"v":9,"p":[{"s":[{"p":[0,0,0],"r":[0,0,0],"s":[0.4773541,0.175,0.175],"c":[1,0,0.3428572]}]}]}