{"n":"birbys building tool","v":9,"a":[1,22,18],"p":[{"t":2,"s":[{"p":[-0.05596545,-0.1120167,0.03723909],"r":[270,1.931869E-05,0],"s":[0.1762602,0.001000036,0.05791358],"c":[0,0.8888889,0.5079356]}]},{"t":2,"s":[{"p":[-0.05596543,-0.01201629,0.03723909],"r":[270,1.448902E-05,0],"s":[0.1762602,0.001000036,0.1341786],"c":[0,0.8888889,0.5079355]}]},{"t":2,"s":[{"p":[-0.05596542,0.06798554,0.03723909],"r":[270,9.659346E-06,0],"s":[0.009170443,0.001000036,0.02277705],"c":[0,0.8888889,0.5079355]}]},{"t":2,"s":[{"p":[-0.06596564,0.07398798,0.03723909],"r":[326.25,270,90.00005],"s":[0.01248325,0.001000036,0.02277705],"c":[0,0.8888889,0.5079355]}]}]}