{"n":"spotlight","v":9,"a":[7,18],"p":[{"b":75,"s":[{"p":[0.001703263,0.001361839,0.07158733],"r":[90,-5.757418E-13,0],"s":[0.08026613,0.2171359,0.07323926],"c":[0.3333332,0.3333332,0.3333332]}]},{"b":69,"t":4,"pr":6,"s":[{"p":[-0.001480102,0.006912217,0.1740761],"r":[0,0,180],"s":[0.09206451,0.03698286,0.09885572],"c":[1,1,1],"pr":{"c":[1,1,1],"m":0.4531386,"a":0.25,"s":0.15,"z":0.424726,"g":0.3646834,"h":1}}]},{"b":5,"s":[{"p":[0,3.72529E-09,-0.02608371],"r":[0,0,0],"s":[0.1000218,0.1000148,0.2251114],"c":[0.3333332,0.3333332,0.3333332]}]}]}