{"v":9,"a":[7],"p":[{"b":5,"i":[{"t":"5eabcf4203e26049ffb10680","p":[0.002529136,0.0129595,0.1216188],"r":[-3.763252E-13,3.289939E-20,-1.001791E-05]}],"s":[{"p":[0,0,0],"r":[0,0,0],"s":[0.03543434,0.02464201,0.1364426],"c":[0,0,0],"b":["when told by any laserrotate then become 2","when starts then set constant rotation to 0 0 0"]},{"p":[0,0,0],"r":[0,0,0],"s":[0.03543434,0.02464201,0.1364426],"c":[0,0,0],"b":["when starts then set constant rotation to 0 0 -100","when told by any laserrotate then become 1"]}]}]}