{"v":9,"a":[22,12],"p":[{"b":5,"i":[{"t":"5eab724e119dae7b2bb91104","p":[-0.002950808,0.001799297,0.04464341],"r":[-2.04777E-08,-1.029483E-07,337.5]}],"s":[{"p":[0,0,0],"r":[0,0,0],"s":[0.01251006,0.01269094,0.1001173],"c":[0.8888889,0.2962962,0.2962962],"b":["when told by any hop1 then become unsoftened next in 3"]},{"p":[0,0,0],"r":[0,0,0],"s":[0.01251006,0.01269094,0.1001173],"c":[1,1,1],"b":["when told by any hop1 then become unsoftened next in 3"]},{"p":[0,0,0],"r":[0,0,0],"s":[0.01251006,0.01269094,0.1001173],"c":[1,1,1],"b":["when told by any hop1 then become unsoftened next in 3"]},{"p":[0,0,0],"r":[0,0,0],"s":[0.01251006,0.01269094,0.1001173],"c":[1,1,1],"b":["when told by any hop1 then become unsoftened 1 in 3"]}]}]}