{"v":9,"p":[{"b":17,"s":[{"p":[0,0,0],"r":[0,0,-2.134434E-07],"s":[0.6470476,0.06000002,0.7420689],"c":[0,0.05714257,1]}]}]}