{"v":9,"a":[22],"p":[{"b":60,"s":[{"p":[0,0,0],"r":[0,0,0],"s":[0.01496893,0.01787976,0.2007648],"c":[1,1,1]}]}]}