{"v":9,"a":[2,7,40,44,50,51,52],"tp_m": 2,"tp_d": 0.001,"p":[{"b":148,"t":1,"s":[{"p":[0,0,0],"r":[0,0,0],"s":[0.07006004,0.02309298,0.02309445],"c":[0.6666667,0.6666667,0.6666667]}]}]}