{"v":9,"a":[2,22,18],"p":[{"b":49,"s":[{"p":[0,0,0],"r":[0,0,4.268868E-07],"s":[0.1475137,0.1250106,0.1447009],"c":[0.5555556,0.2857141,0]}]},{"b":5,"t":1,"s":[{"p":[0.2296287,-0.002671003,-0.3101661],"r":[1.707547E-06,135,337.5],"s":[0.02007912,0.02168733,0.7930646],"c":[0.7777778,0.7777778,0.7777778]}]},{"b":86,"s":[{"p":[0.3875443,-0.00879246,-0.4596955],"r":[315,44.99998,90.00003],"s":[0.04428095,0.5016554,0.04854613],"c":[0,0.2285712,1],"b":["when triggered then become 2 in 0.5s"]},{"p":[0.5110992,0.02042276,-0.6003639],"r":[315,45,90],"s":[0.1846873,0.1410567,0.2108976],"c":[0,0.2285712,1],"b":["when triggered then become 1 in 0.5s"]}]}]}