{"v":9,"p":[{"b":3,"s":[{"p":[0,0,0],"r":[0,0,0],"s":[0.03787486,0.2517938,0.02730627],"c":[0.8888889,0.8606702,0.691358]}]},{"b":16,"s":[{"p":[0.0005268343,0.2189714,0.0005448386],"r":[0.4128086,316.3426,356.9608],"s":[0.01747146,0.03153114,0.01969604],"c":[0.9777778,0.8888889,1]}]},{"b":3,"s":[{"p":[-0.0428658,-0.1595295,-0.02673588],"r":[272.2819,265.6741,64.6124],"s":[0.05883853,0.0716769,0.1151169],"c":[0.8888889,0.8465608,0.5925926]}]},{"b":3,"s":[{"p":[0.02991062,-0.1642744,0.01896666],"r":[279.6548,83.69743,238.9938],"s":[0.05442224,0.07197393,0.1195433],"c":[0.8888889,0.8465608,0.5925926]}]}]}