{"v":9,"a":[5,22,13,18,34],"p":[{"b":156,"s":[{"p":[4.300453,-3.758879E-07,0.7870288],"r":[-3.071123E-06,337.5,4.596259E-06],"s":[2.666554,2.473843,0.5854591],"c":[0.5555556,0.4656082,0.3703702]}]},{"b":156,"s":[{"p":[8.143856,-7.720409E-07,2.3647],"r":[-1.308903E-05,337.5,4.596259E-06],"s":[2.667258,2.473863,0.5855969],"c":[0.5555556,0.4656082,0.3703702]}]},{"b":156,"s":[{"p":[11.70427,-8.229838E-07,3.929261],"r":[-3.071123E-06,337.5,4.596259E-06],"s":[2.668144,2.473893,0.5857893],"c":[0.5555556,0.4656082,0.3703701]}]}]}