{"n":"faraway","v":9,"a":[2,3,7],"p":[{"s":[{"p":[0,0,0],"r":[0,0,0],"s":[4.818814,4.803257,0.02451096],"c":[1,0.6857142,0]}]}]}