{"v":9,"p":[{"b":9,"s":[{"p":[0,0,0],"r":[0,0,0],"s":[0.03174518,0.0320958,0.0314461],"c":[1,1,1]}]}]}