{"n":"rhp","v":9,"a":[21,27],"p":[{"a":[12,37],"i":[{"t":"5eb56bad3926514c6217f57e","p":[0.07149515,-1.437498,-0.02717537],"r":[90,270,0]},{"t":"5eb56b15c8329a3fb6c461aa","p":[-0.453934,6.609923,-0.7233157],"r":[-1.024528E-05,180,180]}],"s":[{"p":[0,0,0],"r":[0,0,0],"s":[1.785795,0.1704326,1.571338],"c":[1,1,1]}]}]}