{"v":9,"a":[7,18],"p":[{"b":4,"a":[12,36],"su":[{"i":"5896e22237e09629f8ab9b30","t":"589fd1ec5b43120d1044736d","p":[-0.0009021759,-0.003100991,-0.3490238],"r":[0,180,270]}],"s":[{"p":[0,0,0],"r":[0,0,0],"s":[0.04910744,0.05367577,0.02257535],"c":[1,1,1],"b":["when told by any openbar then become 2 in 2s"]},{"p":[0,0,0],"r":[0,0,135],"s":[0.04910744,0.05367577,0.02257535],"c":[1,1,1],"b":["when told by any closebar then become 1 in 2s"]}]}]}