{"v":9,"a":[7,18],"p":[{"b":4,"a":[12],"i":[{"t":"59c4545b47dbffb613145cfc","p":[0.4377629,1.119451,0.07737982],"r":[2.003582E-05,180,-8.757937E-13]}],"s":[{"p":[0,0,0],"r":[0,0,0],"s":[0.02672008,0.02849367,0.03341829],"c":[1,1,1],"b":["when told by any ele2 then become 3 in 2s"]},{"p":[0,0,0],"r":[0,0,0],"s":[0.02672008,0.02849367,0.03341829],"c":[1,1,1],"b":["when starts then become next in 2s"]},{"p":[0.7149286,-1.250021E-07,0],"r":[-1.001791E-05,1.751587E-12,-1.001791E-05],"s":[0.02672375,0.02849718,0.0334224],"c":[1,1,1],"b":["when told by any stay then become next in 0s","when told by any ele4 then become 1 in 2s"]},{"p":[0.7149286,-1.250021E-07,0],"r":[-1.001791E-05,1.751587E-12,-1.001791E-05],"s":[0.02672375,0.02849718,0.0334224],"c":[1,1,1],"b":["when told by any stay then become previous in 0s","when told by any ele4 then become 1 in 2s"]}]}]}