{"n":"elevator floor","v":9,"a":[7,18],"p":[{"a":[12],"s":[{"p":[0,0,0],"r":[0,0,0],"s":[2.67839,0.02668834,2.655118],"c":[1,1,1]}]}]}