{"n":"tree","v":9,"a":[7,21],"p":[{"b":4,"s":[{"p":[-0.1456511,0.06378508,4.723328],"r":[0,0,-1.001791E-05],"s":[2.649706,2.650883,2.650418],"c":[0.09523795,0.3333332,0]}]},{"b":4,"s":[{"p":[-0.183455,0.078269,6.410081],"r":[0,0,-1.001791E-05],"s":[2.033901,2.035994,2.035352],"c":[0.09523795,0.3333332,0]}]},{"b":5,"s":[{"p":[-0.2133756,-0.0222435,1.342423],"r":[-1.792843E-07,-1.792843E-07,270],"s":[0.5826344,0.5827661,4.511061],"c":[0.222222,0.190476,0]}]}]}