{"v":9,"a":[7,12],"p":[{"b":9,"s":[{"p":[-0.0008304145,0.00484371,0.01222316],"r":[9.659347E-06,-9.659347E-06,-8.142221E-13],"s":[0.03822596,0.04183735,0.04002958],"c":[0.5555556,0.5555556,0.5555556]}]},{"b":68,"i":[{"t":"5eb8b39829c6b9047b253480","p":[-0.006450193,-0.007549557,-0.1891399],"r":[1.001791E-05,180,1.001791E-05]}],"s":[{"p":[0.001004731,0.00324297,0.1998808],"r":[-4.378969E-13,180,1.001791E-05],"s":[0.03280153,0.03413554,0.1735416],"c":[1,1,1],"b":["when starts then all parts face nearest ebpl"]}]}]}