{"v":9,"a":[7,12],"p":[{"b":68,"s":[{"p":[-0.005587565,-0.004970788,0.1524414],"r":[5.008956E-06,-1.462348E-05,270],"s":[0.03280237,0.03413401,0.1535187],"c":[1,1,1],"b":["when starts then all parts face nearest wpr"]}]},{"b":9,"s":[{"p":[0,0,0],"r":[-4.026317E-13,-4.605569E-06,1.618224E-20],"s":[0.04066259,0.0373872,0.03581804],"c":[0.5555556,0.5555556,0.5555556]}]}]}