{"v":9,"p":[{"b":152,"s":[{"p":[0,0,0],"r":[0,0,0],"s":[0.1152534,0.01279857,0.01021374],"c":[0.9714286,1,0]}]},{"b":152,"s":[{"p":[-0.2411919,-0.01700106,-0.05886424],"r":[2.40783,87.02139,176.5236],"s":[0.04537252,0.02313044,0.007786306],"c":[0.9714286,1,0]}]},{"b":12,"s":[{"p":[-0.2654608,-0.01156968,-0.0559255],"r":[351.8283,355.6249,268.4018],"s":[0.02199381,0.010147,0.03932029],"c":[0.05079354,0.4444443,0]}]}]}