{"v":9,"a":[2,9,14,31],"p":[{"b":4,"i":[{"t":"5eb9e0f0e19b9934865b54e2","p":[-0.6287452,0.3118586,0.03043106],"r":[39.15421,324.8301,270.1708]}],"s":[{"p":[0,0,0],"r":[0,0,0],"s":[0.02596322,0.02596341,0.02596332],"c":[1,1,1],"b":["when starts then set constant rotation to 0 0 1000"]}]}]}