{"n":"left kitty leg","v":9,"a":[12],"p":[{"b":2,"t":7,"a":[12,37],"i":[{"t":"5ebb437de19b9934865b554d","p":[-0.03401827,-0.05918786,0.08689159],"r":[2.007405,289.3387,182.8457]}],"s":[{"p":[0,0,0],"r":[0,0,0],"s":[0.01366105,0.008606935,0.07779428],"c":[0.9714285,0,1],"b":["when hears go kitty then become next in 0.2s"]},{"p":[0,0,0],"r":[11.08209,0.1200298,358.0759],"s":[0.01366105,0.008606935,0.07779428],"c":[0.9714285,0,1],"b":["when starts then become next in 0.5s"]},{"p":[0,0,0],"r":[326.8835,357.0183,6.843884],"s":[0.01366105,0.008606935,0.07779428],"c":[0.9714285,0,1],"b":["when starts then become 2 in 0.3s"]}]}]}