{"v":9,"p":[{"a":[12,37],"i":[{"t":"5ebb778fa5fc980466624804","p":[-7.318632,-39.57689,48.89459],"r":[306.6457,291.5045,206.938]}],"s":[{"p":[0,0,0],"r":[0,0,0],"s":[0.175,0.1749999,0.175],"c":[1,1,1],"b":["when starts then set constant rotation to  0 1 0"]}]}]}