{"v":9,"p":[{"b":73,"t":3,"t1":54,"s":[{"p":[0,0,0],"r":[0,0,0],"s":[10.17355,10.17354,10.17354],"c":[0.5555556,0.5555556,0.5555556],"t1":{"c":[0,0,0],"x":1,"y":0.5,"a":1,"m":0.7105427,"n":0,"r":0,"g":0,"o":0.5,"t":0.5,"e":0.5}}]}]}