{"v":9,"a":[2,9],"p":[{"b":3,"t1":23,"s":[{"p":[0,0,0],"r":[0,0,0],"s":[0.1250001,0.125,0.125],"c":[0.4095237,0.3333332,1],"b":["when starts then become next in 1s"],"t1":{"c":[0.6063493,0.5555556,1],"x":0.06958358,"y":0.07766122,"a":0.69625,"m":0.5,"n":0.5,"r":0,"g":0,"o":0.5,"t":0.5,"e":0.5}},{"p":[0,0,0],"r":[0,0,0],"s":[0.1250001,0.125,0.125],"c":[0.4095237,0.3333332,1],"b":["when starts then become next in 1s"],"t1":{"c":[0.6063493,0.5555556,1],"x":0.0156157,"y":0.0312137,"a":0.69625,"m":0.5,"n":0.5,"r":0.1046066,"g":0,"o":0.5,"t":0.5,"e":0.5}}]}]}