{"n":"rwp","v":9,"a":[27],"p":[{"a":[12,37],"i":[{"t":"5ebb5fa5a5fc9804666247f6","p":[-0.03685829,0.3816187,-0.01446134],"r":[0,0,22.50003]},{"t":"5ebb621b4e5db95fb72fa1f1","p":[-0.002855988,-0.06375738,0.000446558],"r":[352.049,78.17046,268.7737]}],"s":[{"p":[0,0,0],"r":[0,0,0],"s":[0.1749999,0.003876559,0.1749999],"c":[1,1,1]}]}]}