{"n":"ground","v":9,"a":[1,2,4,7,15,29,50],"p":[{"b":17,"s":[{"p":[0,0,0],"r":[0,0,0],"s":[3.363346,0.11062,3.201102],"c":[0.9019608,0.8509804,0.7215686]}]},{"s":[{"p":[2.558655,1.745713,1.620824],"r":[338.9093,265.7974,16.47664],"s":[0.1750002,0.1750001,0.1750003],"c":[1,1,1]}]},{"s":[{"p":[2.451067,1.791432,1.914621],"r":[345.8353,306.0297,4.220123],"s":[0.1750004,0.1750002,0.1750004],"c":[1,1,1]}]},{"s":[{"p":[2.656449,1.799549,1.304307],"r":[347.0128,206.6135,48.8101],"s":[0.1750002,0.1750001,0.1750003],"c":[1,1,1]}]}]}