{"n":"tpsp pi","v":9,"p":[{"s":[{"p":[0,0,0],"r":[0,0,1.024528E-05],"s":[0.005566214,0.001,0.250243],"c":[0,0,0]}]},{"s":[{"p":[0.125,0,-0.125],"r":[-3.756718E-06,90.00002,1.072955E-06],"s":[0.005566639,0.001000078,0.2502777],"c":[0,0,0]}]},{"b":5,"s":[{"p":[0,0,-0.125],"r":[90,270,0],"s":[0.00185885,0.001858851,0.001858852],"c":[0,0,0]}]}]}