{"n":"tpsp ken","v":9,"p":[{"b":31,"s":[{"p":[0.06257737,0,0.06257737],"r":[0,180,0],"s":[0.1249618,0.0005006189,0.1251331],"c":[0,0,0]}]},{"b":31,"s":[{"p":[0.06257737,0,-0.06257737],"r":[-6.830189E-06,3.415094E-06,180],"s":[0.1249912,0.0005008227,0.1251302],"c":[0,0,0]}]},{"s":[{"p":[0,0,0],"r":[0,0,8.537737E-06],"s":[0.004892345,0.0005006189,0.2502271],"c":[0,0,0]}]}]}