{"n":"tpsp wile","v":9,"p":[{"b":45,"s":[{"p":[-1.782193E-08,-1.782192E-08,-0.1019295],"r":[-1.001791E-05,1.001791E-05,-8.757936E-13],"s":[0.1574663,0.0008162968,0.07512806],"c":[0,0,0]}]},{"b":45,"s":[{"p":[0,0,0],"r":[-1.001791E-05,1.686309E-13,8.757939E-13],"s":[0.1574829,0.0008163106,0.07513148],"c":[0,0,0]}]},{"b":44,"s":[{"p":[0.05089916,0,0.0508992],"r":[1.183166E-12,90.00001,-3.585686E-07],"s":[0.05091048,0.0004071939,0.07511956],"c":[0,0,0]}]},{"b":44,"s":[{"p":[0.05089913,-3.352761E-08,-0.1526976],"r":[2.426571E-20,90.00001,180],"s":[0.05093379,0.0004069144,0.07513829],"c":[0,0,0]}]}]}