{"v":9,"p":[{"b":9,"s":[{"p":[0,0,0],"r":[0,0,0],"s":[0.1250006,0.1250002,0.1250006],"c":[1,1,1],"b":["when told by body hand triggered left then become 2 in 0"]},{"p":[0,0,0],"r":[0,0,0],"s":[0.1250006,0.1250002,0.1250006],"c":[1,0,0.5142855],"b":["when told by body hand trigger let go left then become 1 in 0"]}]}]}