{"n":"left elbow1","v":9,"a":[7],"p":[{"s":[{"p":[0,0,0],"r":[0,0,0],"s":[0.1750235,0.01271314,0.1750124],"c":[1,1,1]}]}]}