{"v":9,"a":[1,7],"p":[{"b":196,"i":[{"t":"5ebe30a9371b7448dd351f80","p":[-0.01183238,-0.1743812,-0.1417358],"r":[350.157,178.7092,5.32103E-06]}],"s":[{"p":[0,0,0],"r":[0,0,0],"s":[0.1318412,0.2512129,0.1545921],"c":[1,1,1]}]}]}