{"v":9,"a":[1,7,12,18],"p":[{"b":205,"a":[12],"s":[{"p":[0,0,0],"r":[-6.568986E-20,1.798426E-41,-3.137296E-20],"s":[0.01649953,0.01649849,0.0164996],"c":[1,1,1]}]},{"b":69,"id":"5ebef84cc4bd5e42840e7836","s":[{"p":[-7.450582E-08,-1.192093E-07,0.09603246],"r":[270,9.659345E-06,0],"s":[0.07502039,0.05283878,0.07501174],"c":[0,0,0],"b":["when starts then all parts face nearest bar"]}]},{"b":69,"ac":{"id":"5ebef84cc4bd5e42840e7836","c":5},"s":[{"p":[2.630055E-06,-1.192097E-07,0.05905814],"r":[270,9.659347E-06,0],"s":[0.07514017,0.05294443,0.07509032],"c":[0,0,0],"b":["when starts then project with 20% reach"]}]}]}