{"n":"lightningbolt","v":9,"a":[2,22,15,18],"p":[{"b":14,"t":3,"pr":34,"s":[{"p":[-0.04997688,0.1033985,0.04802968],"r":[0,0,0],"s":[0.01198659,0.01130062,0.04878928],"c":[0.7777778,1,1],"pr":{"c":[0.7777778,0.9809523,1],"m":0.25,"a":0.25,"s":0,"z":0.25,"g":0.5,"h":0.25}}]},{"b":14,"t":2,"pr":34,"s":[{"p":[-0.1379076,0.1041591,0.2741296],"r":[0,315,337.5],"s":[0.0119897,0.01130299,0.04879465],"c":[0.7777778,1,1],"b":["when touched then play lightning crash"],"pr":{"c":[0.7777778,0.9809523,1],"m":0.25,"a":0.25,"s":0,"z":0.25,"g":0.5,"h":0.25}}]},{"b":14,"t":2,"pr":34,"s":[{"p":[0.05472515,0.1086365,-0.1898417],"r":[-3.9207E-06,315,-9.465407E-06],"s":[0.01198416,0.0113006,0.0570577],"c":[0.7777778,1,1],"pr":{"c":[0.7777778,0.9809523,1],"m":0.25,"a":0.25,"s":0,"z":0.25,"g":0.5,"h":0.25}}]}]}