{"v":9,"p":[{"b":12,"s":[{"p":[0,0,0],"r":[0,0,1.707547E-06],"s":[0.04544879,0.06000011,0.06000008],"c":[1,1,1]}]}]}