{"v":9,"a":[7,12],"p":[{"b":62,"s":[{"p":[0,0,0],"r":[0,0,0],"s":[0.08327815,0.08319081,0.09224097],"c":[0.4444437,0.4444437,0.4444437],"b":["when starts then all parts face nearest ebcr"]}]},{"b":205,"t":2,"a":[12],"s":[{"p":[-0.002373348,-0.005939782,0.05802965],"r":[0,0,1.001791E-05],"s":[0.01130497,0.01690954,0.01287314],"c":[0.2222218,1,1],"b":["when starts then project with 93% reach","when starts then show line with 0.1 "]}]}]}