{"v":9,"a":[12,48,49],"p":[{"b":2,"t":7,"i":[{"t":"5ec0fbf823c35d48d7badfe0","p":[-0.060118,0.004490726,0.20592],"r":[29.56329,86.54783,95.70489]},{"t":"5ec13c8c4755ed78590f350b","p":[-0.1697675,-0.0267368,0.8527477],"r":[354.2554,354.6035,352.5597]}],"s":[{"p":[0,0,0],"r":[0,0,0],"s":[0.02275293,0.2756558,0.055056],"c":[0.9714285,0,1],"b":["when told by body moving then become 3 in .4 via 2","when told by any step then become 3 in .4 via 2"]},{"p":[-0.01832912,-0.01683784,0.02648546],"r":[24.34755,33.74551,352.2302],"s":[0.02275297,0.2756571,0.05505617],"c":[0.9714285,0,1]},{"p":[-0.01248583,-0.03707876,0.03670374],"r":[344.9839,35.82747,333.0938],"s":[0.02275309,0.2756591,0.05505635],"c":[0.9714285,0,1],"b":["when starts then become 1 in .3"]}]}]}