{"n":"ann head","v":9,"a":[7,18],"p":[{"b":3,"s":[{"p":[-0.01335904,0.2789304,-0.1530681],"r":[342.0181,181.1866,84.70898],"s":[0.04990289,0.06042543,0.09333059],"c":[0.5555556,0.4779541,0.3086415]}]}]}