{"v":9,"inc":[["thing","5b021a8355bf010f5234a9e2"]],"p":[{"b":2,"a":[12],"s":[{"p":[-0.04776129,-0.0580491,-0.4366319],"r":[13.91707,187.6122,272.9764],"s":[0.001,0.05108293,0.1250007],"c":[1,1,1],"b":["when told pressed then emit thing with 10%"]}]}]}