{"v":9,"a":[7,12],"p":[{"b":62,"s":[{"p":[0,0,0],"r":[0,0,4.378969E-13],"s":[0.04792649,0.05096117,0.05210453],"c":[0.4444437,0.4444437,0.4444437],"b":["when starts then all parts face nearest wcl"]}]},{"b":205,"t":2,"a":[12],"s":[{"p":[0.000435293,-0.00175417,0.02964711],"r":[1.001791E-05,-4.071109E-13,90.00001],"s":[0.00549267,0.00867423,0.01066995],"c":[0.2222217,1,1],"b":["when starts then project with 95% reach","when starts then show line with 0.1 "]}]}]}