{"n":"laser-red","v":9,"a":[7,14,15,18],"p":[{"b":5,"t":19,"t1":168,"s":[{"p":[0,0,0],"r":[0,0,0],"s":[0.005279375,0.005279375,0.3922856],"c":[1,0.8888889,0.8888889],"t1":{"c":[1,0.1111111,0.1111111],"a":0.02912717}}]}]}