{"n":"shelf","v":9,"a":[7,18,20],"p":[{"t":3,"s":[{"p":[0.09999907,0.124173,0.1013613],"r":[-1.628444E-12,0,0],"s":[4.667695,0.02716838,0.01849052],"c":[0.7777778,0.7777778,0.7777778]}]},{"s":[{"p":[0.1000001,0.1028519,0],"r":[-1.628444E-12,0,0],"s":[4.667461,0.02716827,0.223672],"c":[0.6666667,0.5714286,0]}]}]}