{"v":9,"a":[7,13],"p":[{"s":[{"p":[0,0,0],"r":[0,0,0],"s":[1.091287,0.05017882,0.1753524],"c":[1,1,1]}]}]}