{"v":9,"a":[13,30],"p":[{"b":14,"c":[[0.018,-0.071,2.498,26,2,12,10]],"s":[{"p":[0,0,0],"r":[0,0,0],"s":[0.1741876,0.06007649,0.2112262],"c":[1,1,1]}]}]}