{"v":9,"a":[7,13],"p":[{"s":[{"p":[0,0,0],"r":[0,0,0],"s":[1.092196,0.05029467,0.1755346],"c":[1,1,1]}]}]}