{"v":9,"a":[7,13],"p":[{"s":[{"p":[0,0,0],"r":[0,0,0],"s":[1.090547,0.05017945,0.1752744],"c":[1,1,1]}]}]}