{"v":9,"a":[2,3],"inc":[["cum","5ec83beded97e4788a9710a9"],["cum 2","5ec83cf29702f906278c2bea"]],"p":[{"b":10,"s":[{"p":[0,0,0],"r":[0,0,0],"s":[0.1250001,0.1250002,0.1250002],"c":[1,1,1]}]},{"b":10,"s":[{"p":[0.2358301,0.07510924,0.05306673],"r":[1.220392,23.77792,348.6785],"s":[0.1250001,0.1250002,0.1250003],"c":[1,1,1],"b":["when triggered then tell any cum"]}]},{"b":14,"i":[{"t":"5ebc2a13c182710624f352ca","p":[1.594396,-10.81389,0.3287482],"r":[322.5697,42.94976,277.3934]}],"s":[{"p":[0.006351978,0.1985498,0.3165696],"r":[333.2443,339.8898,18.3696],"s":[0.06000011,0.06000012,0.1498057],"c":[1,1,1]}]},{"b":4,"a":[12],"s":[{"p":[-0.1959435,0.467687,0.8165327],"r":[336.0383,344.4514,57.40324],"s":[0.1250004,0.1250003,0.1250003],"c":[1,1,1],"b":["when told by any cum then emit gravity-free cum 2"]}]}]}