{"v":9,"a":[22],"p":[{"b":171,"s":[{"p":[0,0,0],"r":[0,0,0],"s":[0.04500734,0.0450041,0.04500898],"c":[1,1,1]}]}]}