{"v":9,"a":[7,18],"p":[{"t":2,"s":[{"p":[0,0,0],"r":[0,0,0],"s":[0.2340958,24.81722,26.30365],"c":[0.3569664,0.4444443,0.3456789]}]}]}