{"v":9,"a":[22,21],"p":[{"b":5,"s":[{"p":[0,0,0],"r":[0,0,0],"s":[0.1001054,0.1000733,0.100047],"c":[1,1,1]}]}]}