{"v":9,"a":[22,12,18,31],"p":[{"b":73,"t":2,"t1":34,"s":[{"p":[0,0,0],"r":[0,0,0],"s":[1.860927,1.860953,1.86092],"c":[0,0.6095237,0.6666667],"t1":{"c":[0,0.406349,0.4444444],"x":0.688336,"y":0.6856575,"a":0.9534094,"m":0,"n":0,"r":0,"g":0,"o":0.5,"t":0.5,"e":0.5}}]},{"b":3,"a":[12],"s":[{"p":[0.0009448532,0.003419996,2.464375],"r":[67.50002,90,67.5],"s":[0.01339114,0.01339022,0.01338843],"c":[1,1,1]}]}]}