{"v":9,"a":[2,16],"p":[{"b":3,"t":3,"s":[{"p":[0,0,0],"r":[0,0,0],"s":[0.0185772,0.01857648,0.01857789],"c":[1,1,1]}]}]}