{"v":9,"p":[{"s":[{"p":[0,0,0],"r":[0,0,0],"s":[1.623163,0.07257831,1.240622],"c":[0.8888889,0.8888889,0.8888889]}]}]}