{"v":9,"a":[7],"p":[{"b":194,"s":[{"p":[-0.4734424,0.3509142,-0.2809859],"r":[4.172107,311.8666,176.2425],"s":[0.1024224,0.0774641,0.09782824],"c":[1,1,1]}]},{"b":202,"s":[{"p":[-0.4609594,0.18993,-0.2990589],"r":[4.172117,311.8666,176.2425],"s":[0.1191781,0.008133507,0.1086106],"c":[0.08641968,0.5999996,0.7777778]}]},{"b":202,"s":[{"p":[-0.4475533,0.1301884,-0.2991844],"r":[4.172117,311.8666,176.2425],"s":[0.08798747,0.005127935,0.07741828],"c":[0.08641968,0.5999996,0.7777778]}]},{"b":182,"s":[{"p":[-0.4772759,0.6021208,-0.2623756],"r":[3.747485,42.14041,4.181077],"s":[0.1491625,0.2147927,0.1462712],"c":[1,1,1]}]}]}