{"n":"dave arm","v":9,"a":[27],"p":[{"s":[{"p":[-0.02416521,-0.0002839416,0.1208923],"r":[4.089838,2.450728,342.2459],"s":[0.1075545,0.1098858,0.4689016],"c":[0.7604938,0.1728391,0.7777778]}]},{"s":[{"p":[-0.03043201,0.0376334,-0.1061762],"r":[4.089833,2.450732,72.24589],"s":[0.1254372,0.1750564,0.04295213],"c":[0.7604938,0.1728391,0.7777778]}]},{"s":[{"p":[0.07905753,0.01036704,-0.1510367],"r":[14.82301,49.86506,87.58647],"s":[0.1254562,0.1176742,0.04295786],"c":[0.7604938,0.1728391,0.7777778]}]},{"s":[{"p":[-0.1306968,0.07477297,-0.13457],"r":[354.7638,313.5773,73.51128],"s":[0.1254597,0.109576,0.04763338],"c":[0.7604938,0.1728392,0.7777778]}]}]}