{"n":"spine","v":9,"a":[48],"p":[{"b":3,"s":[{"p":[0,0,0],"r":[0,0,2.134434E-07],"s":[0.1250008,0.1250007,0.1250007],"c":[1,1,1]}]}]}