{"v":9,"a":[7,18],"p":[{"t":7,"s":[{"p":[-0.005002975,0,-0.02920079],"r":[0,0,0],"s":[3.309509,0.003001363,2.163098],"c":[0,0,0]}]},{"t":7,"s":[{"p":[-0.005002978,-0.01123238,2.811774],"r":[0,0,-8.537737E-06],"s":[3.302796,0.00300172,2.1632],"c":[0,0,0]}]}]}