{"v":9,"a":[7],"p":[{"s":[{"p":[0,0,0],"r":[0,0,0],"s":[0.8176591,0.6897919,0.02594033],"c":[1,1,1]}]},{"b":5,"t":1,"s":[{"p":[-0.002861825,-0.009305716,-0.02732855],"r":[1.001791E-05,180,180],"s":[0.1000219,0.1000234,0.1000122],"c":[1,0.8571429,0],"b":["when touches hand then become next in 0.2"]},{"p":[-0.008902224,-0.01007724,0.02545828],"r":[1.001791E-05,180,180],"s":[0.1000227,0.1000258,0.1000128],"c":[1,0.8571429,0],"b":["when starts then become next in 0","when starts then send one nearby to academy"]}]}]}