{"v":9,"p":[{"s":[{"p":[0,0,0],"r":[0,0,0],"s":[2.151281,2.348585,0.1750027],"c":[1,1,1]}]}]}