{"v":9,"p":[{"b":2,"s":[{"p":[0,0,0],"r":[0,0,0],"s":[0.6747104,0.9537151,0.3605899],"c":[0.3333332,0.2857142,0]}]}]}