{"v":9,"a":[12],"inc":[["rocket","5ed31a627fefb70da45f1ddd"],["rocket 2","5ed32166c45e9f5a3527702a"]],"p":[{"s":[{"p":[0,0,0],"r":[0,0,0],"s":[0.1750011,0.175001,0.1750012],"c":[1,1,1],"b":["when told by nearby g0 then emit rocket with 1"]}]}]}