{"v":9,"a":[7,18,31],"p":[{"b":203,"t":1,"i":[{"t":"5ed4fc66b911390acf542dcb","p":[-0.2302875,-0.2371216,0.002943993],"r":[90,90.00001,0]}],"s":[{"p":[0,0,0],"r":[0,0,0],"s":[0.00637136,0.006371711,0.006371369],"c":[0.7777778,0.6913581,0.1728393],"b":["when told by nearby bottom drawer then become next in 0.5s"]},{"p":[0,0.4022217,0],"r":[0,0,0],"s":[0.00637136,0.006371711,0.006371369],"c":[0.7777778,0.6913581,0.1728393],"b":["when told by nearby bottom drawer then become previous in 0.5s"]}]}]}