{"v":9,"a":[7,18],"p":[{"t1":23,"t2":3,"s":[{"p":[0,0,0],"r":[0,0,0],"s":[0.5873942,0.006950414,0.5960265],"c":[0.5777778,0.222222,0.6666667],"t1":{"c":[0.3654321,0.04938267,0.4444444],"x":0.2998084,"y":0.3287634,"a":0.69625,"m":0.5,"n":0.5,"r":0,"g":0,"o":0.5,"t":0.5,"e":0.5},"t2":{"c":[0.6395062,0.08641972,0.7777778],"x":0.3215305,"y":0.2742992,"a":0.69625,"m":0.5,"n":0.5,"r":0,"g":0,"o":0.5,"t":0.5,"e":0.5}}]}]}