{"v":9,"a":[7,18,31],"p":[{"b":52,"i":[{"t":"5ed4f164956f620ad693db8e","p":[0.001421928,-0.2311669,-0.06512883],"r":[90,0,0]}],"s":[{"p":[0,0,0],"r":[0,0,0],"s":[0.006694675,0.00669519,0.006695187],"c":[0.7777778,0.6913581,0.1728394],"b":["when told by nearby main drawer then become next in 0.5s"]},{"p":[7.329309E-08,0.4191876,5.960464E-08],"r":[0,0,0],"s":[0.006694675,0.00669519,0.006695187],"c":[0.7777778,0.6913581,0.1728394],"b":["when told by nearby main drawer then become previous in 0.5s"]}]}]}