{"v":9,"a":[2],"p":[{"b":12,"s":[{"p":[0,0,0],"r":[0,0,0],"s":[0.06000023,0.06000026,0.06000026],"c":[1,1,1]}]}]}