{"n":"arcane","v":9,"a":[2],"p":[{"b":180,"a":[5],"pr":55,"s":[{"p":[0,0,0],"r":[0,0,0],"s":[0.1250002,0.1250001,0.1250002],"c":[0.9714285,0,1],"pr":{"c":[0.9714285,0,1],"a":0.25}}]}]}