{"v":9,"a":[22,13,18],"p":[{"s":[{"p":[0.2855619,-0.1904828,0.0115789],"r":[9.659345E-06,4.07111E-13,90],"s":[0.01825233,0.5478408,0.6114058],"c":[0.111111,0.1072309,0.09876534]}]},{"s":[{"p":[0.285562,0.1646347,0.01157896],"r":[9.659345E-06,4.07111E-13,90],"s":[0.01825459,0.5479035,0.6115459],"c":[0.111111,0.1072309,0.09876534]}]},{"s":[{"p":[0.003218975,-0.01550661,0.008045805],"r":[2.035555E-13,1.779539E-20,1.001791E-05],"s":[0.01824697,0.375767,0.601824],"c":[0.111111,0.1072309,0.09876534]}]},{"s":[{"p":[0.5662664,-0.01590183,0.006059527],"r":[0,0,0],"s":[0.01825423,0.3757751,0.6020627],"c":[0.111111,0.1072309,0.09876534]}]}]}