{"n":"ground","v":9,"a":[1],"p":[{"b":17,"s":[{"p":[0,0,0],"r":[0,0,0],"s":[50.02634,0.11062,201.0848],"c":[0.4698412,0.6666667,0.4444443]}]}]}