{"v":9,"a":[7],"p":[{"s":[{"p":[0.008481622,-0.003718019,-0.000883294],"r":[0,0,1.001791E-05],"s":[0.1750003,0.1750007,0.1750004],"c":[1,0,0],"b":["when starts then become next in 0","when starts then tell tick"]},{"p":[0.008481622,-0.003718019,-0.000883294],"r":[0,0,1.001791E-05],"s":[0.1750003,0.1750007,0.1750004],"c":[0.1142856,1,0],"b":["when starts then become next in 0","when starts then tell tick"]}]},{"s":[{"p":[0.0009130235,0.09710944,0.002505733],"r":[-1.001791E-05,-1.001791E-05,1.001791E-05],"s":[0.1256671,0.02276704,0.1750008],"c":[0.9714285,0,1],"b":["when told tick then play glass breaks with 9999999%","when told tick then play female fear scream 2 with 9999999%","when told tick then play door hammering knocking with 999999%","when told tick then play doorbell with 9999999%"]}]}]}