{"v":9,"a":[7,18],"p":[{"b":7,"s":[{"p":[0,0,0],"r":[0,0,0],"s":[1.814584,1.870698,8.739508],"c":[1,1,1]}]},{"b":7,"t":1,"s":[{"p":[5.960464E-08,5.937181E-08,-0.002138853],"r":[0,0,0],"s":[1.722749,1.783125,8.73957],"c":[1,0.8571429,0]}]}]}