{"n":"innergear","v":9,"a":[7,18,21],"p":[{"b":161,"t":2,"s":[{"p":[0,0,0],"r":[0,0,0],"s":[3.333484,3.333448,0.2482926],"c":[1,1,1],"b":["when starts then set constant rotation to 0 0 80"]}]},{"b":161,"t":2,"s":[{"p":[1.171232E-05,-1.490116E-08,-0.1858959],"r":[0,0,0],"s":[2.984676,3.116069,0.10451],"c":[1,0.8571429,0],"b":["when starts then set constant rotation to 0 0 50"]}]},{"b":161,"t":2,"s":[{"p":[1.615286E-05,3.048778E-05,-0.3611832],"r":[0,0,0],"s":[2.718662,2.805725,0.1045141],"c":[1,1,1],"b":["when starts then set constant rotation to 0 0 100"]}]}]}