{"v":9,"p":[{"b":61,"s":[{"p":[0.03194304,0.006335594,0.05031285],"r":[11.73034,336.7516,8.473961],"s":[0.02744203,0.02986726,0.1193395],"c":[0.2222219,0.04938245,0.04938245]}]},{"b":61,"s":[{"p":[-0.002888647,0.01044348,0.05294448],"r":[336.5338,198.415,41.02976],"s":[0.02744205,0.02986727,0.1193396],"c":[0.2222219,0.04938245,0.04938245]}]},{"b":61,"s":[{"p":[0.009099431,-0.01923035,0.04399879],"r":[18.47845,183.6327,79.56516],"s":[0.02744206,0.0298673,0.1193398],"c":[0.2222219,0.04938245,0.04938245]}]},{"b":17,"s":[{"p":[0.0151755,0.0002510264,0.002509583],"r":[359.5334,357.7979,1.673159],"s":[0.03976509,0.04057466,0.01689498],"c":[1,1,1]}]}]}