{"v":9,"a":[1],"p":[{"b":225,"t":2,"im":"1184958115092568097/7F831FC8344F52E4798BCD682F385F8A1AA3ADAB/","c":[[-0.288,-0.493,-0.252,18],[0.205,-0.48,-0.227,13],[-0.114,-0.507,0.005,17],[0.146,-0.484,0.015,12],[-0.2,-0.488,0.008,22],[0.207,-0.486,0.01,5],[-0.309,-0.493,-0.249,23],[-0.098,-0.493,0.255,16],[0.103,-0.486,0.255,11]],"s":[{"p":[0,0,0],"r":[0,0,0],"s":[0.5883434,0.03086549,0.639504],"c":[1,1,1]}]},{"b":18,"t":2,"e":"ME WHEN GOLD","s":[{"p":[0.1111623,-0.02468628,0.2645285],"r":[271.2027,4.953014,176.5607],"s":[0.004502964,0.00450296,0.004502961],"c":[1,1,1]}]}]}