{"n":"sun","v":9,"a":[31,49],"p":[{"b":180,"t":2,"a":[38],"s":[{"p":[0,0,0],"r":[0,0,0],"s":[0.06435886,0.06436041,0.06436208],"c":[1,1,1]}]}]}