{"n":"air ship","v":9,"a":[7,18,21],"p":[{"t1":142,"s":[{"p":[0.2227885,0.4285971,-0.1012281],"r":[-1.162597E-06,180,90],"s":[0.02325993,0.1208187,0.1965463],"c":[0.8888889,0.6292769,0.4938272],"t1":{"c":[0.5555556,0.5555556,0.5555556],"x":0.5,"y":0.5,"a":0.8925,"m":0,"n":0,"r":0,"g":0,"o":0.5,"t":0.5,"e":0.5}}]},{"b":7,"a":[37],"t1":3,"ac":{"id":"5ef21011a698c065a0c8f2a3","c":9},"s":[{"p":[0.2125346,0.3830888,-0.1591581],"r":[0,0,180],"s":[0.049181,0.01323595,0.0208388],"c":[0.4444441,0.2497351,0.1481478],"t1":{"c":[1,1,1],"x":0.1998939,"y":0.6292214,"a":0.5812386,"m":0.5,"n":0.5,"r":0,"g":0,"o":0.5,"t":0.5,"e":0.5}}]},{"b":7,"a":[37],"id":"5ef21011a698c065a0c8f2a3","t1":3,"s":[{"p":[0.2125346,0.4047371,-0.1747911],"r":[0,0,180],"s":[0.04918816,0.01323844,0.02084063],"c":[0.4444441,0.2497351,0.1481478],"t1":{"c":[1,1,1],"x":0.1998939,"y":0.6292214,"a":0.5812386,"m":0.5,"n":0.5,"r":0,"g":0,"o":0.5,"t":0.5,"e":0.5}}]},{"a":[12],"s":[{"p":[0.215733,0.284162,-0.1025749],"r":[306.3634,177.9314,181.7279],"s":[0.1121395,0.002874744,0.335699],"c":[1,1,1]}]}]}