{"v":9,"p":[{"b":3,"s":[{"p":[0.08131079,0.07918367,-0.2408012],"r":[14.91225,152.1053,347.6136],"s":[0.1155577,0.1250001,0.1176999],"c":[0.4444443,0.2285713,0]}]},{"b":3,"s":[{"p":[0.06699897,0.1078355,-0.4226601],"r":[50.58627,37.6773,253.1364],"s":[0.09745687,0.09399676,0.1110842],"c":[1,1,1]}]},{"b":4,"s":[{"p":[0.09489518,0.05174559,-0.03149831],"r":[6.912336,2.585618,354.5588],"s":[0.125001,0.1250006,0.1250006],"c":[0.7777778,0.5876543,0.1728394],"b":["when "]}]},{"b":3,"s":[{"p":[0.05270761,0.1359055,-0.5662814],"r":[58.80164,175.2992,218.9274],"s":[0.08535001,0.07724552,0.07973929],"c":[1,0.1714285,0]}]}]}