{"v":9,"p":[{"b":152,"t":2,"im":"1044219713323507376/6A7838B9FE404D605BFEF1FBA9621BDE8E6EE8F0/","c":[[0.203,3.767,-0.625,2150,1,34,3],[0.464,3.225,-0.565,2107,1,41,3],[0.653,4.167,-1.448,2115,1,41,3],[0.48,6.52,-2.221,1916,7,200,42],[0.541,6.889,-1.822,2119,1,41,3]],"s":[{"p":[0,0,0],"r":[0,0,0],"s":[0.07664669,0.001000001,0.05921026],"c":[1,1,1]}]}]}