{"v":9,"a":[2,7,16,18,31],"p":[{"s":[{"p":[0,0,0],"r":[0,0,0],"s":[0.009227455,0.009226114,0.009228826],"c":[1,1,1],"b":["when touched then become 2 in 0.5s"]},{"p":[0,0,0],"r":[0,0,0],"s":[0.02513835,0.02513701,0.02513972],"c":[1,1,1],"b":["when starts then tell body sleep"]}]}]}