{"v":9,"p":[{"b":152,"t":2,"im":"1044219713323486872/77964A8788189252F255E05EF41CAA6C291FBECC/","c":[[0.778,-0.854,-0.476,2075,1,34,3],[1.118,-1.064,-0.427,1996,42,36,3],[0.844,2.076,0.301,2067,1,34,3],[0.817,2.854,-1.425,2083,1,34,3],[1.135,3.166,-1.313,2042,40,3]],"s":[{"p":[0,0,0],"r":[0,0,0],"s":[0.08531522,0.001000001,0.05084641],"c":[1,1,1]}]}]}