{"v":9,"a":[24,31],"bod":{"h": {"p":[-0.02869954,-0.1187853,0.08269139],"r":[354.7913,264.895,356.3166]},"al": {"i":"5ef41498aaff6a063a740d84","p":[-0.02699661,-0.04300994,-0.08060933],"r":[7.16792,11.12913,86.18041]},"ar": {"i":"5ef41498aaff6a063a740d84","p":[-0.00157573,-0.03788185,-0.1528975],"r":[5.479053,185.0897,256.3287]},"lt": {"i":"5ef413a62a2c310b3459b3ff","p":[-0.01474908,0.09360743,-0.01061262],"r":[276.0098,349.952,178.955]}},"p":[{"b":180,"t1":162,"s":[{"p":[0.002878048,0.1206982,0.05697288],"r":[329.4302,330.7727,219.3648],"s":[0.04938979,0.04938988,0.04938998],"c":[1,1,1],"t1":{"c":[1,1,1],"x":0.5,"y":0.5,"a":0.8925,"m":0,"n":0,"r":0,"g":0,"o":0.5,"t":0.5,"e":0.5}}]},{"b":180,"t1":162,"s":[{"p":[-0.003018593,0.1266403,-0.05562768],"r":[306.6071,326.203,273.1414],"s":[0.0493899,0.04938996,0.04938999],"c":[1,1,1],"t1":{"c":[1,1,1],"x":0.5,"y":0.5,"a":0.8925,"m":0,"n":0,"r":0,"g":0,"o":0.5,"t":0.5,"e":0.5}}]},{"b":181,"t1":162,"s":[{"p":[-0.009304984,0.01022728,-0.002771404],"r":[359.8452,4.130865,354.8525],"s":[0.06000056,0.06000006,0.04434352],"c":[1,1,1],"b":["when "],"t1":{"c":[0.08641972,0.3629626,0.7777778],"x":0.5,"y":0.5,"a":0.8925,"m":0,"n":0,"r":0,"g":0,"o":0.5,"t":0.5,"e":0.5}}]}]}