{"v":9,"a":[7,18],"p":[{"b":7,"t":7,"s":[{"p":[-4.892736E-09,4.277366E-16,-0.05596638],"r":[0,0,0],"s":[0.02257693,0.01497477,0.00100006],"c":[0.4938272,0.4973545,0.5555556]}]},{"b":7,"t":7,"a":[36],"s":[{"p":[-4.141797E-09,3.620874E-16,-0.04737663],"r":[-1.001791E-05,8.450078E-13,-7.387293E-20],"s":[0.02257693,0.01497432,0.01419075],"c":[0.1111108,0.6190475,1],"b":["when told by nearby main-menu then turn thing visible, turn thing collidable, turn thing visible","when touched then turn thing uncollidable  , tell nearby card-menu, play button click 4, turn thing invisible","when told by nearby hide-home then turn thing invisible, turn thing uncollidable","when told by nearby main-menu then turn collidable","when told by nearby hide-home then turn thing invisible"]}]},{"b":3,"s":[{"p":[-0.004802698,-0.01428652,0.07814884],"r":[90,-1.001791E-05,0],"s":[0.006967874,0.009529183,0.01576615],"c":[1,1,1]}]},{"b":132,"a":[19],"e":"MY\nCARD","s":[{"p":[0.001872058,-0.01659345,-0.03589725],"r":[-2.003582E-05,180,180],"s":[0.001000038,0.001000034,0.001000024],"c":[0.8888889,0.895238,1]}]}]}