{"v":9,"p":[{"b":14,"s":[{"p":[0.2561108,0.02713386,-0.1397352],"r":[359.2665,355.5705,114.3274],"s":[0.0600001,0.06000009,0.09877143],"c":[0.3333332,0.03703704,0.1386243]}]},{"s":[{"p":[0.2533569,0.03751822,0.03431454],"r":[359.5683,355.7354,25.58276],"s":[0.468694,0.1334892,0.1205237],"c":[0.7777778,0.7777778,0.7777778]}]}]}