{"v":9,"a":[2,14,31,45],"tp_d": 0.2,"p":[{"b":61,"s":[{"p":[0,0,0],"r":[1.024521E-05,0.0002441793,3.585852E-05],"s":[0.1072656,0.1072656,0.1072658],"c":[0.4444443,0.4444443,0.4444443],"b":["when starts then set repel 0.5"]}]}]}