{"n":"ebpr","v":9,"a":[7,18],"p":[{"s":[{"p":[0,0,0],"r":[0,0,0],"s":[0.1751118,0.02361646,0.1750888],"c":[1,1,1]}]}]}