{"n":"camera hacking information","v":9,"a":[2,3,7,18,21],"p":[{"b":60,"t":1,"s":[{"p":[0,0,0],"r":[0,0,0],"s":[0.1640726,0.007194026,0.2298882],"c":[0.4444443,0.4444443,0.4444443]}]},{"s":[{"p":[0,0.002499223,-4.36978E-10],"r":[90,-1.151484E-12,0],"s":[0.1460163,0.2028374,0.002886474],"c":[0,0,0]}]},{"b":91,"t":2,"a":[19],"e":"Camera Hacking\n-------------------------------------------","s":[{"p":[-8.916227E-09,0.004304129,0.1019897],"r":[90,-1.151484E-12,0],"s":[0.0009678965,0.0009678655,0.0009678849],"c":[0,0.5555556,0.5555556]}]}]}