{"v":9,"p":[{"b":3,"s":[{"p":[-0.2207339,0.2036483,0.04522501],"r":[325.7487,318.6061,354.58],"s":[0.1250001,0.1250001,0.1250001],"c":[1,1,1]}]},{"b":3,"s":[{"p":[-0.2084348,0.2243581,0.03638665],"r":[358.8072,19.1816,1.872245],"s":[0.1250013,0.1250022,0.1250019],"c":[1,1,1]}]}]}