{"v":9,"p":[{"b":14,"s":[{"p":[0,0,0],"r":[2.561321E-06,7.633331E-14,3.415095E-06],"s":[0.06000008,0.06000011,0.06],"c":[1,1,1]}]},{"b":14,"s":[{"p":[-0.05732225,0.01849706,0.29944],"r":[352.687,327.3553,22.04163],"s":[0.1913874,0.07058286,0.1014892],"c":[1,1,1]}]}]}