{"v":9,"p":[{"b":12,"t1":4,"s":[{"p":[0,0,0],"r":[0,0,4.268868E-07],"s":[6.483481,0.2724094,0.8165644],"c":[1,1,1],"t1":{"c":[0.3333333,0.2613756,0.1851851],"x":0.17,"y":0.17,"a":0.69625,"m":0.5,"n":0.5,"r":0,"g":0,"o":0.5,"t":0.5,"e":0.5}}]}]}