{"v":9,"p":[{"b":166,"s":[{"p":[0,0,0],"r":[0,0,0],"s":[0.03000003,0.03000004,0.03000005],"c":[0.5555556,0.4973545,0.3703701]}]},{"b":166,"s":[{"p":[-0.03367878,0.1824211,-0.3211832],"r":[7.620033,91.62224,55.40594],"s":[0.03000011,0.03000009,0.03000007],"c":[0.5555556,0.4973545,0.3703701]}]},{"b":166,"s":[{"p":[-0.02793542,0.4930767,-0.2243866],"r":[22.74379,97.65617,91.45322],"s":[0.03000016,0.0300001,0.03000007],"c":[0.5555556,0.4973545,0.3703701]}]},{"b":166,"s":[{"p":[-0.07693832,0.1891651,0.1024627],"r":[349.0121,109.4004,132.405],"s":[0.03000017,0.03000014,0.03000011],"c":[0.5555556,0.4973545,0.3703701]}]}]}