{"v":9,"p":[{"t":2,"im":"1293045783409274896/A21B1F21E6A3FDD2D539C61284AD65EB0C5560FD/","s":[{"p":[0,0,0],"r":[0,0,0],"s":[0.0009999999,0.6852892,0.7235361],"c":[1,1,1]}]}]}