{"v":9,"p":[{"b":3,"a":[12],"i":[{"t":"5efb393fa328e5063a4fb557","p":[0.1218076,0.4158216,0.1226074],"r":[29.66958,0.6812727,166.379]}],"s":[{"p":[0,0,0],"r":[0,0,-4.268868E-07],"s":[0.1250038,0.1250008,0.1250033],"c":[1,1,1],"b":["when starts then become next in 3.5"]},{"p":[1.236843E-05,0.02163593,-0.002408233],"r":[0.5777994,359.8714,359.119],"s":[0.1250044,0.1250009,0.1250039],"c":[1,1,1],"b":["when starts then become next in 3.5"]}]}]}