{"v":9,"p":[{"b":9,"s":[{"p":[0,0,0],"r":[0,0,0],"s":[0.125,0.125,0.125],"c":[1,1,1]}]},{"b":9,"s":[{"p":[-0.217494,0.1709645,-0.06743605],"r":[335.4456,303.3057,334.3966],"s":[0.327186,0.1916596,0.2035408],"c":[1,1,1]}]},{"b":14,"t1":13,"s":[{"p":[-0.1860056,0.3588266,0.2120054],"r":[319.3513,14.94618,303.1008],"s":[0.06000001,0.06,0.06000001],"c":[0,0,0],"t1":{"c":[0.5555556,0.5202822,0.3086419],"x":0.17,"y":0.17,"a":0.8925,"m":0.5,"n":0.5,"r":0,"g":0,"o":0.5,"t":0.5,"e":0.5}}]},{"b":12,"s":[{"p":[0.1050623,-0.2990087,0.08024011],"r":[82.19173,273.3101,64.1808],"s":[0.06422675,0.1332687,0.1296952],"c":[1,1,1]}]}]}