{"v":9,"a":[31],"p":[{"b":3,"t":3,"a":[12],"s":[{"p":[0,0,0],"r":[0,0,3.415095E-06],"s":[0.0760743,0.07607426,0.07607448],"c":[1,1,1]}]}]}