{"n":"camera screen","v":9,"a":[22,18],"p":[{"a":[1,23,35],"s":[{"p":[0,0,0],"r":[0,0,0],"s":[0.4166677,0.02597725,0.3167764],"c":[1,1,1]}]}]}