{"v":9,"p":[{"t":7,"s":[{"p":[0,0,0],"r":[0,0,0],"s":[0.175,0.1750001,0.175],"c":[0,1,0.5714287]}]}]}