{"v":9,"p":[{"s":[{"p":[3.771467,1.293875,-2.328922],"r":[349.875,268.625,-4.3364E-07],"s":[0.001,0.175,0.001],"c":[1,1,1]}]}]}