{"v":9,"a":[7,18],"p":[{"t1":3,"s":[{"p":[0,0,0],"r":[0,0,0],"s":[0.7141429,0.4269524,0.04423213],"c":[0.6666667,0.594709,0.5185186],"t1":{"c":[0.3333333,0.2613756,0.1851851],"x":0.17,"y":0.17,"a":0.69625,"m":0.5,"n":0.5,"r":0,"g":0,"o":0.5,"t":0.5,"e":0.5}}]}]}