{"v":9,"p":[{"b":131,"e":"$100","s":[{"p":[0,0,0],"r":[0,0,0],"s":[0.005876916,0.005876914,0.005876915],"c":[1,0,0]}]}]}