{"v":9,"p":[{"b":86,"s":[{"p":[0,0,0],"r":[0,0,0],"s":[0.07500004,0.07500001,0.07500002],"c":[0.4444443,0.4444443,0.4444443]}]},{"b":72,"s":[{"p":[-0.06900281,0.04129024,0.1332119],"r":[75.42794,125.8049,148.4978],"s":[0.03613012,0.002800154,0.04271065],"c":[0.9714286,1,0]}]},{"b":59,"s":[{"p":[-0.01325607,0.08233658,0.04871042],"r":[70.952,118.4512,153.2906],"s":[0.1147256,0.1250004,0.1100534],"c":[0.4444443,0.4444443,0.4444443]}]}]}