{"v":9,"p":[{"b":14,"s":[{"p":[-0.007288598,-0.009080291,-0.3172898],"r":[1.446545,91.17873,186.2703],"s":[0.02936718,0.06000015,0.05825421],"c":[1,0.7206349,0.111111]}]},{"b":14,"s":[{"p":[-0.007703846,-0.01930704,-0.02982565],"r":[2.869391,358.0596,2.324238],"s":[0.08407632,0.004065257,0.1235862],"c":[1,1,1]}]},{"b":147,"s":[{"p":[-0.008962505,0.0001625419,-0.4389438],"r":[356.7199,273.6169,173.2962],"s":[0.2314439,0.01735499,0.02997941],"c":[0,0.3111106,0.7777778]}]}]}