{"v":9,"a":[31],"p":[{"b":9,"t":2,"s":[{"p":[0,0,0],"r":[0,0,-3.201651E-07],"s":[0.01801924,0.01801924,0.01801924],"c":[0,1,0.2285714]}]}]}