{"v":9,"p":[{"b":3,"s":[{"p":[-0.006882198,-0.07672524,0.007741928],"r":[-1.439355E-13,-1.439355E-13,270],"s":[0.09318506,0.08455636,0.0720986],"c":[1,0.3428571,0]}]},{"b":17,"s":[{"p":[-0.02717782,-0.09354901,-0.09057271],"r":[90,-1.931869E-05,0],"s":[0.03678233,0.0600007,0.03740424],"c":[0.4571425,1,0]}]},{"s":[{"p":[0.002142907,0.006272196,0.005518198],"r":[0,0,6.830188E-06],"s":[0.09083447,0.1750291,0.06851661],"c":[0,0.05714252,1]}]},{"b":4,"s":[{"p":[0.0192423,0.1046261,0.007051945],"r":[270,2.504478E-06,0],"s":[0.006920254,0.008632786,0.01883008],"c":[1,0.5142855,0]}]}]}