{"v":9,"a":[7],"p":[{"s":[{"p":[0.06315725,-0.02257224,-0.0641175],"r":[70.11734,82.29341,107.6477],"s":[0.04244925,0.2496407,0.05276827],"c":[1,1,1]}]},{"s":[{"p":[0.01842808,-0.005953646,0.02385449],"r":[341.0896,63.60273,6.256898],"s":[0.07059713,0.1105888,0.05276274],"c":[1,1,1]}]},{"s":[{"p":[-0.001913796,0.06214745,0.01800744],"r":[354.0821,155.6378,160.9844],"s":[0.0367505,0.1105857,0.03599209],"c":[1,1,1]}]}]}