{"n":"lwp","v":9,"a":[1,22,27],"p":[{"a":[12],"i":[{"t":"5ebb5df8939a9b062f974091","p":[0.006800098,-0.3806416,-0.01492301],"r":[4.829673E-06,270,180]},{"t":"5f01f60b416f683a7f8190df","p":[0.007157329,0.06590642,0.0009726213],"r":[350.0233,173.6595,275.9372]}],"s":[{"p":[0,0,0],"r":[0,0,0],"s":[0.1750086,0.009063929,0.1750115],"c":[1,1,1]}]}]}