{"v":9,"p":[{"s":[{"p":[-0.5967731,-0.7310936,-0.2774674],"r":[357.0763,355.1095,348.4824],"s":[0.2083561,1.322168,0.1750005],"c":[1,1,1]}]},{"s":[{"p":[-0.5194395,-0.0815929,-0.1952574],"r":[349.9943,263.6929,0.7420333],"s":[0.7982536,0.05834585,0.6722323],"c":[1,1,1]}]}]}