{"n":"game avatars","v":9,"a":[7,48,49],"p":[{"s":[{"p":[0,0,0],"r":[0,0,0],"s":[0.175026,0.1750038,0.1750252],"c":[1,1,1]}]}]}