{"v":9,"p":[{"b":251,"t":3,"s":[{"p":[-0.002443643,-0.01254642,0.001928626],"r":[2.59412E-06,2.235553E-06,90],"s":[0.02085529,0.02085586,0.02085616],"c":[0,1,1],"b":["when touched then become 2 in 1s, play activate laser"]},{"p":[-0.002443681,-0.1077643,0.001928654],"r":[1.225347E-05,2.235553E-06,90],"s":[0.001000053,0.4657499,0.4657431],"c":[0,1,1],"b":["when touched then become 1 in 0.2s, play deactivate laser"]}]},{"b":57,"s":[{"p":[-0.002174892,-0.0036546,0.0002309377],"r":[2.717979,6.833038,358.8131],"s":[0.01427892,0.01429085,0.01428143],"c":[0.1869487,0.1728394,0.2222221]}]}]}