{"v":9,"p":[{"a":[1],"s":[{"p":[0,0,0],"r":[0,0,0],"s":[0.7940421,0.02939966,0.75957],"c":[0,0,0]}]}]}