{"v":9,"a":[22,31],"p":[{"b":69,"i":[{"t":"5f04fc1905e7cf71ecf68ac1","p":[-0.002180625,0.1092648,0.0006482825],"r":[280.6812,304.2911,298.1574]}],"s":[{"p":[0.07859778,-0.005524983,0.1188232],"r":[22.50001,89.99181,89.97858],"s":[0.05431547,0.07856194,0.05431347],"c":[0.5114634,0.5555556,0.4938272],"b":["when starts then all parts face nearest k3"]}]},{"b":205,"a":[12],"s":[{"p":[0.07807064,-0.01493472,-0.007385068],"r":[359.9802,1.198286E-09,-6.944415E-06],"s":[0.02936948,0.02936554,0.02936931],"c":[1,1,1]}]}]}