{"v":9,"p":[{"b":130,"e":"L","s":[{"p":[0,0,0],"r":[0,0,0],"s":[0.003000003,0.003000001,0.003000004],"c":[0,0,0]}]},{"s":[{"p":[0.0008449489,-0.02223226,0.005983866],"r":[281.0624,92.69151,243.7258],"s":[0.01584705,0.001000002,0.03460618],"c":[1,1,1]}]}]}