{"v":9,"a":[2,7,12,15,18,31],"p":[{"b":4,"s":[{"p":[0,0,0],"r":[0,0,-7.656432E-20],"s":[0.0126373,0.01263758,0.03879931],"c":[1,0.8571429,0]}]},{"b":4,"s":[{"p":[7.156809E-09,-1.251336E-15,-0.04093218],"r":[0,0,-7.656432E-20],"s":[0.002053244,0.002053244,0.002053244],"c":[1,0.8571429,0],"b":["when starts then trail start with .5s thick start"]}]}]}