{"v":9,"p":[{"a":[1],"s":[{"p":[0,0,0],"r":[0,0,0],"s":[1.942806,0.001000001,1.013712],"c":[1,1,1]}]}]}