{"v":9,"inc":[["thing","5f081aeca1b1166ca61affc2"]],"p":[{"a":[42],"s":[{"p":[0,0,0],"r":[0,0,-1.280661E-06],"s":[0.1750004,0.1750002,0.1750003],"c":[1,1,1],"b":["when touched then emit thing with 40%"]}]},{"b":4,"t":2,"s":[{"p":[-0.01006725,0.01195903,0.3148023],"r":[353.104,3.346116,0.1292247],"s":[0.04822492,0.0452193,0.1250001],"c":[1,0,0]}]}]}