{"v":9,"a":[7,18,34,48],"p":[{"b":4,"pr":7,"s":[{"p":[0,0,0],"r":[0,0,0],"s":[1.153582,0.4076616,0.3191342],"c":[1,1,1],"pr":{"c":[0,0.4444443,0.7777778],"a":0.9438133}}]}]}