{"v":9,"a":[7,18],"p":[{"s":[{"p":[0,0,0],"r":[0,0,0],"s":[0.08135281,0.001000116,0.05925667],"c":[1,1,1],"b":["when starts then project"]}]}]}