{"v":9,"p":[{"s":[{"p":[0,0,0],"r":[0,0,0],"s":[0.1750002,0.1750002,0.1750002],"c":[1,1,1]}]},{"b":12,"s":[{"p":[0.1521156,0.5605791,0.3783494],"r":[41.09991,352.6653,118.4489],"s":[0.2955215,0.1179635,0.06448395],"c":[1,1,1]}]},{"b":12,"s":[{"p":[-0.2099989,1.018578,-0.3913568],"r":[347.1447,285.897,229.1227],"s":[0.2955214,0.1179635,0.06448389],"c":[1,1,1]}]},{"b":12,"s":[{"p":[-0.2292159,1.184443,-0.2163444],"r":[5.963054,232.7194,110.101],"s":[0.5482153,2.338383,1.37938],"c":[1,1,1]}]}]}