{"v":9,"a":[2,3,22],"inc":[["thing","5f081aeca1b1166ca61affc2"]],"p":[{"s":[{"p":[-0.09291479,-0.06207182,-0.01759624],"r":[-7.083735E-06,7.083734E-06,315],"s":[0.01318566,0.01466352,0.03735983],"c":[0,1,0.2285714],"b":["when touches hand then tell be"]}]},{"a":[42],"s":[{"p":[-0.06573442,-0.03968413,0.0004196167],"r":[45.00002,270,1.207419E-05],"s":[0.04134095,0.03557469,0.1258134],"c":[0.1142857,0,1],"b":["when triggered then emit thing 80%"]},{"p":[-0.06573442,-0.03968413,0.0004196167],"r":[45.00002,270,1.448903E-05],"s":[0.04134095,0.03557469,0.1258134],"c":[0.1142857,0,1]}]},{"s":[{"p":[-0.0002541455,0.0005963779,0.0005125999],"r":[-7.083735E-06,7.083733E-06,-4.378969E-13],"s":[0.06920716,0.0355735,0.04306876],"c":[0.1142856,0,1]}]}]}