{"v":9,"a":[7,18],"p":[{"t":10,"t1":159,"s":[{"p":[0,0,0],"r":[0,0,4.378969E-13],"s":[1.654254,6.855794,0.03424555],"c":[0.5555556,0.1975307,0.1234567],"t1":{"c":[0.2222221,0.07901231,0.04938267],"x":0.5,"y":0.5,"a":0.8925,"m":0,"n":0,"r":0,"g":0,"o":0.5,"t":0.5,"e":0.5}}]},{"t":10,"t1":66,"s":[{"p":[-0.02748878,0.04315311,-0.05147695],"r":[-5.008957E-06,180,-2.189484E-13],"s":[0.03912095,7.010489,0.1042658],"c":[0.5555556,0.5555556,0.5555556],"t1":{"c":[0.4444444,0.4444444,0.4444444],"x":0.5,"y":0.5,"a":0.8925,"m":0,"n":0,"r":0,"g":0,"o":0.5,"t":0.5,"e":0.5}}]}]}