{"v":9,"a":[7,13,18],"p":[{"t1":58,"s":[{"p":[0,0,0],"r":[0,0,0],"s":[274.3442,165.9997,0.2406246],"c":[0.8888889,0.5051146,0.09876525],"t1":{"c":[0,0,0],"x":0.03246975,"y":0.2049074,"a":0.8925,"m":0,"n":0,"r":0,"g":0,"o":0.5,"t":0.5,"e":0.5}}]}]}