{"v":9,"a":[21],"p":[{"b":167,"t1":28,"s":[{"p":[0,0,0],"r":[0,0,2.134434E-06],"s":[0.6050645,0.6050652,0.6050607],"c":[0.1234567,0.5555556,0.3703703],"t1":{"c":[0,0.5555556,0.3174603],"x":0.5,"y":0.5,"a":0.8925,"m":0,"n":0,"r":0,"g":0,"o":0.5,"t":0.5,"e":0.5}}]},{"b":167,"t1":28,"s":[{"p":[-0.1766258,0.09587909,-0.4718905],"r":[36.52996,304.6993,327.3251],"s":[0.6050634,0.6050627,0.6050643],"c":[0.07407401,0.6666667,0.4126984],"t1":{"c":[0,0.5555556,0.3174603],"x":0.5,"y":0.5,"a":0.8925,"m":0,"n":0,"r":0,"g":0,"o":0.5,"t":0.5,"e":0.5}}]},{"b":167,"t1":28,"s":[{"p":[0.2957266,0.884149,-0.4193882],"r":[332.4102,210.7582,235.0463],"s":[0.6050627,0.6050647,0.6050652],"c":[0.2222221,0.6666667,0.4761905],"t1":{"c":[0,0.5555556,0.3174603],"x":0.5,"y":0.5,"a":0.8925,"m":0,"n":0,"r":0,"g":0,"o":0.5,"t":0.5,"e":0.5}}]}]}