{"v":9,"a":[7],"p":[{"s":[{"p":[0,0,0],"r":[0,0,0],"s":[0.1750172,0.1750094,0.175019],"c":[1,1,1]}]},{"s":[{"p":[0.07309788,0.6671908,-0.4433649],"r":[3.667076E-06,90.00002,180],"s":[0.1750449,2500.169,0.1750388],"c":[1,1,1]}]},{"s":[{"p":[-0.8269246,3.29171,-1.360785],"r":[0,180,2.049057E-05],"s":[18.83692,2500.129,0.1751006],"c":[1,1,1]}]}]}