{"n":"screen","v":9,"a":[7],"p":[{"a":[1],"s":[{"p":[0,0,0],"r":[0,0,0],"s":[0.9634604,0.04676144,0.7493962],"c":[0,0,0]}]}]}