{"v":9,"a":[2,3],"p":[{"b":20,"e":"SANS","s":[{"p":[0.09708617,-0.06418651,0.6441516],"r":[275.3645,239.0696,292.1794],"s":[0.013112,0.01311199,0.01311199],"c":[0,1,1]}]},{"im":"956347096067175482/D2A8BD50216F0375811DCEC4B21430001AEB2523/","imt":1,"s":[{"p":[0.9485641,0.4460503,0.2217908],"r":[46.22781,158.1087,160.7665],"s":[2.426129,0.03960926,1.493005],"c":[1,1,1]}]}]}