{"v":9,"a":[1],"p":[{"b":225,"t":2,"im":"1184958115092568097/7F831FC8344F52E4798BCD682F385F8A1AA3ADAB/","c":[[0.165,-0.186,-0.287,18],[0.098,-0.229,-0.342,13],[-0.046,-0.141,0.027,17],[0.127,-0.346,0.011,12],[-0.198,-0.322,0.033,22],[0.28,-0.659,-0.005,5],[-0.273,-0.47,-0.26,23],[-0.053,-0.374,0.323,16],[0.089,-0.321,0.178,11],[0.107,-0.194,-0.469,14,45],[0.322,-0.253,-0.072,79],[-0.181,-0.704,0.111,21],[-0.502,-0.374,0.25,26,16],[-0.108,-0.532,-0.433,19,38],[-0.1,0.582,-0.443,56,37],[0.103,0.336,-0.468,58,30],[-0.502,-0.396,-0.276,28,20]],"s":[{"p":[0,0,0],"r":[0,0,0],"s":[0.5883434,0.03086549,0.639504],"c":[1,1,1]}]},{"b":18,"t":2,"e":"ME WHEN ZIAO","s":[{"p":[0.121719,-0.02898036,0.2470603],"r":[276.3423,167.6391,12.08002],"s":[0.003000005,0.003000003,0.003000004],"c":[1,1,1]}]},{"b":225,"t":2,"im":"1184958115092568097/7F831FC8344F52E4798BCD682F385F8A1AA3ADAB/","c":[[-0.114,-1.87,0.252,18],[-0.2,-2.161,0.272,13],[-0.046,-0.141,0.027,17],[-0.194,-2.205,0.263,12],[-0.385,-1.414,-0.005,22],[-0.232,-2.032,0.26,5],[-0.28,-1.093,-0.137,23],[-0.16,-1.27,0.257,16],[-0.087,-0.595,0.173,11],[-0.113,-1.815,0.201,14,45],[-0.145,-0.879,0.294,79],[-0.125,-2.851,-0.426,21],[-0.474,-1.969,0.14,26,16],[-0.134,-1.108,0.074,19,38],[-0.313,0.74,0.08,56,37],[-0.172,-1.424,0.201,58,30],[-0.456,0.053,0.111,28,20],[-0.276,0.386,-0.028,96],[-0.305,0.456,0.203,95],[-0.106,-2.612,0.572,25,15,3],[-0.099,-0.905,0.187,3],[-0.201,-1.299,0.293,0,71],[-0.178,-2.125,0.224,1,30,42],[-0.096,-1.277,0.282,2,28],[-0.211,-2.277,0.266,10,24],[-0.251,-1.341,0.247,15,21],[-0.096,-1.638,0.248,32,40,3],[-0.167,-2.041,0.265,33,41],[-0.17,-1.995,0.275,35,49],[-0.139,-1.422,0.276,70,6],[-0.106,-1.619,0.246,77],[-0.238,-1.865,0.229,4,65],[-0.223,-1.973,0.263,68,10],[-0.152,-1.649,0.212,6,59],[-0.159,-1.442,0.311,64,16],[-0.23,-2.125,0.27,8,55,3],[-0.095,-1.622,0.222,62,5,15],[-0.201,-2.313,0.216,9,52],[-0.094,-1.589,0.268,60,23],[-0.156,-2.178,0.25,7],[-0.158,-2.283,0.272,81],[-0.145,-1.527,0.264,87],[-0.183,-1.4,0.251,86],[-0.166,-1.106,0.293,85],[-0.339,-0.638,0.254,41,3,55],[-0.457,0.1,0.109,45,55],[-0.277,-0.95,0.271,20,18],[-0.299,-0.816,0.242,39,55],[-0.286,-1.28,0.266,37,52],[-0.402,0.885,0.02,51,4,48],[-0.42,-0.208,-0.003,29,21,4],[-0.415,0.149,0.095,49,53],[-0.392,0.638,0.036,52,46],[-0.383,-0.508,0.033,24,29],[-0.327,0.008,0.031,97],[-0.214,-1.067,-0.105,92],[-0.341,-1.415,0.081,27,19],[-0.33,-1.746,0.054,47,54]],"s":[{"p":[-0.09197342,0.07524928,-0.06772105],"r":[359.8359,10.64422,14.17236],"s":[0.5883433,0.0308655,0.6395043],"c":[1,1,1]}]},{"b":225,"t":2,"im":"1184958115092568097/7F831FC8344F52E4798BCD682F385F8A1AA3ADAB/","c":[[-0.114,-1.87,0.252,18],[-0.2,-2.161,0.272,13],[-0.046,-0.141,0.027,17],[-0.194,-2.205,0.263,12],[-0.338,-1.633,-0.03,22],[-0.232,-2.032,0.26,5],[-0.28,-1.093,-0.137,23],[-0.16,-1.27,0.257,16],[-0.087,-0.595,0.173,11],[-0.113,-1.815,0.201,14,45],[-0.145,-0.879,0.294,79],[-0.108,-2.473,-0.51,21],[-0.393,-1.606,-0.029,26,16],[-0.134,-1.108,0.074,19,38],[-0.313,0.74,0.08,56,37],[-0.172,-1.424,0.201,58,30],[-0.229,-1.441,-0.04,28,20],[-0.276,0.386,-0.028,96],[-0.305,0.456,0.203,95],[-0.093,-3.013,0.439,25,15,3],[-0.099,-0.905,0.187,3],[-0.201,-1.299,0.293,0,71],[-0.178,-2.125,0.224,1,30,42],[-0.096,-1.277,0.282,2,28],[-0.211,-2.277,0.266,10,24],[-0.251,-1.341,0.247,15,21],[-0.096,-1.638,0.248,32,40,3],[-0.167,-2.041,0.265,33,41],[-0.17,-1.995,0.275,35,49],[-0.139,-1.422,0.276,70,6],[-0.106,-1.619,0.246,77],[-0.238,-1.865,0.229,4,65],[-0.223,-1.973,0.263,68,10],[-0.152,-1.649,0.212,6,59],[-0.159,-1.442,0.311,64,16],[-0.23,-2.125,0.27,8,55,3],[-0.095,-1.622,0.222,62,5,15],[-0.201,-2.313,0.216,9,52],[-0.094,-1.589,0.268,60,23],[-0.156,-2.178,0.25,7],[-0.158,-2.283,0.272,81],[-0.145,-1.527,0.264,87],[-0.183,-1.4,0.251,86],[-0.166,-1.106,0.293,85],[-0.235,-2.116,0.043,41,3,55],[-0.176,-1.74,-0.054,45,55],[-0.277,-0.95,0.271,20,18],[-0.299,-0.816,0.242,39,55],[-0.286,-1.28,0.266,37,52],[-0.189,-1.925,-0.066,51,4,48],[-0.268,-1.597,-0.084,29,21,4],[-0.227,-1.056,-0.033,49,53],[-0.167,-1.759,-0.068,52,46],[-0.301,-1.223,0.055,24,29],[-0.327,0.008,0.031,97],[-0.214,-1.067,-0.105,92],[-0.305,-1.206,-0.055,27,19],[-0.266,-0.765,-0.044,47,54]],"s":[{"p":[0.08275285,0.07596493,-0.03260065],"r":[358.7013,169.407,11.13939],"s":[0.5883444,0.03086552,0.6395054],"c":[1,1,1]}]},{"b":225,"t":2,"im":"1184958115092568097/7F831FC8344F52E4798BCD682F385F8A1AA3ADAB/","c":[[-0.114,-1.87,0.252,18],[-0.2,-2.161,0.272,13],[-0.165,-0.847,0.057,17],[-0.194,-2.205,0.263,12],[-0.385,-1.414,-0.005,22],[-0.232,-2.032,0.26,5],[-0.28,-1.093,-0.137,23],[-0.16,-1.27,0.257,16],[-0.087,-0.595,0.173,11],[-0.113,-1.815,0.201,14,45],[-0.145,-0.879,0.294,79],[-0.125,-2.851,-0.426,21],[-0.474,-1.969,0.14,26,16],[-0.134,-1.108,0.074,19,38],[-0.313,0.74,0.08,56,37],[-0.172,-1.424,0.201,58,30],[-0.456,0.053,0.111,28,20],[-0.276,0.386,-0.028,96],[-0.305,0.456,0.203,95],[-0.106,-2.612,0.572,25,15,3],[-0.099,-0.905,0.187,3],[-0.201,-1.299,0.293,0,71],[-0.178,-2.125,0.224,1,30,42],[-0.096,-1.277,0.282,2,28],[-0.211,-2.277,0.266,10,24],[-0.251,-1.341,0.247,15,21],[-0.096,-1.638,0.248,32,40,3],[-0.167,-2.041,0.265,33,41],[-0.17,-1.995,0.275,35,49],[-0.139,-1.422,0.276,70,6],[-0.106,-1.619,0.246,77],[-0.238,-1.865,0.229,4,65],[-0.223,-1.973,0.263,68,10],[-0.152,-1.649,0.212,6,59],[-0.159,-1.442,0.311,64,16],[-0.23,-2.125,0.27,8,55,3],[-0.095,-1.622,0.222,62,5,15],[-0.201,-2.313,0.216,9,52],[-0.094,-1.589,0.268,60,23],[-0.156,-2.178,0.25,7],[-0.158,-2.283,0.272,81],[-0.145,-1.527,0.264,87],[-0.183,-1.4,0.251,86],[-0.166,-1.106,0.293,85],[-0.339,-0.638,0.254,41,3,55],[-0.457,0.1,0.109,45,55],[-0.277,-0.95,0.271,20,18],[-0.299,-0.816,0.242,39,55],[-0.286,-1.28,0.266,37,52],[-0.402,0.885,0.02,51,4,48],[-0.42,-0.208,-0.003,29,21,4],[-0.415,0.149,0.095,49,53],[-0.392,0.638,0.036,52,46],[-0.383,-0.508,0.033,24,29],[-0.327,0.008,0.031,97],[-0.214,-1.067,-0.105,92],[-0.341,-1.415,0.081,27,19],[-0.33,-1.746,0.054,47,54],[-0.193,-0.744,0.057,91]],"s":[{"p":[-0.1574219,0.06790335,-0.2346754],"r":[2.158108,349.4956,14.58164],"s":[0.5883446,0.03086555,0.6395054],"c":[1,1,1]}]},{"b":225,"t":2,"im":"1184958115092568097/7F831FC8344F52E4798BCD682F385F8A1AA3ADAB/","v":4,"s":[{"p":[0.2685682,0.04641365,-0.2367897],"r":[358.7606,0.1178016,352.6461],"s":[0.5883447,0.03086555,0.6395053],"c":[1,1,1]}]}]}