{"v":9,"p":[{"b":205,"s":[{"p":[0.52265,0.1268206,0.3421917],"r":[357.0248,0.3213397,29.72896],"s":[0.1367065,0.09698531,0.10109],"c":[0.6666667,0.6243386,0.3703701]}]},{"b":160,"s":[{"p":[0.4953571,0.1718259,0.255165],"r":[2.962803,2.630624,212.8199],"s":[0.1159509,0.1159561,0.02134165],"c":[0.4444443,0.428924,0.3950616]}]}]}