{"n":"nine","v":9,"a":[2],"p":[{"b":201,"s":[{"p":[0,0,0],"r":[0,0,0],"s":[0.05999941,0.06000072,0.06000018],"c":[0.7777778,0.1728394,0.3802469]}]},{"b":28,"s":[{"p":[0.06895638,-0.0009422153,-0.1169256],"r":[0,157.5,0],"s":[0.1972816,0.2445182,0.2445211],"c":[0.7777778,0.1728394,0.3802469]}]}]}