{"n":"target barrel","v":9,"a":[7,12,21],"p":[{"b":144,"t1":69,"s":[{"p":[0.01416561,-5.727634E-07,-5.249167E-07],"r":[-4.071109E-13,180,180],"s":[0.05183451,0.2694834,0.2696738],"c":[0.2222219,0.2222219,0.2222219],"t1":{"c":[1,1,1],"x":0.2609334,"y":0.1073583,"a":0.5763434,"m":0,"n":0,"r":0,"g":0,"o":0.5,"t":0.5,"e":0.5}}]},{"b":144,"t1":69,"s":[{"p":[-0.4935573,-5.066395E-07,4.470348E-08],"r":[-4.071109E-13,180,180],"s":[0.05183457,0.2694967,0.2696736],"c":[0.222222,0.222222,0.222222],"t1":{"c":[1,1,1],"x":0.2609334,"y":0.1073583,"a":0.5763434,"m":0,"n":0,"r":0,"g":0,"o":0.5,"t":0.5,"e":0.5}}]},{"b":147,"t1":38,"s":[{"p":[-0.2639211,-4.768372E-07,-2.402812E-07],"r":[4.071109E-13,6.830188E-06,-6.830188E-06],"s":[0.8822773,0.266148,0.2661208],"c":[0.222222,0.1622573,0.09876525],"b":["when starts then become next"],"t1":{"c":[0.5555556,0.4056436,0.2469135],"x":0.5,"y":0.6872929,"a":0.8925,"m":0,"n":0,"r":0,"g":0,"o":0.5,"t":0.5,"e":0.5}},{"p":[-0.2639211,-4.768372E-07,-2.402812E-07],"r":[4.071109E-13,6.830188E-06,-6.830188E-06],"s":[0.8822773,0.266148,0.2661208],"c":[0.222222,0.1622573,0.09876522],"b":["when starts then call me score-a"],"t1":{"c":[0.5555556,0.4056436,0.2469135],"x":0.5,"y":0.6872929,"a":0.8925,"m":0,"n":0,"r":0,"g":0,"o":0.5,"t":0.5,"e":0.5}}]}]}