{"n":"nail","v":9,"a":[2,14,16],"p":[{"b":4,"t":1,"s":[{"p":[0,0,0],"r":[0,0,0],"s":[0.03442852,0.03442445,0.03442444],"c":[0.6666667,0.6666667,0.6666667]}]},{"b":5,"t":1,"s":[{"p":[0.0009918215,-0.0001602471,-0.2729266],"r":[-1.162597E-06,180,90],"s":[0.02322398,0.02322588,0.6295458],"c":[0.6666667,0.6666667,0.6666667]}]},{"b":5,"t":1,"s":[{"p":[0.0009918215,-0.0001602769,-0.530674],"r":[-1.162597E-06,180,90],"s":[0.07083859,0.07259493,0.04979211],"c":[0.6666667,0.6666667,0.6666667]}]}]}