{"n":"shelf of music","v":9,"a":[7],"p":[{"s":[{"p":[0,0,0],"r":[0,0,0],"s":[0.697638,0.3085528,0.02842015],"c":[0.5555556,0.4391533,0.1851851]}]}]}