{"n":"ground","v":9,"a":[1,7,21],"p":[{"s":[{"p":[26.75459,1.372615,-1.673716],"r":[359.1211,263.6107,352.1652],"s":[0.3670682,0.40227,0.4559884],"c":[1,0.936508,0.5555556]}]},{"b":3,"s":[{"p":[26.85375,1.482694,-1.838418],"r":[330.3729,269.9934,34.05764],"s":[0.01949136,0.02463026,0.02095002],"c":[0,0,0]}]},{"b":3,"s":[{"p":[26.69196,1.440202,-1.862188],"r":[296.2096,230.0182,34.36116],"s":[0.0194914,0.02463029,0.02095007],"c":[0,0,0]}]},{"b":198,"s":[{"p":[26.76517,1.336036,-1.865083],"r":[354.7546,358.1587,4.357327],"s":[0.01562427,0.02171523,0.05555044],"c":[1,0.815873,0.7777778]}]}]}