{"v":9,"a":[5,7,13,18,21],"p":[{"b":157,"t1":58,"s":[{"p":[0,0,0],"r":[0,0,0],"s":[3.984668,3.984585,3.984674],"c":[0.8888889,0.5051146,0.09876534],"t1":{"c":[0,0,0],"x":0.1844339,"y":0.1584954,"a":0.8925,"m":0,"n":0,"r":0,"g":0,"o":0.5,"t":0.5,"e":0.5}}]}]}