{"v":9,"a":[7,18,49],"p":[{"b":2,"a":[12,37],"i":[{"t":"5f18b04a8b6b0b0637627d8c","p":[6.238411,-5.83917,-101.3427],"r":[-1.190547E-12,-1.001791E-05,180]}],"s":[{"p":[0,0,0],"r":[0,0,-3.828216E-20],"s":[0.3526543,0.8713359,0.2677654],"c":[1,1,1],"b":["when starts then set constant rotation to 0 100 0"]}]}]}