{"v":9,"a":[22,12,24],"bod":{"ht": {"i":"5f1899353c5673630c79c6c2","p":[0.02495241,-0.02805119,0.1082608],"r":[287.209,345.3204,197.2118]},"al": {"i":"5f189ac356dc83319390419b","p":[-0.05725137,-0.06917456,-0.1500857],"r":[359.1579,8.315884,69.37734]},"ar": {"i":"5f17374bbc1b58604f6abab2","p":[0.01101387,-0.06147508,-0.1420205],"r":[355.2428,1.055265,306.144]},"ut": {"i":"5f15dec8bc1b58604f6aba7c","p":[0.009794381,-0.2386888,-0.03789307],"r":[271.7251,323.4317,211.529]}},"p":[{"b":58,"s":[{"p":[0.003185257,-0.1645986,-0.006223714],"r":[-1.195283E-05,180,180],"s":[0.1162063,0.1161702,0.1162017],"c":[0,0,0]}]},{"b":5,"s":[{"p":[0.005258534,-0.2943095,-0.005296769],"r":[90,-6.037092E-07,0],"s":[0.07965722,0.0796579,0.3561461],"c":[0,0,0],"b":["when told by any hat6 then become 2 in 0.5s"]},{"p":[0.03508937,-1.350708,-0.01881628],"r":[88.35218,113.4992,203.2931],"s":[0.07966075,0.07966302,3.093426],"c":[0,0,0],"b":["when told by any hat6 then become 1 in 0.5s"]}]}]}