{"v":9,"a":[2,7,15],"p":[{"b":14,"t":7,"s":[{"p":[0,0,0],"r":[0,0,0],"s":[0.001000585,0.1635893,0.1516821],"c":[0,0,0]}]}]}