{"v":9,"a":[22,18],"p":[{"b":65,"t1":43,"t2":43,"s":[{"p":[0.02190423,-0.004342559,0.003031735],"r":[-1.001791E-05,1.628444E-12,-6.157194E-14],"s":[2.078976,0.08375438,1.579314],"c":[0.3333332,0.3333332,0.3333332],"t1":{"c":[0.7777778,0.7777778,0.7777778],"x":0.5,"y":0.5,"a":0.8925,"m":0,"n":0,"r":0,"g":0,"o":0.5,"t":0.5,"e":0.5},"t2":{"c":[0.7777778,0.7777778,0.7777778],"x":0.5,"y":0.5,"a":0.8925,"m":0,"n":0,"r":0,"g":0,"o":0.5,"t":0.5,"e":0.5}}]},{"b":65,"t1":43,"t2":43,"s":[{"p":[-0.0392194,0.0785865,0.1929154],"r":[-1.001791E-05,-1.001791E-05,1.690016E-12],"s":[1.995915,0.08375941,1.500589],"c":[0.3333332,0.3333332,0.3333332],"t1":{"c":[0.7777778,0.7777778,0.7777778],"x":0.5,"y":0.5,"a":0.8925,"m":0,"n":0,"r":0,"g":0,"o":0.5,"t":0.5,"e":0.5},"t2":{"c":[0.7777778,0.7777778,0.7777778],"x":0.5,"y":0.5,"a":0.8925,"m":0,"n":0,"r":0,"g":0,"o":0.5,"t":0.5,"e":0.5}}]}]}