{"n":"ground","v":9,"p":[{"b":17,"s":[{"p":[21.82513,11.28183,-2.454473],"r":[33.62551,275.8844,281.7889],"s":[10.42797,0.1106203,63.69351],"c":[0.6031746,1,0.4444442]}]}]}