{"n":"anyland logo","v":9,"a":[1,21],"p":[{"s":[{"p":[-0.03671388,-0.003987174,0.04988726],"r":[290.2787,152.4163,79.56812],"s":[0.0173146,0.01685544,0.09315884],"c":[0.3703699,0.4444439,0.5555556]}]},{"s":[{"p":[-0.02556372,-0.008381403,0.02813784],"r":[1.379051,142.8866,82.95473],"s":[0.01731465,0.01685549,0.0662392],"c":[0.3703699,0.4444439,0.5555556]}]},{"s":[{"p":[-0.009837846,-0.003537699,0.009997016],"r":[293.4755,317.6182,275.6007],"s":[0.01731472,0.01685548,0.09315895],"c":[0.3703699,0.4444439,0.5555556]}]}]}