{"n":"anyland logo","v":9,"a":[1,21],"p":[{"s":[{"p":[0.1995579,-0.0003256332,-0.02885252],"r":[352.6368,18.07696,359.9528],"s":[0.01671844,0.01627513,0.08995119],"c":[0.3703699,0.4444439,0.5555556]}]},{"s":[{"p":[0.2508913,0.002567457,-0.04647075],"r":[356.6924,17.57066,3.21448],"s":[0.01671843,0.0162751,0.0899514],"c":[0.3703699,0.4444439,0.5555556]}]},{"s":[{"p":[0.2248938,0.0003339397,-0.03764262],"r":[357.5804,345.6987,0.4825481],"s":[0.01671848,0.01627513,0.08995158],"c":[0.3703699,0.4444439,0.5555556]}]}]}