{"v":9,"a":[7,18],"p":[{"b":3,"i":[{"t":"5f1a6448a3e4686305c8023a","p":[0.1211224,-0.004582107,-0.1590794],"r":[0,0,-5.008957E-06]}],"s":[{"p":[0,0,0],"r":[0,0,0],"s":[0.02403827,0.01312025,0.02403784],"c":[0,0.5714284,1]}]}]}