{"v":9,"p":[{"b":131,"e":"$40","s":[{"p":[0,0,0],"r":[8.537735E-07,-4.770831E-15,-6.403302E-07],"s":[0.003,0.003,0.003],"c":[0,1,1]}]}]}