{"n":"paper airplane","v":9,"a":[2,14,31],"tp_m": 0.1,"tp_d": 0.01,"tp_ad": 2,"p":[{"c":[[0.5,-1.432,-0.418,0,13,10],[-0.5,-1.432,-0.418,1,13,2],[0.5,-1.432,-0.5,6,6,8],[-0.5,-1.432,-0.5,7,8,4]],"s":[{"p":[-0.01892131,2.980233E-07,-0.007837465],"r":[0,315,0],"s":[0.003199563,0.08413529,0.0511893],"c":[1,1,1]}]},{"c":[[6.993,-1.511,-0.394,0,13,10],[5.993,-1.511,-0.394,1,13,2],[6.993,-1.511,-0.476,6,6,8],[5.993,-1.511,-0.476,7,8,4]],"s":[{"p":[-0.04043496,0.004113556,-0.01911966],"r":[-8.537737E-07,225,337.5],"s":[0.003201106,0.08415085,0.05121179],"c":[1,1,1]}]},{"v":0,"s":[{"p":[4.041956E-05,2.980233E-07,1.674233E-05],"r":[0,0,0],"s":[0.003200241,0.08414259,0.05119452],"c":[1,1,1]}]},{"c":[[-3.781,-1.488,-0.453,0,13,10],[-4.781,-1.488,-0.453,1,13,2],[-3.781,-1.488,-0.535,6,6,8],[-4.781,-1.488,-0.535,7,8,4]],"s":[{"p":[0.02673661,2.980233E-07,0.01107467],"r":[-7.683963E-06,89.99999,22.50001],"s":[0.003201732,0.08415698,0.05119901],"c":[1,1,1]}]}]}