{"v":9,"p":[{"b":131,"e":"$60","s":[{"p":[0,0,0],"r":[0,0,5.336085E-08],"s":[0.003000006,0.003000001,0.003000005],"c":[0,1,1]}]}]}