{"v":9,"a":[31],"p":[{"b":205,"s":[{"p":[0,0,0],"r":[0,0,0],"s":[0.07716486,0.07716485,0.07737134],"c":[1,1,1]}]}]}