{"n":"claw-tip magic left","v":9,"a":[30,31],"p":[{"b":4,"t":20,"a":[37,36],"s":[{"p":[0.001138027,0.0007428592,-0.00443944],"r":[359.8419,359.8398,0.2191898],"s":[0.001,0.001,0.001],"c":[0,1,1],"b":["when told by body scratch-on then become next","when any state told by body paws-reset then become untweened 1"],"pr":{"c":[0,1,0.9142858],"m":0.25,"a":0.25,"s":0.15,"z":0.25,"g":0.5,"h":0.25}},{"p":[0.001138027,0.0007428592,-0.00443944],"r":[359.8419,359.8398,0.2191903],"s":[0.008258298,0.008258312,0.00825829],"c":[0,1,1],"b":["when told by body hand triggered right then trail start with 60s, then become next","when told by body scratch-off then become 1"],"pr":{"c":[0,1,0.9142858],"m":0.25,"a":0.25,"s":0.15,"z":0.25,"g":0.5,"h":0.25}},{"p":[0.001138027,0.0007428592,-0.00443944],"r":[359.8419,359.8398,0.2191903],"s":[0.008258298,0.008258312,0.00825829],"c":[0,1,1],"b":["when told by body hand trigger let go right then trail end, then become 2","when told by body scratch-off then become 1","when told by body "],"pr":{"c":[0,1,0.9142858],"m":0.25,"a":0.25,"s":0.15,"z":0.25,"g":0.5,"h":0.25}}]}]}