{"v":9,"a":[31],"p":[{"b":14,"s":[{"p":[0,0,0],"r":[0,0,1.707547E-06],"s":[0.00788088,0.00788088,0.00788088],"c":[1,0.8571429,0]}]}]}