{"v":9,"a":[7,18],"p":[{"t":7,"a":[12,37],"s":[{"p":[0,0,0],"r":[0,0,0],"s":[0.01783054,0.02749098,0.03216697],"c":[1,1,1]}]}]}