{"v":9,"a":[7,18],"p":[{"s":[{"p":[0,0,0],"r":[0,0,0],"s":[1.818286,0.03639277,1.169546],"c":[1,1,1]}]}]}