{"v":9,"p":[{"b":73,"t":3,"s":[{"p":[0,0,0],"r":[0,0,0],"s":[0.225,0.2250004,0.2250004],"c":[0.8888889,0.8888889,0.8888889]}]}]}