{"v":9,"a":[7,18,21],"p":[{"b":5,"t":1,"s":[{"p":[-0.02777173,-0.001429083,-0.06313421],"r":[-5.292442E-12,-4.071111E-12,1.366038E-05],"s":[0.005342385,0.005488391,0.03348369],"c":[0.9714286,1,0]}]},{"b":16,"t":1,"s":[{"p":[-0.02804126,-0.001728535,-0.04925204],"r":[1.195283E-05,89.99998,89.99999],"s":[0.00492273,0.006434112,0.005037342],"c":[0.5555556,0.5555556,0.5555556]}]}]}