{"v":9,"p":[{"b":18,"e":"PICTURE FRAMES","s":[{"p":[0,0,0],"r":[0,0,0],"s":[0.006140303,0.006140302,0.006140303],"c":[0,0,0]}]}]}