{"v":9,"a":[22,18,31,41],"p":[{"b":68,"s":[{"p":[0,0,0],"r":[0,0,0],"s":[0.20187,0.201863,0.2018631],"c":[0.4444443,0.5714285,1]}]},{"b":13,"t":9,"s":[{"p":[0.0004038811,0.1831069,0.0005443096],"r":[0,0,-1.366038E-05],"s":[0.08825534,0.01313796,0.07619362],"c":[0,0,0]}]},{"t":2,"a":[32],"s":[{"p":[-0.057199,0.2031574,0.03707528],"r":[0,0,-1.366038E-05],"s":[0.06328012,0.001000052,0.06326029],"c":[0,0.5714284,1]}]},{"b":120,"t":2,"e":"||||||||||||||||||||","s":[{"p":[-0.1001382,0.204618,-0.0213033],"r":[90,0,0],"s":[0.005009789,0.005007371,0.005009574],"c":[0,0.5714284,1]}]}]}