{"n":"text","v":9,"p":[{"b":18,"t":2,"a":[19],"e":"GIVE POWER TO\nCIRCUIT\n(WHEN NOT LOCKED)","s":[{"p":[0,0,0],"r":[0,0,-2.668043E-08],"s":[0.003000008,0.003000011,0.003000007],"c":[1,1,1]}]}]}