{"v":9,"a":[22,31],"p":[{"i":[{"t":"5f2070db43ec5270f3e3d121","p":[-0.1252701,-0.09929673,0.1448081],"r":[319.8379,352.5268,138.994]}],"s":[{"p":[0,0,0],"r":[0,0,0],"s":[0.04011443,0.04011514,0.04010887],"c":[1,1,1],"b":["when starts then set constant rotation to 0 0 14"]}]}]}