{"n":"projection","v":9,"a":[49],"p":[{"t":2,"a":[12,42],"s":[{"p":[0,0,0],"r":[0,0,-7.656432E-20],"s":[0.01398607,0.01398713,0.01398712],"c":[0.654321,0.7777778,0.6049383],"b":["when starts then project, show line","when told update then become next in 0.1s"]},{"p":[0,0,0],"r":[0,0,-7.656432E-20],"s":[0.01398607,0.01398713,0.01398712],"c":[0.4673718,0.5555556,0.4320985],"b":["when starts then become previous in 0.1s"]}]}]}