{"v":9,"a":[1,2,22,12,18,31],"p":[{"t":7,"a":[12],"i":[{"t":"5f18b7258b6b0b0637627d90","p":[0.07074738,-0.0445862,-0.03585364],"r":[270,225,0]}],"s":[{"p":[0,0,0],"r":[0,0,1.707547E-06],"s":[0.03537302,0.03537265,0.03537358],"c":[0,0,0]}]}]}