{"v":9,"p":[{"b":17,"s":[{"p":[0,0,0],"r":[0,0,0],"s":[0.06000067,0.06000071,0.06000081],"c":[1,1,1]}]}]}