{"v":9,"a":[7,13,18],"p":[{"t1":45,"s":[{"p":[0.04463381,-0.4501219,0.001572132],"r":[0,0,0],"s":[2.036407,0.04802506,0.842597],"c":[0,0,0],"t1":{"c":[0,0,0],"x":0.5,"y":0.5,"a":0.8925,"m":0,"n":0,"r":0,"g":0,"o":0.5,"t":0.5,"e":0.5}}]},{"t1":45,"s":[{"p":[0.02818871,-0.00824738,0.001571894],"r":[0,0,0],"s":[2.078704,0.04809197,0.843058],"c":[0,0,0],"t1":{"c":[0,0,0],"x":0.5,"y":0.5,"a":0.8925,"m":0,"n":0,"r":0,"g":0,"o":0.5,"t":0.5,"e":0.5}}]},{"t1":45,"s":[{"p":[1.017338,-2.097022,0.009367466],"r":[-1.072956E-06,-1.072956E-06,270],"s":[1.01314,0.04809991,0.8439236],"c":[0,0,0],"t1":{"c":[0,0,0],"x":0.5,"y":0.5,"a":0.8925,"m":0,"n":0,"r":0,"g":0,"o":0.5,"t":0.5,"e":0.5}}]},{"t1":45,"s":[{"p":[1.017338,-1.053406,0.009367466],"r":[0,0,270],"s":[1.083095,0.04809427,0.8439598],"c":[0,0,0],"t1":{"c":[0,0,0],"x":0.5,"y":0.5,"a":0.8925,"m":0,"n":0,"r":0,"g":0,"o":0.5,"t":0.5,"e":0.5}}]}]}