{"v":9,"a":[22,13,18],"p":[{"s":[{"p":[0,0,0],"r":[0,0,0],"s":[0.07048412,2.956017,0.05722309],"c":[0.6666667,0.6666667,0.6666667]}]}]}