{"v":9,"a":[22,18],"p":[{"t":7,"s":[{"p":[0,0,0],"r":[0,0,0],"s":[1.30937,2.900928,0.02572313],"c":[0.8888889,0.9714285,1]}]}]}