{"n":"dm wand","v":9,"a":[2,3,7,12,18],"p":[{"b":187,"a":[38],"t2":10,"s":[{"p":[2.980231E-08,5.960464E-08,-0.2763427],"r":[-6.830189E-06,90.00001,90],"s":[0.004133023,0.06231391,0.004133709],"c":[0.6666667,0.342857,0],"t2":{"c":[0.8,0,1],"a":0}}]},{"b":205,"a":[12],"s":[{"p":[0,0,0],"r":[0,0,0],"s":[0.04500619,0.04500106,0.04500625],"c":[1,1,1]}]}]}