{"v":9,"a":[30],"p":[{"s":[{"p":[0,0,0],"r":[0,0,0],"s":[0.06894524,2.914944,0.01455066],"c":[0.8888889,0.5925926,0.69418]}]},{"s":[{"p":[0.05975676,0,-0.009619707],"r":[1.001791E-05,6.157141E-14,1.001791E-05],"s":[0.06895157,2.915037,0.01455205],"c":[0.8888889,0.5925926,0.69418]}]},{"s":[{"p":[0.1017096,0,-0.001454344],"r":[0,0,1.001791E-05],"s":[0.06895711,2.915151,0.01455315],"c":[0.8888889,0.5925926,0.69418]}]},{"s":[{"p":[0.1539826,-0.0006361277,-0.002143846],"r":[359.8936,352.0719,0.3889047],"s":[0.06896409,2.915275,0.01455448],"c":[0.8888889,0.5925926,0.69418]}]}]}