{"v":9,"p":[{"b":136,"e":"D.D","s":[{"p":[0,0,0],"r":[0,0,5.336085E-08],"s":[0.01100326,0.01100323,0.01100327],"c":[0,0,0],"b":["when touches hand then tell any 909"]}]}]}