{"v":9,"a":[22,18,21],"p":[{"s":[{"p":[0,0,0],"r":[0,0,0],"s":[0.06894524,2.914944,0.01455066],"c":[0.8888889,0.5925926,0.69418]}]},{"s":[{"p":[0.05975676,0,-0.009619707],"r":[1.001791E-05,6.157141E-14,1.001791E-05],"s":[0.06895157,2.915037,0.01455205],"c":[0.8888889,0.5925926,0.69418]}]},{"s":[{"p":[0.1017096,0,-0.001454344],"r":[0,0,1.001791E-05],"s":[0.06895711,2.915151,0.01455315],"c":[0.8888889,0.5925926,0.69418]}]},{"s":[{"p":[0.1579192,0,-0.01163958],"r":[0,0,1.001791E-05],"s":[0.06896359,2.915273,0.01455438],"c":[0.8888889,0.5925926,0.69418]}]}]}