{"v":9,"p":[{"b":132,"e":"DIAMAND","s":[{"p":[0,0,0],"r":[0,0,-3.201651E-07],"s":[0.005959217,0.005959217,0.005959217],"c":[0,0.9142855,1]}]}]}