{"n":"doorswing1","v":9,"a":[7,18],"p":[{"b":4,"a":[11,12,36],"i":[{"t":"5f24db11bc1b58604f6abf71","p":[0.009314944,-0.1207396,0.4724819],"r":[-1.502687E-05,270,180]}],"s":[{"p":[-0.00519228,4.539236E-10,-0.005528569],"r":[-1.001791E-05,4.378969E-13,-3.828217E-20],"s":[0.6633037,0.01112648,0.02998069],"c":[1,1,1],"b":["when told by any dswing1 then become 2 in 1.5s","when told by any dswing1 then play door handle with high pitch"]},{"p":[-0.009999752,2.622661E-09,-0.00999999],"r":[-1.484052E-05,270,-1.411231E-05],"s":[0.03454449,0.01112603,0.02998005],"c":[1,1,1],"b":["when told by any dswing1 then become 1 in 1.5s","when told by any dswing1 then play door handle 4 with very high pitch"]}]}]}