{"n":"engineer toolbox","v":9,"a":[2],"inc":[["dispenser","5ee50e9da14ec7345bd6c53f"],["engineer dispenser","5f244042458b890639e8bc73"],["engineer dispenser 2","5f2440cc56dc833193904564"],["engineer dispenser 3","5f245eb151cb030635abbe9a"],["engineer dispenser 4","5f24612711766f3186f935b5"],["engineer dispenser 5","5f2464f9d5ff73604ee61d95"]],"p":[{"t1":74,"t2":37,"s":[{"p":[-0.002134681,0.09722841,0.02751523],"r":[-8.49675E-06,90,1.162597E-06],"s":[0.1090267,0.05134401,0.06792933],"c":[0.3333321,0.3333321,0.3333321],"t1":{"c":[0.4444444,0.4444444,0.4444444],"x":0.5,"y":0.5,"a":0.5953217,"m":0,"n":0,"r":0,"g":0,"o":0.5,"t":0.5,"e":0.5},"t2":{"c":[1,1,1],"x":0.5,"y":0.5,"a":0.5870959,"m":0,"n":0,"r":0,"g":0,"o":0.5,"t":0.5,"e":0.5}}]},{"c":[[-0.5,0.623,0.5,3,6,8],[0.5,0.623,0.5,2,6,14],[-0.5,-0.648,0.5,1,13,2],[0.5,-0.648,0.5,0,13,10]],"s":[{"p":[0,0,0],"r":[1.536793E-05,3.415094E-06,-3.415094E-06],"s":[0.4462172,0.1750006,0.1760032],"c":[0.5555556,0.5167549,0.4320987]}]},{"t1":74,"v":1,"s":[{"p":[1.192093E-07,0,0.08780271],"r":[0,0,-6.830189E-06],"s":[0.4400591,0.175017,0.001000035],"c":[0.3333332,0.2984126,0.2222221],"t1":{"c":[0.4444444,0.4444444,0.4444444],"x":0.5,"y":0.5,"a":0.5953217,"m":0,"n":0,"r":0,"g":0,"o":0.5,"t":0.5,"e":0.5}}]},{"i":[{"t":"5f24d65b42984b318d5d77a1","p":[-0.3381017,9.898459E-08,-0.1259879],"r":[9.391511E-06,180,180]}],"v":1,"s":[{"p":[0,-0.004216313,0.1283389],"r":[-1.366038E-05,180,180],"s":[0.4462756,0.1750439,0.08157225],"c":[0.5555556,0.5167549,0.4320987]}]}]}