{"n":"spawnroom","v":9,"a":[7,18,48,49],"p":[{"b":205,"s":[{"p":[0,0,0],"r":[0,0,0],"s":[0.04500173,0.04500668,0.04500171],"c":[1,1,1],"b":["when starts then send all onto spawnroom"]}]}]}