{"v":9,"p":[{"b":31,"s":[{"p":[0,0,0],"r":[0,0,0],"s":[0.1224979,0.2514795,0.02522335],"c":[1,1,1]}]},{"b":131,"e":"EMERALD","s":[{"p":[0.05258003,0.06372189,0.001786627],"r":[358.2669,359.3851,271.2231],"s":[0.003000006,0.003000004,0.003000007],"c":[0,0.9142855,1]}]}]}