{"v":9,"p":[{"b":132,"e":"PAY ETENTION TO WHAT IS RED HINT THERES 2 OF THEY ARE BOTH DEAD\nTRY TRUNIG THE LETTERS INTO NUMBERS","s":[{"p":[0.06855157,0.5769384,0.2420713],"r":[0.9553282,270.3451,300.7461],"s":[0.001000003,0.001000003,0.001000001],"c":[1,1,1],"b":["when told by any roll then become next in 0.5s"]},{"p":[0,0,0],"r":[0,0,0],"s":[0.001,0.001,0.001],"c":[1,1,1],"b":["when starts then become next in 15s"]},{"p":[0,0,0],"r":[0,0,0],"s":[0.001,0.001,0.001],"c":[1,1,1],"b":["when starts then become next in 1s"]}]}]}