{"v":9,"p":[{"b":31,"s":[{"p":[0,0,0],"r":[0,0,0],"s":[0.1224979,0.2514795,0.02522335],"c":[1,1,1]}]},{"b":131,"e":"STEEL","s":[{"p":[0.05242306,0.03908896,-0.0003613811],"r":[358.1562,359.7269,270.247],"s":[0.003000004,0.003000004,0.003000005],"c":[0,0.9142855,1]}]}]}