{"n":"limit2","v":9,"a":[5,7,18,48],"p":[{"s":[{"p":[0,0,0],"r":[0,0,0],"s":[1.005771,391.6837,13.15047],"c":[1,1,1]}]}]}