{"v":9,"p":[{"b":31,"s":[{"p":[0,0,0],"r":[0,0,0],"s":[0.1224979,0.2514795,0.02522335],"c":[1,1,1]}]},{"b":131,"e":"COAL","s":[{"p":[0.05315771,0.02567057,0.003844306],"r":[359.3005,3.303943,269.9663],"s":[0.003000003,0.003000003,0.003000001],"c":[0,0.9142855,1]}]}]}