{"n":"delete","v":9,"p":[{"b":14,"s":[{"p":[0.08857891,0.07195356,0.1706409],"r":[345.1456,355.5336,6.715665],"s":[0.06000001,0.06,0.06],"c":[1,1,1]}]},{"b":9,"s":[{"p":[0.1861816,0.02480802,-0.006467462],"r":[355.4251,2.517383,8.812655],"s":[0.1250003,0.1250001,0.1250003],"c":[1,1,1]}]},{"b":9,"s":[{"p":[-0.2310767,-0.6531798,0.005350366],"r":[332.6519,79.869,276.8281],"s":[0.1250029,0.1250021,0.1250032],"c":[1,1,1]}]},{"b":9,"s":[{"p":[0.4426418,-0.2350625,0.4393259],"r":[37.75649,350.1896,99.21875],"s":[0.125003,0.1250027,0.1250039],"c":[1,1,1]}]}]}