{"n":"tile","v":9,"a":[7],"p":[{"t":1,"t1":156,"s":[{"p":[0,0,0],"r":[0,0,7.656432E-20],"s":[10.69825,0.09915949,10.37894],"c":[1,1,1],"t1":{"c":[1,1,1],"x":0.0335688,"y":0.03853822,"a":0.7513409,"m":0,"n":0,"r":0,"g":0.07306272,"o":0.5,"t":0.5,"e":0.5}}]}]}