{"v":9,"p":[{"t":2,"t1":168,"c":[[0.462,3.173,0.675,2,6,14],[0.434,10.671,0.603,0,13,10],[0.607,-1.502,-0.43,4,6,11],[0.567,0.245,-0.476,6,6,8],[-0.577,-7.382,-0.256,5,6,7],[-0.556,-1.845,-0.191,7,8,4]],"s":[{"p":[0,0,0],"r":[0,0,0],"s":[0.1965722,0.001000001,0.04109792],"c":[0.7679012,0.4320987,0.7777778],"t1":{"c":[0.7679012,0.4320987,0.7777778],"a":0.05}}]},{"t":2,"t1":168,"v":0,"s":[{"p":[0.12523,0.00406009,0.06551073],"r":[353.5171,284.7641,182.3742],"s":[0.1407484,0.001000017,0.03375199],"c":[0.7679012,0.4320987,0.7777778],"t1":{"c":[0.7679012,0.4320987,0.7777778],"a":0.05}}]},{"t":2,"t1":168,"v":0,"s":[{"p":[0.2015469,0.0153963,0.1037322],"r":[355.8042,201.5772,171.6867],"s":[0.1407477,0.001000009,0.05223956],"c":[0.7679012,0.4320987,0.7777778],"t1":{"c":[0.7679012,0.4320987,0.7777778],"a":0.05}}]}]}