{"v":9,"a":[7,12,18],"p":[{"a":[12],"i":[{"t":"5f261617fe6ea006347b8e5b","p":[0.01426363,-0.001033312,0.0170337],"r":[1.707547E-06,90.00004,90.00002],"a":[48,49]}],"s":[{"p":[-7.98201E-09,-0.006078835,-0.04963208],"r":[90,-1.46683E-05,0],"s":[0.09254627,0.006983355,0.0932266],"c":[1,1,1],"b":["when starts then set constant rotation to 0 300 0"]}]},{"b":62,"t":2,"s":[{"p":[0,0,0],"r":[9.659348E-06,-1.366038E-05,1.198454E-05],"s":[0.04925875,0.04925475,0.04945327],"c":[1,0.8571429,0]}]}]}