{"n":"gas bomb","v":9,"a":[2,15],"p":[{"b":3,"t":3,"s":[{"p":[0,0,0],"r":[0,0,-1.707547E-06],"s":[0.03189147,0.03254289,0.03120068],"c":[0.148148,0.3333332,0.2857142]}]}]}