{"v":9,"a":[1,7,21],"p":[{"b":195,"t1":29,"c":[[2.29,-1.642,-2.879,42,91,6],[4.842,-1.587,0.67,71,66],[5.189,-1.795,-0.945,126,9],[5.208,-1.823,-0.917,53],[0.366,-2.381,-3.614,30],[-1.596,-1.959,-3.731,26],[2.61,-1.11,2.938,70,70]],"s":[{"p":[0,0,0],"r":[0,0,0],"s":[4.403996,4.403431,4.403773],"c":[0.6666667,0.6666667,0.6666667],"t1":{"c":[0,0,0],"x":0.5,"y":0.5,"a":0.8925,"m":0,"n":0,"r":0,"g":0,"o":0.5,"t":0.5,"e":0.5}}]},{"b":195,"t1":29,"c":[[2.29,-1.642,-2.879,42,91,6],[4.842,-1.587,0.67,71,66],[5.189,-1.795,-0.945,126,9],[5.208,-1.823,-0.917,53],[0.366,-2.381,-3.614,30],[-1.596,-1.959,-3.731,26],[2.61,-1.11,2.938,70,70],[-3.54,-0.413,-0.512,1]],"s":[{"p":[0.1802766,0.3015707,2.842892],"r":[-4.071109E-13,-3.559077E-20,1.001791E-05],"s":[4.405553,4.403582,4.40518],"c":[0.6666667,0.6666667,0.6666667],"t1":{"c":[0,0,0],"x":0.5,"y":0.5,"a":0.8925,"m":0,"n":0,"r":0,"g":0,"o":0.5,"t":0.5,"e":0.5}}]}]}