{"v":9,"p":[{"b":17,"s":[{"p":[0,0,0],"r":[0,0,0],"s":[0.02955953,0.02113214,0.02113221],"c":[0.9936506,1,0.7777778]}]},{"b":17,"s":[{"p":[0.05191809,0.03055977,-0.0183133],"r":[356.6264,13.83857,41.22738],"s":[0.02955955,0.02113215,0.02113222],"c":[0.9936506,1,0.7777778]}]},{"b":17,"s":[{"p":[0.08403437,0.09465039,-0.03075805],"r":[339.0464,328.5931,66.97827],"s":[0.02955955,0.02113216,0.02113222],"c":[0.9936506,1,0.7777778]}]},{"b":17,"s":[{"p":[0.09280062,0.1607893,-0.04055509],"r":[357.0479,257.3058,118.7047],"s":[0.02955958,0.02113219,0.02113223],"c":[0.9936506,1,0.7777778]}]}]}