{"n":"bulletcase","v":9,"a":[1,2,30,31],"p":[{"b":5,"t":1,"s":[{"p":[0,0.00128603,-0.07411766],"r":[0,0,0],"s":[0.008636573,0.008635189,0.05745619],"c":[0.6666667,0.6666667,0.6666667],"b":["when touched then play bullet shells"]}]},{"b":5,"t":3,"s":[{"p":[-0.0002346039,0.001688004,-0.08652735],"r":[0.3627768,359.7807,0.01801042],"s":[0.009272523,0.009271328,0.005033964],"c":[0,0.9142855,1]}]}]}