{"v":9,"p":[{"b":9,"a":[12],"s":[{"p":[0,0,0],"r":[0,0,0],"s":[0.7602509,0.83451,0.4672579],"c":[0.7111111,0,0.8888889],"b":["when starts then loop desert ambient"]}]}]}