{"n":"box","v":9,"a":[22,18],"p":[{"s":[{"p":[1.541664E-08,0.1763458,0],"r":[359.9802,5.010686E-06,-5.008957E-06],"s":[0.4015846,0.01108978,0.2173331],"c":[0.5555556,0.5379187,0.4320987]}]},{"b":82,"c":[[-1.5,0.5,-1.5,46,47],[-3.038,0.5,1.452,3,3,54],[-3.038,-0.5,1.452,0,5,20],[-1.9,-0.5,1.4,30,92],[-2.2,-0.5,1.4,29,95],[-2.5,-0.5,1.4,28,57,41],[-0.038,0.5,1.452,2,10,41],[-0.038,-0.5,1.452,1,12,25],[-0.038,-0.5,-1.548,9,5,3],[-0.038,0.5,-1.548,8,7,29],[-3.038,0.5,-1.548,7,4,34],[-3.038,-0.5,-1.548,4,6,6],[-3,0.5,-1.5,67,8],[-2.8,0.5,-1.5,68,9],[-2.5,0.5,-1.5,69,10,7],[-2.3,0.5,-1.5,70,19],[-1.9,0.5,-1.5,71,20],[-1.1,0.5,-1.5,47,48],[-0.9,0.5,-1.5,48,49],[-0.5,0.5,-1.5,49,50,1],[-0.1,0.5,-1.5,50,53,-52,54],[-0.1,0.5,0,52,55],[-0.1,0.5,0.3,54,55],[-0.1,0.5,0.7,55,56],[-0.1,0.5,0.9,56,57,1],[-0.1,0.5,1.4,57,60,-59,61],[-1.5,0.5,1.4,59,62],[-1.8,0.5,1.4,66,57],[-2.2,0.5,1.4,65,60],[-2.5,0.5,1.4,64,20,43],[-2.8,0.5,1.4,63,19],[-3,0.5,1.4,62,18],[-3,0.5,0,61,11],[-3,-0.5,0,24,49],[-3,-0.5,-1.5,23,51],[-2.8,-0.5,-1.5,22,54],[-2.5,-0.5,-1.5,21,57,9],[-2.3,-0.5,-1.5,20,68],[-1.9,-0.5,-1.5,19,71],[-1.5,-0.5,-1.5,18,74],[-1.2,-0.5,-1.5,32,62],[-0.9,-0.5,-1.5,33,63],[-0.5,-0.5,-1.5,34,64,3],[-0.1,-0.5,-0.4,36,68],[-0.1,-0.5,-1.5,35,67],[-0.1,-0.5,0,37,69],[-0.1,-0.5,0.3,39,69],[-0.1,-0.5,1.4,40,70,-69,71,3,-73,74],[-2.8,-0.5,1.4,27,56],[-3,-0.5,1.4,26,55],[-1.2,-0.5,1.4,43,75],[-1.5,-0.5,1.4,31,89]],"sa":0,"s":[{"p":[0.213913,0.0871124,-0.003997821],"r":[-4.378969E-13,180,180],"s":[0.138281,0.1892359,0.07500978],"c":[0.5555556,0.5379187,0.4320987]}]},{"s":[{"p":[0,0,0],"r":[4.378968E-13,5.008956E-06,5.008955E-06],"s":[0.4015932,0.0110901,0.217345],"c":[0.5555556,0.5379187,0.4320987]}]},{"t":7,"s":[{"p":[5.459255E-10,0.006244659,0],"r":[-1.001791E-05,8.450078E-13,-7.387293E-20],"s":[0.4226835,0.03200536,0.05077494],"c":[0.8888889,0.8606702,0.691358]}]}]}