{"v":9,"a":[7,18,48,49],"p":[{"b":10,"pr":31,"s":[{"p":[0,0,0],"r":[0,0,0],"s":[0.1250012,0.1250031,0.1250024],"c":[1,1,1],"pr":{"c":[1,0.9047619,0.3333333],"m":1,"a":0.2282712,"s":0.15,"z":0.25,"g":0.5,"h":1}}]}]}