{"v":9,"a":[2],"p":[{"b":180,"s":[{"p":[0,0,0],"r":[0,0,0],"s":[0.0186161,0.3503547,0.3298299],"c":[1,1,1]}]}]}