{"v":9,"p":[{"b":205,"t":7,"s":[{"p":[0,0,0],"r":[0,0,0],"s":[0.0450003,0.0450003,0.04500026],"c":[0,1,0.9142858]}]}]}