{"v":9,"p":[{"b":250,"s":[{"p":[0,0,0],"r":[0,0,0],"s":[0.2400002,0.2400002,0.2400001],"c":[1,1,1]}]},{"b":250,"s":[{"p":[-0.02450387,-0.265079,-0.2107911],"r":[33.43162,345.2454,22.11748],"s":[0.5849481,0.8864885,0.06036994],"c":[1,1,1]}]}]}