{"v":9,"a":[7,18],"p":[{"s":[{"p":[0,0,0],"r":[0,0,0],"s":[0.01110303,0.174998,0.09476887],"c":[0.6666667,0.342857,0]}]},{"s":[{"p":[-0.0001000762,0,0],"r":[0,0,0],"s":[0.01110356,0.1638237,0.08478653],"c":[1,0.7301587,0.4444442]}]},{"b":102,"t":2,"e":"BRUH","s":[{"p":[-0.006358327,-0.06302287,0.04412992],"r":[0,90,90.00002],"s":[0.007020324,0.007019427,0.007020808],"c":[1,1,1]}]}]}