{"v":9,"p":[{"s":[{"p":[0,0,0],"r":[0,0,-1.067217E-07],"s":[0.03063206,0.02264555,0.02839313],"c":[0,0.9142855,1],"b":["when touches hand then send one nearby onto test1"]}]},{"s":[{"p":[-0.001574518,-0.08897278,-0.003636575],"r":[2.577912,359.9535,0.0285873],"s":[0.1750004,0.175,0.1750005],"c":[1,1,1]}]}]}