{"v":9,"a":[7,12],"p":[{"b":60,"i":[{"t":"5f2f349e42984b318d5d7c09","p":[-0.1690675,0.006316826,-0.008070856],"r":[330.2961,255.8353,250.6902]}],"t1":25,"s":[{"p":[0.0009307498,-0.005434352,0.205575],"r":[270,90,0],"s":[0.285252,0.06027054,0.06329958],"c":[1,1,1],"b":["when starts then all parts face nearest le"],"t1":{"c":[0.6666667,0.573545,0.3703703],"x":0.5,"y":0.5,"a":0.8925,"m":0,"n":0,"r":0,"g":0,"o":0.5,"t":0.5,"e":0.5}}]},{"b":2,"a":[12],"s":[{"p":[-0.004642495,-0.008008486,0.04345132],"r":[0,-1.001791E-05,0],"s":[0.03109982,0.04129433,0.06377973],"c":[1,1,1]}]}]}