{"v":9,"p":[{"t":2,"s":[{"p":[0,0,0],"r":[0,0,0],"s":[0.01641695,0.02252789,0.08797278],"c":[0,0.3999996,1],"b":["when touched then destroy all parts"]}]}]}