{"v":9,"p":[{"b":9,"s":[{"p":[0,0,0],"r":[0,0,0],"s":[0.125,0.1249999,0.1249998],"c":[1,1,1]}]},{"b":9,"s":[{"p":[0.1474916,0.1403243,0.0220062],"r":[346.8742,10.73045,26.63619],"s":[0.125,0.1249999,0.1249999],"c":[1,1,1]}]},{"b":14,"s":[{"p":[0.08574982,0.07653235,-0.1555704],"r":[354.3412,346.9132,23.22751],"s":[0.05999998,0.05999992,0.05999991],"c":[1,1,1]}]}]}