{"v":9,"a":[2,6,14,31,48],"p":[{"b":9,"t":3,"s":[{"p":[0,0,0],"r":[0,0,0],"s":[0.03238859,0.0323882,0.03238859],"c":[1,0,0]}]}]}