{"v":9,"p":[{"b":13,"t":1,"s":[{"p":[0,0,0],"r":[0,0,0],"s":[0.04964413,0.02101311,0.01132154],"c":[0.9714286,1,0]}]},{"b":13,"t":1,"s":[{"p":[0.04043307,-0.005094744,0.03681305],"r":[0.9919953,5.659883,0.1273006],"s":[0.02890625,0.0234256,0.01834159],"c":[0.9714286,1,0]}]}]}