{"n":"sun","v":9,"a":[20,31],"p":[{"b":73,"t":3,"t1":10,"s":[{"p":[0,0,0],"r":[1.707548E-06,2.134434E-07,-1.707548E-06],"s":[9.820557,9.820557,9.820557],"c":[0.6666667,0.342857,0],"b":["when starts then set light range 500"],"t1":{"c":[0.4444444,0.2285713,0],"a":0}}]}]}