{"n":"fbot ceye left","v":9,"a":[7,12,18,49],"p":[{"b":144,"t":20,"s":[{"p":[-8.511549E-05,-0.0006247198,0.01987529],"r":[5.952736E-13,180,180],"s":[0.01466155,0.03600593,0.02785335],"c":[1,0.6857142,0]}]},{"b":73,"t":19,"a":[38],"s":[{"p":[0,0,0],"r":[6.830189E-06,90,90.00001],"s":[0.1191294,0.1191658,0.1191316],"c":[1,0.6857142,0]}]},{"b":2,"t":7,"a":[12,37],"s":[{"p":[0,0,0],"r":[1.998366E-27,2.27491E-20,-4.829672E-06],"s":[0.01825985,0.02453964,0.131693],"c":[0.9714285,0,1],"b":["when starts then all parts face nearest camera","when told by body hand triggered right then become next"]},{"p":[0,0,0],"r":[1.998366E-27,2.27491E-20,-4.829672E-06],"s":[0.01825985,0.02453964,0.131693],"c":[0.9714285,0,1],"b":["when starts then all parts face nearest eyelock","when told by body hand trigger let go right then become 1"]}]}]}