{"v":9,"a":[7,13],"tp_lp": [1,1,1],"tp_lp": [1,1,1],"tp_lr": [1,1,1],"p":[{"t2":77,"s":[{"p":[0,0,0],"r":[0,0,0],"s":[19.40936,1.480503,0.175032],"c":[1,1,1],"t2":{"c":[0,0.04444435,0.1111111],"x":0.04648244,"y":0.5,"a":1,"m":0,"n":0,"r":0,"g":0,"o":0.5,"t":0.5,"e":0.5}}]}]}