{"v":9,"a":[21,32],"tp_lp": [0,0,1],"tp_lp": [0,0,1],"tp_lr": [1,1,0],"p":[{"s":[{"p":[0,0,0],"r":[0,0,0],"s":[6.228199,8.324763,0.6908427],"c":[0.2222221,0.9333332,1]}]}]}