{"v":9,"a":[2,7],"p":[{"b":35,"s":[{"p":[-0.07368851,0.002170578,0.1592873],"r":[0,0,-8.537737E-06],"s":[0.1250068,0.1250046,0.1250032],"c":[0,0,0]}]},{"b":60,"s":[{"p":[0.004653931,-0.0006942757,0.001290202],"r":[0,0,0],"s":[0.4225194,0.1250061,0.2978159],"c":[0,0,0]}]},{"b":35,"s":[{"p":[0.07258606,0.006526932,0.161466],"r":[1.162598E-06,90,1.162598E-06],"s":[0.1250113,0.1250121,0.1250169],"c":[0,0,0]}]},{"b":116,"e":"FAKE VAGINAS","s":[{"p":[-0.1551819,0.06389239,0.1322733],"r":[90,-9.659345E-06,0],"s":[0.007482897,0.007481998,0.007482937],"c":[1,1,1]}]}]}