{"n":"red","v":9,"a":[2,14],"p":[{"b":249,"s":[{"p":[0,0,0],"r":[0,0,0],"s":[0.2200003,0.2200005,0.2200006],"c":[0,0.5714284,1],"b":["when starts then set constant rotation to 25 25 75","when let go then become next in .1"]},{"p":[0,0,0],"r":[0,0,0],"s":[0.2200003,0.2200005,0.2200006],"c":[0,0.5714284,1],"b":["when touched then destroy all parts with 5 grow"]}]}]}