{"n":"mainroom","v":9,"a":[7,13,18,38],"p":[{"t1":120,"s":[{"p":[-1.049042E-05,0,7.508934],"r":[-3.256888E-12,4.628315E-26,-1.628444E-12],"s":[51.17472,1.454947,56.31193],"c":[0.2031744,0.4444443,0],"t1":{"c":[0.2857142,1,0],"x":0.5,"y":0.5,"a":0.8925,"m":0,"n":0,"r":0,"g":0,"o":0.5,"t":0.5,"e":0.5}}]},{"b":82,"t1":22,"s":[{"p":[3.08147,13.67244,4.984365],"r":[2.003584E-05,180,180],"s":[13.7503,26.24129,13.74926],"c":[0.2045854,0.2222221,0.1975307],"t1":{"c":[1,1,1],"x":0.17,"y":0.17,"a":0.69625,"m":0.5,"n":0.5,"r":0,"g":0,"o":0.5,"t":0.5,"e":0.5}}]},{"t1":22,"s":[{"p":[4.366893,26.97673,4.005354],"r":[1.001791E-05,180,1.001791E-05],"s":[45.23985,0.61883,41.75688],"c":[0,0,0],"t1":{"c":[1,1,1],"x":0.17,"y":0.17,"a":0.69625,"m":0.5,"n":0.5,"r":0,"g":0,"o":0.5,"t":0.5,"e":0.5}}]}]}