{"v":9,"a":[7,18],"p":[{"b":18,"e":"1/16 METER\n0.0625 GRID","s":[{"p":[0,0,0],"r":[0,0,-7.656432E-20],"s":[0.004104943,0.004104949,0.004104952],"c":[0.222222,0.222222,0.222222]}]},{"s":[{"p":[0.1239517,-0.05785437,0.01075747],"r":[270,1.151484E-12,0],"s":[0.2598101,0.01685665,0.1101337],"c":[1,1,1]}]}]}