{"v":9,"a":[7,18],"p":[{"b":18,"e":"1/2 METER","s":[{"p":[0,0,0],"r":[0,0,-7.656432E-20],"s":[0.007329282,0.007329294,0.007329299],"c":[0.222222,0.222222,0.222222]}]},{"s":[{"p":[0.1878052,-0.04841152,0.019207],"r":[270,1.001791E-05,0],"s":[0.3971674,0.03009291,0.0934376],"c":[1,1,1]}]}]}