{"v":9,"a":[2,6,14,31,48],"p":[{"b":9,"t":3,"s":[{"p":[0,0,0],"r":[0,0,0],"s":[0.02556021,0.02556021,0.0255603],"c":[0.8888889,0.6716049,0.1975307]}]}]}