{"n":"mainroom tele","v":9,"a":[7,12,18],"p":[{"b":5,"a":[12],"s":[{"p":[0,0,0],"r":[0,0,0],"s":[0.2299588,0.21315,0.1000601],"c":[0,0.101587,0.4444442]}]}]}