{"v":9,"a":[1,2,22,14,18],"p":[{"s":[{"p":[-0.01414561,-0.004747987,0.0007553129],"r":[0,0,1.001791E-05],"s":[0.05449105,0.0432897,0.05449077],"c":[0.111111,0.111111,0.111111]}]},{"b":5,"s":[{"p":[-0.0138371,0.02399051,0.001596448],"r":[270,9.659347E-06,0],"s":[0.01468916,0.01468839,0.01468766],"c":[1,0,0],"b":["when touched then become 2 in 0.1s","when touched then send one nearby to previous"]},{"p":[-0.01383722,0.01377428,0.001596373],"r":[270,4.829673E-06,0],"s":[0.01444151,0.01468894,0.01465243],"c":[1,0,0],"b":["when starts then become previous in 0.1s"]}]},{"b":20,"e":"BACK","s":[{"p":[-0.04058533,0.008884306,-0.02794013],"r":[2.035555E-13,1.779539E-20,1.001791E-05],"s":[0.003001499,0.003000102,0.003001297],"c":[1,1,1]}]}]}