{"v":9,"a":[2,6,14,31,48],"p":[{"b":3,"t":3,"s":[{"p":[0,0,0],"r":[0,0,0],"s":[0.01721857,0.01721833,0.01721863],"c":[1,0.6857142,0]}]}]}