{"n":"ground","v":9,"a":[1,7,18],"p":[{"b":17,"s":[{"p":[0,0,0],"r":[0,0,0],"s":[9.290899,0.131317,17.40591],"c":[0.9019608,0.8509804,0.7215686]}]}]}