{"v":9,"a":[2,6,14,31,48],"p":[{"b":3,"t":3,"s":[{"p":[0,0,0],"r":[0,0,-8.537737E-07],"s":[0.04814503,0.04814496,0.04814488],"c":[0.4444443,0,0]}]}]}