{"v":9,"p":[{"b":5,"s":[{"p":[0.1503315,-0.4602019,-0.01268183],"r":[61.23018,48.16735,343.5592],"s":[0.1,0.1,0.1000001],"c":[1,1,1]}]},{"s":[{"p":[0,0,0],"r":[1.707548E-05,-3.41509E-06,3.073585E-05],"s":[0.1750001,0.175,0.175],"c":[1,1,1]}]}]}