{"n":"face detect","v":9,"a":[6,7,18,38,39,48],"p":[{"s":[{"p":[1.907349E-06,0.01259757,0.07829202],"r":[0,0,0],"s":[0.4103915,0.3664487,0.2281246],"c":[1,1,1],"b":["when touches hand then become untweened next"]},{"p":[1.907349E-06,0.01259757,0.07829205],"r":[0,0,0],"s":[0.4103915,0.3664487,0.2281246],"c":[0.584127,0.6666667,0.4444443],"b":["when touch ends then become untweened previous","when told by any flush then send all onto sewerentrance"]}]}]}