{"v":9,"a":[1,7,21],"p":[{"b":201,"t1":43,"t2":138,"s":[{"p":[0,0,0],"r":[0,0,0],"s":[0.1185787,0.07712981,0.1185831],"c":[0.7777778,0.7777778,0.7777778],"t1":{"c":[1,1,1],"x":0.6574097,"y":0.7424316,"a":0.8925,"m":0,"n":0,"r":0,"g":0,"o":0.5,"t":0.5,"e":0.5},"t2":{"c":[0.5555556,0.5555556,0.5555556],"x":0.4065247,"y":0.6036682,"a":0.8925,"m":0,"n":0,"r":0,"g":0,"o":0.5,"t":0.5,"e":0.5}}]},{"b":201,"t1":43,"t2":138,"s":[{"p":[0,0,0],"r":[0,0,0],"s":[0.0645067,0.07713196,0.06391256],"c":[0.7777778,0.7777778,0.7777778],"t1":{"c":[1,1,1],"x":0.6574097,"y":0.7424316,"a":0.8925,"m":0,"n":0,"r":0,"g":0,"o":0.5,"t":0.5,"e":0.5},"t2":{"c":[0.5555556,0.5555556,0.5555556],"x":0.4065247,"y":0.6036682,"a":0.8925,"m":0,"n":0,"r":0,"g":0,"o":0.5,"t":0.5,"e":0.5}}]}]}