{"v":9,"a":[1,2],"p":[{"t":19,"t1":168,"s":[{"p":[0,0,0],"r":[0,0,0],"s":[0.8997816,0.3244489,0.3244552],"c":[0.9714285,0,1],"t1":{"c":[0,0,0],"a":0.05}}]},{"b":99,"e":"Benjamin","s":[{"p":[-0.4032594,0.1775666,0.1000528],"r":[90,-1.001791E-05,0],"s":[0.02065346,0.02064675,0.02065339],"c":[0,0,0]}]}]}