{"v":9,"a":[7,18],"p":[{"b":69,"s":[{"p":[0,0,0],"r":[0,0,6.157171E-14],"s":[0.26476,0.02555947,0.2647095],"c":[1,1,1]}]},{"b":69,"s":[{"p":[-0.5014197,-0.6963387,-3.408074E-08],"r":[1.001791E-05,1.001791E-05,1.690016E-12],"s":[0.264809,0.02556372,0.2647267],"c":[1,1,1]}]},{"b":69,"s":[{"p":[1.670277,-0.1035047,0.04014938],"r":[1.001791E-05,-1.252119E-12,-7.118155E-20],"s":[0.264869,0.02557437,0.264794],"c":[1,1,1]}]},{"b":69,"s":[{"p":[1.989483,-0.7712902,-0.1847615],"r":[1.001791E-05,-1.252119E-12,-7.118155E-20],"s":[0.264906,0.02557884,0.2648234],"c":[1,1,1]}]}]}