{"n":"robeshl","v":9,"a":[31],"p":[{"b":3,"t":1,"s":[{"p":[-0.001642734,-0.001022393,0.005270676],"r":[19.94298,7.765131,30.42204],"s":[0.01180921,0.01180919,0.0118092],"c":[0.5555556,0.5555556,0.5555556],"b":["when starts then all parts face nearest robell","when starts then project with 50.5 max","when starts then show line with 0.1"]}]},{"b":3,"s":[{"p":[-0.01332656,-0.004445125,-0.01232935],"r":[358.7385,3.435376,357.9857],"s":[0.02735963,0.02735971,0.02735965],"c":[0.5555556,0.5555556,0.5555556],"b":["when starts then all parts face nearest robell"]}]}]}