{"n":"spawn","v":9,"a":[7,18,31],"p":[{"b":53,"s":[{"p":[0,0,0],"r":[0,0,0],"s":[0.5299736,0.5299577,0.529971],"c":[0,1,1]}]}]}