{"v":9,"a":[31],"p":[{"b":10,"t":13,"i":[{"t":"5f431b6087268606129e4a1a","p":[0.01840911,0.004002696,-0.02001006],"r":[336.0995,358.0605,280.5262]}],"s":[{"p":[0,0,0],"r":[0,0,0],"s":[0.02376417,0.02376405,0.0237641],"c":[0,0,0],"b":["when starts then become 2 in 0.5s"]},{"p":[-0.03370249,0.07186536,-0.0614275],"r":[327.383,347.0251,107.3106],"s":[0.02376421,0.0237641,0.02376414],"c":[0,0,0],"b":["when starts then become 3 in 0.5s"]},{"p":[-0.04908064,0.04832937,-0.06882302],"r":[42.08821,311.4917,115.3157],"s":[0.02376423,0.02376413,0.02376417],"c":[0,0,0],"b":["when starts then become 1 in 0.5s"]}]}]}