{"v":9,"a":[27],"p":[{"b":73,"t":9,"pr":2,"s":[{"p":[0,0,0],"r":[0,0,-4.268868E-07],"s":[0.07134537,0.07134551,0.07134557],"c":[1,0.3333327,0.7904761],"pr":{"c":[0,1,0.9142858],"m":0.4875824,"a":0.4946545,"s":0.15,"z":0.25,"g":0.5,"h":0.3073316}}]},{"b":3,"t":7,"a":[12],"s":[{"p":[-0.01432391,-0.2617199,0.06818452],"r":[345.9306,8.126237,264.3826],"s":[0.283196,0.06529592,0.0697018],"c":[0,0,0]}]}]}