{"v":9,"a":[31],"p":[{"b":188,"t1":168,"t2":43,"s":[{"p":[0.006441553,-0.006176548,-0.04350136],"r":[57.19831,82.65397,84.63484],"s":[0.03483261,0.03483269,0.03483263],"c":[1,1,1],"b":["when starts then trail start with 0.6s"],"t1":{"c":[0,0,0],"a":0.05},"t2":{"c":[0,0,0],"x":0.5,"y":0.5,"a":0.8925,"m":0,"n":0,"r":0,"g":0,"o":0.5,"t":0.5,"e":0.5}}]},{"b":6,"s":[{"p":[0,0,0],"r":[-1.62217E-05,-8.537726E-07,-6.830188E-06],"s":[0.01314431,0.01314446,0.01314455],"c":[1,1,1]}]}]}