{"n":"ground","v":9,"a":[1,12],"p":[{"b":17,"s":[{"p":[0.9320157,-0.2180891,1.536507],"r":[359.4251,143.3129,357.0415],"s":[3.363363,0.11062,3.348824],"c":[0,1,0.5714287]}]},{"b":17,"s":[{"p":[4.016266,-0.4544395,-4.776015],"r":[359.5545,284.9536,4.710598],"s":[3.363348,0.11062,3.201105],"c":[0,1,0.5714287]}]}]}