{"n":"cheese","v":9,"a":[2,7,18,31],"p":[{"b":63,"t1":60,"s":[{"p":[0,0,0],"r":[0,0,0],"s":[0.05341711,0.2026867,0.05341568],"c":[1,0.9206349,0.4444443],"b":["when consumed then play chain on wood with 0.3s duration and 0.1s skip and 150% and stretch and high-pitch, tell body cheeseconsume, add crumbles, destroy all parts with 0s disappear"],"t1":{"c":[0.6666667,0.526984,0.2222221],"x":0.5,"y":0.5,"a":0.8925,"m":0,"n":0,"r":0,"g":0,"o":0.5,"t":0.5,"e":0.5}}]},{"b":64,"t1":60,"s":[{"p":[0.0591842,-0.0007670625,-9.775907E-05],"r":[-1.221333E-12,270,1.001791E-05],"s":[0.03077072,0.06082282,0.02638673],"c":[1,0.9206349,0.4444443],"t1":{"c":[0.6666667,0.526984,0.2222221],"x":0.5,"y":0.6783395,"a":1,"m":0,"n":0.002562523,"r":0,"g":0,"o":0.5,"t":0.5,"e":0.5}}]}]}