{"n":"new game","v":9,"a":[7,18],"p":[{"b":60,"t":19,"i":[{"t":"5f49723787268606129e4b33","p":[-0.1578175,0.06404925,0.04477526],"r":[90,0,0]}],"s":[{"p":[0.002141631,-0.003445388,-8.058595E-05],"r":[0,0,0],"s":[0.3620223,0.1250203,0.1250255],"c":[1,1,1],"b":["when touches hand then play button click, become next in 0.3s"]},{"p":[0.002141632,-0.02573944,-8.058921E-05],"r":[0,0,0],"s":[0.3620235,0.1250223,0.1250276],"c":[1,1,1],"b":["when starts then become previous in 0.2s"]}]}]}