{"v":9,"p":[{"b":37,"c":[[0.451,0.065,0.378,72,73],[0.443,0.08,0.332,71,42,33],[0.436,0.107,0.427,73,58,13],[0.415,0.139,0.42,130,17],[0.429,0.162,0.408,25,108,18],[0.445,0.107,0.364,132,17],[0.459,0.124,0.355,112,36],[0.456,0.104,0.361,26,84,42],[0.45,0.086,0.375,111,39],[0.463,0.145,0.391,24,129]],"s":[{"p":[-0.3339726,-0.213636,-0.07855496],"r":[31.2871,197.2756,6.167483],"s":[0.3197062,0.1250003,0.1250008],"c":[1,0.1111109,0.1111109]}]},{"b":16,"s":[{"p":[-0.1965457,-0.2118383,-0.0915709],"r":[10.35789,345.7033,17.40155],"s":[0.03695191,0.02075741,0.0249877],"c":[0,0,0]}]},{"b":145,"s":[{"p":[-0.2332615,-0.205637,-0.0999587],"r":[38.15034,241.0833,340.7505],"s":[0.006284494,0.007021496,0.009470633],"c":[1,0.342857,0]}]},{"b":73,"t":3,"s":[{"p":[-0.1863197,-0.2017648,-0.09193325],"r":[341.989,306.9904,329.0343],"s":[0.01756956,0.01756936,0.01756953],"c":[1,0.342857,0]}]}]}