{"v":9,"a":[7,18],"p":[{"a":[36],"s":[{"p":[-2.980233E-07,6.705523E-08,-0.07842482],"r":[0,0,270],"s":[0.05299179,0.05297269,0.1164389],"c":[0.3333332,0.3333332,0.3333332]}]},{"b":2,"t":21,"a":[36],"t1":167,"s":[{"p":[0.06884572,-1.303852E-08,-0.02090389],"r":[8.964156E-08,270,8.964157E-08],"s":[0.001000265,0.001000238,0.001000073],"c":[0,0,0],"b":["when told emitob then become next in 0.2s"],"t1":{"c":[0.7477953,0.8888889,0.691358],"a":0}},{"p":[0.3813124,-6.891787E-08,-0.02090383],"r":[-1.024528E-05,270,90.00001],"s":[0.192782,0.192785,0.3351197],"c":[0.654321,0.7777778,0.6049383],"b":["when starts then become next in 0.5s"],"t1":{"c":[0.7477953,0.8888889,0.691358],"a":0.2150778}}]}]}