{"v":9,"a":[1,7,12,18],"p":[{"b":2,"a":[12,37],"s":[{"p":[0,0,0],"r":[-2.24715E-15,1.049079E-15,-1.471256E-08],"s":[0.03248114,0.03061146,0.06180725],"c":[1,1,1],"b":["when starts then all parts face nearest lebp"]}]},{"b":60,"s":[{"p":[-0.005123138,-0.001915467,0.06959152],"r":[90,270,0],"s":[0.1957093,0.1590567,0.1567793],"c":[0.3333331,0.3333331,0.3333331]}]},{"b":60,"i":[{"t":"5f4c6212c789c4055c4aafc7","p":[0.153965,-0.003705997,0.001533642],"r":[2.049057E-05,90,270]}],"s":[{"p":[-0.005123138,-0.00191549,0.206337],"r":[90,270,0],"s":[0.3127051,0.1213874,0.1188943],"c":[0.9714286,1,0]}]}]}