{"v":9,"p":[{"b":136,"e":"LARS","s":[{"p":[0,0,0],"r":[0,0,0],"s":[0.01106533,0.01106531,0.01106532],"c":[0,0,0]}]}]}