{"v":9,"p":[{"b":57,"s":[{"p":[0.1844173,-0.1222379,0.1558764],"r":[353.1388,296.32,342.2693],"s":[0.3381129,0.3565162,0.3057648],"c":[1,1,1]}]},{"b":187,"s":[{"p":[-0.1084161,-0.03387783,0.4222882],"r":[2.000065,48.42393,47.22235],"s":[0.03719492,0.06000006,0.03855015],"c":[1,1,1]}]}]}