{"n":"ak-47","v":9,"a":[1,2,3,20,49],"inc":[["7-62x51mm nato round","5c9c52682ceadd65e1667dbb"],["7-62x51mm nato round 2","5c9c52febe9cdc77d3bd2dae"],["7-62x51mm nato round 3","5c9c536d2197f2055ce263d7"],["7-62x51mm nato","5c9c516f713c7577cd383e8a"],["thing","5dd9605a6a16870d5eabaadf"],["thing 2","5f07cb5f122da70384510664"],["thing 3","5f07cd549e741b0634e75625"],["thing 4","5f07cd836ee3aa7e8ef99012"],["bullet 1","5f07cf3a224d8a7e8d017d0f"]],"p":[{"b":69,"t":11,"s":[{"p":[0.06900978,0.01867865,-0.0774262],"r":[0,0,270],"s":[0.003956853,0.05963901,0.003994768],"c":[0.4444441,0.4444441,0.4444441]}]},{"t":11,"s":[{"p":[0.002483368,0.002482771,-0.07362628],"r":[270,180,0],"s":[0.007596945,0.007206816,0.02049912],"c":[0.3333332,0.3333332,0.3333332],"b":["when told fire then become next","when told charge then become next"]},{"p":[0.1234099,-0.001097573,-0.07594982],"r":[270,180,0],"s":[0.007596946,0.007206886,0.02049912],"c":[0.3333331,0.3333331,0.3333331],"b":["when starts then become next"]}]}]}