{"n":"ceiling","v":9,"a":[7,18],"p":[{"t1":22,"s":[{"p":[0,0,0],"r":[0,0,0],"s":[15.33448,0.1750269,12.83294],"c":[0.5555556,0.4973545,0.3703702],"t1":{"c":[0,0,0],"x":0.0785979,"y":0.1439068,"a":0.69625,"m":0.5,"n":0.5,"r":0,"g":0,"o":0.5,"t":0.5,"e":0.5}}]},{"t":3,"a":[12,37],"t1":22,"s":[{"p":[2.395492E-06,0.1293256,-4.542256E-07],"r":[0,0,6.157171E-14],"s":[15.33595,0.1750412,12.83349],"c":[0.6666667,0.6666667,0.6666667],"t1":{"c":[0,0,0],"x":0.0785979,"y":0.1439068,"a":0.69625,"m":0.5,"n":0.5,"r":0,"g":0,"o":0.5,"t":0.5,"e":0.5}}]}]}