{"n":"grass block","v":9,"p":[{"b":12,"s":[{"p":[0,0,0],"r":[0,0,0],"s":[0.06000026,0.195949,0.0600002],"c":[0.2222221,0.03809523,0]}]},{"b":12,"s":[{"p":[-0.0004649404,-0.0173147,0.1438142],"r":[89.3427,327.4449,325.7396],"s":[0.06000008,0.06000003,0.06000008],"c":[0,1,0.2285714]}]}]}