{"v":9,"p":[{"b":131,"e":"WHAT THE\nHELL SOOOO\nCOMMON","s":[{"p":[0,0,0],"r":[0,0,5.336085E-08],"s":[0.006834128,0.006834128,0.006834129],"c":[1,0,0]}]}]}