{"v":9,"a":[7],"p":[{"s":[{"p":[0,0,0],"r":[0,0,0],"s":[1.333676,0.03623943,2.166335],"c":[0.4063493,0,0.8888889]}]}]}