{"v":9,"a":[2],"p":[{"b":9,"t":7,"t1":43,"s":[{"p":[0,0,0],"r":[0,0,0],"s":[0.03550325,0.04269683,0.0953437],"c":[0.8,0,1],"b":["when consumed destroy all parts"],"t1":{"c":[1,0.1714285,0],"x":0.5,"y":0.5,"a":0.8925,"m":0,"n":0,"r":0,"g":0,"o":0.5,"t":0.5,"e":0.5}}]},{"b":14,"t":1,"s":[{"p":[0.006128918,0.002428718,0.1008577],"r":[6.552227,11.9094,326.5671],"s":[0.004872308,0.00461588,0.007942228],"c":[0.365432,0.04938262,0.4444443]}]},{"b":17,"t1":43,"s":[{"p":[0.02141991,0.001867443,0.1024631],"r":[2.798466,40.19752,278.5938],"s":[0.00379723,0.007227786,0.01370127],"c":[0.8296297,0.5925926,0.8888889],"t1":{"c":[1,0.1714285,0],"x":0.5,"y":0.5,"a":0.8925,"m":0,"n":0,"r":0,"g":0,"o":0.5,"t":0.5,"e":0.5}}]}]}