{"n":"smell","v":9,"a":[7,18,20],"p":[{"s":[{"p":[-143.3984,-6531.175,-127.8746],"r":[0,0,0],"s":[0.1750003,0.175,0.1750003],"c":[1,1,1]},{"p":[-143.3984,-6531.175,-127.8746],"r":[1.597627,29.73982,359.4644],"s":[0.175003,0.1750001,0.175003],"c":[1,1,1]}]}]}