{"n":"floor light","v":9,"p":[{"b":58,"s":[{"p":[0,0,0],"r":[-1.334021E-08,1.707548E-06,-5.336086E-08],"s":[0.1250002,0.125,0.1250001],"c":[0,0,0]}]},{"b":5,"t":3,"s":[{"p":[-0.001591183,0.01574194,-0.00055564],"r":[270.619,92.0825,214.5937],"s":[0.0947133,0.08747539,0.01561988],"c":[0.9714286,1,0]}]}]}