{"n":"madotsuki rhand","v":9,"a":[7,18,27,31,49],"p":[{"b":60,"i":[{"t":"5f57fcdf38786e4f6a166870","p":[-0.0003452862,0.009252549,-0.3259618],"r":[1.001791E-05,3.256888E-12,90.00001]}],"s":[{"p":[0.001259804,-0.000840541,0.0454245],"r":[4.478221E-12,-1.001792E-05,-3.914986E-19],"s":[0.125004,0.1250004,0.1250039],"c":[1,0.9650794,0.8888889]}]},{"a":[12,37],"s":[{"p":[0.0009145729,0.00841198,-0.2805374],"r":[1.001792E-05,-1.001791E-05,90.00001],"s":[0.0247741,0.02476923,0.02477638],"c":[1,1,1]}]},{"a":[12,37],"s":[{"p":[0,0,0],"r":[0,-2.035555E-12,0],"s":[0.01778707,0.01777694,0.01778805],"c":[1,1,1]}]}]}