{"n":"outline","v":9,"a":[7,18,49],"p":[{"t":19,"s":[{"p":[0,0,0],"r":[0,0,0],"s":[0.005299994,0.005300209,3.215995],"c":[0.1552027,0.09876531,0.2222221]}]}]}