{"v":9,"a":[22,18],"p":[{"b":90,"t":2,"e":"WELCOME","s":[{"p":[0,0,0],"r":[0,0,0],"s":[0.02310529,0.02310583,0.0231053],"c":[0.5354499,0.6666667,0.5185186]}]},{"b":90,"t":2,"e":"TO DO THIS GO TO THE\n'ME' MENU > 3 SQUARES \n>MORE >RIGHT ARROW ONCE","s":[{"p":[0.6341883,-1.169093,0.2824304],"r":[4.59626E-06,22.50001,-3.071122E-06],"s":[0.008919535,0.008920111,0.00891942],"c":[0.5354499,0.6666667,0.5185186]}]},{"b":90,"t":2,"e":"AS YOU CAN PROBABLY\nTELL FROM THE SPAWN\nPOSITION, THIS WORLD\nIS A WORK IN PROGRESS.\n\nBUT WHILE YOU ARE HERE\nI STRONGLY ADVISE TURNING\nYOUR 'SHADE LIGHTS' TO 3,\nTHIS WORLD HEAVILY USES\nLIGHTING TO LOOK 'GOOD'","s":[{"p":[-0.09169741,-0.247931,0.1512128],"r":[-1.308903E-05,337.5,4.596254E-06],"s":[0.01002293,0.01002372,0.01002297],"c":[0.5354499,0.6666667,0.5185186]}]}]}