{"n":"podium","v":9,"a":[7,18,49],"p":[{"b":52,"t":1,"s":[{"p":[0,0,0],"r":[0,0,0],"s":[0.182249,0.3133923,0.1752963],"c":[0.3333332,0.3333332,0.3333332]}]}]}