{"n":"podium","v":9,"a":[7,18,49],"p":[{"b":52,"t":1,"s":[{"p":[0,0,0],"r":[0,0,0],"s":[0.2492806,0.5148777,0.2492814],"c":[0.3333332,0.3333332,0.3333332]}]}]}