{"v":9,"p":[{"s":[{"p":[0,0,0],"r":[0,0,-4.268868E-07],"s":[0.05065176,0.04311088,0.4768391],"c":[1,1,1]}]}]}