{"v":9,"p":[{"s":[{"p":[-0.1207757,-0.004163481,-0.03739017],"r":[0,0,0],"s":[0.5676138,8.524412,0.0627264],"c":[1,1,1]}]},{"s":[{"p":[-1.703503,3.937671,-0.03689909],"r":[0,180,90.00002],"s":[0.5678122,3.197975,0.0633036],"c":[1,1,1]}]},{"s":[{"p":[-1.204149,3.70932,-0.0420264],"r":[0.7442708,263.8215,294.1707],"s":[0.001000078,0.001000058,0.06273644],"c":[1,1,1]}]}]}