{"v":9,"a":[2],"p":[{"b":3,"s":[{"p":[0.006117414,3.075181E-05,-0.005967043],"r":[357.9327,357.8743,358.0685],"s":[0.01148083,0.02861408,0.07628898],"c":[0.4444443,0.4444443,0.4444443]}]},{"b":7,"t":1,"s":[{"p":[0.001403764,-0.001537405,0.07246166],"r":[88.44582,310.2825,218.0032],"s":[0.05883087,0.001000006,0.02060462],"c":[0.222222,0.222222,0.222222],"b":["when triggered then become next in 1s"]},{"p":[0.003357582,0.002916133,0.0328273],"r":[87.63794,271.1393,179.2798],"s":[0.05883091,0.001000007,0.02060464],"c":[0.222222,0.222222,0.222222],"b":["when triggered then become next in 1s"]}]}]}