{"v":9,"a":[2,9,50],"tp_m": 3,"tp_d": 1,"p":[{"b":58,"s":[{"p":[0.3433603,0.06688663,-0.07639278],"r":[359.4664,11.3084,21.32869],"s":[0.125,0.1250006,0.1250006],"c":[0,0.2666662,0.6666667]}]},{"b":58,"s":[{"p":[-0.003752222,0.001846859,-0.0003067699],"r":[1.716148,353.0147,2.34358],"s":[0.125,0.1250005,0.1250006],"c":[0,0.2666662,0.6666667]}]},{"b":147,"s":[{"p":[-0.01066916,-0.001008012,-0.008398628],"r":[353.8138,85.85429,93.30548],"s":[0.008970503,0.01578328,0.01735059],"c":[0,0.2666662,0.6666667]}]},{"b":147,"s":[{"p":[0.3458615,0.06478436,-0.07541977],"r":[335.7489,123.1982,257.7329],"s":[0.008970533,0.01578334,0.01735066],"c":[0,0.2666662,0.6666667]}]}]}