{"n":"button","v":9,"a":[7,18],"p":[{"b":60,"s":[{"p":[0,0,0],"r":[0,0,0],"s":[0.2485614,0.1250009,0.224032],"c":[0.4444443,0.4444443,0.4444443]}]},{"b":60,"s":[{"p":[7.450581E-09,0.06885338,0],"r":[0,0,0],"s":[0.1835458,0.05998441,0.1590179],"c":[0,0,0],"b":["when touched then play button click, become next in 0.3s"]},{"p":[0,0.04192543,0],"r":[0,0,0],"s":[0.1835475,0.05998498,0.1590216],"c":[0,0,0],"b":["when starts then tell first of any caveopen, become previous in 0.2s"]}]}]}