{"n":"liquid","v":9,"a":[5,7,18],"p":[{"a":[5],"s":[{"p":[0,0,0],"r":[0,0,0],"s":[22.07528,24.87575,0.4412976],"c":[0.5555556,0.4320987,0.4320987]}]}]}