{"n":"world1caveexit","v":9,"a":[7,18,48,49],"p":[{"s":[{"p":[0,0,0],"r":[0,0,0],"s":[0.175051,0.1750066,0.1750497],"c":[1,1,1]}]}]}