{"v":9,"p":[{"s":[{"p":[0.07424665,-0.1887608,0.1428941],"r":[14.91947,324.359,93.7823],"s":[0.0274614,0.00475122,0.071668],"c":[1,1,1]}]},{"s":[{"p":[0.06787792,-0.1862701,0.1100462],"r":[8.325476,19.55156,13.23646],"s":[0.00957635,0.01114706,0.05390576],"c":[1,1,1]}]}]}