{"n":"cave","v":9,"a":[7,18],"p":[{"s":[{"p":[0,0,0],"r":[0,0,0],"s":[0.1343692,5.368869,6.500499],"c":[0.9555555,1,0.7777778]}]}]}