{"v":9,"a":[7,18],"p":[{"s":[{"p":[0.6280274,-0.5185384,0.3386194],"r":[335.1659,353.8941,90.96207],"s":[0.06177186,1.271999,0.08795305],"c":[1,1,1]}]},{"s":[{"p":[0.03559577,-0.1548723,-0.3327524],"r":[335.1659,353.8941,0.9620492],"s":[0.06176127,1.27199,0.8937493],"c":[1,1,1]}]},{"s":[{"p":[0.6728806,0.5656474,-0.1838257],"r":[65.14845,356.1837,92.07783],"s":[0.0618223,1.272155,0.08802627],"c":[1,1,1]}]},{"s":[{"p":[0.7259886,0.3025958,-0.6753776],"r":[335.1659,353.8941,0.9620492],"s":[0.06183631,1.272163,0.08804946],"c":[1,1,1]}]}]}