{"v":9,"a":[22],"p":[{"b":205,"i":[{"t":"5f6d529fb516d76e10e95d06","p":[0.02572216,-0.4556756,0.04448047],"r":[19.48429,0.8936754,177.3812]},{"t":"5f6d570f6c815f05511df4ec","p":[-0.1175725,-0.6532474,0.291577],"r":[1.195283E-05,315,135]},{"t":"5f6d5714a8c6cc38fed452e0","p":[0.3125725,-0.5720931,0.5100561],"r":[45.00003,22.49998,112.5]}],"s":[{"p":[0,0,0],"r":[0,0,0],"s":[0.1054735,0.001,0.1054735],"c":[0.6666667,0.2962961,0.4867724]}]},{"b":179,"t":7,"s":[{"p":[0,0,0],"r":[270,2.432764E-05,0],"s":[0.7053066,0.7052752,0.7052818],"c":[1,1,1]}]}]}