{"v":9,"a":[31],"p":[{"b":3,"s":[{"p":[0,0,0],"r":[0,0,0],"s":[0.02513807,0.02513808,0.02513808],"c":[1,0.4444443,0.9206348]}]},{"b":20,"e":"FOR POSITION","s":[{"p":[-0.09204929,0.04710982,-0.07403053],"r":[58.64827,270.2577,359.3554],"s":[0.003000068,0.003000048,0.00300007],"c":[1,0.4444443,0.9206348]}]}]}