{"n":"void","v":9,"a":[5,7,18],"p":[{"t":19,"s":[{"p":[0,0,0],"r":[0,0,0],"s":[2.661597,0.1750568,2.667162],"c":[0,0,0]}]}]}