{"v":9,"a":[22],"p":[{"b":205,"i":[{"t":"5f6d694585719034b06e2401","p":[0.02084242,-0.5186857,0.06623368],"r":[16.0951,31.06141,186.0927]},{"t":"5f6d694bb516d76e10e95d0c","p":[-0.008377358,-0.5457491,0.488364],"r":[354.2378,331.804,146.2987]},{"t":"5f6d694fd7d41634afddde44","p":[0.3957384,-0.3597926,0.2309395],"r":[17.76598,27.1361,87.38715]}],"s":[{"p":[0,0,0],"r":[0,0,0],"s":[0.1054735,0.001,0.1054735],"c":[0.6493828,0.7777778,0.4320987]}]},{"b":179,"t":7,"s":[{"p":[0,0,0],"r":[270,2.432764E-05,0],"s":[0.7053066,0.7052752,0.7052818],"c":[1,1,1]}]}]}