{"n":"himroom","v":9,"a":[6,7,18,48,49],"p":[{"s":[{"p":[0,0,0],"r":[0,0,0],"s":[0.1750523,0.1750337,0.1750502],"c":[1,1,1]}]}]}