{"v":9,"a":[7,18,31],"p":[{"i":[{"t":"5f6d590ddcf6cd34b66b92b9","p":[0.4413294,0.4517264,-0.2276219],"r":[90,180,0]},{"t":"5f6d58e956e3a1390b9c81d9","p":[0.3605098,-0.6108769,-0.2925564],"r":[337.5,90,270]},{"t":"5f6d567f56e3a1390b9c81d7","p":[0.3458345,0.0424208,0.3867369],"r":[29.1317,260.3578,217.1942]},{"t":"5f6d56a00513a905508b489d","p":[0.3471296,0.042934,0.3865207],"r":[25.39846,258.8425,210.5884]}],"s":[{"p":[0,0,0],"r":[0,0,0],"s":[0.08408741,0.08408749,0.08408766],"c":[1,1,1]}]}]}