{"n":"56","v":9,"p":[{"b":17,"s":[{"p":[0,0,0],"r":[0,0,-8.537735E-07],"s":[0.06000005,0.06000005,0.06000003],"c":[0.08888874,0.7777778,0]}]}]}