{"v":9,"a":[31],"p":[{"b":7,"s":[{"p":[0,0,0],"r":[0,0,0],"s":[0.1211999,0.07076277,0.1481937],"c":[0,0,0]}]},{"b":57,"s":[{"p":[-0.002078276,-0.04617831,0.1337106],"r":[345.071,119.8877,14.03129],"s":[0.07833808,0.07833802,0.07833809],"c":[0,0,0]}]}]}