{"v":9,"a":[1,21],"p":[{"b":3,"s":[{"p":[0,0,0],"r":[-2.294517E-06,-8.537738E-07,5.122642E-06],"s":[0.0479979,0.06509832,0.09819563],"c":[0.5555556,0.4744267,0.4320987]}]},{"b":196,"s":[{"p":[0.008160612,0.009179175,-0.1942863],"r":[353.9844,81.78922,93.52296],"s":[0.03320658,0.03956812,0.03320692],"c":[0.5555556,0.4744267,0.4320987]}]}]}