{"n":"around","v":9,"a":[5,7,18,31],"p":[{"b":202,"t":7,"a":[5],"s":[{"p":[0,0,0],"r":[0,0,0],"s":[0.3685361,1.269087,0.3643688],"c":[0.4444442,0.4444442,0.4444442],"b":["when touches hand then tell first of any talk"]}]}]}