{"n":"dome","v":9,"a":[7,31],"p":[{"b":86,"t":10,"s":[{"p":[0,0,0],"r":[0,0,0],"s":[1.985366,1.985369,1.985367],"c":[0,0.5714284,1]}]}]}