{"n":"torso","v":9,"p":[{"b":68,"t":1,"i":[{"t":"5e9226cc5f7bfe50e3cb187d","p":[-0.1004779,-0.06220917,0.1542747],"r":[357.8827,185.5361,83.44746]}],"s":[{"p":[0,0,0],"r":[-1.374E-12,-3.415095E-06,-4.610378E-05],"s":[0.1000295,0.1594568,0.2537164],"c":[0.1851843,0.2698404,0.5555556]}]}]}