{"n":"tablecloth","v":9,"a":[7,18],"p":[{"b":176,"c":[[-2.993,-6.112,2.027,72,25,3],[-3.037,0.461,2.022,98,3,124],[-3.072,-0.299,1.413,73,26],[-3.069,0.198,1.03,74,29],[-3.052,0.49,0.975,104,123],[-3.041,0.405,-0.018,76,31],[-3.034,0.443,-2.043,116,4,113],[-3.026,0.514,-1.497,79,34],[3.017,-6.16,2.018,1,81,70],[2.14,-2.913,2.094,2,79],[1.362,-4.846,2.101,18,67],[0.614,-5.192,2.139,27,60],[-0.064,-3.752,2.055,36,53],[-0.934,-4.042,1.907,45,46],[-1.67,-5.844,1.941,54,39],[-2.501,-6.315,2.04,63,32]],"s":[{"p":[0,0,0],"r":[0,0,0],"s":[0.3720495,0.02663988,0.207719],"c":[0,0.5714284,1]}]},{"b":178,"c":[[-2.95,0.215,-2.052,20,16,23],[-2.981,0.757,-2.03,21,18,38],[0.025,0.595,3.321,8,42],[-0.01,0.748,3.212,9,59],[-0.789,-0.015,2.648,10,42],[0.969,0.269,2.548,6,42],[2.282,0.192,3.051,0,45],[2.335,0.534,3.569,3,60],[-2.264,0.389,3.37,15,59],[-2.083,0.03,3.141,14,42]],"s":[{"p":[1.132488,-0.07977983,-0.004249454],"r":[90,270,0],"s":[0.1390255,0.03200566,0.04502183],"c":[0,0.5714284,1]}]},{"b":178,"c":[[-2.248,-0.148,3.019,14,42],[-0.717,0.385,1.019,10,42],[0.84,0.238,3.095,7,59],[0.831,0.178,2.452,6,42],[2.233,0.038,2.593,0,45]],"s":[{"p":[-1.130427,-0.07977942,-0.004250646],"r":[90,90,0],"s":[0.1391205,0.0320254,0.04503665],"c":[0,0.5714284,1]}]},{"b":178,"c":[[3.057,0.356,2.028,2,41,35],[3.066,0.389,-2.005,34,8,37],[-3.073,0.47,1.916,17,21,38],[-3.063,0.151,-2.076,21,18,38],[-2.257,0.041,1.096,15,59],[-2.275,-0.371,1.336,14,42],[-1.497,0.102,1.438,13,59],[-0.745,-0.216,0.778,10,42],[-0.748,0.604,1.181,11,59],[0.749,0.362,0.693,7,59],[0.741,-0.038,1.267,6,42],[0,0.287,2.582,9,59],[2.297,0.688,3.577,3,60],[2.288,0.351,4.097,0,45],[1.524,0.611,2.793,5,57]],"s":[{"p":[-0.002836182,-0.0797797,-0.4125004],"r":[90,180,0],"s":[0.3682962,0.03203871,0.04504617],"c":[0,0.5714284,1]}]}]}