{"v":9,"p":[{"a":[36],"s":[{"p":[0,0,0],"r":[0,0,0],"s":[0.175,0.1750001,0.1750001],"c":[1,0,0],"b":["when any state starts then become untweened next in 1s"]},{"p":[0,0,0],"r":[0,0,0],"s":[0.175,0.1750001,0.1750001],"c":[1,0.8571429,0]},{"p":[0,0,0],"r":[0,0,0],"s":[0.175,0.1750001,0.1750001],"c":[0.2857141,1,0],"b":["when starts then become untweened next in 0.1"]}]}]}