{"v":9,"a":[7,18],"p":[{"b":4,"s":[{"p":[0,0,0],"r":[0,0,0],"s":[0.06293707,0.06292745,0.1777285],"c":[1,0,0]}]}]}