{"v":9,"a":[2],"p":[{"b":14,"s":[{"p":[-0.0529465,-0.01462526,-0.01687733],"r":[358.6332,11.76786,354.3296],"s":[0.06000016,0.06000011,0.06000011],"c":[0.1975307,0.3555554,0.8888889]}]},{"b":10,"t":3,"s":[{"p":[-0.0162881,-0.02127565,0.1960258],"r":[34.34898,333.5693,35.57327],"s":[0.1250005,0.1250003,0.1250004],"c":[1,0.9682539,0.7777778]}]}]}