{"n":"wip sign","v":9,"a":[7,18,49],"p":[{"t":2,"a":[23],"t1":95,"s":[{"p":[0,0,0],"r":[0,0,0],"s":[0.4152972,0.01609504,0.3388164],"c":[0.5185186,0.5555556,0.3703702],"t1":{"c":[0,0,0],"x":0.5,"y":0.1502533,"a":0.8925,"m":0,"n":0,"r":0.1086426,"g":0,"o":0.5,"t":0.5,"e":0.5}}]},{"b":132,"e":"WIP","s":[{"p":[-0.181478,0.00881198,0.06319427],"r":[90,-9.659346E-06,0],"s":[0.008750913,0.008749064,0.00875098],"c":[0,0,0]}]}]}