{"n":"void","v":9,"a":[7,18],"p":[{"b":179,"t":19,"s":[{"p":[0,0,0],"r":[0,0,0],"s":[6.468722,2.47639,0.2152621],"c":[0.3456784,0.4359784,0.444444]}]}]}