{"n":"shelf","v":9,"a":[7,31],"p":[{"b":38,"s":[{"p":[0,0,0],"r":[0,0,0],"s":[0.3320425,0.07449037,0.0432063],"c":[0.4444443,0.3964725,0.3456789]}]},{"b":3,"t":3,"a":[12,37],"s":[{"p":[-0.2544197,0.03599405,0.04426198],"r":[0,202.5,270],"s":[0.04021963,0.04022308,0.04022025],"c":[0.5555556,0.5555556,0.5555556]}]}]}