{"v":9,"a":[21],"p":[{"s":[{"p":[0,0,0],"r":[0,0,0],"s":[0.1143991,0.06491282,0.002466447],"c":[1,1,1]}]},{"s":[{"p":[-3.72529E-09,0.009487926,-0.02290588],"r":[45,-1.000674E-05,-1.523434E-05],"s":[0.1143991,0.06491283,0.002466448],"c":[1,1,1]}]},{"b":18,"a":[19],"e":"SCRAP CORP. HEADSETS","s":[{"p":[0.0009551058,0.01580333,-0.01854182],"r":[45.00001,-9.470993E-06,-1.394093E-05],"s":[0.000842372,0.0008420078,0.0008423671],"c":[0,0,0]}]}]}