{"v":9,"a":[7,18],"p":[{"t":2,"s":[{"p":[0,0,0],"r":[0,0,0],"s":[0.05275194,0.1750077,0.07021435],"c":[0.9714286,1,0],"b":["when starts then rotate forward with 10","when starts then trail start with 1s"]}]}]}