{"v":9,"a":[7,18,21],"p":[{"s":[{"p":[0,0,0],"r":[270,180,0],"s":[0.01303218,0.0112153,0.01085577],"c":[1,1,1]}]},{"b":205,"t":7,"s":[{"p":[-8.595741E-10,7.514637E-17,0.009832382],"r":[0,0,5.008956E-06],"s":[0.002898835,0.00367691,0.003094843],"c":[1,0,0],"b":["when told up then project with 1000 default","when told up then show line"]}]}]}