{"n":"gate","v":9,"a":[6,7,18,49],"p":[{"t1":161,"s":[{"p":[0,0,0],"r":[0,0,0],"s":[0.001000469,1.009297,0.531145],"c":[0.5555556,0.4955908,0.4320986],"t1":{"c":[0,0,0],"x":0.5,"y":0.2062008,"a":0.8925,"m":0,"n":0,"r":0.2475414,"g":0,"o":0.5,"t":0.5,"e":0.5}}]}]}