{"v":9,"a":[1,7],"p":[{"b":139,"t":2,"e":"Sorry for the inconvenience\nthis is a temporary workaround","s":[{"p":[-0.02987716,1.20102,0.1367158],"r":[332.751,262.7195,3.044154],"s":[0.003000078,0.003000018,0.003000073],"c":[1,1,1]}]},{"s":[{"p":[-0.1603856,1.216391,0.4093035],"r":[332.751,262.7195,3.044164],"s":[0.6502408,0.1750036,0.1750131],"c":[0,0,0]}]}]}