{"n":"cheese pizza icon","v":9,"a":[22,18,21],"p":[{"b":5,"s":[{"p":[0,0,0],"r":[0,0,0],"s":[0.01894783,0.01894693,0.009198781],"c":[0.9936507,1,0.7777778]}]},{"b":5,"s":[{"p":[2.984748E-11,-5.218699E-18,-0.0003414154],"r":[1.001791E-05,6.157161E-14,1.001791E-05],"s":[0.02200591,0.02200462,0.007788668],"c":[0.6666667,0.6201058,0.5185186]}]}]}