{"n":"television","v":9,"a":[7,18,21],"p":[{"a":[1,4,5,36],"s":[{"p":[-0.4356647,0.002004385,0.5135915],"r":[8.964101E-08,-8.964097E-08,90.00002],"s":[3.599271,0.01772904,2.02472],"c":[0.4444443,0.4444443,0.4444443]}]},{"a":[1,4,5,23,36],"s":[{"p":[-0.4018221,0.0020051,0.5135915],"r":[8.964214E-08,-8.964216E-08,89.99998],"s":[3.654882,0.07322797,2.080279],"c":[0,0,0]}]}]}