{"n":"csawhand","v":9,"a":[2,3,48],"p":[{"s":[{"p":[0,0,0],"r":[0,0,0],"s":[0.1750001,0.05251779,0.1750001],"c":[1,1,1],"b":["when told 2 then become unsoftened next"]},{"p":[0.001519474,-0.001289185,0.001004867],"r":[359.8495,0.007208874,359.9275],"s":[0.1750004,0.05251783,0.1750005],"c":[1,1,1],"b":["when starts then become untweened next"]}]}]}