{"n":"horizon","v":9,"p":[{"b":200,"s":[{"p":[29.06148,-1519.194,-220.9815],"r":[0,0,0],"s":[1699.846,1473.228,1539.948],"c":[1,1,1],"b":["when any state told by any h-off then turn off","when any state told by any h-on then turn on","when any state told by any go1 then become next in 6"]},{"p":[29.06148,-1519.194,-220.9815],"r":[0,0,0],"s":[1699.846,1511.738,1539.948],"c":[1,1,1]}]}]}