{"v":9,"a":[7,18],"p":[{"b":18,"t":2,"a":[19],"e":"YOU GOT HERE THROUGH INCORRECT MEANS AND OR\nSOMETHING WENT WRONG DURING START UP\nPRESS THE BUTTON BELOW TO GO BACK TO THE LOBBY","s":[{"p":[0,0,0],"r":[0,0,0],"s":[0.009468397,0.009468454,0.009468284],"c":[0,0,0]}]},{"t":2,"s":[{"p":[2.64257E-07,-0.3635695,0.001868788],"r":[0,0,7.656432E-20],"s":[2.777264,0.7460791,0.001000004],"c":[1,1,1]}]}]}