{"n":"right arm","v":9,"a":[7],"p":[{"s":[{"p":[0,0,0],"r":[0,0,0],"s":[0.08118954,0.2053686,0.08119649],"c":[0,0.9142855,1]}]},{"a":[12,37],"s":[{"p":[0.1030738,0.03553104,0.000983417],"r":[90,-5.008955E-06,0],"s":[0.07786794,0.0778724,0.07786957],"c":[1,1,1]}]}]}