{"v":9,"a":[21],"p":[{"b":179,"t":2,"t1":76,"c":[[-0.1,1.8,0.9,3],[-1.5,-0.7,1.6,0],[0,-3,2.4,2],[1.5,-0.6,1.7,1]],"cx":1,"s":[{"p":[-3.306371,-1.600141,-1.198952],"r":[1.360495,72.27703,268.2061],"s":[0.7694107,0.7694131,0.7694048],"c":[0,0.03809492,0.6666667],"t1":{"c":[1,1,1],"x":0.5,"y":0.5,"a":0.8925,"m":0,"n":0,"r":0,"g":0,"o":0.5,"t":0.5,"e":0.5}}]},{"b":179,"t":2,"t1":76,"c":[[-0.021,1.779,0.92,3],[-1.2,-2.9,2.3,0],[-0.1,-4.5,2.8,2],[1.56,-0.572,1.728,1]],"cx":1,"s":[{"p":[-3.305691,-0.5683503,-1.853454],"r":[346.9236,78.1771,208.5335],"s":[0.769411,0.7694186,0.7694103],"c":[0.6666667,0.4571426,0],"t1":{"c":[1,1,1],"x":0.5,"y":0.5,"a":0.8925,"m":0,"n":0,"r":0,"g":0,"o":0.5,"t":0.5,"e":0.5}}]},{"b":179,"t":2,"t1":76,"c":[[-0.096,1.662,1.19,3],[-2.051,-2.165,2.115,0],[-0.1,-2.2,2.3,2],[2.724,1.598,1.408,1]],"cx":1,"s":[{"p":[-3.488022,0.3931839,0.1942998],"r":[348.9587,78.70236,212.6597],"s":[0.7694116,0.7694185,0.7694092],"c":[0,0.4444443,0.1015872],"t1":{"c":[1,1,1],"x":0.5,"y":0.5,"a":0.8925,"m":0,"n":0,"r":0,"g":0,"o":0.5,"t":0.5,"e":0.5}}]}]}