{"v":9,"p":[{"b":3,"a":[29],"t1":154,"s":[{"p":[0,0,0],"r":[0,0,0],"s":[0.1250006,0.1250009,0.1250008],"c":[0,0.02539662,0.4444443],"t1":{"c":[0,0.05714234,1],"x":0.5,"y":0.5,"a":0.8925,"m":0,"n":0,"r":0,"g":0,"o":0.5,"t":0.5,"e":0.5}}]}]}