{"v":9,"a":[1,7,13,18],"p":[{"t":10,"t1":99,"t2":25,"s":[{"p":[-1.089471,5.955423E-07,-0.002883148],"r":[6.157181E-14,-1.001791E-05,1.001791E-05],"s":[12.124,0.3992347,8.780006],"c":[0.4444442,0.4444442,0.4444442],"t1":{"c":[0.5925926,0.6666667,0.6666667],"x":0.1027379,"y":0.1661054,"a":0.2492678,"m":0.1331973,"n":0,"r":0,"g":0.04493022,"o":0.5,"t":0.5,"e":0.5},"t2":{"c":[0.5555556,0.5555556,0.5555556],"x":0.5,"y":0.5,"a":0.6905651,"m":0,"n":0,"r":0,"g":0,"o":0.5,"t":0.5,"e":0.5}}]},{"t":10,"t1":99,"t2":25,"s":[{"p":[-0.9197974,3.712877,-0.004299974],"r":[0,0,1.001791E-05],"s":[11.7676,0.3992413,8.780663],"c":[0.4444442,0.4444442,0.4444442],"t1":{"c":[0.5925926,0.6666667,0.6666667],"x":0.1054763,"y":0.1661054,"a":0.2492678,"m":0.1590415,"n":0,"r":0,"g":0.04493022,"o":0.5,"t":0.5,"e":0.5},"t2":{"c":[0.5555556,0.5555556,0.5555556],"x":0.5,"y":0.5,"a":0.6905651,"m":0,"n":0,"r":0,"g":0,"o":0.5,"t":0.5,"e":0.5}}]}]}