{"v":9,"a":[27],"p":[{"b":3,"s":[{"p":[0.00850827,-0.01458638,-0.0173859],"r":[6.660542,2.140373,3.548101],"s":[0.04221734,0.0331873,0.0807851],"c":[1,1,1]}]},{"b":129,"e":"HANDS","s":[{"p":[-0.01965413,0.0164639,-0.04136751],"r":[73.29887,115.3013,202.5903],"s":[0.003000008,0.003000004,0.003000007],"c":[1,0,0.5142855]}]}]}