{"n":"stone slab1","v":9,"a":[7],"p":[{"b":13,"t":1,"s":[{"p":[0,0,0],"r":[0,0,0],"s":[0.3593213,0.06000662,0.190841],"c":[0.5555556,0.5555556,0.5555556]}]}]}