{"n":"lvl 2mat","v":9,"a":[7,12],"p":[{"s":[{"p":[0,0,0],"r":[0,0,0],"s":[1.007188,0.9900385,0.1752046],"c":[0.6666667,0.4804232,0.07407401]}]}]}