{"n":"yo","v":9,"a":[22,18,31],"p":[{"s":[{"p":[-0.05082881,0,0],"r":[0,0,0],"s":[0.01566361,0.01566352,0.01566483],"c":[1,1,1]}]}]}