{"v":9,"p":[{"b":10,"c":[[-0.538,0.878,-0.841,13],[-0.016,1.34,-1.022,14],[0.433,1.04,-0.87,6],[-0.054,0.364,-1.092,27,1,3,1,1,1]],"s":[{"p":[0,0,0],"r":[0,0,0],"s":[0.04766254,0.04132587,0.06350587],"c":[0.7777778,0.5259259,0.259259]}]},{"b":10,"s":[{"p":[-0.03659097,-0.02555391,0.0186661],"r":[310.3206,336.9467,31.29299],"s":[0.02767942,0.03286391,0.02520679],"c":[0.7777778,0.5259259,0.259259]}]},{"b":10,"s":[{"p":[0.04050761,-0.02920491,0.02037932],"r":[328.8412,19.28932,326.0301],"s":[0.02767952,0.03286396,0.02520683],"c":[0.7777778,0.5259259,0.259259]}]}]}