{"v":9,"p":[{"b":36,"s":[{"p":[-0.03170342,-0.006480671,0.01375165],"r":[334.9524,29.81059,354.9062],"s":[0.1250004,0.1250003,0.1250002],"c":[0,0,0]}]},{"b":3,"s":[{"p":[0,0,0],"r":[0,0,0],"s":[0.04685125,0.04685111,0.04685117],"c":[0,0,0],"b":["when starts then become next in 5"]},{"p":[0,0,0],"r":[0,0,0],"s":[0.04685125,0.04685111,0.04685117],"c":[0,0,0],"b":["when starts then become next in 0.1"]},{"p":[0.004289309,-0.003007379,0.01340909],"r":[342.2792,357.7077,9.278888],"s":[0.04917157,0.02444114,0.006824469],"c":[0,0,0],"b":["when starts then become next in 0.1"]}]}]}