{"v":9,"a":[31],"p":[{"b":10,"t":3,"s":[{"p":[0,0,0],"r":[0,0,0],"s":[0.1052158,0.09163085,0.09163079],"c":[1,1,1]}]}]}