{"v":9,"p":[{"b":9,"t":17,"t1":167,"s":[{"p":[0,0,0],"r":[0,0,0],"s":[0.1250014,2.405503,1.374342],"c":[0.4444443,1,1],"t1":{"c":[0.4444444,1,1],"a":0.75}}]}]}