{"n":"hat","v":9,"a":[2,3,21,49],"p":[{"b":16,"a":[37],"c":[[0.502,-0.03,-0.237,26],[0.844,0.079,-1.292,8],[1.404,0.052,-0.792,10],[1.679,0.058,-0.065,12,20],[1.435,0.075,0.727,29],[0.866,0.115,1.286,33],[0.682,-0.09,0.984,45],[0.98,-0.029,0.689,43],[1.089,-0.062,-0.024,20,24],[0.902,-0.104,-0.461,19],[0.625,-0.201,-0.783,18],[0.084,0.09,-1.457,7],[-0.01,-0.229,-0.928,17],[0.584,0.082,0.031,27,24],[0.565,0.079,0.303,50],[0.544,0.087,0.686,52],[0.081,-0.283,0.61,28,29],[0.384,-0.133,-0.542,25],[0.043,-0.347,-0.351,24],[-0.039,-0.231,1.227,46],[-0.015,-0.025,1.01,53],[-0.405,0.042,0.699,54],[-0.394,-0.187,1.049,47],[-0.809,-0.031,0.67,48],[-1.291,0.149,0.797,40],[0.07,0.134,1.512,35],[-0.67,0.159,1.338,38],[-0.4,0.026,-0.28,22],[-0.502,0.08,-0.025,21,35],[-0.446,0.075,0.337,55],[-0.95,-0.039,0.039,14,35],[-0.897,-0.122,-0.544,15],[-0.105,-0.088,-0.468,23],[-0.441,-0.225,-0.798,16],[-1.492,0.1,0.016,2,40],[-1.307,0.081,-0.742,3],[-0.745,0.101,-1.288,5],[-1.336,-0.451,-0.75,0,67],[0.05,-0.451,-1.5,6,57],[-0.75,-0.451,-1.299,4,61],[-1.55,-0.451,0,1,40,28],[-1.336,-0.451,0.75,39,29],[-0.75,-0.451,1.299,37,29],[0.05,-0.451,1.5,36,28],[0.85,-0.451,1.299,34,28],[1.435,-0.451,0.75,30,29],[1.65,-0.451,0,13,18,27],[1.435,-0.451,-0.75,11,49],[0.85,-0.451,-1.299,9,52]],"sa":180,"s":[{"p":[0,0,0],"r":[-8.537735E-07,0,0],"s":[0.1825163,0.2151992,0.215201],"c":[0.111111,0.111111,0.111111]}]},{"b":55,"a":[38],"c":[[0,0.661,-1.346,297],[0.515,0.661,-1.243,55,237],[0.952,0.661,-0.951,49,222,20],[1.244,0.661,-0.514,50,217],[1.346,0.661,0.001,262],[1.244,0.661,0.516,36,221],[0.952,0.661,0.953,30,202,24],[-0.515,0.661,-1.243,68,235],[-0.952,0.661,-0.951,69,120,118],[-1.244,0.661,-0.514,74,114],[-1.347,0.661,0.001,178],[-1.244,0.661,0.516,12,165],[-0.952,0.661,0.953,13,170,34],[-0.515,0.661,1.245,18,198],[0,0.661,1.347,222],[0.515,0.661,1.245,31,197],[-0.536,0.16,-1.293,302]],"s":[{"p":[0.00857364,-0.1043003,-0.001621501],"r":[-9.697075E-06,270,1.996013E-05],"s":[0.4732156,0.03986569,0.4018377],"c":[0.7777778,0.7283951,0.4320987]}]},{"b":16,"c":[[0.546,1.507,-0.293,26],[0.777,1.031,-1.149,8],[1.233,1.092,-0.687,10],[1.466,1.008,-0.041,12,20],[1.317,0.979,0.667,29],[0.63,1.108,1.231,33],[0.726,1.447,0.928,45],[1.024,1.508,0.633,43],[1.133,1.475,-0.08,20,24],[0.946,1.433,-0.517,19],[0.669,1.336,-0.839,18],[0.038,0.897,-1.354,7],[0.034,1.308,-0.984,17],[0.628,1.619,-0.025,27,24],[0.609,1.616,0.247,50],[0.588,1.624,0.63,52],[0.125,1.254,0.554,28,29],[0.428,1.404,-0.598,25],[0.087,1.19,-0.407,24],[0.005,1.306,1.171,46],[0.029,1.512,0.954,53],[-0.361,1.579,0.643,54],[-0.35,1.35,0.993,47],[-0.765,1.506,0.614,48],[-1.104,0.996,0.741,40],[0.022,0.895,1.366,35],[-0.551,0.985,1.195,38],[-0.356,1.563,-0.336,22],[-0.458,1.617,-0.081,21,35],[-0.402,1.612,0.281,55],[-0.906,1.498,-0.017,14,35],[-0.853,1.415,-0.6,15],[-0.227,1.358,-0.582,23],[-0.397,1.312,-0.854,16],[-1.199,1.128,0.107,2,40],[-1.194,0.967,-0.684,3],[-0.685,0.842,-1.118,5],[-1.336,-0.451,-0.75,0,67],[0.05,-0.451,-1.5,6,57],[-0.75,-0.451,-1.299,4,61],[-1.55,-0.451,0,1,40,28],[-1.336,-0.451,0.75,39,29],[-0.75,-0.451,1.299,37,29],[0.05,-0.451,1.5,36,28],[0.85,-0.451,1.299,34,28],[1.435,-0.451,0.75,30,29],[1.65,-0.451,0,13,18,27],[1.435,-0.451,-0.75,11,49],[0.85,-0.451,-1.299,9,52]],"sa":180,"s":[{"p":[4.806498E-08,-0.00753887,-2.476736E-07],"r":[-1.109906E-05,0,0],"s":[0.1826476,0.2152182,0.2153903],"c":[0.7777778,0.7283951,0.4320986]}]},{"b":31,"t":11,"t1":10,"s":[{"p":[0.2497646,0.3322991,0.3771873],"r":[303.0132,357.892,265.9084],"s":[0.2088298,0.04659037,1.203467],"c":[0.7777778,0.7209877,0.691358],"t1":{"c":[0.3333333,0.3333333,0.3333333],"a":0}}]},{"b":62,"t":7,"s":[{"p":[0.2822603,0.22679,0.2826842],"r":[4.705071,278.7557,290.0869],"s":[0.08541886,0.1988098,0.01470657],"c":[0.5485008,0.5555556,0.3086419]}]},{"b":62,"t":7,"s":[{"p":[0.273813,0.2615792,0.3047027],"r":[7.638702,277.8908,289.6755],"s":[0.08541908,0.1988101,0.01470664],"c":[0.7728395,0.7777778,0.6049383]}]},{"b":62,"t":7,"s":[{"p":[0.2741037,0.3123205,0.3481901],"r":[10.09447,276.1575,287.5029],"s":[0.08541944,0.1988106,0.01470666],"c":[0.7728395,0.7777778,0.6049383]}]},{"b":62,"t":7,"s":[{"p":[0.2671754,0.3744879,0.3991078],"r":[9.768004,278.0519,284.9607],"s":[0.08541952,0.1988107,0.01470668],"c":[0.5485008,0.5555556,0.3086419]}]},{"b":62,"t":7,"s":[{"p":[0.280582,0.4470222,0.4855401],"r":[4.873838,278.577,290.0856],"s":[0.1088992,0.3007112,0.01470664],"c":[0.7728395,0.7777778,0.6049383]}]},{"b":62,"t":7,"s":[{"p":[0.2653456,0.5066949,0.5297554],"r":[5.758065,279.3456,289.7774],"s":[0.1088991,0.3007116,0.01470667],"c":[0.5485008,0.5555556,0.3086419]}]},{"b":62,"t":7,"s":[{"p":[0.2855665,0.6131272,0.6631291],"r":[6.778828,282.3751,295.4459],"s":[0.1290376,0.5358891,0.01470666],"c":[0.7728395,0.7777778,0.6049383]}]},{"b":62,"t":7,"s":[{"p":[0.2625183,0.7016938,0.7822285],"r":[10.2027,276.7464,290.362],"s":[0.1290376,0.5358897,0.01470666],"c":[0.7728395,0.7777778,0.6049383]}]},{"b":62,"t":7,"s":[{"p":[0.2560405,0.7515516,0.9074134],"r":[7.228965,279.306,277.2549],"s":[0.1290381,0.5358914,0.01470672],"c":[0.5485008,0.5555556,0.3086419]}]},{"b":62,"t":7,"s":[{"p":[0.2735927,0.2894546,0.1955471],"r":[359.5773,274.1118,348.7455],"s":[0.08541916,0.1988095,0.01470665],"c":[0.5485008,0.5555556,0.3086419]}]},{"b":62,"t":7,"s":[{"p":[0.2713946,0.3124382,0.2218224],"r":[3.870924,264.1746,353.0483],"s":[0.08541896,0.1988094,0.01470665],"c":[0.5485008,0.5555556,0.3086419]}]},{"b":62,"t":7,"s":[{"p":[0.2638637,0.3896804,0.262922],"r":[3.657423,261.7193,349.2657],"s":[0.08541894,0.1988093,0.01470665],"c":[0.5485008,0.5555556,0.3086419]}]},{"b":62,"t":7,"s":[{"p":[0.2705499,0.4765743,0.3288398],"r":[2.506963,269.9269,347.4112],"s":[0.08541924,0.2447597,0.01470671],"c":[0.7728395,0.7777778,0.6049383]}]},{"b":62,"t":7,"s":[{"p":[0.2600461,0.5435396,0.3793435],"r":[0.1052503,267.7437,349.4646],"s":[0.08541883,0.2447592,0.01470665],"c":[0.5485008,0.5555556,0.3086419]}]},{"b":62,"t":7,"s":[{"p":[0.251083,0.6579918,0.4645992],"r":[3.296746,274.6057,342.4879],"s":[0.1421965,0.374128,0.01470667],"c":[0.7728395,0.7777778,0.6049383]}]},{"b":62,"t":7,"s":[{"p":[0.2485639,0.7289155,0.5415024],"r":[4.409072,276.0549,335.7722],"s":[0.1421964,0.3741277,0.01470667],"c":[0.5485008,0.5555556,0.3086419]}]},{"b":62,"t":7,"s":[{"p":[0.2510372,0.8025249,0.6411314],"r":[0.7134249,273.9059,327.4498],"s":[0.1421964,0.3741272,0.01470663],"c":[0.7728395,0.7777778,0.6049383]}]},{"b":62,"t":7,"s":[{"p":[0.2581349,0.8637226,0.7738158],"r":[3.178701,275.883,319.4105],"s":[0.1629591,0.5247864,0.01470663],"c":[0.5485008,0.5555556,0.3086419]}]},{"b":62,"t":7,"s":[{"p":[0.2516026,0.8606743,0.8969985],"r":[3.758623,274.4207,304.5167],"s":[0.1629596,0.5247874,0.0147067],"c":[0.7728395,0.7777778,0.6049383]}]},{"b":62,"t":7,"s":[{"p":[0.272357,0.842926,1.006691],"r":[1.343712,272.9236,285.9886],"s":[0.1629592,0.524788,0.01470665],"c":[0.5485008,0.5555556,0.3086419]}]},{"b":4,"a":[12],"t1":168,"s":[{"p":[0.2863516,-0.1132925,-0.02816305],"r":[60.57536,178.1727,131.7254],"s":[0.05280122,0.05690381,0.05242161],"c":[0,0,0],"b":["when triggered then trail start","when trigger let go then trail end"],"t1":{"c":[1,1,1],"a":0.002877116}}]},{"b":3,"a":[12,38],"s":[{"p":[0.2739648,0.3758299,0.3607469],"r":[310.9681,0.2940159,184.0025],"s":[0.03837725,0.1864569,0.6270859],"c":[1,1,1]}]}]}