{"v":9,"p":[{"b":18,"e":"NETLN_","s":[{"p":[0,0,0],"r":[0,0,0],"s":[0.003000004,0.003000003,0.003000006],"c":[0,0,0]}]}]}