{"v":9,"a":[2,3,22,14,18,31],"p":[{"s":[{"p":[-5.968653E-08,0.000971526,1.164153E-10],"r":[0,0,0],"s":[0.3532377,0.03676574,0.2460018],"c":[0.6666667,0.6666667,0.6666667]}]},{"a":[1],"s":[{"p":[-1.924228E-09,0.02282766,1.862645E-09],"r":[0,0,0],"s":[0.2633389,0.001000061,0.1997716],"c":[0,0,0]}]}]}