{"n":"body","v":9,"a":[7,18],"p":[{"b":214,"c":[[0,0.478,0.604,20,33],[-0.25,0.5,0.564,22,34],[-0.25,-0.367,0.607,9,12],[0.25,-0.387,0.601,2,13],[0.25,0.5,0.584,18,29],[0,-0.394,0.607,6,13],[-0.5,0.341,0.5,24,3,32],[0.5,0.372,0.5,17,28,3],[0.5,-0.364,0.5,1,15,30],[-0.5,-0.345,0.5,12,11,3],[-0.5,0.5,-0.228,30,4,27],[-0.25,0.5,-0.39,31,27],[0.25,0.5,-0.445,37,15],[0.5,0.5,-0.318,39,5,7],[0.5,-0.422,-0.229,4,36,3],[0.25,-0.398,-0.302,5,33],[0,-0.374,-0.324,8,28],[-0.25,-0.366,-0.318,11,21],[-0.5,-0.241,-0.223,14,15,4],[-0.5,-0.313,0,13,12],[-0.25,-0.395,0,10],[0.25,-0.431,0,3],[0,-0.427,0,7],[0.5,-0.42,0,0,42]],"cx":0,"s":[{"p":[0,0,0],"r":[0,0,0],"s":[0.1750322,0.1750306,0.2381757],"c":[0.7777778,0.9047619,1]}]}]}