{"n":"amplicloud","v":9,"a":[7,18],"p":[{"b":90,"t":2,"e":"AMPLI","s":[{"p":[-0.1408367,0.02022555,-0.07372618],"r":[90,-4.829672E-06,0],"s":[0.005877928,0.005873301,0.005877972],"c":[0.5555556,0.8857141,1]}]},{"b":132,"t":2,"e":"CLOUD","s":[{"p":[0.04533387,0.01994514,-0.0820961],"r":[90,-4.829672E-06,0],"s":[0.002449486,0.002439478,0.002449726],"c":[0.3333331,0.9428571,1]}]},{"b":60,"s":[{"p":[0.02545929,0.007951729,-0.09361076],"r":[0,0,0],"s":[0.4088786,0.011016,0.06120747],"c":[0.1851834,0.2698396,0.5555556]}]}]}