{"v":9,"a":[54],"p":[{"s":[{"p":[0,0,0],"r":[0,0,0],"s":[0.1750001,0.1750001,0.1750003],"c":[1,1,1],"b":["when touches hand then tell any web netln_0000000_0000010_123, then become next in 0.2s"]},{"p":[0,0,0],"r":[0,0,0],"s":[0.1750001,0.1750001,0.1750003],"c":[0.4571426,1,0],"b":["when starts then become untweened next"]}]}]}