{"v":9,"p":[{"b":3,"s":[{"p":[0.2140161,0.05111095,-0.003881693],"r":[357.6415,359.5396,2.457026],"s":[0.04685125,0.04685109,0.04685118],"c":[0,0,0],"b":["when starts then become next in 5"]},{"p":[0.2140161,0.05111095,-0.003881693],"r":[357.6415,359.5396,2.457026],"s":[0.04685125,0.04685109,0.04685118],"c":[0,0,0],"b":["when starts then become next in 0.1"]},{"p":[0.2092077,0.0580547,0.01261185],"r":[338.8417,350.9534,14.33912],"s":[0.0468513,0.04685111,0.01042101],"c":[0,0,0],"b":["when starts then become next in 0.1"]}]},{"b":5,"s":[{"p":[0.2536425,0.07654889,0.06849355],"r":[29.66083,236.6452,48.01924],"s":[0.01126129,0.0149748,0.297617],"c":[0,0,0]}]}]}