{"v":9,"p":[{"b":58,"t":1,"s":[{"p":[0,0,0],"r":[0,0,0],"s":[0.03475702,0.125,0.0360081],"c":[1,0.8571429,0]}]},{"b":62,"t":9,"s":[{"p":[-0.01864972,0.004699901,0.06215642],"r":[357.0549,341.2604,359.3934],"s":[0.0479597,0.05041559,0.05714538],"c":[0,1,0.9142858]}]}]}