{"n":"np farmer body","v":9,"a":[7,18,31,33,49],"p":[{"b":60,"a":[38],"t1":44,"t2":44,"s":[{"p":[0,0,0],"r":[0,0,0],"s":[0.281025,0.3962054,0.2810225],"c":[0.8888889,0.9714285,1],"t1":{"c":[0,0,0],"x":0.5,"y":0.5,"a":0.8925,"m":0,"n":0,"r":0,"g":0,"o":0.5,"t":0.5,"e":0.5},"t2":{"c":[0.7901235,0.863492,0.8888889],"x":0.5,"y":0.5,"a":0.8925,"m":0,"n":0,"r":0.2480161,"g":0,"o":0.5,"t":0.5,"e":0.5}}]},{"b":60,"t1":44,"t2":44,"s":[{"p":[0.1661473,0.1140397,-4.568696E-05],"r":[-1.001792E-05,270,2.003583E-05],"s":[0.07469237,0.07467867,0.07469165],"c":[0.8888889,0.9714285,1],"t1":{"c":[0,0,0],"x":0.8580359,"y":0.6621971,"a":0.8925,"m":0,"n":0,"r":0,"g":0,"o":0.5,"t":0.5,"e":0.5},"t2":{"c":[0.7901235,0.863492,0.8888889],"x":0.5738567,"y":0.6397567,"a":0.8925,"m":0,"n":0,"r":0.2480161,"g":0,"o":0.5,"t":0.5,"e":0.5}}]},{"b":60,"t1":44,"t2":44,"s":[{"p":[-0.1670074,0.1140398,-4.577637E-05],"r":[-1.001792E-05,270,1.001791E-05],"s":[0.07469635,0.07467894,0.07469534],"c":[0.8888889,0.9714285,1],"t1":{"c":[0,0,0],"x":0.8580359,"y":0.6621971,"a":0.8925,"m":0,"n":0,"r":0,"g":0,"o":0.5,"t":0.5,"e":0.5},"t2":{"c":[0.7901235,0.863492,0.8888889],"x":0.5738567,"y":0.6397567,"a":0.8925,"m":0,"n":0,"r":0.2480161,"g":0,"o":0.5,"t":0.5,"e":0.5}}]}]}