{"n":"rok","v":9,"p":[{"b":3,"t":1,"s":[{"p":[0,0,0],"r":[0,0,0],"s":[0.07526018,0.08920394,0.1250007],"c":[0.4938272,0.5396826,0.5555556]}]}]}