{"v":9,"p":[{"b":62,"t":1,"s":[{"p":[0,0,0],"r":[-6.830189E-06,-4.268868E-07,-8.537737E-07],"s":[0.1250001,0.2042521,0.1250001],"c":[0.9714286,1,0]}]}]}