{"n":"speaker icon","v":9,"a":[22,18],"p":[{"t":2,"s":[{"p":[-0.04555887,8.146561E-09,5.960464E-08],"r":[0,0,-2.049057E-05],"s":[0.08770119,0.01307774,0.09728062],"c":[1,0.6857142,0]}]},{"b":63,"t":2,"s":[{"p":[0.008780062,-1.569997E-09,0],"r":[0,0,-2.049057E-05],"s":[0.1250174,0.04498128,0.125018],"c":[1,0.6857142,0]}]},{"b":43,"t":2,"s":[{"p":[0.1498472,0.002503607,5.960464E-08],"r":[-3.415095E-06,0,180],"s":[0.1091702,0.01304083,0.08312735],"c":[1,0.6857142,0]}]},{"b":43,"t":2,"s":[{"p":[0.2043781,0.002503597,5.960464E-08],"r":[-3.415095E-06,0,180],"s":[0.1927552,0.01744071,0.1667132],"c":[1,0.6857142,0]}]}]}