{"v":9,"a":[7,18,20,49],"p":[{"t":20,"s":[{"p":[0,0,0],"r":[0,0,0],"s":[21.69717,0.2369054,22.22979],"c":[1,1,1]}]}]}