{"v":9,"a":[7,21],"p":[{"b":10,"t":2,"a":[29],"s":[{"p":[0,0,0],"r":[0,0,0],"s":[0.1250004,0.1250004,0.1250004],"c":[1,1,1]}]}]}