{"v":9,"a":[20],"p":[{"a":[11],"s":[{"p":[0,0,0],"r":[0,0,-8.537738E-07],"s":[5.469333,5.130725,5.286825],"c":[0.222222,0.222222,0.222222],"b":["when starts then become 2 in 93"]},{"p":[-3.474287,2.185324,3.192966],"r":[358.5157,355.7755,3.527253],"s":[5.469334,5.130728,5.286827],"c":[0.222222,0.222222,0.222222],"b":["when starts then become 1 in 93"]}]}]}