{"v":9,"a":[7],"p":[{"b":5,"t":2,"s":[{"p":[0,0,0],"r":[0,0,0],"s":[14.44423,14.44542,0.357614],"c":[1,0.1714285,0]}]}]}