{"v":9,"a":[7,31,48,49],"p":[{"a":[36],"i":[{"t":"5f9f62167a4ec8631f118623","p":[0.8831637,-0.02996814,-1.756275],"r":[270,270,0]}],"s":[{"p":[0,0,0],"r":[0,0,0],"s":[0.03152285,0.03152002,0.03152012],"c":[1,1,1],"b":["when told door then become next in 0.5s"]},{"p":[-0.01989746,0.002639772,-0.0002593996],"r":[0,0,90],"s":[0.03152455,0.03152104,0.03152124],"c":[1,1,1],"b":["when told door then become next in 0.5s","when starts then tell any sltrickf","when told by any sldoorc then become 1 in 0.5s"]}]}]}