{"v":9,"a":[31],"p":[{"b":76,"s":[{"p":[0,0,0],"r":[0,0,0],"s":[2.639615,2.639615,2.639618],"c":[0.4444443,0.4444443,0.4444443]}]}]}