{"v":9,"a":[22,18],"p":[{"b":60,"s":[{"p":[0,0.04239655,-0.08813477],"r":[337.5,1.001791E-05,1.001791E-05],"s":[0.2353768,0.1284831,0.0665811],"c":[0.2222221,0.2666662,1]}]},{"b":60,"s":[{"p":[0,0.03376007,-0.08750916],"r":[337.5,1.001791E-05,1.001791E-05],"s":[0.05643399,0.1466076,0.06277788],"c":[1,1,1]}]},{"b":60,"a":[23],"s":[{"p":[0,0,0.001235962],"r":[1.001791E-05,1.001791E-05,0],"s":[0.2385072,0.2353654,0.2100784],"c":[0.222222,0.2666661,1]}]},{"b":60,"s":[{"p":[0,0,-0.00050354],"r":[0,0,1.001791E-05],"s":[0.06068913,0.2313293,0.2100795],"c":[1,1,1]}]}]}