{"v":9,"a":[7,18],"p":[{"c":[[-0.5,0.629,0.5,3,6,8],[0.5,0.629,0.5,2,6,14]],"s":[{"p":[0,0,0],"r":[0,0,0],"s":[1.828806,1.009312,1.018281],"c":[0.148148,0.1777776,0.2222221]}]},{"v":0,"s":[{"p":[0,0.5632324,0],"r":[0,0,0],"s":[1.85734,0.1320847,1.054796],"c":[0.3086419,0.4074071,0.5555556]}]},{"id":"5f9f61d03df5e242b8fc5e45","v":0,"s":[{"p":[-0.7217103,0.6282272,-5.960464E-08],"r":[0,0,1.001791E-05],"s":[0.02002281,0.03481776,0.9972807],"c":[0.3333332,0.3333332,0.3333332]}]},{"ac":{"id":"5f9f61d03df5e242b8fc5e45","c":9},"v":0,"s":[{"p":[-0.5635224,0.6282272,-5.960464E-08],"r":[0,0,1.001791E-05],"s":[0.02002327,0.03481809,0.9973161],"c":[0.3333332,0.3333332,0.3333332]}]}]}