{"v":9,"a":[7,18],"p":[{"t":10,"s":[{"p":[0,0,0],"r":[0,0,0],"s":[2.698305,0.1750907,0.04141418],"c":[0.222222,0.222222,0.222222]}]}]}