{"n":"bottle bottom","v":9,"a":[1,2,3,5,7,12,18,31,38,49],"p":[{"b":202,"a":[38],"c":[[-0.754,1.255,-1.717,7,90],[0.42,1.109,-1.877,10,70],[1.3,1.055,-1.439,12,72],[1.754,1.249,-0.744,14,72],[1.992,1.194,0.702,18,7,65],[1.189,1.164,1.435,22,71],[-0.057,1.243,1.919,28,83],[-0.637,1.302,1.733,31,79],[-1.818,1.253,0.687,35,3,68],[-1.937,1.231,0.06,2,37,64],[-1.382,1.201,-1.49,5,94]],"sa":1,"s":[{"p":[0,0,0],"r":[270,180,0],"s":[0.02319871,0.07526603,0.023198],"c":[0.03174602,0.1111107,0],"b":["when taken then become untweened next","when told by body inventory closed left then become untweened next","when told by body inventory closed right then become untweened next"]},{"p":[0,0,0],"r":[270,180,0],"s":[0.02319871,0.07526603,0.023198],"c":[0.03174602,0.1111107,0],"b":["when let go then become untweened next in 0.1s","when hit then become untweened next"]},{"p":[0,0,0],"r":[270,180,0],"s":[0.02319871,0.07526603,0.023198],"c":[0.03174602,0.1111107,0],"b":["when any part touched then add crumbles, then destroy all parts","when any part touched then play glass bottle smashing with low-pitch 60","when any part touched then play glass smashing with low-pass 300 very-varied-pitch","when any part touched then play glass fragment with high-pitch 200 varied-pitch"]}]},{"b":5,"s":[{"p":[0,0,-0.05193424],"r":[0,0,270],"s":[0.03131447,0.03131332,0.03131493],"c":[0.03174602,0.1111108,0]}]}]}