{"n":"shell","v":9,"a":[7,18,21],"p":[{"b":52,"t1":55,"s":[{"p":[-7.442747E-09,-0.04256749,1.192093E-07],"r":[0,0,0],"s":[0.02961147,0.01739837,0.02961724],"c":[0.6666667,0.5227513,0.37037],"t1":{"c":[0.7777778,0.6098765,0.4320987],"x":0.5,"y":0.5,"a":0.8925,"m":0,"n":0,"r":0,"g":0,"o":0.5,"t":0.5,"e":0.5}}]},{"b":52,"t1":55,"s":[{"p":[-5.050571E-09,-0.02888584,1.192093E-07],"r":[-2.442667E-12,1.001792E-05,-2.135449E-19],"s":[0.02131121,0.03351244,0.02131899],"c":[0.6666667,0.5227513,0.37037],"t1":{"c":[0.7777778,0.6098765,0.4320987],"x":0.5,"y":0.5,"a":0.8925,"m":0,"n":0,"r":0,"g":0,"o":0.5,"t":0.5,"e":0.5}}]},{"b":52,"t1":55,"t2":55,"s":[{"p":[3.916096E-09,0.02239752,1.192093E-07],"r":[0,0,0],"s":[0.02963623,0.1023356,0.02963843],"c":[0.3333332,0.1111109,0.1111109],"t1":{"c":[0.4444444,0.1975308,0.1975308],"x":0.5787992,"y":0.6756265,"a":0.8925,"m":0,"n":0,"r":0,"g":0,"o":0.5,"t":0.5,"e":0.5},"t2":{"c":[0.3333333,0.07407402,0.07407402],"x":0.5,"y":0.5,"a":0.8925,"m":0,"n":0,"r":0,"g":0,"o":0.5,"t":0.5,"e":0.5}}]}]}