{"v":9,"a":[7,18,49],"p":[{"s":[{"p":[0,0,0],"r":[0,0,0],"s":[0.6316709,0.5796763,0.5310981],"c":[0.4444443,0.3047617,0]}]},{"s":[{"p":[-7.450581E-09,-9.758419E-09,-0.05581165],"r":[0,0,-1.001791E-05],"s":[0.6074868,0.55413,0.4462351],"c":[0.6666667,0.5037037,0.148148]}]},{"s":[{"p":[0.2078738,-0.1889437,-0.09766342],"r":[-1.001791E-05,8.757938E-13,-1.001791E-05],"s":[0.1435318,0.0266068,0.4462958],"c":[0.3333332,0.2285713,0]}]}]}