{"v":9,"a":[1,22,18,27],"p":[{"s":[{"p":[-0.005695045,-0.02858067,0.08017766],"r":[-9.748988E-06,90,8.964137E-08],"s":[0.02336826,0.04011429,0.1007973],"c":[1,1,1]}]},{"i":[{"t":"5fa73ddb1ca2aa0540cdbd75","p":[0.1092087,0.02858067,0.005601175],"r":[0,270,0]}],"s":[{"p":[-0.005695045,-0.02858067,0.1092087],"r":[8.9641E-08,89.99999,-8.964101E-08],"s":[0.02336814,0.04011413,0.1096122],"c":[1,1,1],"b":["when told by body hand triggered right then become next in 0"]},{"p":[-0.00569509,-0.02858067,0.1135069],"r":[-1.024528E-05,90,22.50001],"s":[0.02336887,0.04011457,0.1096123],"c":[1,1,1],"b":["when told by body hand trigger let go right then become 1 in 0"]}]}]}