{"v":9,"a":[2,3,7,18],"p":[{"s":[{"p":[0,0,0],"r":[0,0,0],"s":[0.175002,0.02208273,0.08607998],"c":[0,0.5555556,0.1269841]}]},{"a":[23],"t1":10,"s":[{"p":[0,-0.001579285,0],"r":[0,0,0],"s":[0.18193,0.02208273,0.09577751],"c":[0,1,0.2285714],"b":["when triggered then play slot machine started","when triggered then send one nearby to anopoly"],"t1":{"c":[1,0.6857142,0],"a":0}}]},{"b":18,"e":"$$$","s":[{"p":[-0.06791115,0.01441193,0.05183792],"r":[90,-9.659346E-06,0],"s":[0.007606931,0.007606067,0.007606853],"c":[0.6666666,1,0.7428571]}]}]}