{"n":"tbase","v":9,"a":[22],"p":[{"i":[{"t":"5fa8b79ebd507505386cfbcc","p":[-0.0007746019,0.006468385,0.2688217],"r":[-6.830189E-06,90.00001,90.00001]}],"s":[{"p":[0,0,0],"r":[0,0,0],"s":[0.5163466,0.5060092,0.02161695],"c":[1,1,1]}]}]}