{"n":"tarm","v":9,"a":[22],"p":[{"s":[{"p":[0,0,0],"r":[0,0,0],"s":[0.7834573,0.08152187,0.05329785],"c":[1,1,1]}]}]}