{"n":"fire","v":9,"a":[7,18,49],"p":[{"t":7,"a":[5,12,38],"s":[{"p":[0,0,0],"r":[0,0,0],"s":[1.428076,0.7864757,0.3527469],"c":[1,0,0]}]}]}