{"v":9,"a":[1,27],"p":[{"t":16,"a":[12],"i":[{"t":"5faa22cf26981a05172d979a","p":[5.633605E-09,3.575708E-08,2.623157E-08],"r":[-1.451415E-05,3.415093E-06,9.39151E-06]}],"s":[{"p":[0,0,0],"r":[-1.707547E-06,1.707547E-06,4.268868E-07],"s":[0.1064818,0.03730875,0.1060375],"c":[0.111111,0.111111,0.111111],"b":["when told by any 70handshake then turn sub-thing invisible, then become next in 0.1","when told by any 70handshakex then turn sub-thing visible"]},{"p":[0,0,0],"r":[-1.707547E-06,1.707547E-06,4.268868E-07],"s":[0.1064818,0.03730875,0.1060375],"c":[0.1111109,0.1111109,0.1111109],"b":["when starts then tell first of any hownaccept, then become untweened previous","when told by any 70handshakex then turn sub-thing visible"]}]}]}