{"v":9,"p":[{"b":3,"s":[{"p":[0,0,0],"r":[0,0,4.268868E-07],"s":[0.1250004,0.125,0.1250003],"c":[1,1,1]}]},{"b":3,"s":[{"p":[0.2854628,0.1938881,-0.1142249],"r":[345.027,27.02112,30.07817],"s":[0.1250003,0.125,0.1250002],"c":[1,1,1]}]}]}