{"v":9,"a":[7,18,42],"p":[{"b":5,"t":2,"s":[{"p":[0,0,0],"r":[0,0,-6.157171E-14],"s":[0.02398829,0.02494946,0.100003],"c":[0,1,0.9142858],"b":["when told by nearby helpclick then become 2 in 0.2s","when told by nearby helpclick then play menu click"]},{"p":[-2.020291E-09,2.020291E-09,0.01155472],"r":[-1.001791E-05,1.690016E-12,-1.001791E-05],"s":[0.02398842,0.02494938,0.1000041],"c":[0,1,0.9142858],"b":["when starts then become 1 in 0.2s","when starts then tell nearby info"]}]}]}