{"v":9,"a":[7],"p":[{"b":60,"s":[{"p":[0,0,0],"r":[0,0,0],"s":[0.2119973,0.2119179,0.008255455],"c":[0.185184,0.2698401,0.5555556]}]},{"b":60,"t":2,"s":[{"p":[0.001205444,-0.00526428,-0.01469708],"r":[0,0,270],"s":[0.2043439,0.2012098,0.04057183],"c":[0,1,1]}]},{"b":132,"t":2,"e":"11010100100\n0100010100\n10010011001\n00110101010\n10000001110\n00110101010\n101001101110\n01010100101","s":[{"p":[0.09042361,0.09393311,0.006299004],"r":[0,180,5.008957E-06],"s":[0.001702368,0.001702401,0.001702501],"c":[0,0.3999993,1]}]}]}