{"n":"wpl","v":9,"a":[7,18,27,48],"p":[{"i":[{"t":"5fb2b57223193144ec17adac","p":[2.980232E-08,-5.364736E-08,-0.306827],"r":[0,0,0],"a":[48,49]}],"s":[{"p":[0,0,0],"r":[0,0,0],"s":[0.175001,0.1750001,0.02656646],"c":[1,1,1]}]}]}