{"n":"upper arm","v":9,"a":[12],"p":[{"i":[{"t":"5fb3f90823193144ec17ae03","p":[-0.003648506,-0.1221135,0.01293898],"r":[80.48409,91.06718,260.2779]}],"s":[{"p":[-0.003875051,0.01752021,0.1222116],"r":[89.91607,181.3742,0],"s":[0.08204983,0.2421145,0.08204883],"c":[0,0,0],"b":["when starts then all parts face nearest elbow"]}]}]}