{"v":9,"p":[{"b":157,"s":[{"p":[0,0,0],"r":[0,0,0],"s":[0.02477446,0.001,0.03217204],"c":[0.691358,0.8888889,0.8888889]}]}]}