{"v":9,"a":[49],"p":[{"b":17,"a":[23],"c":[[0.372,1.244,-0.044,657,7,58,4],[0.335,1.294,-0.22,649,7,60,4],[0.002,1.284,0.182,699,3,3,3,3,1,3,3,3,3,3,3,3,5,3,3,3,3],[0.069,1.281,-0.232,640,4,62,4],[0.137,1.206,0.37,665,7,56,4],[0.082,1.215,0.33,669,7,55,4],[-0.072,1.251,0.379,677,6,53,4],[-0.436,1.261,0.067,627,69,2,50],[-0.323,1.234,0.191,688,3,51,4],[-0.075,1.296,-0.394,636,3,64,4],[-0.314,1.233,-0.047,628,3,66,4],[0.213,1.263,-0.283,645,7,61,4]],"s":[{"p":[0,0,0],"r":[0,0,0],"s":[0.1286883,0.128687,0.1286883],"c":[0,0.5555556,0.1269841]}]},{"b":17,"a":[23],"c":[[-0.044,-1.286,-0.365,9,5,51,6],[0.025,-1.189,-0.288,12,5,2,51],[-0.032,-1.139,0.132,1,5,4,3,3,6,3,3,3,3,3,3,3,3,3,3,3],[-0.222,-1.192,-0.336,8,3,50,5],[-0.117,-1.074,0.159,45,5,55,5],[-0.319,-1.18,-0.224,5,52,5],[-0.362,-1.232,0.28,51,5,57,5],[0.01,-1.179,0.292,42,5,55,4],[-0.244,-1.112,0.263,48,5,56,5],[0.104,-1.205,-0.308,15,8,52],[0.365,-1.283,0.091,27,5,50,5]],"s":[{"p":[0,0,0],"r":[0,0,180],"s":[0.1286966,0.1286947,0.1287001],"c":[0.2962962,0.6666667,0.3809523]}]},{"b":9,"s":[{"p":[0.003252506,0.1393383,-0.001189947],"r":[1.001791E-05,0,0],"s":[0.1068045,0.04026196,0.09154525],"c":[0.5555556,0.8857141,1]}]}]}