{"n":"oww","v":9,"a":[2,9,31],"p":[{"b":73,"t1":10,"s":[{"p":[0,0,0],"r":[0,0,0],"s":[0.2250001,0.225,0.2250001],"c":[0,0.9142855,1],"t1":{"c":[0,0,0],"a":0}}]}]}