{"v":9,"p":[{"s":[{"p":[0,0,0],"r":[0,0,0],"s":[0.3639991,0.175,0.3463317],"c":[1,1,1]},{"p":[0,0,0],"r":[0,0,0],"s":[0.3639991,0.175,0.3463317],"c":[1,1,1]},{"p":[0,0,0],"r":[0,0,0],"s":[0.3639991,0.175,0.3463317],"c":[1,1,1]}]}]}