{"v":9,"a":[2,31],"p":[{"b":183,"s":[{"p":[0,0,0],"r":[0,0,1.440743E-06],"s":[0.004544862,0.004544864,0.004544864],"c":[0,0,0]}]}]}