{"v":9,"p":[{"b":5,"s":[{"p":[0,0,0],"r":[0,0,0],"s":[0.02535845,0.02600196,0.01093862],"c":[0.6666667,0.6666667,0.6666667]}]},{"b":5,"s":[{"p":[0.004445117,0.001180595,0.03201706],"r":[4.283323,359.91,347.6921],"s":[0.00355972,0.003462269,0.07284985],"c":[0.6666667,0.6666667,0.6666667]}]}]}