{"v":9,"a":[31],"p":[{"s":[{"p":[-0.2814663,0.05220954,-0.05163775],"r":[9.446919,346.5377,329.8076],"s":[0.1750001,0.175,0.175],"c":[1,1,1]}]},{"s":[{"p":[-0.2875761,0.1344951,-0.00376837],"r":[6.353743,347.8238,330.488],"s":[0.06173439,0.06173443,0.06173442],"c":[0,0,0]}]},{"s":[{"p":[-0.2152261,0.1072003,0.009415206],"r":[6.107592,352.4536,332.9959],"s":[0.0617344,0.06173446,0.06173445],"c":[0,0,0]}]}]}