{"v":9,"p":[{"s":[{"p":[0,0,0],"r":[6.830188E-06,0,0],"s":[0.1750002,0.1750002,0.1750002],"c":[1,1,1]}]},{"b":3,"s":[{"p":[0.08112416,0.01130913,0.1612231],"r":[2.806441,357.9767,6.42965],"s":[0.1250001,0.1250001,0.1250002],"c":[1,1,1]}]},{"b":3,"s":[{"p":[0.1025533,0.01444259,0.3467605],"r":[354.4557,349.4052,6.203754],"s":[0.1250001,0.1250001,0.1250001],"c":[1,1,1]}]},{"s":[{"p":[3.557267,0.5085503,-1.701483],"r":[28.34052,23.59923,75.95992],"s":[0.1750004,0.1750002,0.1750004],"c":[1,1,1]}]}]}