{"v":9,"p":[{"b":17,"s":[{"p":[0,0,0],"r":[0,0,-8.537737E-07],"s":[0.1170667,0.107177,0.02011767],"c":[0.8888889,0.8606702,0.691358]}]}]}