{"v":9,"a":[5,7,38,48,49],"inc":[["thing","5fb8a64549607026ef060c5c"]],"p":[{"b":4,"s":[{"p":[0,0,0],"r":[0,0,0],"s":[0.07918909,0.06892718,0.09992735],"c":[1,1,1],"b":["when starts then become next in 30s","when starts then emit gravity-free thing with 0"]},{"p":[0,0,0],"r":[0,0,0],"s":[0.07918909,0.06892718,0.09992735],"c":[1,1,1],"b":["when starts then become next in 0s"]}]}]}