{"v":9,"a":[5,7,48],"inc":[["thing","5fb8a571dcb5d426e2714eb7"]],"p":[{"b":4,"a":[12,37,14],"s":[{"p":[0,0,0],"r":[0,0,0],"s":[0.06737093,0.04595939,0.06998803],"c":[1,1,1],"b":["when starts then emit gravity-free thing with 0","when starts then become next in 0s"]},{"p":[0,0,0],"r":[0,0,0],"s":[0.06737093,0.04595939,0.06998803],"c":[1,1,1],"b":["when starts then become previous in 30s"]}]}]}