{"v":9,"a":[7,27],"p":[{"b":3,"a":[37],"i":[{"t":"5fb8a67796a71e44eba7801a","p":[0.005965814,-0.01384278,0.05146281],"r":[332.0892,350.2451,325.1639]}],"t1":150,"s":[{"p":[-0.009965893,0.001168579,-0.1066359],"r":[342.899,6.685534,358.7921],"s":[0.03498866,0.05770846,0.06524276],"c":[0.4444441,0.3202817,0.04938242],"t1":{"c":[0.5555556,0.4003527,0.06172834],"x":0.5535374,"y":0.6811237,"a":0.8925,"m":0.1313972,"n":0.002427101,"r":0.04410553,"g":0.08518028,"o":0.5,"t":0.5,"e":0.5}}]},{"a":[12,37],"s":[{"p":[0,0,0],"r":[-3.415094E-06,-1.024528E-05,8.11085E-06],"s":[0.1750004,0.1750006,0.4120352],"c":[1,1,1]},{"p":[-0.5296222,-0.1235109,0.1005855],"r":[353.8316,8.338854,307.088],"s":[0.1750005,0.1750008,0.4120355],"c":[1,1,1]}]}]}