{"n":"eye","v":9,"a":[7,18],"p":[{"t":2,"s":[{"p":[0,0,0],"r":[0,0,0],"s":[0.01054831,0.001,0.03035237],"c":[0.654321,0.7777778,0.6049383],"b":["when starts then become next in 3s"]},{"p":[0,0,0],"r":[0,0,0],"s":[0.01054831,0.001,0.03035237],"c":[0.654321,0.7777778,0.6049383],"b":["when starts then become untweened next in 0.5s"]},{"p":[0,0,0],"r":[0,0,0],"s":[0.01054831,0.001,0.001],"c":[0.654321,0.7777778,0.6049383],"b":["when starts then become untweened next in 0.5s"]}]}]}