{"v":9,"a":[2,6,7,14,48],"p":[{"b":9,"t":3,"s":[{"p":[0,0,0],"r":[0,0,0],"s":[0.1250658,0.1250758,0.125076],"c":[0,0.2285712,1],"b":["when starts then set light intensity 15","when starts then set light range 5"]}]}]}