{"n":"glowbug","v":9,"a":[2],"p":[{"t":7,"a":[12,36],"i":[{"t":"5fb940d0c5fa5a2abd7b7ae7","p":[0.04058504,0.008248736,0.008168317],"r":[2.295939,359.2744,0.2521265],"a":[49]},{"t":"5fb9421323193144ec17af71","p":[0.03644003,0.02318136,0.01521999],"r":[354.3084,6.145754,82.02362]}],"s":[{"p":[0,0,0],"r":[0,0,0],"s":[0.2475711,0.1748305,0.1748306],"c":[1,1,1],"b":["when taken then become next, tell any killbug"]},{"p":[0,0,0],"r":[0,0,0],"s":[0.2475711,0.1748305,0.1748306],"c":[1,1,1],"b":["when consumed then play monster scream 3 with high-pitch, destroy all parts with 0s restore, tell any bugeat","when touches bugspot then tell any regenbug","when touches bugspot then destroy all parts"]}]}]}