{"v":9,"a":[1,7,18],"p":[{"b":17,"s":[{"p":[0,0,0],"r":[0,0,0],"s":[5.765723,4.629333,0.0151539],"c":[0.07619033,0.6666667,0]}]}]}