{"v":9,"p":[{"b":131,"e":"EXPLOSIVE","s":[{"p":[0,0,0],"r":[0,0,0],"s":[0.003000004,0.003,0.003000004],"c":[1,0,0]}]}]}