{"v":9,"a":[7,18],"p":[{"s":[{"p":[0,0,0],"r":[0,0,0],"s":[0.9883617,0.04833642,0.04449383],"c":[0.4444443,0.3809522,0]}]},{"s":[{"p":[-0.6025226,-0.007459641,0.004336119],"r":[0,270,0],"s":[0.5294035,0.07542556,0.3948098],"c":[0.4444443,0.3809522,0]}]}]}