{"v":9,"a":[7,18],"p":[{"t":19,"s":[{"p":[-0.07396723,1.117587E-07,-1.293283E-08],"r":[0,-5.757419E-13,90],"s":[0.1750152,0.1342993,0.009271575],"c":[0,0,0]}]},{"b":90,"t":2,"e":"EDITS?","s":[{"p":[-0.08438541,-0.0480677,-0.008677981],"r":[0,-1.001791E-05,90],"s":[0.003000516,0.003000273,0.003000462],"c":[1,1,1]}]}]}