{"v":9,"p":[{"b":132,"e":"CANDY","s":[{"p":[0,0,0],"r":[0,0,0],"s":[0.003000004,0.003000002,0.003000004],"c":[1,0,0]}]},{"b":131,"e":"LIGHT","s":[{"p":[0.1239586,-0.07591604,-0.0005368143],"r":[359.2118,4.210958,23.17973],"s":[0.003000006,0.003000002,0.003000005],"c":[1,0,0]}]}]}