{"n":"head","v":9,"a":[24],"bod":{"h": {"p":[-0.01028207,-0.01759171,0.1314523],"r":[296.4853,78.45915,166.9943]},"ht": {"i":"5fc141fedc626728b59140b7","p":[-0.007372567,0.01805523,0.130266],"r":[283.6219,12.10025,9.352725]},"lt": {"i":"5fc142e4a20c00790d1bdeb4","p":[-0.0006830171,0.1011294,-0.02375887],"r":[283.0938,359.9926,2.820664]}},"p":[{"b":9,"t1":10,"t2":76,"s":[{"p":[0,0,0],"r":[0,0,0],"s":[0.1250006,0.1250004,0.1250007],"c":[0,0.3999994,1],"t1":{"c":[0.1142857,0,1],"a":0},"t2":{"c":[0,0,0],"x":0.5,"y":0.5824072,"a":0.8925,"m":0,"n":0,"r":0,"g":0,"o":0.5,"t":0.5,"e":0.5}}]}]}