{"n":"desk","v":9,"a":[7,18],"p":[{"s":[{"p":[0,0,0],"r":[0,0,4.378969E-13],"s":[0.6838,0.6837965,2.229917],"c":[1,1,1]}]},{"s":[{"p":[0.3358934,1.490116E-07,-0.00350815],"r":[1.001791E-05,0,0],"s":[0.02332171,0.7056327,2.246883],"c":[0,0,0]}]}]}