{"v":9,"p":[{"b":179,"im":"1644340068468773643/98C432EFD80566038EDAD1CF2C035A06DC53F32C/","s":[{"p":[0,0,0],"r":[0,0,2.668043E-08],"s":[0.2150005,0.2150004,0.1140091],"c":[1,1,1]}]}]}