{"v":9,"a":[7,49],"p":[{"t":1,"s":[{"p":[0,0,0],"r":[0,0,0],"s":[1.998336,0.1750614,1.50848],"c":[0.6666667,0.6666667,0.6666667]}]},{"t":1,"a":[1,37,35],"s":[{"p":[7.450581E-09,0.02762222,1.192093E-07],"r":[0,0,0],"s":[1.946206,0.127497,1.460346],"c":[0,0,0]}]}]}