{"n":"bandt","v":9,"a":[7,18,48,49],"p":[{"s":[{"p":[0,0,0],"r":[0,0,0],"s":[0.1750509,0.1750255,0.1750355],"c":[1,1,1]}]}]}