{"v":9,"p":[{"b":131,"e":"MONEY SECURED\n$15,000","s":[{"p":[0,0,0],"r":[0,0,0],"s":[0.003000002,0.003000001,0.003000003],"c":[1,0,0]}]}]}