{"v":9,"p":[{"b":131,"e":"MEDIUM","s":[{"p":[0.1020758,-0.1153074,0.006211378],"r":[351.2459,358.9646,31.87086],"s":[0.003000008,0.003000002,0.003000008],"c":[1,0,0]}]},{"b":132,"e":"BLOXY\nCOLA","s":[{"p":[-0.01734627,0.008788856,-0.006370349],"r":[358.761,358.0082,358.4419],"s":[0.003000009,0.003000001,0.003000009],"c":[1,0,0]}]}]}