{"n":"lynk talking","v":9,"a":[22,18,49],"p":[{"b":20,"t":2,"e":"_","s":[{"p":[0,0,0],"r":[0,0,-1.675759E-13],"s":[0.01062013,0.01062027,0.01061974],"c":[1,1,1],"b":["when told talking then turn visible","when told nottalking then turn invisible"]}]},{"b":20,"t":2,"e":"_","s":[{"p":[-0.09682941,-0.05984022,-7.940247E-07],"r":[0,0,45],"s":[0.01062069,0.01062062,0.01062039],"c":[1,1,1],"b":["when told talking then turn visible","when told nottalking then turn invisible"]}]},{"b":20,"t":2,"e":"_","s":[{"p":[-0.06882001,-0.02836618,-1.333677E-06],"r":[-3.833689E-06,9.255345E-06,-1.319677E-12],"s":[0.01062117,0.01062092,0.01062078],"c":[1,1,1],"b":["when told talking then turn visible","when told nottalking then turn invisible"]}]}]}