{"v":9,"p":[{"b":131,"e":"PAYDAY2\n[NOTORIETY]","s":[{"p":[0,0,0],"r":[0,0,0],"s":[0.005685589,0.005685588,0.00568559],"c":[1,0,0]}]}]}