{"v":9,"p":[{"s":[{"p":[0,0,0],"r":[0,0,0],"s":[0.3305826,0.1750003,0.4388319],"c":[0,0.5714284,1]}]},{"s":[{"p":[-0.1039865,0.08459404,0.1282872],"r":[355.4238,1.109233,355.7874],"s":[0.08909275,0.02149538,0.122708],"c":[0,0.3999996,1]}]},{"b":2,"s":[{"p":[-0.1012909,0.09160256,0.1831805],"r":[353.9027,3.048246,356.6672],"s":[0.03684636,0.006428684,0.05797177],"c":[1,1,1]}]}]}