{"v":9,"p":[{"b":131,"e":"?","s":[{"p":[0,0,0],"r":[0,0,0],"s":[0.02927701,0.02927701,0.02927701],"c":[0,0.7428569,1]}]}]}