{"v":9,"a":[2,15],"p":[{"b":3,"t":1,"s":[{"p":[0,0,0],"r":[0,0,0],"s":[0.01763444,0.01763438,0.01763442],"c":[0.9714286,1,0]}]}]}