{"v":9,"a":[22],"p":[{"b":4,"t":4,"a":[12],"s":[{"p":[0.02747882,0.02788275,-0.005997662],"r":[0,0,-1.707547E-05],"s":[0.1250085,0.1250191,0.1250285],"c":[1,1,1],"b":["when someone new in vicinity then become next in 0.5s","when starts then set light intensity 0"]},{"p":[0.02747882,0.02788275,-0.005997662],"r":[0,0,-1.707547E-05],"s":[0.1250085,0.1250191,0.1250285],"c":[1,1,1],"b":["when starts then become untweened next in 2","when starts then set light intensity 12.5, play beep wobble "]},{"p":[0.02747882,0.02788275,-0.005997662],"r":[0,0,-1.707547E-05],"s":[0.1250085,0.1250191,0.1250285],"c":[1,1,1],"b":["when starts then become untweened 1","when starts then set light intensity 0"]}]},{"b":16,"s":[{"p":[0.0242285,0.02738107,-0.08531953],"r":[337.5,90,270],"s":[0.1000014,0.1000016,0.1000031],"c":[0.5555556,0.5555556,0.5555556]}]}]}