{"v":9,"p":[{"b":60,"s":[{"p":[0.7977655,0.5559287,0.4096292],"r":[355.067,181.2661,354.2903],"s":[0.01556607,0.570416,1.036405],"c":[1,1,1]}]},{"s":[{"p":[0.735552,0.778499,0.4500542],"r":[355.1009,89.75099,92.58977],"s":[0.07292049,0.07393592,0.06470679],"c":[1,1,1]}]},{"s":[{"p":[0.7301233,0.7716204,0.4918453],"r":[357.4118,185.2122,83.48803],"s":[0.03609956,0.03711505,0.02788596],"c":[0.2222221,0.2222221,0.2222221]}]}]}