{"v":9,"a":[7,12,18],"p":[{"b":2,"t":7,"a":[12,37],"i":[{"t":"5fc8731bacb1336597c91b11","p":[0.002968967,-0.003835924,0.08187321],"r":[0,270,-1.931869E-05]},{"t":"5fc8747cc98d9d7900691dae","p":[-0.0022012,-4.423782E-08,0.1637869],"r":[0,0,0]}],"s":[{"p":[0,0,0],"r":[-3.155135E-06,315,1.3069E-06],"s":[0.03001532,0.1250244,0.1250428],"c":[1,0,0.6857142],"b":["when starts then become next in 1"]},{"p":[0,0,0],"r":[-4.248312E-06,11.25,-4.184221E-07],"s":[0.03001532,0.1250244,0.1250428],"c":[1,0,0.6857142],"b":["when starts then become next in 1.2"]}]}]}