{"v":9,"a":[7,49],"p":[{"b":20,"t":2,"e":"SO... THAT HAPPENED.\nYEAH...\n\n--JINX","s":[{"p":[-0.08448696,0.003768928,0.07808829],"r":[90,-1.001791E-05,0],"s":[0.002344389,0.002343862,0.00234474],"c":[0,0,0]}]},{"s":[{"p":[0.001923561,-0.0001220722,0.01723242],"r":[0,0,-1.001791E-05],"s":[0.1993386,0.005000409,0.1325295],"c":[1,0.984127,0.8888889]}]}]}