{"v":9,"a":[7,12,27,31,49],"p":[{"b":180,"a":[38],"s":[{"p":[-0.02571583,-0.09278584,0.02011764],"r":[0,0,8.537737E-06],"s":[0.04311036,0.04310994,0.04311031],"c":[1,1,1]}]},{"b":180,"t":7,"a":[12,38],"s":[{"p":[0,0,0],"r":[0,0,8.537737E-06],"s":[0.07887442,0.07887389,0.07887491],"c":[1,1,1]}]}]}