{"v":9,"a":[7],"p":[{"s":[{"p":[0,0,0],"r":[0,0,0],"s":[0.1750032,1.252068,0.175003],"c":[1,1,1]}]}]}