{"v":9,"a":[7,18,49],"p":[{"b":12,"t1":4,"s":[{"p":[0,0,0],"r":[0,0,0],"s":[0.5740497,0.007340012,0.8769211],"c":[0.1382715,0.09876534,0.4444443],"t1":{"c":[0.5481482,0.07407404,0.6666667],"x":0.01987831,"y":0.01843064,"a":0.69625,"m":0.5,"n":0.5,"r":0,"g":0,"o":0.5,"t":0.5,"e":0.5}}]}]}