{"v":9,"a":[9,31,45,50],"p":[{"b":180,"s":[{"p":[-0.04676371,0.2305646,0.1294127],"r":[12.896,44.21095,307.8891],"s":[0.09960587,0.001,0.001],"c":[1,1,1]}]},{"b":180,"t":9,"s":[{"p":[-0.03410725,0.07564171,-0.06712474],"r":[339.7907,355.8296,359.4657],"s":[0.1250004,0.1250004,0.1250003],"c":[1,0.1714285,0],"pr":{"c":[1,0.1714285,0],"m":0.25,"a":0.25,"s":0.15,"z":0.25,"g":0.5,"h":0.25}}]}]}