{"n":"tail holder","v":9,"a":[48],"p":[{"b":4,"i":[{"t":"5fcaed4ccf1e5a79014d9f1b","p":[0.002413984,0.002937848,0.03161564],"r":[6.726685,176.4515,31.90286]},{"t":"5fcaefcfc1f28e28c1c4e550","p":[0.0006232372,0.007343342,0.08151912],"r":[350.2551,9.397755,4.964975]}],"s":[{"p":[0,0,0],"r":[0,0,8.537735E-07],"s":[0.02452628,0.002224289,0.009376665],"c":[1,1,1],"b":["when starts then become next in 2s"]},{"p":[-0.00444392,-0.0008825098,-0.003873751],"r":[4.304449,339.0308,6.677893],"s":[0.02452642,0.002224295,0.009376735],"c":[1,1,1],"b":["when starts then become next in 2s"]}]}]}