{"n":"tail holder","v":9,"a":[48],"p":[{"b":4,"i":[{"t":"5fcaed4ccf1e5a79014d9f1b","p":[-0.0001740512,0.004811287,0.0267394],"r":[4.269407,176.5166,28.95746]},{"t":"5fcaefee00fd376591dc8b93","p":[-0.008918758,0.01147243,0.0755158],"r":[342.1448,335.7027,0.520007]}],"s":[{"p":[-0.000135188,-0.001781522,-0.002083846],"r":[1.491195,3.153686,358.6494],"s":[0.02452635,0.002224292,0.009376682],"c":[1,1,1],"b":["when starts then become next in 2s"]},{"p":[-0.001723411,-0.002429028,-0.001121458],"r":[1.242006,358.1772,2.533533],"s":[0.02452682,0.002224311,0.009376854],"c":[1,1,1],"b":["when starts then become next in 2s"]}]}]}