{"v":9,"a":[7,18],"p":[{"t1":58,"s":[{"p":[0,0,0],"r":[0,0,0],"s":[14.79764,17.71678,0.07042857],"c":[0,0,0],"t1":{"c":[0,0,0],"x":0.5,"y":0.5,"a":1,"m":0.1390949,"n":0,"r":0,"g":0,"o":0.5,"t":0.5,"e":0.5}}]}]}