{"v":9,"a":[24,27,48],"bod":{"al": {"i":"5fccb73dc98d9d7900691ec9","p":[-0.02842085,-0.004296616,-0.09433921],"r":[329.9932,273.4663,171.962]}},"p":[{"t":7,"i":[{"t":"5fccb160dc626728b59143ad","p":[-0.09847024,0.008279344,0.005962752],"r":[358.5544,8.611691,165.5427]}],"s":[{"p":[0,0,0],"r":[0,0,0],"s":[0.1080838,0.1357069,0.1110625],"c":[1,0,0]}]}]}