{"n":"door mover","v":9,"a":[7,18],"p":[{"b":4,"a":[11,12,36],"i":[{"t":"5fcdb227c98d9d7900691efb","p":[-2.153924,0.000187397,0.5555649],"r":[-1.001791E-05,0,90]}],"s":[{"p":[0,0,0],"r":[0,0,0],"s":[0.1250653,0.125099,0.1250336],"c":[1,1,1],"b":["when told by any opendoor then become next in 0.1s","when starts then tell any doorclosed","when told by any opendoor then tell any dooropened"]},{"p":[-0.03170767,-8.381903E-07,0],"r":[0,0,0],"s":[0.1250773,0.1251148,0.1250398],"c":[1,1,1],"b":["when starts then become next in 1s"]},{"p":[-0.03170768,-8.381903E-07,0],"r":[0,0,0],"s":[0.1250773,0.1251148,0.1250398],"c":[1,1,1],"b":["when starts then become next in 10s"]},{"p":[-4.152102,-1.430511E-06,0],"r":[-1.001791E-05,1.001791E-05,-8.757938E-13],"s":[0.1251005,0.1251435,0.1250468],"c":[1,1,1],"b":["when told by any closedoor then become 1 in 10s"]}]}]}