{"v":9,"a":[22],"p":[{"b":14,"i":[{"t":"5fce4b60c98d9d7900691f1b","p":[0.000224411,-0.003029317,-0.2253367],"r":[14.17512,126.7874,144.8703]}],"s":[{"p":[0,0,0],"r":[0,0,0],"s":[0.02056128,0.02057331,0.02057362],"c":[1,1,1],"b":["when starts then set constant rotation to 0 0 1750"]}]},{"b":11,"s":[{"p":[-0.0006731153,0.0217762,0.04248989],"r":[0,0,0],"s":[0.009316292,0.03521609,0.009319901],"c":[1,0,0]}]}]}