{"v":9,"a":[7,18,31],"p":[{"b":205,"a":[12,37,36],"i":[{"t":"5dbfb476a6f69a061b100c6d","p":[-3.237473,18.39721,-19.88119],"r":[0,180,90.00001]}],"s":[{"p":[-3.814697E-06,-39.25821,-36.99238],"r":[0,0,8.537737E-06],"s":[1.391274,1.391249,1.391276],"c":[1,1,1],"b":["when is area.month != 12 then become untweened 1","when is area.month == 12 then become untweened 2"]},{"p":[0,0,0],"r":[0,0,0],"s":[1.391087,1.391086,1.391085],"c":[1,1,1],"b":["when is area.month != 12 then become 1","when is area.month == 12 then become 2"]}]}]}