{"v":9,"a":[7,18,48],"p":[{"b":91,"a":[19],"e":"[area values]","s":[{"p":[0,0,0],"r":[0,0,0],"s":[0.009846313,0.009846292,0.009846301],"c":[0,0,0]}]}]}