{"v":9,"a":[12,31,48,49],"p":[{"b":205,"s":[{"p":[0,0,0],"r":[0,0,1.017778E-13],"s":[0.2199028,0.2199028,0.2199028],"c":[1,1,1]}]}]}