{"v":9,"a":[7,18,31],"p":[{"b":5,"t":2,"s":[{"p":[0,0,0],"r":[0,0,0],"s":[0.6762644,0.6778789,0.4708585],"c":[0.2962962,0.6349205,0.8888889],"b":["when someone new in vicinity then play glitchy loading with surround, tell any areajoin"]}]}]}