{"v":9,"p":[{"b":5,"t":7,"s":[{"p":[0,0,0],"r":[0,0,0],"s":[0.3582025,0.3582078,0.02541824],"c":[0.2592591,0.5555554,0.7777778],"pr":{"c":[0.2962962,0.5079364,0.6666667],"m":0.25,"a":0.25,"s":0.15,"z":0.25,"g":0.5,"h":0.25}}]}]}