{"v":9,"a":[7,13,18],"p":[{"b":82,"t":17,"a":[23],"c":[[-1.4,0.5,-1.4,69,10,7,-16,19,-21,9,-16,11,-5,8,-4,20,-45,47,-46,48],[-1.4,0.5,1.4,64,20,43,-64,19,-17,60,-63,18,-14,57,-64,62],[1.4,0.5,-1.4,49,50,1,-52,49,-47,53,-52,54],[-1.4,-0.5,-1.4,23,51,-53,57,9,-65,54,-52,49,-53,68,-69,71,-72,74],[1.4,0.5,1.4,56,57,1,-59,56,-57,55,-57,55,-50,60,-59,61],[-1.5,0.5,1.5,3,3,54],[1.5,0.5,1.5,2,10,41],[1.5,0.5,-1.5,8,7,29],[-1.5,0.5,-1.5,7,4,34],[1.4,-0.5,-1.4,34,64,3,-66,67,-66,68,-67,69,-73,63,-64,62],[1.4,-0.5,1.4,41,71,3,-75,70,-71,69,-66,74,-73,75],[-1.4,-0.5,1.4,28,57,41,-97,95,-94,92,-91,89,-93,56,-57,55],[-1.5,-0.5,-1.5,4,6,6],[-1.5,-0.5,1.5,0,5,20],[1.5,-0.5,1.5,1,12,25],[1.5,-0.5,-1.5,9,5,3]],"s":[{"p":[0,0,0],"r":[0,0,7.656432E-20],"s":[0.7176164,1.871813,1.447848],"c":[0.7777778,0.7777778,0.7777778]}]},{"t":1,"s":[{"p":[-2.123434E-06,-1.235862,-9.76008E-07],"r":[8.14222E-13,270,1.001791E-05],"s":[4.400898,0.6802477,2.224125],"c":[0.6666667,0.6666667,0.6666667]}]},{"t":1,"s":[{"p":[-2.684569E-06,1.009197,-2.322221E-06],"r":[-1.001791E-05,270,2.003583E-05],"s":[4.402017,0.2895814,2.224633],"c":[0.6666667,0.6666667,0.6666667]}]},{"t":17,"s":[{"p":[0,0,0],"r":[0,270,2.003583E-05],"s":[4.056588,1.851361,2.007691],"c":[0,0.6666667,0.6666667]}]}]}