{"v":9,"p":[{"b":3,"s":[{"p":[0,0,0],"r":[0,0,0],"s":[0.1250002,0.1250003,0.05095746],"c":[0.2857141,0,1]}]}]}