{"v":9,"p":[{"b":205,"s":[{"p":[0.002906565,-0.01339084,0.001592619],"r":[353.3291,359.48,12.22421],"s":[0.06529799,0.06115446,0.08638257],"c":[1,1,1]}]},{"b":4,"s":[{"p":[-0.01326234,0.08151828,0.01637927],"r":[283.9016,241.28,208.9152],"s":[0.03440327,0.04362774,0.02836041],"c":[0.9714286,1,0]}]}]}