{"v":9,"p":[{"b":174,"t":7,"s":[{"p":[0,0,0],"r":[0,0,0],"s":[0.001000002,0.002090535,0.001000003],"c":[0.9714286,1,0]}]}]}