{"v":9,"a":[22],"p":[{"b":60,"t":7,"i":[{"t":"5fd53c42dc626728b5914509","p":[-0.5663386,-0.9186352,-0.09003788],"r":[315,1.262054E-05,180]}],"s":[{"p":[0,0,0],"r":[0,0,0],"s":[0.5534925,0.05459364,0.2150203],"c":[0,0,0]}]},{"b":60,"s":[{"p":[-0.1759651,0.0332657,-0.0189991],"r":[1.707548E-06,3.415094E-06,-8.537737E-06],"s":[0.125039,0.0306713,0.1250478],"c":[0,0,0],"b":["when touched then tell extend"]}]},{"b":60,"s":[{"p":[-0.01651287,0.03207881,-0.02048808],"r":[1.707548E-06,3.415094E-06,-8.537737E-06],"s":[0.1250668,0.03067427,0.1250784],"c":[0,0,0],"b":["when touched then tell shock"]}]},{"b":60,"s":[{"p":[0.1536531,0.03707706,-0.01743194],"r":[1.707548E-06,3.415094E-06,-8.537737E-06],"s":[0.1250508,0.03067286,0.1250633],"c":[0,0,0],"b":["when touched then tell begin"]}]}]}