{"v":9,"p":[{"s":[{"p":[0,0,0],"r":[0,0,0],"s":[1.672693,2.137728,0.06252934],"c":[1,1,1]}]}]}