{"v":9,"a":[7],"p":[{"b":7,"t":19,"s":[{"p":[0,0,0],"r":[0,0,0],"s":[0.2257346,0.2180311,0.1250013],"c":[1,1,1]}]},{"b":5,"t":1,"i":[{"t":"5fd53c1e14dae71a6aa96619","p":[0.01277161,0.009617561,0.03701401],"r":[90,-2.897803E-05,0]}],"s":[{"p":[-0.009243727,0.008560181,0.04626274],"r":[0,0,90.00002],"s":[0.100007,0.1000165,0.1000195],"c":[0,0,0],"b":["when told begin then become 2"]}]}]}