{"v":9,"p":[{"t1":13,"s":[{"p":[0,0,0],"r":[0,0,0],"s":[0.2712245,0.001000001,0.08213198],"c":[0.5555556,0.5555556,0.5555556],"t1":{"c":[0,0,0],"x":0.17,"y":0.17,"a":0.8925,"m":0.5,"n":0.5,"r":0,"g":0,"o":0.5,"t":0.5,"e":0.5}}]},{"b":129,"e":"BEANY","s":[{"p":[-0.069407,0.005920887,0.04759675],"r":[88.98954,230.7988,229.89],"s":[0.00804061,0.008040599,0.008040604],"c":[1,1,1]}]}]}