{"n":"pink laser","v":9,"a":[2,7,12,16,18,31],"p":[{"b":2,"t":19,"a":[12],"pr":25,"s":[{"p":[0,0,0],"r":[0,0,0],"s":[0.004369363,0.004367977,0.0043706],"c":[0.8888889,0.2962962,0.499471],"b":["when told by any screen2 then become next in 0.1"],"pr":{"c":[1,0,0.3428573],"m":0.25,"a":0.25,"s":0.15,"z":0.25,"g":0.5,"h":0.25}},{"p":[0,0,0],"r":[0,0,0],"s":[0.01089342,0.01089203,0.01089466],"c":[0.8888889,0.2962961,0.499471],"b":["when starts then propel forward with 100","when starts then trail start with 1s"],"pr":{"c":[1,0,0.3428573],"m":0.758954,"a":0.7391698,"s":0.4229871,"z":0.6243179,"g":0.5,"h":0.25}}]}]}