{"v":9,"a":[22,18,48],"p":[{"t":7,"i":[{"t":"5fd53c038d958328bbcd87c6","p":[0.007812551,0.03041267,-0.09120965],"r":[315,89.99999,180]}],"s":[{"p":[0,0,0],"r":[0,0,0],"s":[0.175,0.175,0.1749999],"c":[1,0,0],"b":["when told begin then become 2 in 0.5s","when touched then become 2 in 0.5s"]},{"p":[0,0,-0.003354788],"r":[0,67.5,0],"s":[0.1750267,0.1750029,0.1750244],"c":[1,0,0],"b":["when starts then become next in 0.7ss"]},{"p":[0,0.004154205,0.01329017],"r":[0,337.5,1.001791E-05],"s":[0.1750832,0.175014,0.175071],"c":[1,0,0],"b":["when starts then become 1 in 0.5s"]}]}]}