{"v":9,"p":[{"s":[{"p":[0,0,0],"r":[0,0,1.707548E-06],"s":[0.03438966,0.035076,0.03585958],"c":[0.8888889,0.6405643,0.09876522]}]},{"s":[{"p":[-1.639826E-06,0.002877848,-1.986511E-06],"r":[-8.537739E-07,2.561321E-06,8.537737E-06],"s":[0.02001735,0.03445262,0.02067683],"c":[0.7777778,0.5333333,0]}]},{"t":2,"s":[{"p":[4.66546E-06,0.01897257,-1.351349E-06],"r":[-8.537739E-07,2.561321E-06,8.537737E-06],"s":[0.01087194,0.005657079,0.01200965],"c":[1,0,0]}]}]}