{"n":"palship lelbow","v":9,"a":[7,18,31],"p":[{"b":60,"i":[{"t":"5fd6bb6dc1f28e28c1c4e770","p":[-0.0005657673,0.01517574,0.0006214437],"r":[270,90.01979,0]}],"s":[{"p":[0,0,0],"r":[0,0,0],"s":[0.04782026,0.04782053,0.04781963],"c":[0.4320985,0.5555556,0.5555556]}]}]}