{"v":9,"a":[7,18],"p":[{"c":[[0.5,0.5,-0.043,4,6,11],[-0.5,0.5,-0.043,5,6,7],[-0.5,-0.5,-0.043,7,8,4],[0.5,-0.5,-0.043,6,6,8],[0.5,0.5,0.957,2,6,14],[0.5,-0.5,0.957,0,13,10],[-0.5,-0.5,0.957,1,13,2],[-0.5,0.5,0.957,3,6,8]],"s":[{"p":[-0.01668978,-0.1673093,-0.06388178],"r":[0,0,0],"s":[0.007049851,0.01825442,0.2070775],"c":[1,0.3333332,0.3333332],"b":["when starts then set constant rotation to 0 360 0"]}]}]}