{"v":9,"a":[7,18],"p":[{"b":82,"c":[[-1.4,0.5,-1.4,69,10,7,-16,19,-21,9,-16,11,-5,8,-4,20,-45,47,-46,48],[-1.4,0.5,1.4,64,20,43,-64,19,-17,60,-63,18,-14,57,-64,62],[1.4,0.5,-1.4,49,50,1,-52,49,-47,53,-52,54],[-1.4,-0.5,-1.4,23,51,-53,57,9,-65,54,-52,49,-53,68,-69,71,-72,74],[1.4,0.5,1.4,56,57,1,-59,56,-57,55,-57,55,-50,60,-59,61],[-1.5,0.5,1.5,3,3,54],[1.5,0.5,1.5,2,10,41],[1.5,0.5,-1.5,8,7,29],[-1.5,0.5,-1.5,7,4,34],[1.4,-0.5,-1.4,34,64,3,-66,67,-66,68,-67,69,-73,63,-64,62],[1.4,-0.5,1.4,41,71,3,-75,70,-71,69,-66,74,-73,75],[-1.4,-0.5,1.4,28,57,41,-97,95,-94,92,-91,89,-93,56,-57,55],[-1.5,-0.5,-1.5,4,6,6],[-1.5,-0.5,1.5,0,5,20],[1.5,-0.5,1.5,1,12,25],[1.5,-0.5,-1.5,9,5,3]],"s":[{"p":[0,0,0],"r":[0,0,0],"s":[0.3893105,0.04207607,0.3893106],"c":[0.3333331,0.2285712,0]}]},{"s":[{"p":[0,0,0],"r":[-1.628444E-12,-1.423631E-19,1.001791E-05],"s":[1.098495,0.03990227,1.103811],"c":[0.5555556,0.380952,0]}]},{"b":82,"v":0,"s":[{"p":[7.105427E-15,-0.3804407,5.960465E-08],"r":[0,0,1.001791E-05],"s":[0.384171,0.03743123,0.3841765],"c":[0.3333331,0.2285712,0]}]},{"a":[32,33],"s":[{"p":[-0.5609004,-0.4600578,-0.5604313],"r":[1.001791E-05,0,0],"s":[0.04607491,0.9405246,0.04607814],"c":[0.3333331,0.2285712,0]}]}]}