{"v":9,"a":[12],"inc":[["thing","5fd876298d958328bbcd8816"],["thing 2","5fd876a2f111e3659e57d129"]],"p":[{"b":2,"t":7,"a":[12,37],"s":[{"p":[0,0,0],"r":[0,0,-8.537737E-07],"s":[0.01294567,0.01145343,0.0986954],"c":[0.9714285,0,1],"b":["when told by any screen then emit gravity-free thing 2 with 20","when told by any screen then play laser shot"]}]}]}