{"v":9,"a":[7,18],"p":[{"t":1,"t1":158,"s":[{"p":[0,0,0],"r":[0,0,0],"s":[4.238973,0.1525364,4.262084],"c":[0.4444443,0.4444443,0.4444443],"t1":{"c":[0.8832451,0.8888889,0.691358],"x":0.6504836,"y":0.647329,"a":0.8925,"m":0,"n":0,"r":0,"g":1,"o":0.5,"t":0.5,"e":0.5}}]}]}