{"n":"bullet proj","v":9,"a":[7,12,18,31,40,45],"tp_m": 0,"tp_ad": 0,"p":[{"b":187,"t":11,"s":[{"p":[0,0,0],"r":[0,0,0],"s":[0.005191196,0.005191247,0.005190794],"c":[0.7777778,0.5679012,0.3456789]}]}]}