{"v":9,"a":[7],"p":[{"s":[{"p":[0,0,0],"r":[0,0,0],"s":[7.461977,0.07703961,8.454865],"c":[0.2910051,0.5555556,0.1851851]}]}]}