{"v":9,"a":[21],"p":[{"b":83,"t":1,"t1":33,"s":[{"p":[0,0,0],"r":[0,0,0],"s":[0.007320537,0.09406687,0.02036417],"c":[0.5555556,0.5555556,0.5555556],"t1":{"c":[0.6666667,0.5037037,0.1481481],"x":0.5384064,"y":0.7061665,"a":0.8925,"m":0,"n":0,"r":0,"g":0,"o":0.5,"t":0.5,"e":0.5}}]},{"b":83,"t":1,"t1":33,"s":[{"p":[1.421085E-14,1.192093E-07,0.01894701],"r":[1.707547E-06,180,180],"s":[0.007321386,0.09407978,0.005527141],"c":[0.5555556,0.5555556,0.5555556],"t1":{"c":[0.6666667,0.5037037,0.1481481],"x":0.5384064,"y":0.7061665,"a":0.8925,"m":0,"n":0,"r":0,"g":0,"o":0.5,"t":0.5,"e":0.5}}]},{"b":5,"t":1,"t1":33,"s":[{"p":[1.421085E-14,1.192093E-07,0.01894701],"r":[90,-1.931869E-05,0],"s":[0.006802841,0.006799175,0.1278518],"c":[0.5555556,0.5555556,0.5555556],"t1":{"c":[0.6666667,0.5037037,0.1481481],"x":0.5384064,"y":0.7061665,"a":0.8925,"m":0,"n":0,"r":0,"g":0,"o":0.5,"t":0.5,"e":0.5}}]}]}