{"n":"tree","v":9,"a":[5,7,18,21,34],"p":[{"b":166,"c":[[-0.325,3.8,-0.5,73,62],[-0.491,3.892,-0.438,40,32,65],[-0.093,3.839,-0.489,74,60],[0,-5.2,-1.4,1,46],[-0.544,-3.507,-0.941,22,24],[0.311,-3.426,-1.05,48],[0.817,-3.466,-0.761,49],[0.8,-5.3,-1,2,48],[-1.1,-5.2,-1,0,43],[-1.8,-5.2,-0.4,4,8,32],[-1.8,-5.2,0.4,6,7],[-0.9,-5.3,1.6,8,9],[0.2,-5.3,1.3,10,9,88],[0.9,-5.3,1,11,93],[1.178,-5.284,0.515,9,74,22],[1.3,-5.3,0.1,7,74],[1.3,-5.3,-0.2,5,72],[1.3,-5.3,-0.5,3,49,26],[-1.078,-3.602,-0.327,15,30],[-1.171,-3.673,0.211,14],[-0.564,-2.214,-0.454,21],[-0.209,-2.095,-0.579,23,30],[-0.809,-2.372,-0.083,20],[0.214,-1.796,-0.654,54],[0.456,-0.028,-0.329,59],[0.781,-0.022,-0.108,60,28],[0.937,-0.004,0.219,87],[0.143,-0.037,-0.355,58],[-0.149,-0.025,-0.291,27,30],[0.367,2.831,-0.747,70,28],[0.579,2.873,-0.441,71,23],[0.588,2.896,-0.07,93],[0.507,2.916,0.338,95,32],[0.243,2.953,0.624,102,24],[0.056,2.937,-0.67,69],[-0.303,2.978,-0.48,68],[-0.565,2.977,-0.276,35,32],[-0.603,2.973,-0.003,34],[0.156,4.122,-0.341,75,24,34],[0.231,4.239,-0.304,97,39],[0.259,4.252,-0.041,96,43],[0.337,4.311,0.137,100,41],[-0.425,4.092,-0.166,39,99],[0.272,4.413,0.433,101,30,11],[-0.341,4.311,0.113,42,98],[-0.29,4.399,0.379,41,91,11],[-0.006,4.503,0.577,130,14],[1.042,-3.452,-0.234,51,28],[1.043,-3.496,0.152,76],[0.899,-3.412,0.57,80,31],[-0.614,2.963,0.383,36],[-0.328,2.979,0.608,37,92],[-0.083,3.005,0.729,128],[1.019,-1.684,0.033,84],[0.812,-1.672,0.533,86,26],[0.845,-1.688,-0.454,56,29],[0.417,-1.693,0.853,110],[-0.354,-1.675,0.784,30,83],[-0.734,-2.251,0.335,24,91],[-0.447,-0.007,-0.158,26,37],[0.675,1.641,-0.175,66,25],[0.441,1.633,-0.443,65],[0.143,1.661,-0.476,64],[-0.207,1.667,-0.368,61],[0.832,1.654,0.147,90],[0.728,1.647,0.506,92,29],[0.083,1.667,0.818,122],[0.388,1.654,0.71,120],[-0.262,1.657,0.754,38,85],[-0.562,1.648,0.45,33,92],[-0.625,1.662,0.078,31],[-0.483,1.641,-0.21,32,30],[0.529,-1.784,-0.596,55]],"sa":0,"s":[{"p":[0.3141508,4.164858,0.3053921],"r":[357.1023,192.7001,5.445477],"s":[0.4202069,0.8439847,0.4434935],"c":[0.2222221,0.1679011,0.04938262]}]},{"b":205,"a":[12,37],"s":[{"p":[0,0,0],"r":[-2.668043E-07,1.433578E-22,-6.157171E-14],"s":[0.8909226,0.2047546,0.1109398],"c":[1,1,1]}]},{"b":156,"s":[{"p":[0.3465863,4.688674,0.3008922],"r":[5.699554E-12,270,2.003587E-05],"s":[0.9564816,1.174022,0.9509008],"c":[0.1523808,0.3333332,0]}]},{"b":156,"c":[[0.113,0.862,0.081,24,4,3,5,3,3,5,5,3,5,5,3,4,4,4]],"s":[{"p":[0.5052143,5.967849,0.2493163],"r":[1.001791E-05,180,2.003582E-05],"s":[0.8137976,1.390543,0.8921349],"c":[0.1523808,0.3333332,0]}]},{"b":156,"c":[[-0.035,2.664,0.006,24,4,3,5,3,3,5,5,3,5,5,3,4,4,4],[0.58,1.084,-0.301,73,148],[0.474,1.034,-0.473,63,11,135,15],[0.677,0.932,-0.162,75,7,143,19],[0.727,0.645,0.002,78,3,155,5],[0.684,0.827,0.159,77,156,19],[0.638,0.728,0.354,59,20,170,11],[0.292,0.804,-0.587,64,2,125,21],[0.442,0.805,0.493,58,13,149,37],[1.272,-0.396,0.746,250,3,6,4],[1.367,-0.382,0.021,235,5,2,6],[0.187,0.692,0.731,51,18,117,13]],"s":[{"p":[0.4548676,6.911018,0.2225196],"r":[2.003582E-05,180,2.003583E-05],"s":[0.6880314,0.8381845,0.8103474],"c":[0.1523808,0.3333332,0]}]},{"b":156,"v":4,"s":[{"p":[0.5038204,7.919729,0.2454347],"r":[2.003582E-05,180,2.003583E-05],"s":[0.5507481,0.8382085,0.6856437],"c":[0.1523808,0.3333332,0]}]},{"b":156,"s":[{"p":[0.2569897,3.388704,0.4160518],"r":[5.699554E-12,270,2.003587E-05],"s":[1.228074,1.061235,1.124794],"c":[0.1523808,0.3333332,0]}]},{"b":156,"c":[[-0.052,2.156,-0.033,24,4,3,5,3,3,5,5,3,5,5,3,4,4,4],[0.58,1.084,-0.301,73,148],[0.474,1.034,-0.473,63,11,135,15],[0.677,0.932,-0.162,75,7,143,19],[0.727,0.645,0.002,78,3,155,5],[0.684,0.827,0.159,77,156,19],[0.638,0.728,0.354,59,20,170,11],[0.292,0.804,-0.587,64,2,125,21],[0.442,0.805,0.493,58,13,149,37],[1.272,-0.396,0.746,250,3,6,4],[1.367,-0.382,0.021,235,5,2,6],[0.187,0.692,0.731,51,18,117,13]],"s":[{"p":[0.5013021,8.944942,0.1889735],"r":[2.003586E-05,90,-6.513775E-12],"s":[0.4536059,0.8382313,0.5697043],"c":[0.1523808,0.3333332,0]}]}]}