{"v":9,"a":[7,18],"p":[{"b":60,"t":1,"s":[{"p":[0,0,0],"r":[0,0,0],"s":[0.1091262,0.0691757,0.0305365],"c":[0.4444428,0.4571425,0.6666667]}]},{"t":1,"s":[{"p":[0.04611647,0,0],"r":[0,0,1.024528E-05],"s":[0.02323378,0.05382616,0.01956362],"c":[0,0,0]}]}]}