{"v":9,"p":[{"a":[23],"s":[{"p":[0,0,0],"r":[0,0,0],"s":[0.1750004,0.1750002,0.1750002],"c":[1,1,1],"b":["when touched then project with 100% reach"]}]}]}