{"v":9,"a":[13],"p":[{"b":9,"s":[{"p":[0,0,0],"r":[0,0,-2.134434E-07],"s":[0.125,0.1250001,0.1250001],"c":[1,1,1]}]}]}