{"v":9,"p":[{"b":5,"s":[{"p":[0,0,0],"r":[0,0,0],"s":[0.03711712,0.0390244,0.1941844],"c":[1,0.8571429,0]}]},{"b":131,"e":"HAVE\nTHE LEFTOVER\nCANDY","s":[{"p":[-0.02120158,0.06126153,-0.02444068],"r":[80.04664,107.6983,196.5456],"s":[0.001000001,0.001000001,0.001000001],"c":[0,0,0]}]}]}