{"n":"rockandroll","v":9,"a":[7,18],"p":[{"t":11,"s":[{"p":[0,0,0],"r":[0,0,0],"s":[4.708741,0.1750016,12.56419],"c":[1,1,1]}]}]}