{"v":9,"a":[1,5,7,13,18],"p":[{"s":[{"p":[0,0,0],"r":[0,0,-7.656432E-20],"s":[10.706,7.255564,10.70505],"c":[0.2469134,0.427513,0.4444442]}]},{"s":[{"p":[-5.402772E-07,3.727951,-2.084321E-13],"r":[0,0,-7.656432E-20],"s":[11.54245,0.4612062,11.54156],"c":[0.6666667,0.6666667,0.6666667]}]},{"a":[3],"t1":156,"s":[{"p":[-0.002526958,23.41791,-0.0009901936],"r":[-1.001792E-05,270,1.001791E-05],"s":[10.69193,52.8994,10.69053],"c":[0.2469133,0.427513,0.4444442],"t1":{"c":[1,1,1],"x":0.1985941,"y":0.05518508,"a":0,"m":0,"n":0.1093969,"r":0,"g":0,"o":0.5,"t":0.5,"e":0.5}}]}]}