{"v":9,"a":[7,18,45],"inc":[["thing","5fe8b64aef4cdb3662a0a221"],["thing 2","5fe8b7ad95a51c4565a8c274"]],"p":[{"a":[12,37,14],"s":[{"p":[0,0,0],"r":[0,0,0],"s":[0.1750013,0.1750022,0.1750008],"c":[1,1,1],"b":["when told by any die plz then destroy all parts","when starts then emit thing 2"]}]}]}