{"v":9,"a":[7,18,49],"p":[{"t":2,"s":[{"p":[5.361531,-1.906385E-06,5.367044],"r":[0,0,0],"s":[0.1777924,52.91067,0.176327],"c":[0.6285715,1,0]}]},{"t":2,"s":[{"p":[-5.354633,-3.271009E-08,5.367048],"r":[0,0,0],"s":[0.1778883,52.9113,0.1764147],"c":[0.6285715,1,0]}]},{"t":2,"s":[{"p":[-5.354634,-1.90797E-06,-5.358184],"r":[0,0,0],"s":[0.1780415,52.91216,0.1765541],"c":[0.6285715,1,0]}]},{"t":2,"s":[{"p":[5.36153,-1.877567E-06,-5.376901],"r":[0,0,-1.001791E-05],"s":[0.1778757,52.91038,0.1764038],"c":[0.6285715,1,0]}]}]}