{"v":9,"p":[{"b":4,"a":[12],"s":[{"p":[0,0,0],"r":[0,0,0],"s":[0.1250001,0.125,0.03402887],"c":[1,1,1],"b":["when starts then all parts face nearest wrefl"]}]},{"b":14,"i":[{"t":"5fe969dbb13dba054df4a525","p":[0.0005731615,0.008359125,-0.1613772],"r":[42.43506,53.16383,180.1403],"n":"relbl"}],"s":[{"p":[-0.0001669861,0.001438707,0.1571112],"r":[0.7250076,178.9784,351.4646],"s":[0.06000017,0.06000014,0.06000009],"c":[0,0,0]}]}]}