{"v":9,"a":[30],"p":[{"b":3,"t":12,"s":[{"p":[0,0,0],"r":[0,0,0],"s":[0.01282791,0.01317698,0.06593884],"c":[0,0,0]}]},{"b":3,"t":12,"s":[{"p":[0.01870018,0.01195743,0.1014002],"r":[342.4624,22.13135,357.4157],"s":[0.01282792,0.01317701,0.06593895],"c":[0,0,0],"b":["when starts then become next in 2s"]},{"p":[0.0271642,0.02540347,0.08699776],"r":[329.3992,36.2914,349.9343],"s":[0.01282793,0.01317704,0.06593915],"c":[0,0,0],"b":["when starts then become next in 2s"]}]}]}