{"v":9,"a":[7,18],"p":[{"t1":57,"t2":7,"s":[{"p":[0,0,0],"r":[0,0,0],"s":[92.55185,61.53848,0.08441532],"c":[0.3185184,0.2592591,0.3333332],"t1":{"c":[0.3037037,0.1851851,0.3333333],"x":0.004168749,"y":0.003043294,"a":0.8925,"m":0,"n":0,"r":0,"g":0,"o":0.5,"t":0.5,"e":0.5},"t2":{"c":[0.8,0,1],"x":0.01194978,"y":0.01076114,"a":1,"m":0.5,"n":0.5,"r":0,"g":0,"o":0.5,"t":0.5,"e":0.5}}]}]}