{"v":9,"a":[30],"p":[{"b":3,"t":12,"s":[{"p":[0,0,0],"r":[0,0,0],"s":[0.01282791,0.01317698,0.06593884],"c":[0,0,0],"b":["when starts then become next in 2s"]},{"p":[0.01230419,0.01209816,0.0006218797],"r":[346.3181,14.55093,5.937822],"s":[0.01282794,0.01317702,0.0659389],"c":[0,0,0],"b":["when starts then become next in 2s"]}]},{"b":3,"t":12,"s":[{"p":[0.01870018,0.01195743,0.1014002],"r":[342.4624,22.13135,357.4157],"s":[0.01282792,0.01317701,0.06593895],"c":[0,0,0],"b":["when starts then become next in 2s"]},{"p":[0.05357871,0.05554251,0.09202644],"r":[329.537,36.54723,349.8145],"s":[0.01282794,0.01317706,0.06593922],"c":[0,0,0],"b":["when starts then become next in 2s"]}]}]}