{"v":9,"p":[{"b":5,"t":12,"pr":8,"s":[{"p":[0,0,0],"r":[0,0,1.707547E-06],"s":[0.02139217,0.02138435,0.3278701],"c":[0,0,0],"pr":{"c":[0,0,0],"a":0.4703326}}]}]}