{"v":9,"a":[2,4],"p":[{"b":5,"s":[{"p":[0,0,0],"r":[0,0,0],"s":[0.1,0.1,0.1],"c":[1,1,1]}]},{"b":17,"s":[{"p":[0.001101598,-0.002371788,0.06165997],"r":[53.53765,17.51507,296.7477],"s":[0.06000002,0.06000001,0.06],"c":[1,1,1]}]}]}