{"v":9,"a":[7,18],"p":[{"b":3,"s":[{"p":[-0.04873446,0.009531477,-0.009462714],"r":[0,0,0],"s":[0.1250621,0.1330131,0.1250403],"c":[1,1,1]}]},{"b":3,"s":[{"p":[-0.07888752,0.01188689,-0.1125777],"r":[1.162597E-06,-1.162597E-06,90],"s":[0.1820073,0.1251233,0.1251014],"c":[1,1,1]}]},{"b":3,"s":[{"p":[-0.1526297,0.07123023,-0.01035535],"r":[0,0,0],"s":[0.02269949,0.0682703,0.101924],"c":[1,1,1]}]}]}