{"v":9,"a":[7,18,41,42],"p":[{"t":21,"a":[1],"s":[{"p":[0,0,0],"r":[0,0,0],"s":[4.035472,0.01529192,2.198947],"c":[0,0,0]}]},{"b":60,"a":[32],"s":[{"p":[-2.0816,-0.01405632,-0.001718761],"r":[8.964184E-08,-8.964185E-08,89.99998],"s":[0.1250387,0.1289761,2.208865],"c":[0.1851841,0.2698402,0.5555556]}]},{"b":205,"t":2,"a":[32,33],"s":[{"p":[-2.139446,-0.01175392,-0.8413681],"r":[-8.964216E-08,-8.964215E-08,270],"s":[0.04504361,0.07519382,0.3240805],"c":[0,0.5714284,1]}]}]}