{"v":9,"a":[1,2,22,9,18],"p":[{"b":251,"t":11,"t1":43,"t2":4,"s":[{"p":[0.01110727,0.004822274,0.004822273],"r":[3.312051E-07,-9.686707E-06,90],"s":[0.1249087,0.1249344,0.1248935],"c":[0.08888865,0.7777778,0],"b":["when let go then become 2 in 2","when let go then is fistonumber = random(1 8)","when starts then set voice male -30 pitch -3 speed"],"t1":{"c":[0,0,0],"x":0.6441333,"y":0.6357664,"a":0.8925,"m":0,"n":0,"r":0,"g":0,"o":0.5,"t":0.5,"e":0.5},"t2":{"c":[0,0,0],"x":0.17,"y":0.17,"a":0.69625,"m":0.5,"n":0.5,"r":0,"g":0,"o":0.5,"t":0.5,"e":0.5}},{"p":[-3.922906E-10,-0.001861542,-0.001861542],"r":[-4.089373E-06,4.228447E-06,90],"s":[0.1248972,0.1249222,0.1248891],"c":[0.08888871,0.7777778,0],"b":["when starts then say [fistonumber  value]","when starts then tell body 1"],"t1":{"c":[0,0,0],"x":0.5,"y":0.5,"a":0.8925,"m":0,"n":0,"r":0,"g":0,"o":0.5,"t":0.5,"e":0.5},"t2":{"c":[0,0,0],"x":0.17,"y":0.17,"a":0.69625,"m":0.5,"n":0.5,"r":0,"g":0,"o":0.5,"t":0.5,"e":0.5}}]}]}