{"v":9,"a":[22,18,31],"p":[{"b":200,"s":[{"p":[0,0,0],"r":[0,0,0],"s":[11.22087,11.22087,11.22087],"c":[1,1,1]}]}]}