{"v":9,"a":[2,22,9],"p":[{"b":59,"s":[{"p":[0,0,0],"r":[0,0,0],"s":[0.01586723,0.04459627,0.07291699],"c":[1,0.6666666,0.9523807]}]}]}