{"n":"ground","v":9,"a":[1,22],"p":[{"s":[{"p":[0,0,0],"r":[0,0,0],"s":[2500.037,2501.162,0.1958798],"c":[0.2730157,0.6666667,0.2222221]}]}]}