{"v":9,"a":[7,18],"p":[{"s":[{"p":[0,0,0],"r":[0,0,0],"s":[0.6207694,0.03719366,0.3709106],"c":[0.111111,0.111111,0.111111],"b":["when grabbed then show chat keyboard"]}]},{"b":132,"a":[19],"e":"HELP ME","s":[{"p":[-0.005176663,0.02409838,0.1628075],"r":[90,1.001791E-05,0],"s":[0.005537577,0.00553857,0.005538179],"c":[1,0.6857142,0]}]}]}