{"v":9,"a":[7,18],"p":[{"b":61,"t":1,"c":[[-0.25,-0.25,-0.209,5,11,35,26],[0.25,-0.25,-0.209,4,7,37,26],[0.25,0.25,-0.209,10,17,22,31],[-0.25,0.25,-0.209,17,9,24,33]],"s":[{"p":[0,0,0],"r":[0,0,0],"s":[0.3319151,0.4928695,1.096412],"c":[0.6666667,0.6666667,0.6666667]}]},{"b":61,"c":[[-0.2,-0.315,-4.7,5,11,35,26],[0.3,-0.315,-4.7,4,7,37,26],[0.3,0.185,-4.7,10,17,22,31],[-0.2,0.185,-4.7,17,9,24,33],[0.3,-0.315,-4.991,34,13,10,35],[-0.2,-0.315,-4.991,41,5,12,37],[0.3,0.185,-4.991,35,1,20,29],[-0.2,0.185,-4.991,37,3,19,28]],"s":[{"p":[0,0,0.2584876],"r":[0,0,-8.537737E-06],"s":[0.3359147,0.4968825,0.08417083],"c":[1,1,1]}]}]}