{"v":9,"a":[7,18],"p":[{"a":[12],"s":[{"p":[0,0,0],"r":[0,0,0],"s":[2.108178,1.622106,0.175068],"c":[1,1,1]}]}]}