{"n":"sword","v":9,"a":[2,12,30],"tp_m": 2,"tp_d": 1,"p":[{"b":15,"t1":43,"s":[{"p":[0,0,0],"r":[0,0,0],"s":[0.01517915,0.02341844,0.2222546],"c":[0.3301586,0.3333332,0.2222221],"b":["when triggered then give haptic feedback"],"t1":{"c":[0,0,0],"x":0.5,"y":0.5,"a":0.8925,"m":0,"n":0,"r":0,"g":0,"o":0.5,"t":0.5,"e":0.5}}]},{"b":5,"s":[{"p":[0.002255314,0.00349021,0.08974886],"r":[0,0,270],"s":[0.0527227,0.05273085,0.01886899],"c":[0.3301586,0.3333332,0.2222221]}]},{"b":48,"c":[[0.184,0.488,-0.716,35,1,290],[0.186,1.849,-0.705,31,1,292],[0.116,-2.441,-0.676,0,39,289],[0.023,-0.48,-0.716,27,1,294],[0.178,-0.468,-0.711,3,4,322],[0.16,0.295,-0.521,10,5,310],[0.237,0.003,-0.497,14,5,304],[0.22,0.308,-0.585,6,5,316],[0.258,-0.826,-0.58,18,5,297]],"s":[{"p":[0.01275764,0.001000166,0.3047779],"r":[0.4788741,3.336652,271.5411],"s":[0.1273825,0.001000006,0.4012729],"c":[1,1,1]}]}]}