{"v":9,"a":[22,18,31],"p":[{"b":17,"t":2,"t1":168,"t2":10,"s":[{"p":[0,0,0],"r":[0,0,0],"s":[0.06,0.06000001,0.06],"c":[1,0.1714285,0],"b":["when starts then become 2 in 1s","when touched then become 2"],"t1":{"c":[1,0.5142856,0],"a":0.2343987},"t2":{"c":[0.6285716,0,1],"a":0}},{"p":[0,0,0],"r":[0,0,0],"s":[0.06,0.06000001,0.06],"c":[1,0.1714284,0],"b":["when starts then become 3"],"t1":{"c":[1,0.5142856,0],"a":0.2343987},"t2":{"c":[0.6285716,0,1],"a":0}},{"p":[0.01510398,0.002847862,-0.002028605],"r":[5.968918,8.769141,10.64331],"s":[0.220981,0.2209812,0.2209811],"c":[0,0.7428569,1],"b":["when starts then become 4 in 0.1","when starts then play explosion kickback crackle"],"t1":{"c":[0.8,0,1],"a":1},"t2":{"c":[0,0.05714262,1],"a":0}},{"p":[0.01510398,0.002847862,-0.002028605],"r":[5.968918,8.769141,10.64331],"s":[0.06069048,0.06069061,0.06069058],"c":[0,0.7428569,1],"b":["when starts then destroy all parts with burst gravity-free 50 parts","when starts then turn invisible"],"t1":{"c":[0.8,0,1],"a":1},"t2":{"c":[0,0.05714262,1],"a":0}}]}]}