{"n":"bounceornah","v":9,"a":[2,9],"p":[{"b":3,"pr":2,"t1":168,"s":[{"p":[0,0,0],"r":[0,0,0],"s":[0.125,0.125,0.125],"c":[0.2857141,0,1],"b":["when touched then become next in 0.2s"],"t1":{"c":[1,1,1],"a":0.05},"pr":{"c":[1,1,1],"m":0.25,"a":0.25,"s":0.15,"z":0.25,"g":0.5,"h":0.25}},{"p":[0,0,0],"r":[0,0,0],"s":[0.125,0.125,0.125],"c":[0,1,0.2285714],"b":["when touched then become next in 0.2s"],"t1":{"c":[1,1,1],"a":0.05},"pr":{"c":[1,1,1],"m":0.25,"a":0.25,"s":0.15,"z":0.25,"g":0.5,"h":0.25}},{"p":[0,0,0],"r":[0,0,0],"s":[0.125,0.125,0.125],"c":[0,0,0],"b":["when touched then become 1 in 0.2s"],"t1":{"c":[0,0,0],"a":0.05},"pr":{"c":[1,1,1],"m":0.25,"a":0.25,"s":0.15,"z":0.25,"g":0.5,"h":0.25}}]}]}