{"v":9,"a":[7,18],"p":[{"t1":43,"t2":154,"s":[{"p":[0,0,0],"r":[0,0,0],"s":[25.1896,17.87299,0.03225547],"c":[0.2592591,0.3142855,0.3333332],"t1":{"c":[0.2962962,0.406349,0.4444444],"x":0.02061272,"y":0.02889359,"a":0.4241879,"m":0,"n":0,"r":0,"g":0,"o":0.5,"t":0.5,"e":0.5},"t2":{"c":[0.1481481,0.2857141,0.3333333],"x":0.314019,"y":0.3680818,"a":0.3833085,"m":0,"n":0,"r":0.3046123,"g":0,"o":0.5,"t":0.5,"e":0.5}}]}]}