{"v":9,"a":[7,18],"p":[{"s":[{"p":[0,0,0],"r":[0,0,0],"s":[54.74466,0.1750012,30.31658],"c":[1,1,1]}]}]}