{"n":"trinityr5elbow","v":9,"a":[7,18],"p":[{"t":2,"t1":98,"s":[{"p":[0,0,0],"r":[0,0,0],"s":[0.02500015,0.02500029,0.02500029],"c":[0.1142856,1,0],"t1":{"c":[0.1111111,0.01904762,0],"x":0.5,"y":0.5,"a":0.8925,"m":0,"n":0,"r":0,"g":0,"o":0.5,"t":0.5,"e":0.5}}]}]}