{"v":9,"a":[7,18],"p":[{"t1":156,"s":[{"p":[0,0,0],"r":[0,0,0],"s":[0.5147617,0.2843801,0.001000014],"c":[0.07407401,0.1079361,0.6666667],"t1":{"c":[1,1,1],"x":0.1981926,"y":0.3308105,"a":0.3047887,"m":0,"n":0,"r":0,"g":0,"o":0.5,"t":0.5,"e":0.5}}]}]}