{"n":"initer test","v":9,"p":[{"b":7,"t":11,"a":[36],"t1":94,"t2":21,"s":[{"p":[0,0,0],"r":[0,0,0],"s":[0.05897473,0.05897463,0.02151401],"c":[1,1,1],"b":["when told by body leg triggered left then become 2 in 1, tell body ignite"],"t1":{"c":[0.1111111,0.01904762,0],"x":0.5,"y":0.5,"a":1,"m":0,"n":0,"r":0,"g":0,"o":0.5,"t":0.5,"e":0.5},"t2":{"c":[0,0,0],"x":0.17,"y":0.17,"a":0.8925,"m":0.5,"n":0.5,"r":0,"g":0,"o":0.5,"t":0.5,"e":0.5}},{"p":[0,0,0],"r":[0,0,0],"s":[0.05897473,0.05897463,0.02151401],"c":[1,1,1],"b":["when told by body leg triggered left then become 1 in 1, tell body extinguish"],"t1":{"c":[1,0.342857,0],"x":0.5,"y":0.5,"a":1,"m":0,"n":0,"r":0,"g":1,"o":0.5,"t":0.5,"e":0.5},"t2":{"c":[0,0,0],"x":0.17,"y":0.17,"a":0.8925,"m":0.5,"n":0.5,"r":0,"g":0,"o":0.5,"t":0.5,"e":0.5}}]}]}