{"v":9,"p":[{"t":3,"s":[{"p":[0,0,0],"r":[0,0,0],"s":[0.03731849,0.03210688,0.01130279],"c":[0.6666667,0,0],"b":["when touched then play bell","when touched then become 2 in 0.01s"]},{"p":[0,0,0],"r":[0,0,0],"s":[0.03731849,0.03210688,0.01130279],"c":[0.6666667,0,0],"b":["when touched then play bell a 2","when touched then become 3 in 0.01s"]},{"p":[0,0,0],"r":[0,0,0],"s":[0.03731849,0.03210688,0.01130279],"c":[0.2222221,0,0],"b":["when touched then play bell a 2","when touched then become 4 in 0.01s"]},{"p":[0,0,0],"r":[0,0,0],"s":[0.03731849,0.03210688,0.01130279],"c":[0.4444443,0,0],"b":["when touched then play bell a 2","when touched then become 1 in 0.01s"]}]}]}