{"v":9,"a":[7,18,41,42],"p":[{"b":61,"s":[{"p":[0,0,0],"r":[0,0,0],"s":[2.140831,0.06134156,1.216221],"c":[0.4444443,0.2962962,0.2962962]}]},{"a":[32,33],"s":[{"p":[-0.7071124,-0.4501672,-0.4103361],"r":[270,1.931869E-05,0],"s":[0.07157926,0.07159398,0.9289331],"c":[0,0,0]}]}]}