{"v":9,"a":[22,18,31],"p":[{"b":148,"t":1,"s":[{"p":[0,0,0],"r":[0,0,0],"s":[0.8262585,0.1574029,0.1574444],"c":[0.4444435,0.4571425,0.6666667]}]}]}