{"v":9,"a":[7,18],"p":[{"s":[{"p":[0,0,0],"r":[0,0,0],"s":[0.1750004,0.1750001,0.1750002],"c":[0.4444443,0.4444443,0.4444443]}]},{"t":2,"s":[{"p":[0,0.0283314,0],"r":[1.001791E-05,-1.001791E-05,1.001791E-05],"s":[0.133511,0.1189417,0.1335306],"c":[1,1,1]}]}]}