{"v":9,"a":[31],"p":[{"s":[{"p":[0,0,0],"r":[0,0,0],"s":[0.02955858,0.02955859,0.02955857],"c":[0.2804231,0.2592591,0.3333331]}]},{"s":[{"p":[-0.0002735907,-0.00711538,-0.001650107],"r":[6.092741,1.169069,358.4277],"s":[0.0371249,0.03712483,0.03712489],"c":[0.5555556,0.4338622,0.3703701]}]},{"s":[{"p":[0.01003233,0.01109482,0.01079218],"r":[13.04421,349.0162,343.4443],"s":[0.01502517,0.01502505,0.01502508],"c":[1,0.8920635,0.7777778]}]},{"s":[{"p":[-0.0006604851,-0.01473115,-0.004058271],"r":[7.42255,1.009856,358.9818],"s":[0.05026728,0.0502671,0.05026721],"c":[1,0.8920635,0.7777778]}]}]}