{"v":9,"p":[{"b":10,"t":3,"s":[{"p":[-0.5625892,0.1503174,-1.53241],"r":[358.7406,1.802018,351.8835],"s":[0.1250007,0.07124504,0.1558009],"c":[1,1,1]}]},{"b":10,"t":3,"s":[{"p":[0.03471854,-0.007257815,0.01761757],"r":[355.4734,16.19453,4.401514],"s":[0.1250007,0.07124506,0.1558007],"c":[1,1,1]}]}]}