{"v":9,"a":[7],"p":[{"b":11,"t":15,"s":[{"p":[0,0,0],"r":[0,0,0],"s":[0.9169648,0.1847898,0.5785002],"c":[0.6666666,1,0.9714286]}]}]}