{"v":9,"a":[53],"p":[{"t":19,"s":[{"p":[0.08741222,-0.1267976,-0.2411128],"r":[325.5508,302.3148,206.9041],"s":[0.07037155,0.07038029,0.07038167],"c":[1,0.1714285,0]}]}]}