{"n":"sky","v":9,"a":[7,13,18],"p":[{"b":238,"t":19,"a":[36],"c":[[-0.1,0.1,-0.3,15,-1,-3],[0.2,0.1,-0.3,13,-1,-4],[-0.1,0.1,0,10],[0.2,0.1,0,9],[-0.1,-0.2,-0.3,7,-1,-2],[-0.1,-0.2,0,5],[0.2,-0.2,0,3],[0.2,-0.2,-0.3,0,2,-1]],"s":[{"p":[0,0,0],"r":[0,0,0],"s":[232.3831,245.4217,76.46938],"c":[0.5185186,0.6539683,0.6666667],"b":["when told by any day then become unsoftened 1 in 10s","when told by any morning then become unsoftened 2 in 10s","when told by any night then become unsoftened 3 in 10s"]},{"p":[0,0,0],"r":[0,0,0],"s":[232.3831,245.4217,76.46938],"c":[0.3456787,0.3682536,0.4444441],"b":["when told by any day then become unsoftened 1 in 10s","when told by any morning then become unsoftened 2 in 10s","when told by any night then become unsoftened 3 in 10s"]},{"p":[0,0,0],"r":[0,0,0],"s":[232.3831,245.4217,76.46938],"c":[0.148148,0.1523808,0.222222],"b":["when told by any day then become unsoftened 1 in 10s","when told by any morning then become unsoftened 2 in 10s","when told by any night then become unsoftened 3 in 10s"]}]}]}