{"n":"1x1 block","v":9,"a":[7,31,32],"p":[{"t1":132,"s":[{"p":[0,0,0],"r":[0,0,0],"s":[1.001956,1.001915,1.001897],"c":[0.8888889,0.8888889,0.8888889],"t1":{"c":[0,0,0],"x":0.5,"y":0.5,"a":0.6693765,"m":0,"n":0,"r":0,"g":0,"o":0.5,"t":0.5,"e":0.5}}]}]}