{"v":9,"a":[7,18,31],"p":[{"b":5,"t":1,"s":[{"p":[0,0,0],"r":[0,0,0],"s":[0.1092209,0.1092214,0.02139191],"c":[0.6666667,0.5925926,0.148148]}]},{"b":5,"t":1,"a":[22],"s":[{"p":[0,0,0.6110686],"r":[0,0,-1.366038E-05],"s":[0.01004404,0.01004337,1.558869],"c":[0.6666667,0.5925926,0.148148]}]},{"b":203,"t1":70,"s":[{"p":[0,0,1.261702],"r":[90,-1.931869E-05,0],"s":[0.1513699,0.09050354,0.1513684],"c":[1,1,1],"t1":{"c":[0.8888889,0.8888889,0.8888889],"x":0.3728805,"y":0.0363946,"a":0.8925,"m":0,"n":0,"r":0.2551389,"g":0,"o":0.5,"t":0.5,"e":0.5}}]}]}