{"v":9,"a":[22,18],"p":[{"b":7,"s":[{"p":[0,0,0],"r":[0,0,0],"s":[0.01983856,0.01983814,0.989807],"c":[0.3333332,0.2634919,0.111111]}]},{"b":7,"s":[{"p":[0.2451518,-0.1108121,-0.1015452],"r":[15.69985,38.82495,317.2658],"s":[0.01984783,0.01984559,0.9902943],"c":[0.3333332,0.2634919,0.111111]}]},{"b":7,"s":[{"p":[0.1811624,0.1456981,-0.07503994],"r":[339.2952,31.50716,65.85135],"s":[0.01984939,0.01984804,0.9905221],"c":[0.3333332,0.2634919,0.111111]}]}]}