{"v":9,"a":[7,31,32],"p":[{"b":2,"i":[{"t":"60077bcaf326952130f6b1dd","p":[1.28398E-14,7.343512E-08,0.42],"r":[270,1.967726E-05,0]}],"s":[{"p":[0,0,0],"r":[0,0,7.656432E-20],"s":[0.0193799,0.0193799,0.0193799],"c":[1,1,1],"b":["when starts then set constant rotation to 0 0 100"]}]}]}