{"n":"leg","v":9,"a":[7,12,31],"tp_lr": [1,1,0],"p":[{"b":231,"c":[[-0.677,0.365,-0.004,3],[-2.193,0.495,-0.02,5]],"s":[{"p":[0,0,0],"r":[6.106665E-13,7.279712E-20,-8.14222E-13],"s":[0.03470519,0.5335178,0.2689061],"c":[0.4444443,0.4204584,0.3950616],"b":["when starts then all parts face nearest viewfinder2 lock x"]}]}]}