{"n":"viewfinder hinge","v":9,"a":[7,31,48,49],"p":[{"b":4,"i":[{"t":"60084bd8620e7c304d0de3cf","p":[-7.450581E-09,0,0.07650185],"r":[0,0,-1.001791E-05],"a":[48,49]}],"s":[{"p":[0,0,0],"r":[0,0,0],"s":[0.01784489,0.0178434,0.01784511],"c":[1,1,1],"b":["when starts then all parts face view"]}]}]}