{"v":9,"a":[7,27],"p":[{"b":16,"i":[{"t":"6007ad2dda8b65054fff78d6","p":[0.0002632141,-0.03947735,0.001059052],"r":[90,90,0]}],"s":[{"p":[0,0,0],"r":[0,0,0],"s":[0.03505322,0.2194552,0.03908955],"c":[0.06349188,0.222222,0]}]}]}