{"v":9,"p":[{"a":[1],"s":[{"p":[0,0,0],"r":[0,0,0],"s":[1.994928,0.1750003,1.498038],"c":[1,1,1]}]}]}