{"v":9,"a":[7,18],"p":[{"b":5,"t":21,"s":[{"p":[-0.1991475,0.1369171,0.7930461],"r":[0,0,0],"s":[0.3794011,0.3794015,0.2883132],"c":[0,0,0],"b":["when told scans4 then become next"]},{"p":[-0.1991475,0.1369171,0.7930461],"r":[0,0,0],"s":[0.3794011,0.3794015,0.2883132],"c":[0.3333332,0.2285713,0],"b":["when told scan then become next"]},{"p":[-0.1991475,0.1369171,0.7930461],"r":[0,0,0],"s":[0.3794011,0.3794015,0.2883132],"c":[0.3333331,0.2285712,0],"b":["when touches hand then send one nearby to mantra digital hub","when told res then become 1"]}]}]}