{"v":9,"p":[{"b":4,"pr":28,"s":[{"p":[0,0,0],"r":[0,0,0],"s":[0.1546558,0.1175656,0.267446],"c":[1,1,1],"pr":{"c":[1,1,1],"m":1,"a":0.5576129,"s":0.785355,"z":0.01188207,"g":0.4304481,"h":0.8801854}}]}]}