{"v":9,"a":[7,18],"p":[{"b":4,"a":[12],"i":[{"t":"6014fd13109f032129d03819","p":[0.5034611,0.09907217,0.2580542],"r":[90,270,0]}],"s":[{"p":[0,0,0],"r":[0,0,6.157171E-14],"s":[0.1250187,0.1250212,0.1250045],"c":[1,1,1],"b":["when starts then set constant rotation to 0 100 0"]}]}]}