{"v":9,"a":[7,18],"p":[{"s":[{"p":[0,0,0],"r":[0,0,0],"s":[28.80622,0.1750002,15.30686],"c":[0,1,1]}]}]}