{"n":"arm","v":9,"a":[12],"p":[{"b":14,"s":[{"p":[0.0005467869,-0.005521908,0.1800102],"r":[2.327069,359.4889,3.654551],"s":[0.0600003,0.06000061,0.06188434],"c":[1,1,1],"b":["when starts then all parts face nearest ikgoal"]}]},{"b":3,"s":[{"p":[-0.002056306,0.0006053625,0.0007488064],"r":[11.0771,357.1946,12.33394],"s":[0.04089748,0.0389026,0.03769276],"c":[1,1,1]}]}]}