{"v":9,"a":[6,7,12,16,18],"p":[{"b":84,"t":20,"a":[37],"t1":13,"s":[{"p":[-0.01736211,-0.1079555,-0.250452],"r":[270,180,0],"s":[0.989834,2.575966,0.9899327],"c":[1,1,1],"b":["when starts then become next in 5s"],"t1":{"c":[0.9714286,1,0],"x":0.17,"y":0.17,"a":0.8925,"m":0.5,"n":0.5,"r":0,"g":0.5936379,"o":0.5,"t":0.5,"e":0.5}},{"p":[-0.01736211,-0.1079555,-0.250452],"r":[270,180,0],"s":[0.989834,2.575966,0.9899327],"c":[1,1,1],"b":["when starts then become next in 5s"],"t1":{"c":[0.9714286,1,0],"x":0.17,"y":0.17,"a":1,"m":0.5,"n":0.5,"r":0,"g":1,"o":0.5,"t":0.5,"e":0.5}}]},{"a":[12],"s":[{"p":[0,0,0],"r":[-3.345564E-12,-5.008956E-06,-1.628444E-12],"s":[0.1750302,0.175011,0.1750316],"c":[1,1,1]}]}]}