{"n":"floor","v":9,"a":[7],"p":[{"t1":38,"s":[{"p":[0,0,0],"r":[0,0,0],"s":[6.770537,10.22016,0.08275853],"c":[0.4444443,0.3005289,0.148148],"t1":{"c":[0.2222221,0.1502645,0.07407402],"x":0.5,"y":0.110044,"a":0.8925,"m":0,"n":0,"r":0,"g":0,"o":0.5,"t":0.5,"e":0.5}}]}]}