{"n":"shelf","v":9,"a":[7],"p":[{"s":[{"p":[0,0,0],"r":[0,0,0],"s":[0.8563098,0.1962533,0.02886805],"c":[0.3333332,0.2433861,0.148148]}]},{"s":[{"p":[-0.3758917,-0.1130062,-0.1506586],"r":[337.5,7.241033E-06,-1.014533E-05],"s":[0.02804902,0.02915575,0.3196704],"c":[1,1,1]}]},{"s":[{"p":[0.3631632,-0.1088398,-0.1390532],"r":[337.5,5.544707E-06,270],"s":[0.02806354,0.02916795,0.3197604],"c":[1,1,1]}]}]}