{"v":9,"a":[31],"p":[{"b":3,"s":[{"p":[0,0,0],"r":[0,0,0],"s":[0.1250001,0.125,0.1250001],"c":[1,1,1],"b":["when touches hand then become next"]},{"p":[0,0,0],"r":[0,0,0],"s":[0.1009368,0.1009368,0.1009368],"c":[1,0,0],"b":["when starts then become previous in 1s"]}]}]}