{"n":"door","v":9,"a":[7],"p":[{"s":[{"p":[0,0,0],"r":[0,0,0],"s":[1.116147,0.215646,3.186304],"c":[0.3333332,0.2285713,0]}]},{"s":[{"p":[-0.002298698,0.06250119,0.005803645],"r":[0,0,0],"s":[1.012268,0.1110649,3.083133],"c":[0.4444443,0.3358023,0.09876534]}]},{"b":3,"t":1,"s":[{"p":[0.4305227,0.1646031,0.3511636],"r":[90,-1.931869E-05,0],"s":[0.04892904,0.04889813,0.03418809],"c":[1,0.8571429,0]}]},{"b":5,"t":1,"s":[{"p":[0.4257616,0.1350917,0.3539448],"r":[90,-1.931869E-05,0],"s":[0.01032743,0.01031916,0.07138702],"c":[1,0.8571429,0]}]}]}