{"n":"bowl","v":9,"a":[2],"p":[{"b":77,"s":[{"p":[0.09146161,0.2172945,-0.2096003],"r":[345.5722,19.18047,354.705],"s":[0.10394,0.1638882,0.1002002],"c":[0.3185184,0.2592591,0.7777778]}]},{"b":4,"s":[{"p":[0.06657075,0.1140648,-0.1882382],"r":[283.6661,136.9663,225.6501],"s":[0.1101214,0.115615,0.05009769],"c":[0.3185184,0.2592591,0.7777778]}]}]}