{"v":9,"inc":[["thing","6019be911c68151bf7dfc708"]],"p":[{"b":61,"s":[{"p":[0.003372879,0.0009053409,-0.01311889],"r":[279.8579,249.0489,114.9973],"s":[0.0678935,0.07288602,0.05569854],"c":[0.3333332,0.321693,0.2962962]}]},{"b":61,"s":[{"p":[-0.001980401,0.02814636,-0.01352093],"r":[4.803609,188.688,87.06438],"s":[0.02327756,0.02550383,0.02552261],"c":[1,1,1],"b":["when touches hand then become 2 in 0.1","when touches hand then emit gravity-free thing"]},{"p":[-0.001136935,0.01903471,-0.01456452],"r":[354.8387,1.932809,4.328739],"s":[0.02327757,0.02550385,0.02552258],"c":[1,1,1],"b":["when starts then become 1 in 0.2s"]}]}]}