{"v":9,"a":[7,18,48,49],"p":[{"a":[38],"s":[{"p":[0,0,0],"r":[0,0,0],"s":[0.175006,0.1750023,0.1750079],"c":[1,1,1],"b":["when starts then disable setting microphone"]}]}]}