{"n":"lhand","v":9,"a":[48],"p":[{"s":[{"p":[0,0,0],"r":[0,0,0],"s":[0.129155,0.01191546,0.01765624],"c":[1,1,1]}]}]}