{"v":9,"p":[{"b":205,"i":[{"t":"601a5bdeaac22a73029b16c9","p":[0.002048444,0.02369136,0.008551184],"r":[19.55341,184.1035,32.03403]}],"s":[{"p":[0,0,0],"r":[0,0,0],"s":[0.04500031,0.04500043,0.04500051],"c":[0.6285715,1,0]}]},{"b":205,"i":[{"t":"601a5ef8d972cc0404b451dd","p":[-0.00400645,0.00465456,0.009766574],"r":[30.69378,186.8546,332.4757]}],"s":[{"p":[0.08708288,0.1426421,0.1763731],"r":[65.30789,260.0699,48.56591],"s":[0.04500032,0.0450003,0.04500029],"c":[0.6285715,1,0]}]}]}