{"n":"wand shot ice","v":9,"a":[2,14,16,31],"p":[{"b":251,"t":15,"s":[{"p":[0,0,0],"r":[0,0,0],"s":[0.01671875,0.01671864,0.01671879],"c":[0.6666666,0.9142855,1],"b":["when starts then trail start with 0.5s","when touched then become next in 1s"]},{"p":[0,0,0],"r":[0,0,0],"s":[0.8051167,0.8051165,0.8051167],"c":[0.7777778,0.9428571,1],"b":["when starts then become next in 5s"]},{"p":[0,0,0],"r":[0,0,0],"s":[0.8051167,0.8051165,0.8051167],"c":[0.7777778,0.9428571,1],"b":["when starts then become next in 1s"]},{"p":[0,0,0],"r":[0,0,0],"s":[0.001,0.001,0.001],"c":[0,0.7428566,1],"b":["when starts then turn invisible"]}]}]}