{"n":"left cameye","v":9,"a":[7,18],"p":[{"t":7,"a":[12,37,36],"i":[{"t":"601b9cf7f6ce12165b83ea1f","p":[-0.2336073,-0.0208528,-0.04434276],"r":[273.9693,278.4036,81.61623]}],"s":[{"p":[-0.1315184,-0.04961467,-0.01515579],"r":[0,0,0],"s":[0.04922973,0.01157702,0.01113316],"c":[1,1,1],"b":["when told by body playereyes then become untweened next","when told by any testbutton then become untweened next"]},{"p":[0,0,0],"r":[0,0,0],"s":[0.04922688,0.01157633,0.01113261],"c":[1,1,1],"b":["when told by body cameyes then become untweened next","when told by any testbutton then become untweened next"]}]}]}