{"n":"orko hand left","v":9,"a":[7],"p":[{"b":5,"i":[{"t":"601b1716e63cde05416dcb6b","p":[-0.06567858,0.09494467,-0.02291871],"r":[270,270,0]},{"t":"601ce53ed324670541b802c9","p":[0.01232912,0.007274944,-0.2243428],"r":[-1.001791E-05,2.035555E-12,270]}],"s":[{"p":[0,0,0],"r":[0,0,0],"s":[0.04803834,0.04802094,0.1072898],"c":[1,0,0]}]}]}