{"v":9,"a":[7,18,31],"p":[{"b":205,"a":[12,37],"s":[{"p":[0,0,0],"r":[0,0,2.035539E-13],"s":[0.7979627,0.7979616,0.7979622],"c":[1,1,1]}]}]}