{"v":9,"a":[7,18,33],"p":[{"s":[{"p":[0.08066301,-0.08066298,0],"r":[0,0,45.00002],"s":[0.1121572,0.2954895,0.4303074],"c":[0.111111,0.111111,0.111111]}]},{"b":11,"s":[{"p":[0.1214817,-0.03785425,0.1428841],"r":[0,180,44.99999],"s":[0.1468244,0.01453682,0.09629196],"c":[0.3333332,0.3333332,0.3333332]}]},{"b":61,"s":[{"p":[0.1149587,-0.05914076,-0.006112099],"r":[0,0,225],"s":[0.08490409,0.1250098,0.1250101],"c":[1,0,0]}]}]}