{"n":"ground","v":9,"a":[1],"p":[{"b":17,"s":[{"p":[0,0,0],"r":[0,0,0],"s":[3.363361,0.1106209,3.201117],"c":[0.9019608,0.8509804,0.7215686]}]}]}