{"v":9,"a":[7,12,18,31],"p":[{"i":[{"t":"601ebfec3aac607939807bb8","p":[0.07120943,1.881882E-06,7.450581E-09],"r":[306.2626,146.7675,219.0965]}],"s":[{"p":[1.919417E-06,-1.206872E-08,0.06902409],"r":[90,270,0],"s":[0.1702742,0.03910911,0.03764446],"c":[0.3333332,0.3333332,0.3333332],"b":["when starts then all parts face nearest tre"]}]},{"b":3,"s":[{"p":[0,0,0],"r":[0,0,6.157171E-14],"s":[0.03544399,0.03544322,0.03544135],"c":[0,0,0]}]}]}