{"n":"tre","v":9,"a":[7,18,31],"p":[{"s":[{"p":[0,0,0],"r":[0,0,0],"s":[0.03579143,0.03579111,0.03579357],"c":[0.1142856,1,0]}]}]}