{"v":9,"a":[7,12,18,31],"p":[{"s":[{"p":[1.919417E-06,-1.206872E-08,0.06902409],"r":[90,270,0],"s":[0.1702742,0.03910911,0.03764446],"c":[1,1,1],"b":["when starts then all parts face nearest one"]}]},{"b":3,"s":[{"p":[0,0,0],"r":[0,0,6.157171E-14],"s":[0.03544399,0.03544322,0.03544135],"c":[0,0,0]}]}]}