{"v":9,"p":[{"b":4,"t":11,"s":[{"p":[0,0,0],"r":[0,0,0],"s":[0.1250001,0.1250002,0.1250002],"c":[0.8691358,0.8888889,0.1975307]}]}]}