{"v":9,"a":[1],"p":[{"i":[{"t":"60206f2d94670069461c389d","p":[0.2339381,-0.02488597,0.08685028],"r":[356.3294,0.2457928,21.56696]}],"s":[{"p":[0.02864496,-0.1337033,0.04818611],"r":[358.2816,359.3252,346.3567],"s":[0.06443047,0.08113626,0.05334945],"c":[0.2857141,1,0],"b":["when starts then turn sub-thing laasp sheep on","when told g then become untweened next"]},{"p":[0.02864496,-0.1337033,0.04818611],"r":[358.2816,359.3252,346.3567],"s":[0.06443047,0.08113626,0.05334945],"c":[0.2857141,1,0],"b":["when starts then turn sub-thing laasp sheep off","when gets laasp sheep then become untweened next"]}]}]}