{"v":9,"a":[5,22,18],"p":[{"s":[{"p":[0,0,0],"r":[0,0,-3.053333E-13],"s":[3.206499,6.60355,0.175109],"c":[0.4444442,0.3005289,0.1481479]}]}]}