{"v":9,"a":[7,18,36,37],"p":[{"b":179,"s":[{"p":[5.722046E-06,-0.5212265,-0.001175582],"r":[270,0,0],"s":[6.566762,1.578496,1.585978],"c":[0.444444,0.3005287,0.1481477]}]},{"t":7,"a":[5,17],"s":[{"p":[2.980232E-06,-0.182888,-1.490116E-08],"r":[0,0,0],"s":[6.564451,0.02821166,1.584153],"c":[0.2222221,0.2222221,0.2222221]}]}]}