{"v":9,"a":[7,18,36,49],"p":[{"b":60,"t":12,"s":[{"p":[1.256896E-08,-0.001391232,-0.1437721],"r":[0,0,0],"s":[0.217394,0.01473423,0.02008648],"c":[1,1,1]}]},{"t":2,"s":[{"p":[1.256896E-08,-0.001391232,-0.1437721],"r":[1.878302E-05,90.00001,90],"s":[0.002336204,0.02129443,0.1949932],"c":[0.6285716,1,0]}]},{"b":60,"s":[{"p":[5.760397E-09,-0.001391262,-0.06589127],"r":[0,0,0],"s":[0.1936718,0.00153972,0.1509434],"c":[0.4444442,0,0]}]},{"b":21,"a":[19],"e":"WARNING:\nALWAYS\nON!","s":[{"p":[0.0002555851,0.003639223,-0.02278096],"r":[90,-1.001791E-05,0],"s":[0.002509395,0.002508567,0.002508581],"c":[1,1,1]}]}]}