{"n":"glock magazine","v":9,"a":[2,7,18],"p":[{"s":[{"p":[0.0003027925,0.003932953,0.06278294],"r":[-3.415095E-06,0,180],"s":[0.03724569,0.05483098,0.1166927],"c":[0,0,0]}]},{"s":[{"p":[4.656613E-10,0.001777649,0],"r":[0,0,-8.537737E-06],"s":[0.04846228,0.0641376,0.01493835],"c":[0,0,0],"b":["when touched then become 2 in 5s","when touched then play machine switch button 3"]},{"p":[0,0,0],"r":[0,0,0],"s":[0.04846117,0.06413648,0.01493816],"c":[0,0,0],"b":["when started then destroy all parts"]}]}]}