{"v":9,"a":[2,7,12,18,34],"p":[{"b":3,"a":[37],"s":[{"p":[0,0,0],"r":[-3.073585E-05,-5.008973E-06,-5.008974E-06],"s":[0.08696257,0.08696225,0.04637426],"c":[1,1,1],"b":["when starts then project with 100% reach 2.5 max 0.3 default"]}]},{"a":[12,37],"s":[{"p":[0,-7.450581E-09,-0.08577151],"r":[4.756775E-07,4.756774E-07,270],"s":[0.07252032,0.06697021,0.03000261],"c":[0,1,1]}]}]}