{"n":"glock bullet","v":9,"a":[7,12,18,31],"p":[{"b":187,"s":[{"p":[-0.0006635191,-0.0006599426,0.01384604],"r":[-1.024528E-05,270,270],"s":[0.004365567,0.004365559,0.004364507],"c":[0.4444442,0.3513225,0.1481479],"b":["when touched then destroy all parts"]}]}]}