{"v":9,"a":[7,18],"p":[{"t":21,"s":[{"p":[0,0,0],"r":[0,0,0],"s":[0.978549,0.01986608,1.927847],"c":[0.7777778,0.1333331,0],"b":["when told c then become next in 0.2s"]},{"p":[-9.685752E-08,1.192093E-07,0.2006778],"r":[0,0,0],"s":[0.001000006,0.0198662,0.03291677],"c":[0.7777778,0.133333,0],"b":["when starts then become untweened next"]},{"p":[0.5327885,-5.215406E-07,0.2006778],"r":[0,0,-5.464151E-05],"s":[0.001000025,0.01986631,0.0329169],"c":[0.7777778,0.133333,0],"b":["when told o then become untweened next in 0.4s"]},{"p":[-9.685752E-08,1.192093E-07,0.2006778],"r":[0,0,0],"s":[0.001000006,0.0198662,0.03291677],"c":[0.7777778,0.133333,0],"b":["when starts then become 1 in 0.2s"]}]}]}