{"n":"glock casing","v":9,"a":[7,12,18,31],"p":[{"b":5,"s":[{"p":[-8.964397E-05,0.01627683,0.03810257],"r":[270.0198,90.00002,0],"s":[0.006989514,0.006985052,0.003053725],"c":[0.8747795,0.8888889,0.3950616]}]},{"b":5,"s":[{"p":[-8.964532E-05,0.0009201728,0.03810263],"r":[270.0198,90.00002,0],"s":[0.006989646,0.00698524,0.02988823],"c":[0.8747795,0.8888889,0.3950616],"b":["when touched then destroy all parts"]}]},{"b":5,"s":[{"p":[-8.964441E-05,0.01130342,0.03810257],"r":[270.0198,90.00002,0],"s":[0.005713593,0.005709359,0.01291861],"c":[0.8747795,0.8888889,0.3950616]}]}]}