{"v":9,"a":[31],"p":[{"b":129,"t":2,"e":"4231","s":[{"p":[0,0,0],"r":[0,0,0],"s":[0.009757631,0.009757623,0.009757631],"c":[0.148148,0.6666667,0.5333333]}]}]}