{"v":9,"a":[2,7,18,31],"p":[{"im":"1751307394139007558/1103264C43B5D514E2F4FA279C1DF717F73C6246/","s":[{"p":[0,0,0],"r":[-4.767735E-15,-5.812991E-07,4.06909E-06],"s":[0.1729973,0.1749999,0.1750022],"c":[1,1,1]}]}]}