{"n":"arm","v":9,"a":[7,12,18],"p":[{"i":[{"t":"602314827ea0662a4666de21","p":[0.04819871,-7.450582E-09,-3.72529E-09],"r":[0,90.00001,270]}],"s":[{"p":[7.198804E-07,-6.293394E-14,0.05290008],"r":[90,270,0],"s":[0.0887619,0.01009777,0.0100984],"c":[1,1,1],"b":["when starts then all parts face nearest xtr"]}]},{"b":3,"s":[{"p":[0,0,0],"r":[1.132506E-20,-2.050756E-27,-5.008955E-06],"s":[0.01642755,0.01642532,0.0164254],"c":[1,0.8571429,0],"b":["when touched then play colliding with very-varied-pitch "]}]}]}