{"n":"pancakeelbor","v":9,"a":[31],"p":[{"s":[{"p":[0,0,0],"r":[0,0,0],"s":[0.03323524,0.03323504,0.03323504],"c":[1,1,1]}]}]}