{"v":9,"a":[22,18],"p":[{"s":[{"p":[0,0,0],"r":[0,0,0],"s":[5.986622,0.7174569,11.32262],"c":[0,0.02539662,0.4444443]}]}]}