{"v":9,"a":[22,18],"p":[{"s":[{"p":[0,0,0],"r":[0,0,0],"s":[8.672212,0.7155832,3.558136],"c":[0,0.02539662,0.4444443]}]}]}