{"n":"yellow burst","v":9,"a":[2,16,21],"p":[{"b":3,"t":4,"a":[18],"pr":28,"s":[{"p":[0,0,0],"r":[0,0,0],"s":[0.0216281,0.02162816,0.02162815],"c":[1,0.8571429,0],"b":["when starts then become next in 0.2"],"pr":{"c":[1,0.5682539,0.1111111],"m":0.8706446,"a":0.6347275,"s":0.15,"z":0.7305772,"g":0.5,"h":0.25}},{"p":[0,0,0],"r":[0,0,0],"s":[0.4663998,0.4664013,0.4664012],"c":[1,0.8571429,0],"b":["when starts then destroy all parts"],"pr":{"c":[1,0.5682539,0.1111111],"m":1,"a":0.8930631,"s":0.15,"z":0.5770798,"g":0.5,"h":0.25}}]}]}