{"v":9,"p":[{"b":4,"s":[{"p":[0,0,0],"r":[0,0,-1.855123E-08],"s":[0.125,0.1249999,0.1249999],"c":[1,1,1]}]}]}