{"v":9,"a":[5,7,18],"p":[{"b":161,"t1":25,"s":[{"p":[0,0,0],"r":[0,0,0],"s":[0.4005231,0.4003275,2.190882],"c":[0.3333326,0.2285707,0],"t1":{"c":[0.5555556,0.2857142,0],"x":0.6665077,"y":0.5,"a":0.8925,"m":0,"n":0,"r":0,"g":0,"o":0.5,"t":0.5,"e":0.5}}]}]}