{"v":9,"a":[22,13,18],"p":[{"t1":36,"s":[{"p":[-0.4394149,0.1266127,-0.02169082],"r":[0,0,0],"s":[4.846434,0.1749971,5.115564],"c":[0.2021163,0.3333332,0.1851851],"t1":{"c":[0.1111111,0.1111111,0.1111111],"x":0.5,"y":0.5,"a":1,"m":0,"n":0,"r":0,"g":0,"o":0.5,"t":0.5,"e":0.5}}]},{"t1":36,"s":[{"p":[-4.168623,0.126863,-1.047629],"r":[0,247.5,0],"s":[5.465314,0.1750059,5.95265],"c":[0.2021163,0.3333332,0.1851851],"t1":{"c":[0.1111111,0.1111111,0.1111111],"x":0.5,"y":0.5,"a":1,"m":0,"n":0,"r":0,"g":0,"o":0.5,"t":0.5,"e":0.5}}]}]}