{"v":9,"a":[5,7,13,18],"p":[{"t":11,"s":[{"p":[0,0,0],"r":[0,0,0],"s":[1.537775,2.864996,0.1137619],"c":[1,0,0]}]},{"t":11,"a":[32],"s":[{"p":[0.7669145,-1.488232E-08,0.6650288],"r":[2.003583E-05,90.00001,1.001791E-05],"s":[1.542453,2.865516,0.114099],"c":[1,0,0]}]},{"t":1,"s":[{"p":[-2.344179E-07,1.386477,1.501575],"r":[0,0,0],"s":[1.539728,0.34648,0.2003252],"c":[1,1,1]}]}]}