{"v":9,"a":[7,18],"p":[{"t":10,"a":[16],"t1":101,"s":[{"p":[0,0,0],"r":[0,0,-7.656432E-20],"s":[9.549293,0.05910352,9.224658],"c":[0,0,0],"t1":{"c":[0.05079358,0.4444444,0],"x":0.6637754,"y":0.6637754,"a":0.8925,"m":0,"n":0,"r":0,"g":0,"o":0.5,"t":0.5,"e":0.5}}]}]}