{"v":9,"p":[{"b":10,"s":[{"p":[0,0,0],"r":[0,0,0],"s":[0.1250001,0.125,0.1250001],"c":[1,1,1]}]},{"b":10,"s":[{"p":[-0.06012356,-0.1504769,-0.1056231],"r":[25.36802,347.6529,356.2542],"s":[0.125,0.125,0.125],"c":[1,1,1]}]},{"b":14,"s":[{"p":[-0.2048862,-0.08322052,0.04982617],"r":[353.7109,297.1634,43.19376],"s":[0.06000023,0.06000009,0.06000014],"c":[1,1,1]}]}]}