{"v":9,"p":[{"t":3,"pr":6,"t1":128,"s":[{"p":[0,0,0],"r":[0,0,0],"s":[0.5058252,0.1749999,0.6070246],"c":[1,1,1],"t1":{"c":[0,0,0],"x":0.5,"y":0.5,"a":0.8925,"m":0,"n":0,"r":0,"g":0,"o":0.5,"t":0.5,"e":0.5},"pr":{"c":[0.4444444,0.409171,0.1975308],"m":0.25,"a":0.25,"s":0.15,"z":0.25,"g":0.5,"h":0.25}}]}]}