{"v":9,"p":[{"b":131,"e":"MURKY\nMINIGUN DOZER","s":[{"p":[0,0,0],"r":[0,0,0],"s":[0.005552471,0.005552466,0.005552468],"c":[1,0,0]}]}]}