{"v":9,"a":[7,18],"p":[{"t1":84,"s":[{"p":[0,0,0],"r":[0,0,0],"s":[5.04531,0.04800118,11.04053],"c":[0.3333332,0.3333332,0.3333332],"t1":{"c":[0.4444444,0.4444444,0.4444444],"x":0.03518057,"y":0.02837849,"a":0.752038,"m":0,"n":0,"r":0,"g":0,"o":0.5,"t":0.5,"e":0.5}}]}]}