{"v":9,"a":[7,18],"p":[{"s":[{"p":[0,0,0],"r":[0,0,0],"s":[43.88561,0.04800118,4.351206],"c":[0.6666667,0.6666667,0.6666667]}]}]}