{"v":9,"a":[1,7,31,32,50],"p":[{"s":[{"p":[-0.03500001,0.03499985,3.72529E-09],"r":[0,0,1.001791E-05],"s":[0.03434258,0.03433096,0.002812341],"c":[0.9714286,1,0]}]},{"s":[{"p":[-3.059784E-09,0.03499985,3.72529E-09],"r":[0,0,0],"s":[0.03433865,0.03432865,0.002812144],"c":[0.9714286,1,0]}]},{"s":[{"p":[-0.07000002,0.03500008,3.72529E-09],"r":[0,0,5.008957E-06],"s":[0.03433226,0.03432597,0.002811874],"c":[0.9714286,1,0]}]},{"s":[{"p":[-0.105,0.03500008,3.72529E-09],"r":[0,0,5.008957E-06],"s":[0.0343308,0.03432572,0.002811849],"c":[0.9714286,1,0]}]}]}