{"v":9,"a":[31],"p":[{"t":21,"s":[{"p":[0,0,0],"r":[0,0,0],"s":[0.1881551,0.1881551,0.1881551],"c":[1,0.3428569,0],"b":["when starts then become unsoftened next in 0.3"]},{"p":[-0.001518918,-0.0003700541,0.001060833],"r":[0.395562,359.9551,359.9784],"s":[0.001,0.001,0.001],"c":[1,0.3428569,0],"b":["when starts then destroy all parts with 0s restore"]}]}]}