{"n":"waistcoat","v":9,"a":[49],"p":[{"b":182,"a":[37],"im":"1763693111488862405/AE55196F75753D7D0637B2D1F86BB5666AB794DC/","c":[[-0.012,2.4,0.467,145],[0.104,2.279,1.07,135],[0.387,2.379,0.847,139],[-0.198,2.247,1.058,132],[-0.427,2.286,0.925,127],[-0.482,2.343,0.618,123],[-0.388,2.43,0.345,124],[-0.375,2.403,0.112,125],[-0.177,2.417,0.112,130],[-0.051,2.398,0.058,133],[0.142,2.374,0.083,137],[0.36,2.367,0.4,142],[0.329,2.348,0.174,144],[0.516,1.88,2.208,84,52],[-0.538,1.799,2.217,86,45],[-1.507,1.775,0.707,15,72,41],[-1.539,2.116,0.482,14,108],[-1.501,2.092,-0.205,12,109],[-0.988,2.232,-0.868,13,24,89],[-0.442,2.297,-1.374,36,93],[0.389,2.269,-1.351,38,96],[0.989,2.158,-1.044,39,22,77],[1.397,2.288,-0.276,60,83],[1.542,2.275,0.675,62,79],[1.479,1.937,0.814,63,22,55],[0.332,1.885,-1.388,34],[-0.401,1.924,-1.346,32],[-0.981,1.918,-0.872,9,24],[-1.496,1.794,-0.278,8],[-1.533,1.637,0.534,10],[-1.489,1.657,0.685,11,72],[-0.533,1.375,2.211,82],[0.565,1.495,2.191,80],[1.437,1.852,0.778,59,22],[1.485,1.779,0.619,58],[1.376,1.858,-0.289,56],[1.015,1.771,-1.04,35,22],[-0.545,-0.514,2.047,89],[0.568,-0.555,2.046,92],[0.593,-0.947,1.853,91,21],[-0.555,-1.143,1.766,90,24],[-0.747,-1.351,1.399,115],[1.263,-1.173,1.34,71,23,16],[0.816,-1.336,1.277,113],[-1.349,-1.138,1.294,19,76,21],[-1.465,0.661,1.467,6,72],[1.406,0.724,1.426,54,20],[0.576,0.707,2.096,73],[-0.561,0.732,2.012,76],[-1.491,-0.676,1.474,16,72],[1.454,-0.706,1.495,64,29],[1.147,-1.604,-0.308,106],[1.18,-1.57,0.336,108],[2.028,-0.716,0.518,65],[1.988,-1.14,-0.498,68],[1.803,-1.154,-0.433,67,40],[1.712,-0.749,-1.37,40,29],[1.484,0.835,-1.46,30,20],[1.326,-1.097,-1.339,47,23,35],[0.805,-1.547,-0.883,104],[1.76,1.203,0.488,52],[0.215,-1.526,-1.299,102],[0.46,-1.047,-1.572,42,61],[-0.469,-1.065,-1.645,43,58],[-0.576,-0.603,-1.77,44],[0.542,-0.61,-1.747,41],[0.501,0.626,-1.956,29],[0.469,1.207,-1.778,28],[-0.471,1.239,-1.774,24],[-1.426,0.711,-1.47,0,26],[-1.804,-0.8,-1.361,22,23],[-0.49,0.716,-1.935,25],[-1.861,0.746,-0.963,1],[-1.938,0.724,0.747,5],[-2.033,-1.218,-0.367,20],[-1.782,-1.19,-0.459,21,75],[-1.336,-1.128,-1.352,23,23,51],[-0.88,-1.556,-0.868,98],[-1.229,-1.573,-0.336,99],[-1.23,-1.577,0.311,119],[-1.817,-1.094,0.493,18,100],[-1.267,1.134,1.355,7,72],[-1.723,1.308,-0.461,2],[0.567,1.022,2.019,72],[-0.521,0.985,2.012,77],[1.295,1.281,1.299,55,20],[1.872,1.007,-0.568,49],[1.783,1.153,-0.511,48],[1.978,0.834,0.532,53],[-0.281,-1.52,-1.312,100]],"s":[{"p":[-0.583195,0.6515838,-0.537851],"r":[299.8798,315.907,164.0712],"s":[0.09631373,0.07144859,0.07163861],"c":[0.6666667,0.4867724,0.2962959]}]},{"b":44,"a":[37],"im":"1763693111488826819/2DDAE743F342E0406C3997C9AFC4FF3B8DBFA0EF/","c":[[-0.001,-0.033,0.78,37,18,20],[0.007,-0.044,0.759,1,53,18],[-0.057,-0.018,0.521,2,55],[-0.105,-0.012,0.54,36,20],[-0.193,0.019,0.396,40,18],[-0.147,0.012,0.357,4,55],[-0.264,0.043,0.21,42,18],[-0.212,0.031,0.199,6,55],[-0.265,0.417,0.186,24,19],[-0.144,0.497,0.578,18,21],[0.025,0.528,-0.775,34,19,23],[0.043,0.127,-0.769,52,18,9],[0.085,0.122,-0.744,16,55,7],[-0.074,0.106,-0.657,50,18],[-0.062,0.097,-0.636,14,55],[-0.24,0.084,-0.42,48,18],[-0.224,0.075,-0.393,12,55],[-0.296,0.062,-0.163,46,18],[-0.247,0.059,-0.179,10,55],[-0.295,0.048,0.027,44,18],[-0.265,0.042,0.018,8,55],[0.057,0.484,-0.626,17,18,42]],"s":[{"p":[-0.813292,0.7033209,-0.485354],"r":[329.942,26.72068,269.0751],"s":[0.1250005,0.3532023,0.1250001],"c":[0.6666667,0.4867724,0.2962958]}]},{"b":44,"a":[37],"im":"1763693111488826819/2DDAE743F342E0406C3997C9AFC4FF3B8DBFA0EF/","c":[[0.095,0.051,-0.851,52,18,9],[0.128,0.044,-0.864,16,55,7],[-0.075,0.059,-0.6,50,18],[-0.052,0.046,-0.602,14,55],[-0.185,0.092,-0.369,48,18],[-0.149,0.08,-0.358,12,55],[-0.167,0.077,-0.17,10,55],[-0.208,0.088,-0.179,46,18],[-0.207,0.079,-0.001,44,18],[-0.174,0.075,-0.004,8,55],[-0.157,0.096,0.178,42,18],[-0.133,0.089,0.179,6,55],[-0.344,0.488,0.156,24,19],[-0.322,0.473,-0.033,26,19],[-0.133,0.113,0.326,40,18],[-0.106,0.108,0.324,4,55],[-0.299,0.468,0.327,22,19],[-0.232,0.418,0.485,18,21],[-0.088,0.141,0.472,36,20],[-0.058,0.134,0.468,2,55],[-0.138,0.399,0.615,19,19,36],[-0.037,0.173,0.575,37,18,20],[-0.01,0.159,0.544,1,53,18]],"s":[{"p":[-0.7118955,0.654085,-0.3257306],"r":[52.85838,58.34195,286.0075],"s":[0.1250009,0.2755323,0.1370123],"c":[0.6666667,0.4867724,0.2962958]}]},{"a":[38],"im":"1763693111488826819/2DDAE743F342E0406C3997C9AFC4FF3B8DBFA0EF/","s":[{"p":[-0.9459374,0.424412,-0.3055227],"r":[339.2044,114.5909,3.977797],"s":[0.04929172,0.02473433,0.04929172],"c":[1,1,1]}]},{"b":16,"a":[37],"im":"1763693111488826819/2DDAE743F342E0406C3997C9AFC4FF3B8DBFA0EF/","c":[[0.137,1.399,1.31,28,29],[1.54,1.578,0.479,27,24],[1.501,1.037,1.722,20,24],[1.358,0.43,4.373,12,20],[-1.337,1.36,0.446,21,35],[-1.374,1.068,0.491,14,35],[-1.427,0.525,3.266,2,40],[-0.998,1.37,0.462,22],[-1.02,1.082,-0.379,15],[-0.576,1.059,0.004,16],[-0.481,1.389,-0.016,23],[1.095,1.493,-0.342,26],[0.43,1.477,-0.434,25],[1.152,1.053,0.512,19],[0.693,1.044,0.138,18],[0.06,1.439,-0.497,24],[1.389,0.986,2.953,43],[0.11,1.043,-0.049,17],[-0.898,1.053,1.623,48],[-1.529,-0.247,0.357,1,40,28],[-1.365,0.508,2.221,3],[-1.058,0.566,3.489,40],[-0.706,0.452,1.414,5],[-0.647,0.582,4.047,38],[-0.007,0.452,1.565,7],[0.005,0.536,5.135,35],[0.804,0.453,1.936,8],[0.657,0.483,5.367,33],[1.377,0.475,2.635,10],[1.095,0.516,7.09,29],[1.548,-0.265,0.306,13,18,27],[1.629,-0.238,-0.26,11,49],[0.788,-0.212,-1.781,9,52],[0.052,-0.178,-2.552,6,57],[-0.726,-0.182,-1.927,4,61],[-1.445,-0.191,-0.987,0,67],[1.162,-0.252,-0.55,30,29],[0.684,-0.241,-1.466,34,28],[-0.032,-0.217,-2.087,36,28],[-0.741,-0.22,-1.29,37,29],[-1.261,-0.233,0.026,39,29]],"s":[{"p":[-0.7415705,0.7478318,-0.4227136],"r":[68.70819,149.4105,28.71885],"s":[0.04014304,0.1259528,0.006348773],"c":[0.6666667,0.4867724,0.2962959]}]}]}