{"v":9,"a":[1,2,7,14,18],"p":[{"b":205,"t":7,"a":[12],"i":[{"t":"603468f36020a3605f11ae23","p":[0.0003130395,-0.004299646,0.02676297],"r":[358.14,6.980406,4.458839],"a":[49]}],"s":[{"p":[0,0,0],"r":[2.849777E-12,-9.706281E-20,-2.413854E-33],"s":[0.01687061,0.0182584,0.03830295],"c":[0.8888889,1,1],"b":["when starts then all parts face someone","when starts then propel forward with 3","when starts then become next in .2"]},{"p":[0,0,0],"r":[2.849777E-12,-9.706281E-20,-2.413854E-33],"s":[0.01687061,0.0182584,0.03830295],"c":[0.8888889,1,1],"b":["when starts then all parts face someone else","when starts then propel forward with 5","when starts then become next in .3"]}]}]}