{"n":"blackhole","v":9,"a":[7,31],"p":[{"b":3,"a":[12],"pr":6,"s":[{"p":[0,0,0],"r":[0,0,0],"s":[0.01905826,0.01905828,0.01905826],"c":[1,1,1],"pr":{"c":[0.1142857,0,1],"m":1,"a":0.25,"s":0,"z":0.08570004,"g":0.5,"h":0.25}}]},{"b":73,"t":19,"s":[{"p":[0,0,0],"r":[0,0,-1.707547E-06],"s":[0.01905826,0.01905828,0.01905826],"c":[0,0,0]}]}]}