{"v":9,"a":[7,18],"p":[{"t":19,"a":[42],"pr":34,"s":[{"p":[0,0,0],"r":[0,0,0],"s":[0.02522108,0.02228548,0.1750095],"c":[1,1,1],"b":["when touched then destroy all parts with 0 restore"],"pr":{"c":[1,1,1],"m":1,"a":1,"s":1,"z":0.5086654,"g":0.5,"h":0.5036176}}]}]}