{"n":"styxtailcontrol","v":9,"a":[7],"p":[{"b":3,"a":[42],"s":[{"p":[0,0,0],"r":[0,0,0],"s":[0.04770279,0.04769722,0.04770108],"c":[1,1,1]}]}]}