{"n":"styx tailbase","v":9,"a":[31],"p":[{"b":35,"i":[{"t":"6036258e1a4086608f01fb47","p":[-0.0191405,-0.1595477,-0.07527006],"r":[313.0596,262.7867,218.2289],"a":[49]}],"s":[{"p":[0,0,0],"r":[0,0,0],"s":[0.181426,0.1813721,0.1814357],"c":[1,1,1]}]}]}