{"n":"styxtail2","v":9,"a":[22,31],"p":[{"b":49,"c":[[-0.016,-0.211,0.793,306,3,21],[-0.074,-0.072,0.842,310,3,20],[-0.078,0.09,0.825,314,3,18],[-0.005,0.221,0.765,281,37,19],[0.114,0.264,0.645,282,2,55],[0.201,0.217,0.547,285,3,50],[0.26,0.074,0.475,289,3,44],[0.246,-0.075,0.479,293,3,38],[0.206,-0.203,0.554,297,3,32],[0.088,-0.265,0.677,301,4,26],[-0.157,-0.065,0.673,270,3,38,1],[-0.101,-0.179,0.625,266,3,38,1],[0,-0.221,0.556,261,4,37,2],[0.096,-0.176,0.478,257,3,38,5],[0.17,-0.064,0.418,253,3,38,5],[0.19,0.071,0.423,249,3,38,5],[0.117,0.179,0.475,245,3,38,5],[0.022,0.216,0.548,242,2,39,4],[-0.077,0.185,0.612,241,37,2,39],[-0.148,0.073,0.675,274,3,38,1],[0.217,-0.144,-0.638,18,5,297],[0.257,-0.063,-0.59,14,5,304],[0.251,0.056,-0.595,10,5,310],[0.197,0.168,-0.625,6,5,316],[0.106,0.215,-0.711,3,4,322],[0.02,0.177,-0.789,0,39,289],[-0.047,0.051,-0.854,35,1,290],[-0.031,-0.07,-0.849,31,1,292],[0.028,-0.183,-0.795,27,1,294],[0.12,-0.191,-0.726,22,2,297],[0.17,-0.063,-0.446,13,3,38,5],[-0.077,-0.177,-0.63,26,3,38,1],[0.008,-0.196,-0.558,21,4,37,2],[0.095,-0.063,-0.296,53,3,38,5],[0.094,0.061,0.307,209,3,38,5],[0.097,-0.064,0.307,213,3,38,5]],"s":[{"p":[-0.006473721,0.01299557,-0.02178763],"r":[2.807014,354.5974,346.1737],"s":[0.2095358,0.2095367,0.1946824],"c":[0.3333331,0.2433859,0.1481479]}]},{"b":147,"s":[{"p":[0.006124783,-0.0003023697,0.1167291],"r":[284.1028,73.34347,236.5944],"s":[0.02683175,0.04256616,0.04257321],"c":[0.3333331,0.2433859,0.1481479]}]},{"b":147,"s":[{"p":[0.02532855,0.01887592,-0.1531635],"r":[314.014,50.5285,171.8176],"s":[0.02290137,0.03863193,0.03865382],"c":[0.3333331,0.2433859,0.1481479]}]}]}