{"v":9,"a":[7,18],"p":[{"b":63,"t":19,"s":[{"p":[0,0,0],"r":[1.009177E-13,-5.812991E-07,-2.417863E-06],"s":[0.04311077,0.03953153,0.037567],"c":[0,0,0],"b":["when talked from then become untweened next","when told by body sad then become untweened 3"]},{"p":[2.465556E-09,-0.006331445,9.313226E-10],"r":[1.009177E-13,-5.812991E-07,-2.417863E-06],"s":[0.04310758,0.0395302,0.03756621],"c":[0,0,0],"b":["when starts then become untweened 1 in 0.2s"]},{"p":[2.224533E-10,-0.000571251,5.820766E-11],"r":[9.334614E-14,-5.364778E-07,-2.373042E-06],"s":[0.04311041,0.03953131,0.037567],"c":[0,0,0],"b":["when told by body happy then become untweened 1"]}]}]}