{"v":9,"a":[7,18],"p":[{"b":205,"t":7,"a":[12,37,36],"s":[{"p":[0,0,0],"r":[-2.442666E-12,1.941257E-19,3.073601E-20],"s":[0.03189184,0.03189158,0.03189135],"c":[1,1,1],"b":["when starts then all parts face nearest ena wrist4"]}]},{"b":69,"t":19,"s":[{"p":[9.851665E-09,-5.960464E-08,0.11269],"r":[-5.122642E-06,90,90],"s":[0.03475723,0.03737379,0.03475713],"c":[1,0.8571429,0]}]},{"b":69,"t":19,"s":[{"p":[1.658186E-08,-5.960464E-08,0.1896744],"r":[-5.122642E-06,90,90],"s":[0.03475826,0.03737513,0.03475822],"c":[1,0.8571429,0]}]},{"b":69,"t":19,"s":[{"p":[3.883419E-09,-5.960464E-08,0.0444212],"r":[-1.024528E-05,90,90],"s":[0.03475605,0.03737213,0.03475549],"c":[1,0.8571429,0]}]}]}