{"v":9,"a":[2,22,15,18],"p":[{"b":5,"t":23,"s":[{"p":[0,0,0],"r":[0,0,8.537735E-07],"s":[0.007464595,0.007464648,0.4136097],"c":[0,0,0]}]},{"b":4,"t":23,"a":[14],"s":[{"p":[-2.980232E-08,3.500726E-08,0.2135725],"r":[-1.416554E-06,4.026986E-06,112.5],"s":[0.01595869,0.01595742,0.08747685],"c":[0,0,0],"b":["when touched then play bullet energy impact","when touched then add crumbles for all parts","when touched then destroy all parts"]}]},{"b":63,"t":23,"s":[{"p":[-0.03086557,-0.0127849,-0.138937],"r":[8.421047,339.059,20.94103],"s":[0.05934144,0.03172714,0.0312664],"c":[0,0,0]}]},{"b":63,"t":23,"s":[{"p":[0.02956244,0.0122452,-0.138937],"r":[8.421069,200.941,339.059],"s":[0.05934466,0.03172784,0.03126673],"c":[0,0,0]}]}]}