{"v":9,"a":[22,18],"p":[{"s":[{"p":[0,0,0],"r":[0,0,0],"s":[29.91101,155.491,0.3217762],"c":[1,1,1]}]}]}