{"v":9,"a":[7,18,21],"p":[{"s":[{"p":[0.04130411,0,0.03777528],"r":[0,0,8.537737E-06],"s":[0.02360698,0.0236069,0.02360782],"c":[1,1,1],"b":["when starts then tell any startmarimba"]}]}]}