{"v":9,"p":[{"b":37,"t1":148,"s":[{"p":[0,0,0],"r":[0,0,0],"s":[1.968377,2.548995,1.810756],"c":[0.2222221,0.2059963,0.1975307],"t1":{"c":[0,0,0],"x":0.5,"y":0.5,"a":0.8925,"m":0,"n":0,"r":0,"g":0,"o":0.5,"t":0.5,"e":0.5}}]},{"b":37,"t1":148,"s":[{"p":[0.1578503,0.7904019,-0.08791435],"r":[350.1538,3.490609,342.423],"s":[1.968378,2.548996,1.810756],"c":[0.2222221,0.2059963,0.1975307],"t1":{"c":[0,0,0],"x":0.5,"y":0.5,"a":0.8925,"m":0,"n":0,"r":0,"g":0,"o":0.5,"t":0.5,"e":0.5}}]},{"b":37,"t1":148,"s":[{"p":[0.2032527,-0.6049246,-0.1849626],"r":[0.0848908,5.448373,14.49541],"s":[1.96838,2.548999,1.810757],"c":[0.2222221,0.2059963,0.1975307],"t1":{"c":[0,0,0],"x":0.5,"y":0.5,"a":0.8925,"m":0,"n":0,"r":0,"g":0,"o":0.5,"t":0.5,"e":0.5}}]}]}