{"v":9,"a":[5,7,18,49],"p":[{"b":73,"t":2,"t1":10,"s":[{"p":[0,0,0],"r":[0,0,0],"s":[1.0368,1.036808,1.036777],"c":[0.5555556,0.1234567,0.1234567],"t1":{"c":[1,0.1111111,0.1111111],"a":0}}]}]}