{"n":"telepad145","v":9,"a":[7,31],"p":[{"b":61,"t":1,"t1":150,"s":[{"p":[0,0,0],"r":[0,0,0],"s":[0.6978965,0.2008533,0.6980317],"c":[0,0.3809521,0.6666667],"t1":{"c":[0,0.5714284,1],"x":0.5,"y":0.5,"a":0.5727826,"m":0,"n":0,"r":0,"g":0,"o":0.5,"t":0.5,"e":0.5}}]}]}