{"v":9,"a":[21],"p":[{"b":202,"t":21,"id":"6041d3cc827d563920563442","s":[{"p":[0,0,0],"r":[0,0,0],"s":[0.2903311,0.004838831,0.2903315],"c":[0,0.3999996,1],"b":["when starts then set constant rotation to 0 0.5 0.5"]}]},{"b":202,"t":21,"ac":{"id":"6041d3cc827d563920563442","c":45,"w":19,"rp":[4,0,4],"rr":[53,53,53],"rs":[2,2,2]},"s":[{"p":[0,0,0],"r":[0,0,-1.366038E-05],"s":[14.29072,0.004838827,11.21028],"c":[0,0.3999995,1],"b":["when starts then set constant rotation to 0.5 0.0312 0 "]}]}]}