{"v":9,"a":[7,12,18,27,31],"p":[{"b":3,"s":[{"p":[-4.137635E-08,0.2313933,1.379212E-08],"r":[0,90,270],"s":[0.05926151,0.01957554,0.01957572],"c":[1,0.5142855,0]}]},{"b":3,"a":[12,37],"s":[{"p":[0,0,0],"r":[8.549465E-13,-5.008956E-06,-3.73709E-20],"s":[0.02482529,0.02481934,0.02482111],"c":[1,1,1]}]}]}