{"v":9,"a":[1],"p":[{"im":"784037287449328030/3235B606911600A1154EF65923E25A7DDF416796/","s":[{"p":[0,0,0],"r":[0,0,0],"s":[1.379909,0.01,1.273046],"c":[0,0,0]}]},{"b":2,"s":[{"p":[0.05927928,-1.085655,0.9140533],"r":[0.2280713,180.2797,302.264],"s":[0.1250002,0.1250002,0.1250003],"c":[1,1,1]}]},{"b":11,"s":[{"p":[-0.02991287,-1.199399,1.013807],"r":[352.1035,3.402209,149.6969],"s":[0.1,0.1000001,0.1000001],"c":[1,1,1]}]}]}