{"v":9,"a":[7,16,18,31],"p":[{"b":3,"t":2,"t1":168,"s":[{"p":[0,0,0],"r":[0,0,0],"s":[0.04355481,0.04355939,0.04356165],"c":[0.8888889,0.09876534,0.09876534],"b":["when touched then play bullet energy impact with low-pitch, then become next in 0.2s","when starts then trail start with 0.2s"],"t1":{"c":[0.8888889,0.6095237,0],"a":0.05}},{"p":[0,0,0],"r":[0,0,0],"s":[0.06449339,0.06449796,0.06450023],"c":[0.8888889,0.09876529,0.09876529],"b":["when starts then destroy all parts with 0s restore"],"t1":{"c":[0.8888889,0.6095237,0],"a":0.05}}]}]}