{"v":9,"a":[7,18],"p":[{"b":70,"t1":3,"s":[{"p":[0,0,0],"r":[0,0,0],"s":[0.04669258,0.4388839,0.04669224],"c":[0.7777778,0.6148147,0.2592586],"t1":{"c":[0,0,0],"x":0.3766355,"y":0.346189,"a":0.69625,"m":0.5,"n":0.5,"r":0,"g":0,"o":0.5,"t":0.5,"e":0.5}}]}]}