{"v":9,"p":[{"b":30,"t":1,"s":[{"p":[-0.1547107,-0.07261401,0.5768018],"r":[8.394268,207.8912,3.308676],"s":[0.0907215,0.1250003,0.09122641],"c":[0.4444442,0.4444442,0.4444442]}]},{"b":5,"t":1,"s":[{"p":[-0.004207199,-0.151848,0.09935568],"r":[350.0411,342.0298,67.90715],"s":[0.02432593,0.02433215,1.172398],"c":[0.4444442,0.4444442,0.4444442]}]}]}