{"v":9,"p":[{"b":12,"s":[{"p":[0,0,0],"r":[0,0,0],"s":[0.06000021,0.06000009,0.06000024],"c":[1,1,1]}]},{"b":12,"s":[{"p":[-0.2366508,-0.001651565,-0.002883077],"r":[0.7558915,359.9562,1.434328],"s":[0.06000027,0.06000008,0.06000024],"c":[1,1,1]}]}]}