{"n":"amplicorp","v":9,"a":[22],"p":[{"b":90,"t":2,"e":"AMPLI","s":[{"p":[-0.06897832,0.009904873,-0.03610945],"r":[90,-4.829672E-06,0],"s":[0.002878867,0.002876593,0.002878889],"c":[0.5555556,0.8857141,1]}]},{"b":132,"t":2,"e":"CORP","s":[{"p":[-0.03524018,0.0104046,-0.05353881],"r":[90,-5.757418E-13,0],"s":[0.001199789,0.001194842,0.001199897],"c":[0.333333,0.9428571,1]}]},{"b":60,"s":[{"p":[-0.02061844,-0.02346516,-0.05147171],"r":[0,0,1.024528E-05],"s":[0.1252119,0.06340359,0.04716342],"c":[0.1851834,0.2698396,0.5555556]}]}]}