{"n":"anyland inventory","v":9,"a":[2,3,22,13,18],"tp_lp": [1,1,1],"tp_lp": [1,1,1],"tp_lr": [1,1,1],"p":[{"b":202,"s":[{"p":[0,0,0],"r":[8.328155E-07,22.50001,-4.186843E-06],"s":[0.03313624,0.001670933,0.03313558],"c":[0.5185186,0.6031746,0.6666667]}]},{"b":205,"a":[12,37,36],"i":[{"t":"604d6134289184559a4ee1a4","p":[0,0,0],"r":[270,90.00002,0]}],"s":[{"p":[0,0,0],"r":[1.707547E-06,292.5,270],"s":[0.01876225,0.01876184,0.01876241],"c":[1,1,1],"b":["when starts then set constant rotation to 0 50 0"]}]},{"b":5,"s":[{"p":[0.04789123,0,-0.1031948],"r":[-2.561321E-06,337.5,90],"s":[0.001000088,0.003692255,0.1305351],"c":[0.5185186,0.6031746,0.6666667]}]}]}