{"v":9,"a":[7,18,31],"p":[{"a":[12,37,36],"i":[{"t":"604d6168c354a655110bbc6f","p":[2.084322E-14,1.043081E-07,0.1471188],"r":[5.225364E-06,22.50001,180]}],"s":[{"p":[0,0,0],"r":[0,0,0],"s":[0.0736431,0.07364586,0.07364704],"c":[1,1,1],"b":["when starts then set constant rotation to 0 0 -30"]}]},{"a":[12,37,36],"i":[{"t":"604d65348f6183163525bd53","p":[0.02856063,0.04689531,0.3395841],"r":[1.207418E-06,-1.207418E-06,270]}],"s":[{"p":[-0.1282753,0.0006126761,-0.03643239],"r":[0,0,180],"s":[0.03953253,0.03953334,0.03953315],"c":[1,1,1]}]}]}