{"v":9,"a":[1,7,18,31],"p":[{"b":4,"a":[12,37],"s":[{"p":[0,0,0],"r":[0,0,0],"s":[0.05101897,0.05101328,0.0510196],"c":[1,1,1]}]},{"b":4,"a":[12],"s":[{"p":[0.0007973909,0.0004998446,0.06458181],"r":[0,0,0],"s":[0.01347922,0.01347025,0.01347456],"c":[0.7777778,0.7777778,0.7777778],"b":["when starts then project","when starts then all parts face nearest lw","when starts then show line"]}]}]}