{"v":9,"a":[7,18,21],"p":[{"b":63,"s":[{"p":[-0.0227263,7.916242E-09,-0.003170848],"r":[1.158717E-05,90,7.082171E-06],"s":[0.01428209,0.0003685163,0.02990325],"c":[0.5185186,0.6031746,0.6666667]}]},{"b":63,"s":[{"p":[0.01083017,-3.528916E-09,0],"r":[1.883168E-05,90,-1.623396E-07],"s":[0.01838213,0.00295439,0.04342225],"c":[0.5185186,0.6031746,0.6666667]}]},{"b":5,"s":[{"p":[0.03018189,1.071021E-07,0.01205939],"r":[90,270,0],"s":[0.004539391,0.004539016,0.0003686279],"c":[0.5185186,0.6031746,0.6666667]}]},{"a":[12,37,36],"s":[{"p":[0,0,0],"r":[2.333192E-12,9.659346E-06,-9.009989E-06],"s":[0.02967257,0.0296665,0.02966766],"c":[1,1,1]}]}]}