{"v":9,"a":[7,18,49],"p":[{"b":181,"s":[{"p":[-0.3512534,-0.0259552,-0.01317182],"r":[280.0529,188.7151,82.3704],"s":[0.07418214,0.07418225,0.07418222],"c":[1,1,1]}]},{"b":172,"a":[23],"i":[{"t":"5fe25e8d3fcd441454935b69","p":[-0.1344944,-0.0315469,0.2141197],"r":[358.4969,4.889452,275.001]},{"t":"602459dc31eaf9054ea1e9b0","p":[-0.1679796,-0.04246303,-0.2098411],"r":[1.503051,184.8895,84.99906]}],"c":[[2.821,1.016,-0.948,393],[3.767,0.641,-1.158,379],[3.636,0.782,-0.321,381],[3.601,0.768,-1.646,375],[3.071,0.936,-1.582,391],[2.544,1.05,-1.458,403,48],[2.418,1.269,-0.85,402,53],[2.477,1.169,-0.507,401,56],[2.855,1.057,-0.562,394],[2.41,1.171,-0.016,409,50],[3.03,0.941,-0.042,395],[3.435,0.719,0.209,383],[3.438,0.86,0.518,385],[3.55,0.758,1.093,387],[3.5,0.941,1.469,334,55],[2.882,1.193,1.34,398],[2.845,1.216,0.752,397],[2.799,1.175,0.389,396],[2.46,1.222,0.869,405,58],[2.46,1.222,0.463,406,55],[2.46,1.222,1.274,407,58],[-3.203,0.231,2.483,134,154,52],[-2.919,-1.165,2.558,81,34,147],[-2.551,-1.402,2.312,72],[-2.946,-0.893,2.696,116,147],[-3.159,-0.319,2.615,125,154],[-3.062,0.639,2.151,143,198,70],[-2.318,0.017,3.003,133,202],[-2.262,-0.749,3.104,114],[-2.389,-0.302,3.054,124],[-1.993,-1.037,2.94,90,23],[-2.062,0.353,2.988,142,196],[-3.81,-0.628,-2.343,198,89],[-3.752,-0.863,-2.268,192,86],[-3.494,-1.483,-2.229,89,85,103],[-3.559,0.458,-2.268,219,137],[-3.886,-0.002,-2.302,208,88,59],[-2.801,0.389,-2.657,218],[-3.093,-0.133,-2.984,207],[-2.695,-1.349,-2.784,191],[-2.338,-1.647,-2.37,171],[-3.084,-0.623,-3.019,197],[-2.337,1.108,1.728,151],[-2.037,1.323,1.34,169,362],[-2.066,1.259,1.578,159],[-2.523,1.128,1.525,160,212,61],[-1.58,1.179,1.709,150],[-1.448,1.282,1.539,158],[-2.508,1.021,-1.857,224],[-2.356,1.153,-1.583,234],[-1.978,0.814,-1.824,226],[-1.48,1.03,-1.609,236],[-2.015,1.418,-0.665,537,12],[-1.987,1.422,-0.452,536],[-1.569,1.448,-0.759,528,22],[-1.381,1.524,-0.437,527],[-0.466,1.026,0.082,517],[-1.539,0.431,2.488,141,196],[-1.283,0.332,2.356,140],[-1.126,0.169,2.495,131],[-1.081,-0.31,2.566,122],[-1.549,-1.069,2.632,91,20],[-1.232,-0.916,2.475,110],[-0.026,0.869,1.747,148],[-3.598,0.935,-0.294,363,58],[-3.514,0.978,0.077,364,76],[-3.495,1.046,0.401,366,72],[-3.597,0.959,0.734,368,68],[-3.607,0.832,1.028,370,62],[-3.67,0.721,1.167,371,42],[-3.787,0.467,1.335,152,221,39],[-3.867,0.228,1.369,342,68],[-3.912,0.521,-0.683,352,70],[-4.198,-0.08,-0.803,294,57],[-4.12,-0.666,-0.861,285],[-4.069,-1.063,-0.78,274],[-3.447,0.522,-1.391,354,70],[-3.286,0.84,-0.858,361,62],[-3.055,1.025,-1.222,359,87],[-2.862,1.064,-0.807,360,84],[-2.997,1.135,-0.508,362,80],[-1.986,-1.197,-2.444,190],[-1.503,0.123,-2.158,209],[-1.583,0.453,-2.049,217],[-0.791,1.027,-1.668,237],[-0.757,0.605,-1.912,227],[-0.017,0.662,-1.83,228],[0.618,0.68,-1.866,229],[1.375,0.659,-1.879,230],[1.978,0.612,-1.93,231],[2.21,0.911,-1.696,242,162,48],[1.815,1.115,-1.495,251,202,31],[1.595,1.097,-1.471,249,236],[1.123,1.133,-1.498,250,252],[0.55,1.17,-1.423,247,256],[-0.104,1.149,-1.428,248,264],[-0.775,1.126,-1.372,243,278],[-1.408,1.182,-1.339,244,286],[-2.122,1.151,-1.406,245,294],[1.132,1.215,-0.819,493],[1.106,1.066,-0.368,490],[1.148,1.058,0.092,491],[0.677,1.187,-0.786,500],[-0.044,1.152,-0.773,510],[-0.678,1.161,-0.796,519],[-0.57,1.003,-0.395,518],[0.037,1.074,-0.306,509],[0.706,1.096,-0.349,499],[1.244,1.051,0.428,488],[1.403,1.095,0.787,489],[0.648,1.045,0.012,498],[0.099,1.008,0.011,508],[-1.373,1.361,0.005,526],[-0.534,1.106,0.418,516],[-0.545,1.006,0.8,515],[0.007,1.06,0.782,506],[-0.045,1.051,0.402,507],[0.721,1.1,0.746,496],[0.697,0.94,0.394,497],[1.979,1.252,-0.05,458,18],[1.984,1.281,-0.479,456,22],[1.947,1.285,-0.873,454,26],[1.967,1.222,-1.117,450,32]],"s":[{"p":[-0.08841298,0.0006391034,-0.02465562],"r":[1.066068,354.9973,354.8883],"s":[0.07231229,0.09056383,0.1044395],"c":[1,1,1]}]},{"b":60,"t":1,"s":[{"p":[-0.2207577,0.1278452,0.06183522],"r":[0.8247988,268.4826,182.5965],"s":[0.1286307,0.02127231,0.04969247],"c":[0.8888889,0.8888889,0.8888889]}]},{"b":131,"e":"NASA","s":[{"p":[-0.2382793,0.1362945,0.006569673],"r":[87.27581,16.09353,107.6297],"s":[0.00392602,0.003924588,0.003926187],"c":[0.7777778,0.08641965,0.08641965]}]},{"b":169,"s":[{"p":[0.04465473,-0.9786272,-0.1131577],"r":[0,0,180],"s":[0.1007254,0.07012358,0.1015202],"c":[1,1,1]}]},{"b":169,"c":[[3.007,0.189,-2.07,34,13,175],[2.274,0.091,-2.09,32,179],[1.511,0.159,-2.049,30,174],[0.763,0.099,-2.01,28,168],[-0.059,0.163,-2.06,26,163],[-0.724,0.246,-1.939,24,157],[-1.484,0.108,-2.064,22,153],[-2.274,0.206,-2.016,18,155],[-2.985,0.11,-2.044,21,20,133],[-0.725,-0.218,-1.921,25,75],[0.015,-0.253,-1.824,27,76],[0.673,-0.178,-1.837,29,77],[1.508,-0.248,-1.934,31,97],[3.001,-0.23,-2.005,35,11,93],[-2.371,0.35,-1.409,171],[-2.27,-0.191,-1.93,19,78]],"s":[{"p":[0.04465473,-0.879734,0.07880497],"r":[270,180,0],"s":[0.100727,0.07012248,0.05963657],"c":[1,1,1]}]},{"b":169,"c":[[0.04,-0.021,-2.011,27,76],[0.754,-0.04,-1.935,29,77],[1.527,0.02,-2.037,31,97],[2.315,0.014,-1.946,33,96],[3.03,0.052,-2.023,35,11,93],[2.22,0.336,-1.855,32,179],[0.704,0.378,-1.939,28,168],[-0.07,0.481,-1.924,26,163],[-0.801,0.38,-1.958,24,157],[-0.785,0.007,-2.022,25,75],[-1.52,0.019,-2.039,23,73],[-2.32,-0.022,-2.01,19,78],[-3.003,-0.019,-1.944,20,20,59],[-2.215,0.399,-1.937,18,155],[-3.019,0.31,-1.968,21,20,133]],"s":[{"p":[0.04465473,-0.879734,-0.3164597],"r":[270,180,0],"s":[0.1007374,0.07012918,0.05963756],"c":[1,1,1]}]}]}