{"v":9,"p":[{"b":9,"s":[{"p":[0,0,0],"r":[0,0,0],"s":[0.2502921,0.3388109,0.125],"c":[1,0.5142855,0]}]}]}