{"v":9,"a":[6,31,49],"inc":[["thing","5f02865716b7d23ed3dbf14f"],["thing 2","5f064a5a6ee3aa7e8ef98fcb"],["thing 3","5fe8b7fbc71bd136610535fa"],["thing 4","5fea57a8ef4cdb3662a0a254"],["thing 5","5fea94ab3ecfaa5754ab75e5"]],"p":[{"a":[12,37,36],"i":[{"t":"5f2ca2dee50c736306f30d63","p":[0.03038412,-0.006264046,0.09699014],"r":[289.8167,283.3674,145.3013]}],"s":[{"p":[463.3505,414.2527,-33.03951],"r":[316.7299,306.9605,156.092],"s":[0.001,0.1823609,0.001],"c":[1,1,1],"b":["when told by any die mode doom 2.o then become 2 in 0.0s","when told by any go down then become 2 in 0.0s"]},{"p":[0.2729315,0.1465498,-0.1035484],"r":[318.2673,94.06777,113.2924],"s":[0.002600301,0.004749472,0.01107186],"c":[1,1,1]}]}]}