{"v":9,"a":[31,48,49],"p":[{"a":[31],"i":[{"t":"6051cc56373da35599990dfd","p":[-0.02377606,-0.03036496,-0.2014637],"r":[0,90,270]}],"s":[{"p":[0,0,0],"r":[0,0,0],"s":[0.04924185,0.04923393,0.04923438],"c":[1,1,1],"b":["when starts then become next in 0.3s","when starts and is walk = 1 then become next in 0.3s"]},{"p":[0.01416493,-0.002159119,-0.006973268],"r":[357.5263,348.8767,16.59838],"s":[0.04924902,0.04923799,0.04923879],"c":[1,1,1],"b":["when starts then become next in 0.3s"]},{"p":[0.030118,0.009201048,-0.0009422312],"r":[1.109583,6.143444,37.77973],"s":[0.0492525,0.04924025,0.04924153],"c":[1,1,1],"b":["when starts then become next in 0.3s"]}]}]}