{"v":9,"a":[7],"p":[{"s":[{"p":[0,0,0],"r":[0,0,0],"s":[0.1750277,0.1750168,0.1750134],"c":[0.6285715,1,0],"b":["when touched then is area.skullvalue = 0"]}]}]}