{"n":"shirt","v":9,"a":[2],"p":[{"b":69,"t":19,"s":[{"p":[0.1217533,-0.02759035,0.07196657],"r":[73.13396,283.7009,188.3573],"s":[0.08557606,0.03247659,0.0678066],"c":[0.2962961,0.3809522,0.6666667]}]},{"b":200,"t":19,"c":[[-1.386,1.182,0.555,111,20],[-1.455,1.27,-0.094,113,10],[-1.883,1.12,0.721,8,102],[-2.01,1.42,-0.081,2,110],[-1.94,0.536,-0.783,3,91,26],[-0.455,-1.435,-1.823,7,9,71],[-1.356,-0.405,-1.35,5,87],[-0.541,-0.532,-1.325,93,29,8,7],[-1.102,0.349,-1.04,116,5,7],[-1.292,0.777,-0.666,114,12],[-0.674,-0.975,-0.24,52,73],[-1.078,-0.729,-0.008,54,70],[-0.815,-0.502,0.423,56,76],[-0.682,-0.322,0.834,57,77],[-0.073,-2,-2.003,14,6,21],[0.005,-1.541,-1.854,17,4,65],[-0.278,-1.202,-1.555,89,51,1],[0.601,-1.605,-1.601,18,67],[0.455,-0.597,-1.299,90,27,27],[-0.353,-1.024,-1.18,45,3,81,9],[-2.19,-0.292,-0.866,0,47,2],[-0.507,-0.719,-0.793,46,5,76],[-2.332,0.136,-0.277,1,52],[-1.689,-0.652,-1.368,4,39,7],[1.077,0.124,-0.844,95,23,28],[1.328,-1.676,-0.807,68,9,68],[2.663,-1.658,0.124,67,80],[0.265,-1.176,-1.165,65,13,65],[-0.01,-1.598,-1.281,44,18,77,3],[-0.364,-2.872,-2.272,6,9,25],[1.201,-0.482,-1.238,22,66],[0.593,-2.036,-1.767,19,23,21],[2.007,0.63,-0.637,24,67,28],[2.435,-0.815,-0.72,25,41,10],[1.477,-1.324,-1.376,23,41],[2.717,0.006,1.168,27,42],[2.377,1.323,0.286,26,71],[1.577,1.006,-0.367,96,52],[0.021,-2.732,1.784,35,2,47],[0.868,-2.727,1.716,33,49],[1.761,-3.092,1.426,31,43,5],[2.42,-1.468,1.355,29,43],[2.45,-2.152,0.956,71,80],[2.352,-0.098,1.332,28,71],[1.852,-0.942,1.743,30,72],[0.886,-0.951,2.006,32,73],[-0.378,-1.202,1.898,34,4,77],[-1.104,-1.89,1.709,13,23,25,22],[-1.111,-0.292,1.762,12,27,67],[-1.573,0.778,1.342,10,97],[0.083,0.556,1.57,104,54,1],[1.001,0.195,1.537,103,53],[1.991,1.237,0.247,98,52],[1.641,0.143,1.363,101,53],[1.756,0.373,0.886,100,52],[0.024,-0.419,0.962,60,20,77,3],[0.75,-0.593,1.055,75,6,74],[-0.369,-0.325,0.933,59,77,25],[-2.883,-1.109,0.515,9,46],[2.653,-1.581,0.559,70,79],[2.125,-3.219,0.882,73,80]],"sa":98,"s":[{"p":[-0.01340954,0.02159033,0.07567013],"r":[43.22356,267.4005,358.998],"s":[0.02463655,0.01364395,0.0350128],"c":[0.07407389,0.6666667,0.6666667]}]},{"b":16,"t":19,"t1":168,"s":[{"p":[0.0262633,-0.01050712,0.07851341],"r":[66.72569,289.5099,13.3521],"s":[0.03112845,0.06105617,0.03339835],"c":[0.5901234,0.7777778,0.4320985],"t1":{"c":[1,0.5142855,0],"a":0.05}}]},{"b":69,"t":19,"t1":168,"c":[[0.277,-1.469,-0.029,229,1,1,1,1,1,2,2,2,2,2,1,2,1,2,1,2,1,2,6,1,1,1,1,1,1,2,2,2,2],[-0.129,-1.319,-0.08,221,28],[0.08,-1.173,-0.058,219,36],[0.133,-1.359,-0.017,218,51],[0.026,-1.289,-0.11,220,32],[-0.199,-1.025,-0.032,203],[-0.251,-1.152,0.093,222,24],[-0.234,-1.203,0.104,223,20],[-0.254,-1.246,0.113,224,17],[-0.202,-1.582,0.12,225,14],[-0.196,-1.512,0.126,226,11],[-0.109,-1.548,0.262,227,8],[0.011,-1.591,0.24,260,15],[-0.046,-1.44,0.193,228,33],[0.182,-1.658,0.18,259,14],[0.297,-1.528,-0.043,257],[0.255,-1.63,0.133,258,13],[0.024,-1.051,-0.107,204],[-0.377,-1.062,-0.199,202],[0.015,-0.844,-0.167,188],[-0.083,-0.994,-0.235,170],[0.135,-0.994,-0.204,187],[0.268,-1.157,-0.167,205],[0.236,-0.943,-0.251,171],[0.383,-1.003,-0.362,186],[-0.084,-0.373,-0.481,137],[-0.144,-0.591,-0.389,155],[0.311,-1.069,-0.573,154],[0.281,-0.532,-0.787,138],[0.3,-1.015,-0.652,139],[-0.164,-0.128,-0.685,136],[-0.441,-0.943,-0.467,135],[-0.452,-0.594,-0.584,134],[-0.404,-0.975,-0.429,156],[-0.418,-1.187,-0.347,169],[-0.371,-0.893,-0.299,189],[-0.415,-1.415,-0.05,201],[-0.035,-1.67,0.439,196,21],[-0.207,-1.504,0.358,197],[0.126,-1.597,0.332,216],[0.299,-1.7,0.261,215],[-0.313,-1.748,0.293,198],[0.478,-1.426,-0.59,179],[0.596,-0.998,-0.611,172],[0.504,-1.085,-0.591,141],[0.414,-1.639,-0.12,212],[-0.501,-1.865,-0.023,200],[0.41,-1.731,-0.037,213],[0.522,-1.569,-0.283,206],[0.419,-1.77,0.127,214],[-0.456,-1.604,0.246,199],[0.587,-0.85,-0.758,140],[-0.673,-1.479,-0.337,168],[-0.546,-1.632,-0.209,190],[-0.623,-1.699,-0.038,191],[-0.784,-1.053,-0.538,133]],"s":[{"p":[0.04801691,-0.007078014,0.07644421],"r":[78.42283,306.3295,211.0339],"s":[0.08813378,0.04576892,0.06780621],"c":[0.2962961,0.3809522,0.6666667],"t1":{"c":[1,0.5142855,0],"a":0}}]}]}