{"n":"info wall","v":9,"a":[7],"p":[{"s":[{"p":[0,0,0],"r":[0,0,0],"s":[2.534872,0.3799125,2.824636],"c":[1,1,1]}]}]}