{"v":9,"a":[48,49],"p":[{"s":[{"p":[0,0,0],"r":[0,0,0],"s":[0.07742248,0.1211938,0.1750005],"c":[0.9714285,0,1]}]}]}