{"v":9,"p":[{"b":60,"s":[{"p":[0,0,0],"r":[0,0,0],"s":[0.1512638,0.4936071,0.1609564],"c":[1,0.8571429,0]}]}]}