{"v":9,"p":[{"b":13,"s":[{"p":[0,0,0],"r":[0,0,0],"s":[0.4680324,0.005289897,0.05758631],"c":[0,0,0]}]}]}