{"v":9,"p":[{"b":175,"s":[{"p":[0,0,0],"r":[0,0,0],"s":[0.07827054,0.2351137,0.005719147],"c":[0,0,0]}]}]}