{"v":9,"p":[{"b":60,"s":[{"p":[0,0,0],"r":[0,0,0],"s":[0.1496399,0.03477889,0.226935],"c":[0,1,0.2285714]}]},{"b":131,"e":"ALL PLACES\nTO ROB","s":[{"p":[-0.04340335,0.02467839,0.0841952],"r":[89.40884,297.3652,298.0945],"s":[0.001638349,0.001638349,0.00163835],"c":[1,0,0]}]},{"b":131,"e":"BY: VLAD","s":[{"p":[-0.04745818,0.02483645,-0.06143629],"r":[86.96178,161.4524,162.7989],"s":[0.001893175,0.001893176,0.001893177],"c":[1,0,0]}]}]}