{"v":9,"p":[{"b":69,"t":19,"t1":168,"s":[{"p":[0.1107692,-0.008073352,-0.00825302],"r":[10.83236,0.09157494,355.3563],"s":[0.02471164,0.06428031,0.02528496],"c":[0.6666667,0.5587301,0.4444442],"t1":{"c":[0.5954146,0.09876538,0.8888889],"a":0.05}}]},{"b":69,"t":19,"t1":168,"s":[{"p":[0.0006319324,0.001142567,0.02278756],"r":[6.206173,3.775726,353.6488],"s":[0.02471167,0.06428034,0.02528497],"c":[0.6666667,0.5587301,0.4444442],"t1":{"c":[0.5954146,0.09876538,0.8888889],"a":0.05}}]}]}