{"v":9,"a":[2,3,22,18],"p":[{"s":[{"p":[0.01182555,0.0607928,-0.16522],"r":[0,0,2.049057E-05],"s":[0.04818333,0.06090087,0.1320803],"c":[1,1,1],"b":["when triggered then tell dotrail"]}]},{"t":2,"a":[12],"im":"1742303657997186174/B7E42639C2227FF1C77996A50B44FD1DAE6B4899/","s":[{"p":[0,0,0],"r":[-1.162598E-06,-1.162598E-06,270],"s":[0.175055,0.1750438,0.1714992],"c":[1,1,1],"b":["when told dotrail then trail start with thick-end thick-start","when told dotrail then become untweened 2","when told dotrail then play whoosh air blade 6"]},{"p":[0.194079,-1.192093E-07,1.192093E-07],"r":[6.037092E-07,6.037092E-07,270],"s":[0.1752121,0.1751207,0.1715703],"c":[1,1,1],"b":["when starts then trail start with thick-end thick-start","when starts then become untweened 3"]},{"p":[0,0,0],"r":[-1.162597E-06,-1.162598E-06,270],"s":[0.1750119,0.1750088,0.171457],"c":[1,1,1],"b":["when starts then trail end","when starts then become untweened 1"]}]}]}