{"v":9,"a":[22],"p":[{"b":179,"im":"1742303657997125476/F92A81C10CA73BFDE8E4ABB6086BC406399AE69F/","s":[{"p":[0,0,0],"r":[0,0,6.157171E-14],"s":[0.2150169,0.21501,0.2106494],"c":[1,1,1]}]},{"b":179,"im":"1742303657997125476/F92A81C10CA73BFDE8E4ABB6086BC406399AE69F/","s":[{"p":[0,0,0],"r":[-1.001791E-05,180,1.001791E-05],"s":[0.2150735,0.2150314,0.2107048],"c":[1,1,1]}]}]}