{"n":"sim thing","v":9,"p":[{"b":8,"s":[{"p":[0,0,0],"r":[0,0,0],"s":[0.1250002,0.125,0.1943534],"c":[0,1,0.3999999]}]}]}