{"v":9,"p":[{"a":[1],"s":[{"p":[0,0,0],"r":[0,0,0],"s":[1.321884,0.03436318,0.880303],"c":[0,0,0]}]}]}