{"n":"alen walker text","v":9,"p":[{"b":18,"e":"ALEN WALKER","s":[{"p":[0,0,0],"r":[0,0,0],"s":[0.003000009,0.003000008,0.003000011],"c":[0,0,0]}]}]}