{"n":"tokyo machine text","v":9,"p":[{"b":18,"e":"TOKYO MACHINE","s":[{"p":[0,0,0],"r":[0,0,0],"s":[0.003000008,0.003000008,0.003000013],"c":[0,0,0]}]}]}