{"n":"sprocket charm e","v":9,"a":[2,7,18,31],"p":[{"a":[23],"s":[{"p":[0,1.490116E-08,-0.1434923],"r":[6.830189E-06,-1.140187E-06,1.140187E-06],"s":[0.03108195,0.007204569,0.1264654],"c":[0.5555556,0,0]}]},{"b":5,"a":[23],"s":[{"p":[0,3.72529E-09,-0.04606587],"r":[6.830189E-06,-1.140187E-06,1.140187E-06],"s":[0.001000047,0.001000272,0.1052526],"c":[1,1,1]}]},{"b":4,"t":7,"a":[12,37],"s":[{"p":[0,0,0],"r":[6.830189E-06,-1.140187E-06,1.140187E-06],"s":[0.007833793,0.007835293,0.007830517],"c":[0.9714285,0,1],"b":["when starts then all parts face up"]}]},{"b":115,"e":"\n8","s":[{"p":[0.01102757,-0.003802299,-0.1054508],"r":[270,180,0],"s":[0.004764061,0.004758738,0.004764206],"c":[1,1,1]}]}]}