{"n":"wood grain","v":9,"a":[1,7],"p":[{"im":"156899965731309050/DF071D0D4D869D7D8A1CD9E2E96E16E1AAF5BABF/","s":[{"p":[0,0,0],"r":[0,0,0],"s":[19.83327,0.01000004,14.68749],"c":[1,1,1]}]}]}