{"v":9,"a":[7,18],"p":[{"t":7,"a":[12,36],"s":[{"p":[-0.06398952,8.657421E-08,1.192093E-07],"r":[0,0,-1.413045E-05],"s":[0.1745644,0.1600141,0.1159188],"c":[1,1,1],"b":["--when grabbed then become next","when told hitboxx then become 3"]},{"p":[0,0,0],"r":[0,0,0],"s":[0.2448019,0.248398,0.1159145],"c":[0.9714286,1,0],"b":["when starts then become previous, tell flicktop"]},{"p":[-0.06398952,8.657421E-08,1.192093E-07],"r":[0,0,-1.413045E-05],"s":[0.1745644,0.1600141,0.1159188],"c":[1,1,1],"b":["when told hitbox then become 1"]}]}]}