{"v":9,"p":[{"b":3,"s":[{"p":[0,0,0],"r":[0,0,0],"s":[0.1120511,0.1356335,0.3139031],"c":[0.1142857,0,1]}]}]}