{"v":9,"p":[{"b":69,"t":19,"t1":168,"s":[{"p":[0,0,0],"r":[0,0,4.268869E-07],"s":[0.03282358,0.07390374,0.03548395],"c":[0.3333329,0.3333329,0.3333329],"b":["when told by any dad2 then become next"],"t1":{"c":[1,0,0],"a":0.04308057}}]}]}