{"n":"pants","v":9,"a":[2],"p":[{"b":69,"s":[{"p":[0,0,0],"r":[0,0,5.336085E-08],"s":[0.2451443,0.08286774,0.2094874],"c":[0.4444443,1,0.7619048]}]}]}