{"v":9,"p":[{"b":167,"s":[{"p":[0,0,0],"r":[0,0,0],"s":[0.108704,0.1028954,0.1986178],"c":[0.8888889,0.8888889,0.8888889]}]}]}