{"v":9,"a":[7,18,31],"p":[{"b":69,"s":[{"p":[-0.002976425,0.001712203,0.05854535],"r":[0,90,270],"s":[0.05057586,0.05057733,0.05058352],"c":[1,0.5142855,0]}]},{"b":4,"t":7,"a":[12],"i":[{"t":"6062a32e43d3bd138ee93b6f","p":[0.001374707,0.002677887,0.1759761],"r":[0.03117296,359.6497,-9.56833E-05]}],"s":[{"p":[0,0,0],"r":[0,0,0],"s":[0.0638302,0.06380098,0.06383422],"c":[1,0,0.8571426],"b":["when starts then all parts face nearest ii"]}]}]}