{"v":9,"a":[7,18],"p":[{"b":2,"s":[{"p":[0,0,0],"r":[0,0,-6.157171E-14],"s":[0.1021894,0.001,0.1250055],"c":[1,1,1]}]}]}