{"n":"base tile","v":9,"a":[7],"p":[{"s":[{"p":[0,0,0],"r":[0,0,0],"s":[0.8071657,0.1106355,0.6289209],"c":[0,0,0]}]}]}