{"n":"lamp","v":9,"p":[{"b":3,"t":3,"s":[{"p":[0,0,0],"r":[0,0,-6.403303E-07],"s":[0.125,0.1250001,0.1250001],"c":[0.7679012,0.7777778,0.4320987],"b":["when touched then become next in 0.05s"]},{"p":[0,0,0],"r":[0,0,-6.403303E-07],"s":[0.125,0.1250001,0.1250001],"c":[0,0,0],"b":["when touched then become next in 0.05s"]}]}]}