{"n":"lightsaber","v":9,"a":[2,3],"p":[{"b":3,"t":10,"s":[{"p":[0.01606427,0.00972667,0.05929156],"r":[12.18073,21.1282,339.2723],"s":[0.0185662,0.0176809,0.01931678],"c":[0.8888889,0.3160492,0.1975307]}]},{"b":5,"t":11,"a":[3],"s":[{"p":[-0.001416739,0.02115532,0.0001417231],"r":[8.305891,358.7912,343.0547],"s":[0.02137039,0.02198201,0.3086674],"c":[1,1,1],"b":["when triggered then become next in 1s"]},{"p":[-0.001741805,0.01394405,0.01172244],"r":[7.588641,357.1595,354.9998],"s":[0.02137038,0.021982,0.3086671],"c":[1,1,1],"b":["when triggered then become next in 1s"]}]},{"b":3,"t":2,"pr":7,"s":[{"p":[-0.008960567,-0.06698453,0.5083616],"r":[10.88958,359.0803,322.226],"s":[0.02237564,0.02640759,0.531217],"c":[0.3333332,0.5999996,1],"pr":{"c":[0.3333333,0.5999996,1],"a":0}}]}]}