{"n":"viewfinder hinge","v":9,"a":[7,12,18,31,48,49],"p":[{"b":4,"i":[{"t":"606687219071a30544070f0d","p":[1.035532E-08,-2.071065E-08,0.1184511],"r":[0,0,0],"a":[48,49]}],"s":[{"p":[0,0,0],"r":[0,0,0],"s":[0.01674875,0.01674905,0.01674903],"c":[1,1,1],"b":["when starts then all parts face view"]}]}]}