{"n":"color mover","v":9,"a":[20],"p":[{"b":45,"t":1,"s":[{"p":[0,0,0],"r":[0,0,4.378972E-13],"s":[3.009928,365.2226,1.165169],"c":[1,1,1]}]},{"b":64,"t":19,"s":[{"p":[-0.5644599,-58.20712,9.869201E-08],"r":[1.272222E-14,90.00001,-1.792854E-07],"s":[0.2462207,116.0065,0.2550945],"c":[0.7280423,0.8888889,0.5925926],"b":["when starts then become next in 20s"]},{"p":[-0.5644855,240.6482,-3.051758E-05],"r":[7.546364E-06,90.00002,7.546365E-06],"s":[0.2462207,116.0065,0.2550945],"c":[0.7280423,0.8888889,0.5925926],"b":["when starts then become untweened next"]}]}]}