{"n":"slide door","v":9,"a":[21],"p":[{"t":7,"a":[12],"i":[{"t":"6067a487bc7aa7054f84d24c","p":[0.59361,-0.1096611,-0.2165665],"r":[3.662568,178.9267,1.1599]},{"t":"6067a5e2c54299054eff1579","p":[0.6011277,0.02250005,0.03722787],"r":[336.1367,267.486,96.95128]}],"s":[{"p":[0,0,0],"r":[0,0,0],"s":[0.05445082,0.0544508,0.05445083],"c":[1,1,1],"b":["when told by nearby open then become next in 1s"]},{"p":[-1.377245,0.03162157,-0.02490187],"r":[0.2154378,1.686285,359.3254],"s":[0.05445701,0.05445748,0.0544567],"c":[1,1,1],"b":["when starts then become next in 10s"]}]}]}