{"n":"door","v":9,"a":[7,18],"p":[{"s":[{"p":[0,0,0],"r":[0,0,0],"s":[0.03757769,0.8916708,1.738274],"c":[0.3333332,0.2285713,0]}]},{"s":[{"p":[-0.02755449,0.3857217,0.2017538],"r":[0,0,180],"s":[0.04372374,0.0126973,0.01587258],"c":[0.6666667,0.6666667,0.6666667]}]},{"s":[{"p":[-0.05121135,0.3024187,0.2021141],"r":[0,0,-5.008957E-06],"s":[0.008190545,0.1812339,0.03344658],"c":[0.6666667,0.6666667,0.6666667],"b":["when touches hand then become 2 in 0.5s"]},{"p":[-0.05121135,0.3024187,0.2021141],"r":[0,0,-5.008957E-06],"s":[0.008190545,0.1812339,0.03344658],"c":[0.6666667,0.6666667,0.6666667],"b":["when touches hand then become 1 in 0.5s"]}]}]}