{"v":9,"a":[49],"p":[{"t":7,"a":[12,38],"s":[{"p":[-0.08234098,-0.06114466,0.162848],"r":[3.366266,3.130598,357.2965],"s":[0.1817526,0.03789218,0.3268917],"c":[0.4444442,0.4444442,0.4444442]}]}]}