{"v":9,"a":[1,2,3],"p":[{"i":[{"t":"606cfeee1934fb054643a254","p":[0.0830023,0.009233535,-0.04231861],"r":[357.9786,85.65671,83.69183]}],"s":[{"p":[0,0,0],"r":[0,0,-7.47052E-07],"s":[0.02019706,0.02223205,0.05513899],"c":[0.5555556,0.4338621,0.37037]}]}]}