{"v":9,"p":[{"t":3,"a":[12],"s":[{"p":[0,0,0],"r":[1.707547E-06,3.415095E-06,2.561321E-06],"s":[0.1750016,0.1750009,0.1750012],"c":[1,1,1]}]}]}