{"v":9,"p":[{"t":2,"s":[{"p":[0,0,0],"r":[0,0,0],"s":[0.03640114,0.03640133,0.03640123],"c":[0.1142857,0,1],"b":["when starts then trail start with thick-start"]}]}]}