{"v":9,"p":[{"i":[{"t":"606d497928c3521a110899d3","p":[0.07211427,0.01514258,0.001301646],"r":[0.7904577,359.2988,355.9605]}],"s":[{"p":[0,0,0],"r":[0,-1.707547E-06,0],"s":[0.1206741,0.02219633,0.02253118],"c":[1,1,1],"b":["when starts then set constant rotation to 0 0 100"]}]}]}