{"n":"concept","v":9,"a":[7],"p":[{"b":2,"t":21,"a":[37],"s":[{"p":[-0.2318533,0.02682996,-0.2538976],"r":[0,270,90.00001],"s":[0.001000011,0.001000002,0.001],"c":[0.4571431,0,1],"b":["when told pressed then play chime 2, become 2 in 1s"]},{"p":[-0.1115864,0.02946141,-0.2596422],"r":[0,270,90],"s":[0.1250234,0.0780911,0.1250311],"c":[0.4571431,0,1],"b":["when told pressed then play chime 3, become 1 in 1s"]}]},{"b":5,"s":[{"p":[-0.2274961,0.02868167,-0.2572488],"r":[0,270,0],"s":[0.02829278,0.02828336,0.02829525],"c":[1,0,0],"b":["when touches hand then tell pressed "]}]},{"b":123,"e":"Menu Button Concept","s":[{"p":[-0.223753,-0.08125848,-0.3942348],"r":[0,270,90],"s":[0.003000609,0.003000259,0.003000631],"c":[0.4571431,0,1]}]}]}