{"n":"ground","v":9,"a":[1],"p":[{"b":17,"s":[{"p":[0,0,0],"r":[0,0,0],"s":[3.369896,0.1242527,3.20934],"c":[0.9019608,0.8509804,0.7215686]}]},{"b":17,"s":[{"p":[5.122336,0.07355012,8.779645],"r":[358.637,64.9147,0.7529973],"s":[3.369903,0.1242527,3.209345],"c":[0.9019608,0.8509804,0.7215686]}]},{"t":3,"a":[12],"s":[{"p":[5.782216,1.084127,9.011231],"r":[271.0581,323.9557,248.8376],"s":[0.1750005,0.1750004,0.1750005],"c":[0,1,1]}]}]}