{"n":"cord pos2","v":9,"a":[7],"p":[{"s":[{"p":[0,0,0],"r":[0,0,0],"s":[0.02932533,0.01055918,0.02598969],"c":[0,0,0]}]}]}