{"v":9,"p":[{"s":[{"p":[0.0935528,0.01503093,0.05792578],"r":[356.2932,347.1486,344.1307],"s":[0.1750002,0.1750003,0.1750001],"c":[1,1,1]}]},{"b":10,"s":[{"p":[0.2133933,-0.3328701,-0.3679467],"r":[65.15388,18.58622,72.48568],"s":[0.1250003,0.1250002,0.1250002],"c":[1,1,1]}]},{"b":10,"s":[{"p":[0.03362449,-0.06216828,-0.1595945],"r":[58.24226,353.1104,316.8662],"s":[0.1250003,0.1250003,0.1250001],"c":[1,1,1]}]}]}