{"n":"lamp ball","v":9,"a":[48,49],"p":[{"b":9,"t":3,"a":[3],"s":[{"p":[0,0,0],"r":[0,0,0],"s":[0.03968588,0.03968598,0.03968588],"c":[1,1,1]}]}]}