{"v":9,"a":[48],"p":[{"s":[{"p":[-0.2214643,-0.01867869,-0.256848],"r":[358.9716,44.69014,1.181067],"s":[0.2116379,0.03313167,0.02892161],"c":[1,1,1],"b":["when told by any jinxsnap then become next in 0.2s, play success bling with 200"]},{"p":[0,0,0],"r":[0,0,1.707547E-06],"s":[0.2116379,0.03313166,0.0289216],"c":[1,1,1],"b":["when touches hand then tell nearby movetheroomsuccess, become next in 0.2s"]}]}]}