{"n":"leg bowl","v":9,"a":[13],"p":[{"b":86,"a":[12,37,36],"s":[{"p":[0,0,0],"r":[0,0,0],"s":[0.003763422,0.003201498,0.003763348],"c":[0.222222,0.1622573,0.09876529],"b":["when told by body leg triggered left then become next in 0.5s","when told by body leg triggered left then turn on","when told by body leg triggered left then play mouth pop"]},{"p":[0,0,0],"r":[0,0,0],"s":[0.07500021,0.05273047,0.07500014],"c":[0.222222,0.1622573,0.09876529],"b":["when told by body leg triggered left then become next","when told by body leg triggered left then turn off"]}]}]}