{"v":9,"a":[7,18],"p":[{"b":25,"t":21,"a":[13],"i":[{"t":"60749fb2c058902a50f23a78","p":[6.852625E-10,0.003919244,0.001032711],"r":[0,0,0]}],"s":[{"p":[0,0,0],"r":[0,0,0],"s":[2.000018,1.000045,2.000205],"c":[0,0,0],"b":["when starts then become next in 1s"]}]}]}