{"n":"boob","v":9,"a":[7,18],"p":[{"s":[{"p":[0,0,0],"r":[0,0,0],"s":[14.35562,0.175,12.21016],"c":[1,1,1]}]}]}