{"v":9,"a":[7,12,18,31,48,49],"p":[{"a":[12],"i":[{"t":"607644b13db29905483f654d","p":[-0.3600681,5.365433E-08,0.03720093],"r":[0,0,-8.537737E-06]}],"s":[{"p":[0,0,0],"r":[0,0,8.537737E-06],"s":[0.1269386,0.1269391,0.1269393],"c":[1,1,1],"b":["when starts then all parts face up"]}]}]}