{"v":9,"p":[{"t":3,"s":[{"p":[0,0,0],"r":[0,0,8.537737E-07],"s":[0.001,0.001,0.001],"c":[1,1,1]}]},{"t":3,"s":[{"p":[-0.08543202,0.01386341,-0.07827695],"r":[13.92631,328.5873,356.6801],"s":[0.001000001,0.001,0.001],"c":[1,1,1]}]}]}