{"v":9,"a":[7,18],"p":[{"s":[{"p":[0,0,0],"r":[0,0,0],"s":[0.8656477,0.04453554,1.890874],"c":[0.4444443,0.3668429,0.1975307]}]},{"b":57,"t":1,"s":[{"p":[-0.3075466,-0.002517641,0.129949],"r":[90,90,0],"s":[0.125023,0.1250146,0.1250174],"c":[0.222222,0.1989416,0.148148],"b":["when touched then tell nearby door"]}]}]}