{"v":9,"a":[7,18,48],"p":[{"s":[{"p":[0,0,0],"r":[0,0,0],"s":[0.402774,0.1051413,0.1750068],"c":[1,1,1],"b":["when touched then tell any 4"]}]}]}