{"n":"cam moverx","v":9,"a":[7,18],"p":[{"s":[{"p":[0,0,0],"r":[0,0,0],"s":[0.1750429,0.1750475,0.1750863],"c":[0,0,0]}]}]}