{"v":9,"p":[{"s":[{"p":[0,0,0],"r":[0,0,0],"s":[83.95816,39.90539,0.1750007],"c":[1,1,1]}]}]}