{"n":"portal skybox","v":9,"a":[31],"p":[{"b":3,"a":[29],"t1":60,"s":[{"p":[0,0,0],"r":[0,0,0],"s":[0.2174077,0.217408,0.217408],"c":[0.2920634,0.2222221,0.3333332],"b":["when starts then become next in 10s"],"t1":{"c":[0.5097001,0.4320987,0.5555556],"x":0.5,"y":0.5,"a":0,"m":0,"n":0,"r":0,"g":0,"o":0.5,"t":0.5,"e":0.5}},{"p":[0,0,0],"r":[0,0,0],"s":[0.2174077,0.217408,0.217408],"c":[0.2920634,0.222222,0.3333332],"b":["when starts then become next in 10s"],"t1":{"c":[0.20388,0.1728394,0.2222221],"x":0.5,"y":0.5,"a":0,"m":0,"n":0,"r":0,"g":0,"o":0.5,"t":0.5,"e":0.5}}]}]}