{"n":"robot finger","v":9,"p":[{"t":1,"s":[{"p":[-0.004759822,-0.005401829,0.02694067],"r":[2.918502,21.45704,358.0861],"s":[0.01470253,0.03702502,0.04956814],"c":[0.8888889,0.8042328,0.296296]}]},{"t":1,"s":[{"p":[0.01926993,-0.008825749,0.06530149],"r":[4.93509,43.36486,359.4767],"s":[0.01470237,0.03702483,0.04956776],"c":[0.8888889,0.8042328,0.296296]}]},{"t":1,"s":[{"p":[-0.01342477,-0.002666237,-0.01790668],"r":[3.036842,1.260343,357.757],"s":[0.01470234,0.03702473,0.04956779],"c":[0.8888889,0.8042328,0.296296]}]}]}