{"v":9,"a":[2],"p":[{"s":[{"p":[0,0,0],"r":[0,0,0],"s":[0.02772529,0.02630644,0.2137986],"c":[0.3333332,0.2984126,0.2222221]}]},{"b":14,"s":[{"p":[0.002158403,0.001508221,0.1218637],"r":[358.9137,271.0179,0.2545962],"s":[0.06000026,0.06000025,0.0192054],"c":[0.4444443,0.4444443,0.4444443]}]}]}