{"v":9,"a":[2,32],"tp_ad": 100,"p":[{"b":12,"s":[{"p":[0.4588274,-0.02564534,0.1970272],"r":[1.110019,88.87402,0.6039553],"s":[0.06000001,0.05999998,0.06000003],"c":[1,1,1]}]},{"b":12,"s":[{"p":[0,0,0],"r":[4.173133,10.26518,4.454463],"s":[0.1010007,0.06,0.001],"c":[1,1,1]}]}]}