{"n":"pot","v":9,"a":[7,18],"p":[{"b":5,"t":7,"s":[{"p":[0,0,-0.1099999],"r":[0,0,0],"s":[0.09001242,0.09000949,0.100011],"c":[0.6666666,0.9142855,1],"b":["when told by nearby green then become untweened 2"]},{"p":[0,0,-0.08700132],"r":[0,0,0],"s":[0.09001409,0.09001065,0.1000133],"c":[0.6031746,1,0.4444441],"b":["when touches hand then become 1","when told by nearby send then play water splash thick, tell nearby grsmoo, become 1"]}]}]}