{"v":9,"a":[7,13,18],"p":[{"t":9,"s":[{"p":[0,0,0],"r":[0,0,0],"s":[2.125464,0.1751285,2.435978],"c":[0.7111112,0.222222,1]}]}]}