{"v":9,"a":[7,18,53],"p":[{"s":[{"p":[0,0,0],"r":[0,0,0],"s":[0.09630182,0.08748828,0.2381901],"c":[1,1,1],"b":["when touched then tell any 9"]}]}]}