{"v":9,"a":[7,13,18],"p":[{"t":9,"s":[{"p":[0,0,0],"r":[0,0,0],"s":[2.820115,0.1751442,2.436176],"c":[0.7111112,0.2222219,1]}]}]}