{"v":9,"a":[27],"p":[{"b":62,"t":9,"s":[{"p":[0.007323503,-0.001163225,0.1824109],"r":[352.7181,1.147476,356.4624],"s":[0.1633386,0.06328357,0.2148815],"c":[0.5555556,0.5555556,0.5555556]}]},{"b":43,"t":9,"s":[{"p":[0.01153924,-0.009508953,0.2877118],"r":[1.177353,96.41919,2.198535],"s":[0.1250006,0.06855594,0.08418716],"c":[0.5555556,0.5555556,0.5555556]}]},{"t":7,"s":[{"p":[0.009961132,0.0008928453,-0.005264572],"r":[356.7553,355.4277,357.2587],"s":[0.09530363,0.06991919,0.07241538],"c":[0,1,1]}]}]}