{"n":"ground","v":9,"a":[7,18],"p":[{"t1":104,"s":[{"p":[0,0,0],"r":[0,0,0],"s":[89.42333,0.152238,208.4588],"c":[0.8031746,1,0.7777778],"t1":{"c":[0,0,0],"x":0,"y":0.0006226301,"a":0.8925,"m":0,"n":0,"r":0.06008863,"g":0,"o":0.5,"t":0.5,"e":0.5}}]}]}