{"v":9,"a":[7,12,18,31],"p":[{"b":4,"a":[12,37],"s":[{"p":[0,0,0],"r":[3.465804E-13,1.982983E-06,-8.14222E-13],"s":[0.07219833,0.0721995,0.0722023],"c":[1,1,1]}]},{"b":118,"t":2,"a":[19],"e":"[TYPED]","s":[{"p":[0.002396013,-0.0400314,-0.08564269],"r":[357.3355,357.9823,180.0938],"s":[0.006458616,0.006457917,0.006457437],"c":[1,1,1],"b":["when starts then all parts face view"]}]}]}