{"v":9,"a":[7,18,31],"p":[{"b":53,"t":19,"s":[{"p":[0.04897549,0.01247456,0.1337352],"r":[0,90.00002,90],"s":[0.02071375,0.006838076,0.02069766],"c":[0,1,1],"b":["when talked from then become next in 0.1s"]},{"p":[0.04897549,0.01247456,0.1337352],"r":[0,90.00002,90],"s":[0.02071375,0.006838076,0.02069766],"c":[0,0.05714206,1],"b":["when starts then become next in 0.1s"]}]},{"b":53,"t":19,"s":[{"p":[-0.05217218,0.01247455,0.1338754],"r":[1.024528E-05,90,90],"s":[0.02071412,0.006838243,0.02069774],"c":[0,1,1],"b":["when talked from then become next in 0.1s"]},{"p":[-0.05217218,0.01247455,0.1338754],"r":[1.024528E-05,90,90],"s":[0.02071412,0.006838243,0.02069774],"c":[0,0.05714206,1],"b":["when starts then become next in 0.1s"]}]}]}