{"n":"scraplegface","v":9,"a":[31],"p":[{"t":7,"a":[12,37,36],"s":[{"p":[0,0,0],"r":[0,0,0],"s":[0.06718796,0.06718799,0.06718804],"c":[1,1,1],"b":["when starts then become next in 0.6s"]},{"p":[0,0,0],"r":[0,0,0],"s":[0.06718796,0.06718799,0.06718804],"c":[1,1,1],"b":["when starts then become next in 0.6s"]},{"p":[0,0,0],"r":[0,0,0],"s":[0.06718796,0.06718799,0.06718804],"c":[1,1,1],"b":["when starts then become next in 0.6s"]},{"p":[0,0,0],"r":[0,0,0],"s":[0.06718796,0.06718799,0.06718804],"c":[1,1,1],"b":["when starts then destroy all parts with 0s restore"]}]}]}