{"v":9,"a":[7,12,18,31],"p":[{"t":7,"a":[12,37,36],"i":[{"t":"608076f1872d1725a96aa937","p":[0.0111543,0.3152318,-0.7191992],"r":[90,2.094532E-05,0]}],"s":[{"p":[0,0,0],"r":[0,0,5.008957E-06],"s":[0.04700369,0.04698545,0.04698094],"c":[1,1,1],"b":["when starts then project with 100% reach"]}]}]}