{"n":"wall","v":9,"a":[7,18,20,31,49],"p":[{"t":19,"a":[23],"s":[{"p":[0,0,0],"r":[0,0,0],"s":[0.0434264,1.820881,354.7853],"c":[0.3333332,0.3333332,0.3333332]}]},{"a":[23],"t1":104,"t2":134,"s":[{"p":[-0.02394021,-5.53238E-08,0],"r":[0,0,0],"s":[0.001000077,1.630218,354.5335],"c":[0.5555556,0.5555556,0.5555556],"t1":{"c":[0,0,0],"x":0.1173985,"y":0,"a":0.8925,"m":0,"n":0,"r":0.7514805,"g":0,"o":0.5,"t":0.5,"e":0.5},"t2":{"c":[0,0,0],"x":0.5,"y":0.5,"a":0.8925,"m":0,"n":0,"r":0,"g":0,"o":0.5,"t":0.5,"e":0.5}}]}]}