{"n":"rusty ehinge r","v":9,"a":[7,12,18,21,49],"p":[{"b":62,"t":21,"t1":167,"s":[{"p":[0,0,0],"r":[270,270,0],"s":[0.06493952,0.06493848,0.02408968],"c":[0.3333315,1,0.9428572],"b":["when starts then become next in 5"],"t1":{"c":[0.3333333,1,0.8285714],"a":0.75}},{"p":[0,0,0],"r":[270,270,0],"s":[0.06493952,0.06493848,0.02408968],"c":[0,0,0],"t1":{"c":[0.3333333,1,0.8285714],"a":0}}]},{"b":60,"t":21,"i":[{"t":"6080d93e10343c308c3879d4","p":[-0.02388144,-2.164274E-09,-4.097819E-08],"r":[359.9802,269.9604,359.9604]}],"t1":167,"s":[{"p":[3.72529E-09,0,0.03647352],"r":[270,90,0],"s":[0.05937643,0.02917124,0.007622546],"c":[0.3333315,1,0.9428572],"b":["when starts then all parts face nearest rusty wristpointr lock local x lock local z","when starts then become next in 5"],"t1":{"c":[0.3333333,1,0.8285714],"a":0.75}},{"p":[3.72529E-09,0,0.03647352],"r":[270,90,0],"s":[0.05937643,0.02917124,0.007622546],"c":[0,0,0],"t1":{"c":[0.3333333,1,0.8285714],"a":0}}]}]}