{"n":"awristr","v":9,"a":[7,31],"p":[{"s":[{"p":[0,0,0],"r":[0,0,0],"s":[0.0267289,0.02673069,0.02672939],"c":[1,1,1]}]}]}