{"v":9,"a":[7,18],"p":[{"b":102,"e":"YUM YUM","s":[{"p":[-0.03250051,0.0009999904,-0.002499998],"r":[90,-1.001791E-05,0],"s":[0.001000176,0.001000188,0.00300006],"c":[0,0,0]}]},{"b":102,"e":"LOUD VOICE","s":[{"p":[-0.03250051,0.0009999918,-0.01249999],"r":[90,-1.001791E-05,0],"s":[0.001000176,0.001000189,0.003000061],"c":[0,0,0]}]}]}