{"v":9,"a":[7,18],"p":[{"t":1,"s":[{"p":[0,0,0],"r":[0,0,0],"s":[0.1750107,0.1312772,0.4339373],"c":[0.5555556,0.5555556,0.5555556]}]}]}