{"v":9,"a":[7,18],"p":[{"a":[1],"c":[[-0.495,-0.656,-0.503,7,8,4]],"s":[{"p":[0,0,0],"r":[0,0,0],"s":[0.5329161,0.0776968,0.3974154],"c":[0.2469135,0.5555556,0.4761904]}]}]}