{"v":9,"p":[{"s":[{"p":[0,0,0],"r":[0,0,-2.134434E-07],"s":[1.245851,1.380065,0.1750005],"c":[1,1,1]}]}]}