{"n":"elbow point r","v":9,"a":[31],"p":[{"s":[{"p":[0,0,0],"r":[0,0,0],"s":[0.03116642,0.03116644,0.0311665],"c":[1,1,1]}]}]}