{"v":9,"a":[7,18,31],"p":[{"t":19,"a":[23],"s":[{"p":[0,0,0.01201802],"r":[0,0,8.537737E-06],"s":[0.1679547,0.009714749,0.08870779],"c":[0.111111,0.111111,0.111111]}]},{"t":19,"a":[23],"s":[{"p":[0,0.004645109,0.01201802],"r":[0,0,8.537737E-06],"s":[0.1598944,0.001651282,0.08064715],"c":[0.3333332,0.3333332,0.3333332]}]},{"b":140,"t":2,"a":[19],"e":"TEMPLATE\n<-------","s":[{"p":[0,0.00562048,0.04503882],"r":[90,0,0],"s":[0.003000794,0.003000066,0.003000784],"c":[0,0,0]}]}]}