{"v":9,"p":[{"b":131,"e":"ON","s":[{"p":[0,0,0],"r":[0,0,-5.336085E-08],"s":[0.01115684,0.01115684,0.01115684],"c":[0,0,0]}]}]}