{"n":"marshmallow on a stick","v":9,"a":[2,3,7,18],"p":[{"b":5,"s":[{"p":[0,0,0.1146118],"r":[0,0,8.537737E-06],"s":[0.01261806,0.01261962,0.0492354],"c":[1,1,1],"b":["when touches fire then become next in 5s"]},{"p":[0,0,0.1146118],"r":[0,0,8.537737E-06],"s":[0.01261806,0.01261962,0.0492354],"c":[1,0.8253968,0.4444443],"b":["when consumed then become untweened next","when consumed then play short cookie bite"]},{"p":[0,0,0.1146118],"r":[0,0,8.537737E-06],"s":[0.001,0.001,0.0492354],"c":[1,0.8253968,0.4444442],"b":["when triggered then become next"]}]},{"s":[{"p":[0,0,-0.07213354],"r":[0,0,8.537737E-06],"s":[0.007698076,0.0076988,0.4403743],"c":[0.4444443,0.3485007,0.2469134]}]}]}