{"v":9,"a":[7,18],"p":[{"s":[{"p":[0,0,0],"r":[0,0,0],"s":[0.1760118,11.83271,2.489645],"c":[0.1728392,0.7777778,0.3111109]}]}]}