{"n":"microwave oven","v":9,"a":[22,18],"p":[{"b":142,"e":"ROTATION","s":[{"p":[0,0,0],"r":[0,0,0],"s":[0.003005742,0.003000435,0.003005638],"c":[1,1,1]}]},{"b":142,"e":"HEAVY","s":[{"p":[0.01657415,-0.07103825,-0.005305275],"r":[-1.001791E-05,-8.757939E-13,1.001791E-05],"s":[0.003001283,0.003000122,0.003001325],"c":[1,1,1]}]}]}