{"n":"glowing cube","v":9,"p":[{"t":3,"s":[{"p":[0,0,0],"r":[0,0,0],"s":[0.4380032,0.4728823,0.4631246],"c":[1,1,1]}]}]}