{"v":9,"a":[7,18,21],"p":[{"b":144,"t1":104,"t2":104,"s":[{"p":[0,0,0],"r":[0,0,0],"s":[0.004507358,0.09234255,0.09234228],"c":[0.111111,0.111111,0.111111],"t1":{"c":[1,1,1],"x":0,"y":0.8946859,"a":0.8925,"m":0,"n":0,"r":0.5135207,"g":0,"o":0.5,"t":0.5,"e":0.5},"t2":{"c":[1,1,1],"x":0,"y":0.3592487,"a":0.6689219,"m":0,"n":0.4489152,"r":0.5042151,"g":0,"o":0.5,"t":0.5,"e":0.5}}]},{"b":144,"a":[23],"s":[{"p":[0,0,0],"r":[0,0,1.366038E-05],"s":[0.005679109,0.05265856,0.05265785],"c":[0.6666667,0.5185186,0.5185186]}]}]}