{"v":9,"a":[7,18],"p":[{"s":[{"p":[0,0,0],"r":[0,0,0],"s":[2.243922,0.03822059,0.6412309],"c":[0,0,0]}]}]}