{"v":9,"a":[22,48,49],"p":[{"b":4,"t":3,"s":[{"p":[-0.4537454,1.937262,-4.251494],"r":[0,180,45.00001],"s":[0.125119,0.1251138,0.1251132],"c":[0.7506173,0.1975307,0.8888889]}]},{"b":16,"t":3,"s":[{"p":[-5.270831,1.713181,-1.865384],"r":[292.5,270,270],"s":[0.1001727,0.1001253,0.1001577],"c":[0.5481482,0.07407401,0.6666667]}]},{"b":16,"t":3,"s":[{"p":[-3.724033,5.30332,-2.115483],"r":[3.415095E-06,270,270],"s":[0.1001106,0.1001219,0.1001373],"c":[0.5481482,0.07407401,0.6666667]}]},{"b":16,"t":3,"s":[{"p":[-0.1486034,1.138403,-3.340374],"r":[40.78948,20.94101,7.861179],"s":[0.1716454,0.1973921,0.2389604],"c":[0.5481482,0.07407401,0.6666667]}]}]}