{"v":9,"a":[7,18],"p":[{"b":5,"t":1,"s":[{"p":[-1.396984E-09,0,0.005880237],"r":[0,0,0],"s":[0.006507224,0.006018641,0.1000036],"c":[0.7777778,0.7777778,0.7777778]}]},{"b":5,"t":1,"s":[{"p":[0.00163411,-0.0001740456,0.04579806],"r":[1.526666E-13,-1.024528E-05,1.707547E-06],"s":[0.02061442,0.02106109,0.004144256],"c":[0.7777778,0.7777778,0.7777778]}]}]}