{"n":"keys reference 2020","v":9,"a":[7],"p":[{"t":2,"s":[{"p":[8.731149E-11,0.0004047155,0],"r":[0,0,0],"s":[0.3700852,0.001000124,0.3670532],"c":[1,1,1]}]},{"t":2,"im":"1782839197480156438/0C38FBFAEE45634B582353EA21D2896819F128DA/","s":[{"p":[3.49246E-10,0.001551241,0],"r":[0,0,0],"s":[0.3701545,0.001000271,0.3671328],"c":[1,1,1]}]}]}