{"n":"knive","v":9,"a":[2,16],"p":[{"b":30,"s":[{"p":[-0.00295746,0.002105042,-0.1178859],"r":[342.7814,211.6156,3.372827],"s":[0.1250011,0.1250007,0.01840762],"c":[1,1,1]}]},{"b":69,"s":[{"p":[-0.004066132,0.01684275,-0.2103425],"r":[60.27382,255.6099,71.77884],"s":[0.02308077,0.05344972,0.022777],"c":[1,1,1]}]},{"b":14,"s":[{"p":[0.002738969,-0.01493031,0.00567643],"r":[7.686222,2.428895,343.6781],"s":[0.04510005,0.001000002,0.05959424],"c":[1,1,1]}]}]}