{"n":"upper arm r","v":9,"a":[31,49],"p":[{"b":69,"t":2,"a":[38],"i":[{"t":"60848571f1bd530545afcafc","p":[-0.001635134,-0.1733961,-0.00403814],"r":[28.07731,142.8586,142.0988]}],"s":[{"p":[0.002196088,0.0075697,0.1710697],"r":[290.6763,95.96895,264.1007],"s":[0.01108414,0.08532248,0.01108407],"c":[0,0,0]}]},{"b":4,"a":[12],"s":[{"p":[0,0,0],"r":[3.415095E-06,-8.537736E-06,1.024528E-05],"s":[0.0339142,0.03391437,0.03391436],"c":[1,1,1],"b":["when starts then all parts face nearest elbow point r"]}]}]}