{"n":"forearm l","v":9,"a":[49],"p":[{"b":180,"a":[12],"s":[{"p":[-0.00125918,-0.01662607,0.007528746],"r":[44.03298,351.9766,41.78619],"s":[0.02278371,0.02278395,0.02278405],"c":[1,1,1],"b":["when starts then all parts face nearest wrist point l"]}]},{"b":69,"t":2,"a":[38],"s":[{"p":[0.002306256,-0.004580483,0.1620915],"r":[77.36065,69.44763,248.3221],"s":[0.01022208,0.08305568,0.010222],"c":[0,0,0]}]}]}