{"v":9,"p":[{"b":137,"e":"Hollywood Undead masks\n(Sorry, only Charlie Scene\nhas a head. The rest can\nbe added onto a base shape\nor your own head, though.)","s":[{"p":[0,0,0],"r":[4.268869E-07,-7.951389E-16,-2.134434E-07],"s":[0.003000002,0.002999998,0.003000006],"c":[0,0,0]}]}]}