{"n":"robot body","v":9,"p":[{"b":68,"t":1,"i":[{"t":"607292466a176b1a1ddfee13","p":[0.002913602,-0.0001801774,0.1058606],"r":[359.2469,93.82099,8.863288]}],"t1":39,"s":[{"p":[0.007460194,0.0287134,-0.03604534],"r":[12.34575,4.307602,10.16822],"s":[0.1440292,0.0943222,0.1160562],"c":[0.3950615,0.4148146,0.4444442],"t1":{"c":[0.3950617,0.4148147,0.4444444],"x":0.5,"y":0.5,"a":0.8925,"m":0,"n":0,"r":0,"g":0,"o":0.5,"t":0.5,"e":0.5}}]},{"b":68,"t":1,"t1":39,"s":[{"p":[-0.003287137,0.06594364,-0.2006352],"r":[14.75578,3.585175,9.110378],"s":[0.1168923,0.07655628,0.1862089],"c":[0.5925926,0.6222222,0.6666667],"t1":{"c":[0.5925926,0.6222222,0.6666667],"x":0.5,"y":0.5,"a":0.8925,"m":0,"n":0,"r":0,"g":0,"o":0.5,"t":0.5,"e":0.5}}]},{"b":147,"t1":47,"s":[{"p":[0.01140385,-0.05147652,-0.05171042],"r":[346.9064,115.0428,100.5882],"s":[0.03604952,0.03604944,0.03604954],"c":[0.111111,0.111111,0.111111],"t1":{"c":[0,0,0],"x":0.5,"y":0.5,"a":0.8925,"m":0,"n":0,"r":0,"g":0,"o":0.5,"t":0.5,"e":0.5}}]},{"b":147,"t":2,"s":[{"p":[0.01339873,-0.06464767,-0.05485546],"r":[355.4821,105.0967,100.978],"s":[0.0224523,0.0106642,0.01066434],"c":[0,1,1]}]}]}