{"n":"shelf","v":9,"a":[7,18,49],"p":[{"a":[38],"t1":105,"s":[{"p":[0,0,0],"r":[0,0,0],"s":[0.5142363,0.1051325,0.0289539],"c":[0.4444443,0.3964725,0.3456789],"t1":{"c":[0.6666667,0.6306878,0.5925926],"x":0.4733918,"y":0.7049481,"a":0.5761181,"m":0,"n":0,"r":0,"g":1,"o":0.5,"t":0.5,"e":0.5}}]},{"t1":105,"s":[{"p":[-0.1888714,-0.01443237,-0.06102157],"r":[315,5.008955E-06,-2.074778E-06],"s":[0.01991655,0.02864437,0.1602541],"c":[0.4444443,0.3964725,0.3456789],"t1":{"c":[0.6666667,0.6306878,0.5925926],"x":0.7584983,"y":0.7843345,"a":0.5761181,"m":0,"n":0,"r":0,"g":1,"o":0.5,"t":0.5,"e":0.5}}]},{"t1":105,"s":[{"p":[0.1949551,-0.01443247,-0.06102157],"r":[315,5.008955E-06,-2.074778E-06],"s":[0.01991905,0.0286482,0.1602595],"c":[0.4444443,0.3964725,0.3456789],"t1":{"c":[0.6666667,0.6306878,0.5925926],"x":0.7584983,"y":0.7843345,"a":0.5761181,"m":0,"n":0,"r":0,"g":1,"o":0.5,"t":0.5,"e":0.5}}]}]}