{"n":"sofa","v":9,"a":[7,18,48],"p":[{"b":179,"s":[{"p":[0,0,0],"r":[0,0,0],"s":[0.1133659,0.5186519,0.2150094],"c":[1,1,1]}]}]}