{"v":9,"a":[7,18,31],"p":[{"b":123,"t":2,"a":[19,23],"e":"Anyland Time","s":[{"p":[0,0,0],"r":[0,0,0],"s":[0.0052542,0.00525321,0.005254387],"c":[0.2592592,0.3333332,0.3015872]}]},{"b":179,"t":19,"a":[23],"s":[{"p":[0,-0.1082036,1.891893E-08],"r":[-1.001791E-05,-3.078585E-14,180],"s":[0.2951057,0.07844737,0.2150076],"c":[0.2592591,0.3333331,0.3015871]}]},{"b":179,"t":19,"a":[23],"s":[{"p":[1.187438E-10,-0.1082036,-0.001358252],"r":[-1.673366E-27,3.828216E-20,180],"s":[0.2746205,0.05795691,0.1945314],"c":[0.4320986,0.5555556,0.5026452]}]},{"b":113,"t":2,"a":[19],"e":"[hour 12]:[minute]","s":[{"p":[1.378362E-10,-0.07550812,-0.001576649],"r":[3.763252E-13,3.289939E-20,1.001791E-05],"s":[0.004648846,0.004648504,0.004648857],"c":[0.2592591,0.3333332,0.3015872]}]}]}