{"n":"hand vis plan","v":9,"a":[22,18,27],"p":[{"b":3,"c":[[0.504,0.714,1.259,20],[1.665,0.203,0.705,34],[1.729,0.365,0.83,37],[1.611,0.518,0.956,46],[0.947,-0.008,0.902,48],[1.423,0.556,1.07,26,24,2,1],[1.047,0.251,1.147,49],[1.018,0.604,1.036,51],[0.763,0.831,0.811,21],[0.884,0.706,1.067,27],[0.695,0.777,1.176,19],[0.798,0.326,1.488,28],[0.993,0.289,1.188,29],[0.372,0.847,0.643,18],[0.914,0.778,0.545,16],[1.176,0.683,0.383,15,30],[0.28,0.912,0.204,17],[0.655,0.871,0.02,14],[1.346,0.492,0.216,13,31],[1.567,0.136,0.309,36],[1.309,-0.168,0.324,35],[1.049,-0.192,0.622,32],[0.886,-0.43,0.338,33],[0.369,-0.391,0.478,31],[0.623,-0.128,1.004,30],[0.211,-0.137,1.196,24],[-0.021,0.201,1.545,22],[-0.667,0.825,0.264,12],[-0.184,0.842,0.873,7],[0.077,0.706,1.457,9],[-0.574,-0.458,-0.552,8],[-0.502,-0.78,-0.287,10],[-0.036,-0.418,0.96,23],[0.089,-0.726,0.355,25,16,2,4,7,2],[-0.535,0.013,-0.763,2],[1.161,0.206,-0.353,3,35],[0.597,0.063,-1.072,0],[0.6,-0.463,-0.956,1,38],[-0.453,0.528,-0.884,5],[0.495,0.693,-1.049,4]],"s":[{"p":[0,0,0],"r":[-4.071109E-13,-2.892697E-27,8.142219E-13],"s":[0.07833675,0.07833467,0.07833675],"c":[0,1,1]}]},{"b":3,"c":[[-2.298,1.072,-0.308,19],[-2.405,1.177,-0.788,12],[-2.731,0.934,-1.223,5],[-2.465,0.517,-1.543,2],[-1.986,-0.44,0.306,7],[-2.108,-0.401,-0.034,9],[-2.457,-0.099,-0.942,8],[-1.979,-0.46,0.303,22],[-2.167,0.95,0.305,20],[-2.023,-0.237,-1.26,10],[-1.591,-0.24,-1.318,23],[-2.017,-0.225,-1.255,6,5,31,13],[-2.651,0.849,-1.498,0],[-2.486,1.067,-1.532,4],[-2.264,1.026,-1.582,14],[-2.08,1.19,-1.032,17],[-2.117,0.918,-1.69,13,31],[-2.214,0.625,-1.93,3,35],[-2.268,0.34,-1.414,1,38],[-1.855,0.383,-1.603,35],[-1.521,-0.026,-1.309,40],[-1.588,0.194,-1.344,33],[-1.781,0.637,-1.746,36],[-1.566,0.352,-1.485,34],[-1.526,-0.031,-1.308,25,16,2,4,7,2],[-1.136,-0.178,-0.723,31],[-2.048,0.828,0.91,28],[-1.445,-0.553,0.2,24],[-1.456,0.029,0.628,29],[-1.143,0.17,-0.544,32],[-1.838,1.038,0.218,27],[-1.904,1.239,-0.421,18],[-1.693,1.074,-0.927,16],[-1.56,1.062,0.007,21],[-1.49,0.837,0.718,51],[-1.174,0.389,0.707,49],[-1.228,1,0.093,26,24,2,1],[-1.627,0.902,-1.237,15,30],[-1.449,0.789,-1.367,37],[-1.153,0.827,-0.452,46],[-1.254,0.435,-0.588,48],[-1.116,-0.057,0.604,30]],"s":[{"p":[-0.1946469,-0.02448658,0.001374751],"r":[2.003582E-05,180,8.088009E-12],"s":[0.07834112,0.07833549,0.07834099],"c":[0,1,1]}]},{"b":3,"a":[37],"c":[[0.017,0.393,0.062,28],[0.142,0.097,0.028,24],[-0.087,0.153,-0.327,22],[-0.086,0.341,-0.376,9],[0.153,0.118,-0.332,10],[0.176,0.083,-0.23,23],[0.104,0.636,-0.348,19],[0.867,0.307,0.73,29],[0.714,0.624,0.77,51],[1.615,0.622,0.735,49],[1.319,0.294,0.701,30],[1.543,1.052,0.777,26,24,2,1],[0.597,0.781,0.506,21],[0.603,0.841,0.3,18],[1.207,0.241,0.492,31],[1.07,0.988,0.401,16],[1.376,0.613,0.467,48],[1.393,0.421,0.471,32],[0.068,0.687,-0.103,27],[0.163,0.54,-0.419,7],[0.251,0.309,-0.457,8],[0.332,0.215,-0.424,6,5,31,13],[0.632,0.198,0.016,25,16,2,4,7,2],[1.296,0.816,0.468,46],[1.217,0.891,0.239,15,30],[0.793,0.232,0.052,33],[0.297,0.695,-0.135,12],[0.502,0.75,0.042,17],[0.345,0.599,-0.224,5],[0.658,0.699,0.147,14],[1.225,0.257,0.087,34],[0.785,0.347,0.007,35],[1.022,0.543,0.013,36],[1.109,0.813,0.092,13,31],[1.332,0.687,0.173,37],[0.607,0.358,-0.184,40],[0.579,0.422,-0.267,1,38],[0.65,0.507,0.03,3,35],[0.492,0.576,-0.145,0],[0.404,0.413,-0.396,2],[0.629,0.605,0.093,4],[-0.134,0.358,-0.291,20]],"s":[{"p":[0.02276806,-0.02023506,0.1974373],"r":[357.2386,290.3961,154.718],"s":[0.07833626,0.07833684,0.07833754],"c":[0,1,1]}]},{"b":70,"s":[{"p":[-0.0530004,-0.01452636,-0.08136749],"r":[3.415095E-06,112.5,270],"s":[0.1415858,0.05588262,0.1415855],"c":[0.1728391,0.2222217,0.2222217]}]},{"s":[{"p":[-0.1674139,0.01317027,-0.03443417],"r":[0.1510754,201.171,283.6902],"s":[0.1135716,0.02144563,0.099632],"c":[0.1728391,0.2222217,0.2222217]}]},{"s":[{"p":[-0.1428786,-0.09288403,-0.04346362],"r":[359.5336,202.2103,232.0217],"s":[0.113572,0.02144569,0.0996322],"c":[0.1728391,0.2222217,0.2222217]}]},{"s":[{"p":[-0.05259826,-0.1432991,-0.08080529],"r":[356.5933,202.2125,179.6572],"s":[0.1135716,0.02144565,0.09963207],"c":[0.1728391,0.2222217,0.2222217]}]},{"s":[{"p":[0.0374383,-0.09256364,-0.1187355],"r":[359.5622,201.6611,127.8549],"s":[0.1135717,0.02144567,0.09963211],"c":[0.1728391,0.2222217,0.2222217]}]},{"s":[{"p":[0.06096226,0.01368331,-0.1282627],"r":[0.8887978,204.533,77.82335],"s":[0.1135716,0.02144564,0.09963211],"c":[0.1728391,0.2222217,0.2222217]}]},{"s":[{"p":[-0.003023293,0.09840965,-0.1026405],"r":[3.540427,203.9431,26.16926],"s":[0.1135717,0.02144564,0.09963208],"c":[0.1728391,0.2222217,0.2222217]}]},{"s":[{"p":[-0.1052091,0.09913637,-0.05981004],"r":[1.143612,201.315,335.2373],"s":[0.1135717,0.02144564,0.09963214],"c":[0.1728391,0.2222217,0.2222217]}]},{"b":63,"s":[{"p":[0.003725529,-0.06249619,-0.1626247],"r":[67.71098,111.5263,269.9604],"s":[0.06362476,0.06362466,0.06362477],"c":[0.1728391,0.2222217,0.2222217]}]},{"b":63,"s":[{"p":[-0.1398771,0.002304102,-0.1063941],"r":[76.68768,308.5272,103.5083],"s":[0.06362507,0.06362472,0.06362517],"c":[0.1728391,0.2222217,0.2222217]}]},{"b":63,"s":[{"p":[-0.1473784,-0.06653783,-0.1000416],"r":[292.4661,119.0239,267.2346],"s":[0.06362505,0.06362468,0.06362511],"c":[0.1728391,0.2222217,0.2222217]}]},{"b":63,"s":[{"p":[-0.08441387,-0.1103229,-0.1278297],"r":[301.3912,281.7927,98.20121],"s":[0.06362486,0.06362467,0.06362483],"c":[0.1728391,0.2222217,0.2222217]}]},{"b":63,"s":[{"p":[0.01355845,-0.005849841,-0.170934],"r":[43.40538,285.9576,87.18205],"s":[0.06362479,0.06362469,0.06362483],"c":[0.1728391,0.2222217,0.2222217]}]},{"b":63,"s":[{"p":[-0.02600741,0.06480789,-0.1539424],"r":[85.90146,140.0217,299.2141],"s":[0.06362498,0.0636247,0.0636249],"c":[0.1728391,0.2222217,0.2222217]}]},{"b":63,"s":[{"p":[-0.125597,0.06580927,-0.1112438],"r":[276.0302,86.6141,297.7533],"s":[0.06362493,0.06362473,0.06362493],"c":[0.1975303,0.2222217,0.2222217]}]},{"b":3,"a":[37],"c":[[0.764,5.314,-0.484,16],[0.153,3.434,-0.156,21],[0.328,3.412,0.032,26,24,2,1],[0.564,3.314,-0.065,15,30],[0.651,3.332,-0.232,14],[0.542,3.443,-0.417,17],[0.255,3.451,-0.382,18],[0.141,2.553,0.234,51],[0.46,2.51,0.203,49],[0.623,2.467,0.016,46],[0.623,2.442,-0.182,37],[0.528,2.494,-0.409,13,31],[0.408,2.581,-0.523,4],[0.116,2.503,-0.541,5],[-0.072,2.507,-0.4,12],[-0.131,2.591,-0.162,19],[0.074,2.562,0.216,27],[0.447,1.174,0.53,29],[0.651,1.169,0.387,30],[0.783,1.199,-0.037,48],[0.785,1.196,-0.289,34],[0.553,1.32,-0.629,36],[0.229,1.213,-0.782,3,35],[-0.113,1.268,-0.695,0],[-0.343,1.401,-0.573,2],[-0.448,1.461,-0.092,7],[-0.402,1.587,0.206,9],[-0.196,1.501,0.448,20],[0.053,1.289,0.498,28],[-0.909,-0.119,0.193,10],[-0.728,-0.105,0.62,22],[-0.105,-0.09,0.829,24],[-0.912,-0.112,-0.371,8],[0.762,-0.209,0.478,32],[0.392,-0.198,0.675,31],[0.814,-0.211,0.141,33],[0.821,-0.233,-0.428,35],[-0.44,-0.327,-0.78,6,5,31,13],[0.141,-0.402,-0.975,1,38],[0.308,-0.323,-0.504,40],[0.018,-0.325,-0.016,25,16,2,4,7,2],[-0.242,-0.301,0.425,23]],"s":[{"p":[-0.08379881,-0.01360129,-0.1509865],"r":[67.50003,135,292.5001],"s":[0.08965608,0.08965746,0.08965757],"c":[0,1,1]}]},{"b":3,"a":[37],