{"n":"b5","v":9,"a":[7,31,48],"p":[{"t":7,"s":[{"p":[0,0,0],"r":[0,0,0],"s":[0.03418244,0.03880669,0.03761068],"c":[0,0.2285712,1]}]}]}