{"n":"ground","v":9,"a":[1],"p":[{"b":17,"t1":4,"s":[{"p":[0,0,0],"r":[0,0,0],"s":[2500,0.02337638,2500],"c":[0.190476,0.6666667,0],"t1":{"c":[0,0,0],"x":0,"y":0,"a":0.69625,"m":0.5,"n":0.5,"r":0,"g":0,"o":0.5,"t":0.5,"e":0.5}}]}]}