{"v":9,"a":[2,7,18,31],"inc":[["paint splatter","609335d85a14143080717e57"],["paint splatter 2","609336acaaf6600551c1b6fa"]],"tp_ad": 1,"p":[{"b":3,"t":21,"s":[{"p":[-2.393499E-07,-1.085164E-16,-0.01080084],"r":[1.001792E-05,90.00001,1.001791E-05],"s":[0.005916148,0.005886182,0.005928323],"c":[0.148148,0.2158729,0.4444443],"b":["when starts then trail start with 1s","when touched then tell kill","when touched then destroy all parts with 0s restore"]}]},{"b":205,"t":7,"a":[12,37],"s":[{"p":[1.862645E-09,1.341967E-16,0.01335478],"r":[-5.757417E-13,2.024888E-26,-4.030193E-12],"s":[0.00538118,0.005385465,0.005387155],"c":[1,1,1],"b":["when told kill then emit paint splatter 2 with 0"]}]}]}