{"v":9,"a":[7,18],"p":[{"t":19,"s":[{"p":[0,0,0],"r":[0,0,0],"s":[0.9923604,0.001,3.89939],"c":[0,0.3999996,1]}]}]}