{"v":9,"a":[7,18],"p":[{"b":94,"e":"He is a boy.","s":[{"p":[0,0,0],"r":[0,0,0],"s":[0.008828719,0.008826433,0.008828484],"c":[0,0,0]}]}]}