{"v":9,"a":[7,18],"p":[{"b":94,"e":"The cat is sleeping.","s":[{"p":[0,0,0],"r":[0,0,0],"s":[0.006693986,0.006690613,0.006693818],"c":[0,0,0]}]}]}