{"n":"clip","v":9,"a":[2,22,18,38],"p":[{"a":[14,23,36],"s":[{"p":[0,0,0],"r":[0,0,0],"s":[0.06368983,0.04212837,0.1481121],"c":[0.4444443,0.4444443,0.4444443],"b":["when taken then tell first of any cliptake1, become untweened next"]},{"p":[0,0,0],"r":[0,0,0],"s":[0.06368983,0.04212837,0.1481121],"c":[0.4444443,0.4444443,0.4444443],"b":["when told by any cliptake2 then destroy all parts with 1s restore"]}]},{"a":[14],"s":[{"p":[0,0,0],"r":[0,0,0],"s":[0.05509172,0.04278848,0.1395143],"c":[0.3333332,0.3333332,0.3333332]}]}]}