{"n":"ground","v":9,"a":[7,18],"p":[{"t1":104,"t2":64,"s":[{"p":[0,0,0],"r":[0,0,0],"s":[0.1567322,225.4844,203.1271],"c":[0.6666666,1,0.7428571],"t1":{"c":[0,0,0],"x":0.1001456,"y":0,"a":0.7863662,"m":0,"n":0,"r":0.08916342,"g":0,"o":0.5,"t":0.5,"e":0.5},"t2":{"c":[0,0,0],"x":0.01909924,"y":0.02330303,"a":0.6818781,"m":0,"n":0,"r":0,"g":0,"o":0.5,"t":0.5,"e":0.5}}]}]}