{"n":"sleg","v":9,"p":[{"b":4,"t":7,"a":[12],"s":[{"p":[0.06537849,-0.05925448,0.05506901],"r":[1.14239,41.74214,355.7103],"s":[0.02074366,0.02826084,0.06270741],"c":[0.3703699,0.5555556,0.5555556],"b":["when told by nearby crawl then become next in .5s"]},{"p":[-0.05923715,-0.08001402,0.009909596],"r":[31.0877,336.155,345.2142],"s":[0.02074371,0.02826095,0.06270763],"c":[0.3703696,0.5555556,0.5555556],"b":["when starts then become next in .5s"]}]}]}