{"v":9,"a":[7,18],"p":[{"s":[{"p":[0,0,0],"r":[0,0,0],"s":[0.9923604,0.001,3.863882],"c":[1,1,1]}]}]}