{"v":9,"a":[31],"p":[{"a":[42],"i":[{"t":"609b1cf810343c308c387e3b","p":[-0.07519843,-0.1234798,-0.2772082],"r":[9.848593,286.4119,1.441879]},{"t":"609b1cf810343c308c387e3b","p":[0.1055832,-0.1270892,-0.2643091],"r":[352.7783,252.0483,1.194131]}],"s":[{"p":[0,0,0],"r":[0,0,-1.600826E-07],"s":[0.03035403,0.03035418,0.03035419],"c":[1,1,1],"b":["when starts then become next in 5s"]},{"p":[-0.0007241688,-0.001675965,-0.001770435],"r":[0.5593351,356.3181,358.1874],"s":[0.03035404,0.03035419,0.03035421],"c":[1,1,1],"b":["when starts then become next in 5.5s"]},{"p":[-0.003053847,0.0005052233,0.002176099],"r":[359.8584,3.899108,1.503006],"s":[0.03035405,0.03035419,0.03035421],"c":[1,1,1],"b":["when starts then become 1 in 5.5s via 2"]}]}]}