{"v":9,"a":[2,7,12,16,18],"tp_m": 5,"tp_d": 0.001,"p":[{"b":14,"i":[{"t":"609bc71b34c0b125a249d1f1","p":[9.538278E-05,-0.002960996,-0.09078026],"r":[270,90.00001,0]},{"t":"609bc71b34c0b125a249d1f1","p":[9.538278E-05,-0.002960996,-0.09078026],"r":[270.028,90,0]},{"t":"609bc71b34c0b125a249d1f1","p":[9.538278E-05,-0.002960996,-0.09078026],"r":[270,90,0]}],"s":[{"p":[0,0,0],"r":[0,0,-6.157171E-14],"s":[0.01378414,0.01438831,0.03009449],"c":[0.4444442,0.3485006,0.2469133],"b":["when starts then trail start with 0.1","when starts then set constant rotation to 0 0 1000"]}]}]}