{"v":9,"a":[31],"p":[{"b":9,"t":2,"s":[{"p":[0,0,0],"r":[0,0,-4.268868E-07],"s":[0.009195268,0.009195253,0.009195268],"c":[0.9714286,1,0]}]}]}