{"v":9,"a":[7,18,21],"p":[{"s":[{"p":[0,0,-0.09999943],"r":[0,0,0],"s":[0.06869663,0.06083693,0.07349718],"c":[1,1,1]}]}]}