{"v":9,"a":[22,18],"p":[{"s":[{"p":[0,0,0],"r":[0,0,0],"s":[0.1175461,2.368985,0.2508938],"c":[0.7777778,0.7037037,0.2592591]}]}]}