{"v":9,"p":[{"b":201,"s":[{"p":[0.2072128,0.192036,-0.5550613],"r":[24.87683,74.77925,12.91214],"s":[0.06421106,0.02103641,0.06145015],"c":[0,0.7428569,1]}]},{"b":201,"s":[{"p":[0.176173,0.1227528,-0.5762806],"r":[28.9729,34.09735,352.3163],"s":[0.04096042,0.02103641,0.04010695],"c":[0,0.7428569,1]}]},{"b":201,"s":[{"p":[0.1393107,0.05274168,-0.5912319],"r":[28.98343,53.23464,0.9955667],"s":[0.0215053,0.02103641,0.02235826],"c":[0,0.7428569,1]}]}]}