{"v":9,"p":[{"b":20,"t":2,"e":"Ant (WIP!)","s":[{"p":[0,0,0],"r":[0,0,8.537737E-07],"s":[0.002999998,0.003000001,0.002999998],"c":[1,1,1]}]}]}