{"n":"spawn","v":9,"a":[7,18,48,49],"p":[{"s":[{"p":[0,0,0],"r":[0,0,0],"s":[0.2197599,0.2197602,0.2197596],"c":[1,1,1]}]}]}