{"v":9,"a":[1,22,31],"p":[{"b":60,"t1":75,"s":[{"p":[0,0,0],"r":[0,0,0],"s":[0.1949737,0.1416425,0.2213496],"c":[0,0,0],"t1":{"c":[0.4444444,0.4444444,0.4444444],"x":0.5,"y":0.01673687,"a":0.8925,"m":0,"n":0,"r":0,"g":0,"o":0.5,"t":0.5,"e":0.5}}]},{"b":144,"t":1,"s":[{"p":[-0.05686331,-0.06045152,0.06702405],"r":[0,90,90.00002],"s":[0.02455213,0.02454236,0.02455406],"c":[0,0.3174599,0.5555556]}]},{"b":137,"t":2,"e":"A","s":[{"p":[-0.05737495,-0.08062175,0.104294],"r":[270,157.5,0],"s":[0.00731369,0.007310667,0.007313574],"c":[0,0.9142855,1]}]}]}