{"n":"bottle pulse","v":9,"a":[7,12,14,18,21,49],"tp_d": 100,"tp_ad": 100,"p":[{"b":58,"t":21,"s":[{"p":[0,0,0],"r":[90,-2.832868E-05,0],"s":[0.007597191,0.007597167,0.007597236],"c":[1,1,1],"b":["when starts then become 2 in 1s"]},{"p":[0,0,0],"r":[90,-2.832868E-05,0],"s":[0.5075972,0.007597167,0.5075972],"c":[0,0,0],"b":["when starts then destroy all parts"]}]}]}