{"v":9,"a":[7,18],"p":[{"a":[31],"i":[{"t":"60a18d388d431d054c202b04","p":[0.2166438,-0.004072666,0.1073136],"r":[0,0,8.537737E-06]}],"s":[{"p":[0,0,0],"r":[0,0,0],"s":[0.175001,0.1750016,0.1750029],"c":[1,1,1],"b":["when starts then become next"]},{"p":[0,0,0.2532885],"r":[0,0,0],"s":[0.1750012,0.1750019,0.1750041],"c":[1,1,1],"b":["when starts then become next"]}]}]}