{"n":"bounce pad","v":9,"a":[7,18,31,48,49],"p":[{"su":[{"i":"60a18597039d9339a0441063","t":"60a185ad5a1414308071803a","p":[1.524032,0.1341954,-0.1911035],"r":[90,90,0]},{"i":"60a185ba039d9339a0441064","t":"60a185ad5a1414308071803a","p":[-1.493469,0.134196,-0.1911035],"r":[-9.659347E-06,270,180]}],"s":[{"p":[0,0,0],"r":[0,0,0],"s":[0.09917867,0.09917927,0.09917933],"c":[1,1,1],"b":["when starts then set constant rotation to 0 0 40"]}]}]}