{"n":"test neck","v":9,"a":[7,12,18],"p":[{"b":14,"t":11,"a":[36],"id":"60a18004d111d1317888d92e","t1":156,"s":[{"p":[0,0,0],"r":[359.9802,-1.024705E-05,1.024705E-05],"s":[0.08000157,0.08000133,0.01000049],"c":[0.6666667,0.6666667,0.6666667],"b":["when any state told by body ignite then become 2 in 0.5"],"t1":{"c":[0.2222221,0.1248676,0.07407402],"x":0.5044646,"y":0.519948,"a":0,"m":0,"n":0,"r":0.1258283,"g":0,"o":0.5,"t":0.5,"e":0.5}},{"p":[0,0,0],"r":[359.9802,-1.024705E-05,1.024705E-05],"s":[0.08000157,0.08000133,0.01000049],"c":[0.6666667,0.6666667,0.6666667],"b":["when any state told by body extinguish then become 1 in 0.5"],"t1":{"c":[1,0.3428571,0],"x":0.5044646,"y":0.519948,"a":0,"m":0,"n":0,"r":0.1258283,"g":1,"o":0.5,"t":0.5,"e":0.5}}]},{"b":14,"t":11,"a":[36],"t1":156,"ac":{"id":"60a18004d111d1317888d92e","c":4},"s":[{"p":[-1.907349E-06,0,0],"r":[359.9802,-1.024705E-05,1.024705E-05],"s":[0.07500159,0.07500137,0.01000049],"c":[1,1,1],"b":["when starts then project with 20% reach","when any state told by body ignite then become 2 in 0.5"],"t1":{"c":[0.2222221,0.1248676,0.07407402],"x":0.5044646,"y":0.519948,"a":0,"m":0,"n":0,"r":0.1258283,"g":0,"o":0.5,"t":0.5,"e":0.5}},{"p":[-1.907349E-06,0,0],"r":[359.9802,-1.024705E-05,1.024705E-05],"s":[0.07500159,0.07500137,0.01000049],"c":[1,1,1],"b":["when any state told by body extinguish then become 1 in 0.5"],"t1":{"c":[1,0.3428571,0],"x":0.5044646,"y":0.519948,"a":0,"m":0,"n":0,"r":0.1258283,"g":1,"o":0.5,"t":0.5,"e":0.5}}]}]}