{"v":9,"a":[7,18,48,49],"p":[{"pr":13,"s":[{"p":[0,0,0],"r":[0,0,0],"s":[13.8191,13.48038,0.001000068],"c":[1,1,1],"b":["when starts then become next in 1s"],"pr":{"c":[0.4444444,0.345679,0.345679],"a":1}},{"p":[0,0,0],"r":[0,0,0],"s":[13.8191,13.48038,0.001000068],"c":[1,1,1],"b":["when starts then become next in 1s"],"pr":{"c":[0,1,0.2285715],"a":1}},{"p":[0,0,0],"r":[0,0,0],"s":[13.8191,13.48038,0.001000068],"c":[1,1,1],"b":["when starts then become next in 1s"],"pr":{"c":[0.6285716,0,1],"a":1}}]}]}