{"v":9,"a":[7],"p":[{"s":[{"p":[0,0,0],"r":[0,0,0],"s":[0.7717953,0.4617122,0.6077031],"c":[0,0,0]}]}]}