{"v":9,"a":[7,18,49],"p":[{"t":9,"t1":44,"t2":59,"s":[{"p":[0,0,0],"r":[0,0,0],"s":[8.099241,0.03327269,2.990418],"c":[0.4444443,0.3513226,0.148148],"t1":{"c":[0,0,0],"x":0.4809895,"y":0.4505997,"a":0.8925,"m":0,"n":0,"r":0,"g":0,"o":0.5,"t":0.5,"e":0.5},"t2":{"c":[0.1481481,0.4444444,0.4190476],"x":0.1965523,"y":0.5158386,"a":1,"m":0,"n":0,"r":0,"g":0,"o":0.5,"t":0.5,"e":0.5}}]}]}