{"v":9,"a":[7,18],"p":[{"a":[12],"i":[{"t":"5b7840937ecf647eac22669c","p":[0,0,0.1999998],"r":[358.5787,1.090238,271.3139]}],"s":[{"p":[0,0,0],"r":[0,0,0],"s":[0.175,0.1750001,0.1750001],"c":[1,1,1]}]}]}