{"n":"lasertop","v":9,"a":[7,20],"p":[{"s":[{"p":[0,0,0],"r":[0,0,0],"s":[0.1750007,0.1750007,0.1750011],"c":[1,1,1]}]}]}