{"v":9,"a":[7,12,18,27],"p":[{"s":[{"p":[-1.7002E-08,0.1464187,-1.490116E-08],"r":[0,0,180],"s":[0.03466703,0.08459659,0.03466703],"c":[1,1,1],"b":["when told by body deleting ends left then tell any moveleft"]}]},{"s":[{"p":[-2.124807E-08,0.09784932,-1.490116E-08],"r":[0,0,180],"s":[0.03466749,0.005899232,0.03466867],"c":[1,1,1]}]},{"b":212,"c":[[0,-6.46,0,3],[0.5,-0.5,0.531,0,28],[-0.5,-0.5,-0.497,7,8]],"s":[{"p":[-1.24913E-08,0.1980151,-2.980232E-08],"r":[0,0,180],"s":[0.03466812,0.005899757,0.0346713],"c":[1,1,1]}]}]}