{"v":9,"a":[7,18,31,48,49],"inc":[["thing","60a46ffd90f0fe25aff47af4"]],"p":[{"s":[{"p":[0,0,0],"r":[0,0,0],"s":[0.08356249,0.08356387,0.0835636],"c":[1,1,1],"b":["when someone new in vicinity then change head to thing"]}]}]}