{"v":9,"a":[7,18],"p":[{"b":5,"s":[{"p":[0,0,0],"r":[0,0,0],"s":[0.007890528,0.007890746,0.4876166],"c":[0.6666667,0.6666667,0.6666667]}]},{"a":[33],"s":[{"p":[-0.01768184,-8.940697E-08,-0.2119883],"r":[0,0,0],"s":[0.0674919,0.03429517,0.08415262],"c":[0.9714286,1,0]}]}]}