{"v":9,"p":[{"s":[{"p":[0,0,0],"r":[0,0,0],"s":[0.175,0.1750001,0.1750002],"c":[1,1,1],"b":["when touches hand then tell any up"]}]},{"b":129,"e":"UP","s":[{"p":[-0.05127355,0.1022352,0.05388768],"r":[89.38483,311.6912,318.2265],"s":[0.01115813,0.01115813,0.01115813],"c":[0,0,0]}]}]}