{"v":9,"a":[22],"inc":[["thing","60a5cf735a141430807180c5"]],"p":[{"b":205,"a":[12,37],"i":[{"t":"60a5cf0dd5b79e052ff38c99","p":[0.1013327,0.1237796,-0.1202612],"r":[0,180,180]}],"s":[{"p":[0,0,0],"r":[0,0,0],"s":[0.0450109,0.04501311,0.04500727],"c":[1,1,1],"b":["when told home then become 2 in 1s"]},{"p":[-0.1439444,-0.0645161,-0.1430069],"r":[8.421056,200.941,1.558986],"s":[0.04501822,0.04502013,0.04501141],"c":[1,1,1],"b":["when starts then emit thing with 0","when starts then become 1 in 1s"]}]}]}