{"v":9,"p":[{"b":180,"t1":77,"s":[{"p":[1.894228,0.9079868,0.6057291],"r":[302.7201,177.552,264.2055],"s":[0.001000003,0.001000002,0.2964999],"c":[0,1,1],"t1":{"c":[1,0,0.3428573],"x":0.5,"y":0.5,"a":0.8925,"m":0,"n":0,"r":0,"g":0,"o":0.5,"t":0.5,"e":0.5}}]},{"b":180,"t1":77,"s":[{"p":[-0.04260191,-0.2560726,-0.1379226],"r":[344.5208,349.7039,331.1246],"s":[0.001,0.001,0.3666485],"c":[0,1,1],"t1":{"c":[1,0,0.3428573],"x":0.5,"y":0.5,"a":0.8925,"m":0,"n":0,"r":0,"g":0,"o":0.5,"t":0.5,"e":0.5}}]},{"b":180,"t1":77,"s":[{"p":[0.9778818,-0.4236455,0.6242129],"r":[69.45621,10.24266,115.899],"s":[0.001000001,0.001000008,0.2345395],"c":[0,1,1],"t1":{"c":[1,0,0.3428573],"x":0.5,"y":0.5,"a":0.8925,"m":0,"n":0,"r":0,"g":0,"o":0.5,"t":0.5,"e":0.5}}]},{"b":180,"t1":77,"s":[{"p":[1.307657,0.2115209,-0.1480802],"r":[35.82724,318.8272,48.54692],"s":[0.001000006,0.001000006,0.2303751],"c":[0,1,1],"t1":{"c":[1,0,0.3428573],"x":0.5,"y":0.5,"a":0.8925,"m":0,"n":0,"r":0,"g":0,"o":0.5,"t":0.5,"e":0.5}}]}]}