{"v":9,"p":[{"b":133,"e":"LOOKIN AT SHAWN WOODS OR SOMETHIN","s":[{"p":[-0.2503175,0.01309147,0.0479148],"r":[88.58723,48.27179,50.15563],"s":[0.002842414,0.002842412,0.002842413],"c":[1,1,1]}]},{"s":[{"p":[0.01935863,0.001620798,0.006182984],"r":[1.359319,358.6075,0.2545477],"s":[0.09453618,0.01907099,0.165498],"c":[0,0,0]}]},{"b":179,"s":[{"p":[0.04511623,0.01077798,0.04550999],"r":[87.69285,167.4428,349.1249],"s":[0.6825335,0.03651799,0.2150013],"c":[0,0,0]}]}]}