{"n":"br5mleg","v":9,"a":[1,12],"p":[{"b":196,"t":21,"s":[{"p":[7.387997E-09,0.02000046,0.06000138],"r":[0,90.00002,90],"s":[0.06000705,0.09001265,0.06000201],"c":[0.2962961,0.4444442,0.406349]}]}]}