{"v":9,"a":[7,18,31],"p":[{"b":4,"a":[12,37,36],"i":[{"t":"60a9c90b34c0b125a249d3fb","p":[0,0,0.087304],"r":[2.519815E-07,180,270]}],"s":[{"p":[0,0,0],"r":[0,0,0],"s":[0.02197158,0.02197151,0.02197179],"c":[1,1,1],"b":["when told sh then become next in 0.2s"]},{"p":[0,0,0],"r":[0,0,0],"s":[0.02197158,0.02197151,0.02197179],"c":[1,1,1],"b":["when starts then become next in 0.2s"]},{"p":[0,0,0.1849518],"r":[0,90,0],"s":[0.0219725,0.02197213,0.02197171],"c":[1,1,1],"b":["when told sh1 then become next in 0.2s"]},{"p":[0,0,0],"r":[0,0,0],"s":[0.02197158,0.02197151,0.02197179],"c":[1,1,1],"b":["when starts then become 1 in 0.2s"]}]}]}