{"v":9,"p":[{"b":17,"s":[{"p":[0,0,0],"r":[8.537737E-07,0,0],"s":[0.06000002,0.06000006,0.06000001],"c":[1,1,1]}]},{"b":12,"s":[{"p":[0.04976783,0.3312794,0.01230745],"r":[16.33755,64.82989,2.745008],"s":[0.3570039,0.05999999,0.06000005],"c":[1,1,1]}]}]}