{"n":"portillon ext","v":9,"a":[22,18],"p":[{"s":[{"p":[0,0,0],"r":[0,0,0],"s":[1.1822,0.08005785,1.701226],"c":[1,1,1]}]},{"s":[{"p":[-0.0627944,-0.6698893,-0.3533815],"r":[0,180,180],"s":[0.1750474,0.1940784,0.7369589],"c":[1,1,1]}]},{"b":40,"s":[{"p":[0.002583492,-0.04621816,0.8492181],"r":[1.609983E-05,90,-1.072955E-06],"s":[0.4578307,0.1786197,0.8422879],"c":[1,1,1]}]}]}