{"v":9,"a":[7,13,18],"p":[{"b":60,"t":1,"a":[37],"i":[{"t":"60ab211c038be6052d89ce44","p":[0.2750966,-0.07594322,0.1053567],"r":[90,270,0]}],"c":[[-0.45,0.45,-0.392,17,9,24,33],[0.45,0.45,-0.392,10,17,22,31],[-0.45,-0.45,-0.392,5,11,35,26],[0.45,-0.45,-0.392,4,7,37,26]],"s":[{"p":[0,0,0],"r":[0,0,0],"s":[0.07666103,0.07588948,0.05400997],"c":[0.4444435,0.4444435,0.4444435]}]},{"a":[12,37,36],"i":[{"t":"60ab203d038be6052d89ce42","p":[8.940697E-08,-1.862632E-09,0.01780319],"r":[270,270,0]}],"s":[{"p":[0,0,0],"r":[0,0,-8.537737E-06],"s":[0.001,0.01485462,0.4561592],"c":[0.9714286,1,0],"b":["when told by any pr18t then become untweened next"]},{"p":[-0.3523314,1.524087E-07,1.192093E-07],"r":[0,0,0],"s":[0.001000011,0.01485515,0.456189],"c":[0.9714286,1,0],"b":["when told by any pr18d then become untweened 1"]}]}]}