{"n":"pct8","v":9,"a":[7,18],"p":[{"b":13,"s":[{"p":[0,0,0],"r":[0,0,0],"s":[0.01525152,0.01344138,0.014598],"c":[1,1,1]}]}]}