{"n":"5m barre","v":9,"a":[7,18],"p":[{"b":14,"s":[{"p":[0,0,0],"r":[0,0,-7.656432E-20],"s":[0.06003394,0.06001019,0.1865527],"c":[1,1,1]}]},{"b":14,"s":[{"p":[-0.003206053,5.60564E-10,-1.145534],"r":[-1.751587E-12,-1.001791E-05,1.531286E-19],"s":[0.06003521,0.06001305,0.1865416],"c":[1,1,1]}]},{"b":14,"s":[{"p":[-0.00320586,5.605303E-10,-2.248884],"r":[-1.751587E-12,-1.001791E-05,1.531286E-19],"s":[0.06003227,0.06001284,0.1865258],"c":[1,1,1]}]},{"b":14,"s":[{"p":[-0.003205662,5.604958E-10,-3.37902],"r":[0,0,-7.656432E-20],"s":[0.06003151,0.06001415,0.1865214],"c":[1,1,1]}]}]}