{"n":"scraplegface","v":9,"a":[53],"p":[{"s":[{"p":[0,0,0],"r":[0,0,0],"s":[0.1750024,0.175002,0.1750027],"c":[1,1,1]}]}]}