{"v":9,"a":[22,20],"p":[{"t":9,"s":[{"p":[0,0,0],"r":[0,0,0],"s":[2.287082,0.1755428,2.436121],"c":[0.222222,1,0.3999999]}]}]}