{"n":"rusty pallet","v":9,"a":[1,12,32],"p":[{"b":225,"t":16,"t1":167,"c":[[0,-0.6,0,0,71,-68,7,24,-23,5,5,5,16,-14,20,-25,-10,-8,2,-1,59,-57,55,3,-57,52,-47,45,-40,38,-33,29,-24,21,4,-32,-5,-5,-8,65,-67,28,-29,30,42,-58,21,-9,19,-26,18,-13,15,3],[-0.1,-0.5,-0.2,18]],"s":[{"p":[0,0,0],"r":[1.579481E-05,1.096566E-05,2.668058E-07],"s":[0.264002,0.5998988,0.2640272],"c":[0.3333315,1,0.9428572],"t1":{"c":[0.3333333,1,0.8285714],"a":0.75}}]}]}