{"v":9,"inc":[["scrap corperation projection","60b02f1575f2943086059910"],["scrap corperation projection 2","60b02f5f34c0b125a249d53f"],["scrap corperation projection 3","60b02f8575f2943086059912"],["scrap corperation projection 4","60b02fab34c0b125a249d540"],["scrap corperation projection 5","60b02fd475f2943086059913"]],"p":[{"b":205,"s":[{"p":[0,0,0],"r":[-1.280661E-06,4.770833E-15,-4.268869E-07],"s":[0.04500007,0.04500008,0.04500005],"c":[1,1,1],"b":["when touches hand then emit gravity-free scrap corperation projection 5 with 0.5"]}]}]}