{"v":9,"a":[2,7,18,31],"p":[{"b":5,"t":7,"s":[{"p":[0,0,0],"r":[0,0,0],"s":[0.0129865,0.01298591,0.8240147],"c":[0,0,0]}]},{"b":5,"t":2,"t1":168,"s":[{"p":[0,0,0],"r":[0,0,0],"s":[0.006799374,0.006798863,0.817827],"c":[1,1,1],"t1":{"c":[1,0,0],"a":0.006629039}}]}]}