{"v":9,"a":[48,49],"p":[{"i":[{"t":"5e2e03720d37d23816f73549","p":[-0.01837122,-0.09605324,0.01461771],"r":[90,-9.659345E-06,0]}],"s":[{"p":[0,0,0],"r":[0,0,0],"s":[0.175025,0.1750087,0.1749931],"c":[1,1,1]}]},{"i":[{"t":"5f87b6aefe99c863186d2258","p":[0.04807079,0.01581609,0.01939404],"r":[0,0,8.537737E-06]}],"s":[{"p":[-0.02275801,-0.001874089,0.4141559],"r":[0,0,0],"s":[0.1750115,0.1749967,0.1750244],"c":[1,1,1]}]},{"i":[{"t":"5f34afcbca2cba6312e8715d","p":[-0.03109348,0.04506756,-0.06380594],"r":[0,180,270]}],"s":[{"p":[-0.3699563,0.500603,0.1974072],"r":[316.4106,3.260526,45.37948],"s":[0.04212172,0.03190085,0.1750099],"c":[1,1,1]}]},{"i":[{"t":"5f4ab65958d59105589467d1","p":[-0.02308518,0.01076293,0.004481137],"r":[315,270,180]}],"s":[{"p":[0.231006,0.4142463,0.04287902],"r":[322.2142,320.4778,151.191],"s":[0.0421125,0.03190669,0.175],"c":[1,1,1]}]}]}