{"v":9,"p":[{"s":[{"p":[0,0,0],"r":[0,0,0],"s":[0.1750002,0.1789434,0.7547557],"c":[0.1890651,0.8888889,0.09876534]}]}]}