{"n":"welcome mat","v":9,"p":[{"b":60,"t1":33,"s":[{"p":[0,0,0],"r":[0,0,0],"s":[0.4245328,0.003396298,0.4245804],"c":[0.4444443,0.3964725,0.3456789],"t1":{"c":[0,0,0],"x":0.5,"y":0.487972,"a":0.6495769,"m":0,"n":0,"r":0,"g":0,"o":0.5,"t":0.5,"e":0.5}}]},{"b":60,"t1":33,"s":[{"p":[0.3842919,1.788139E-07,-3.126482E-14],"r":[-1.001791E-05,0,1.001791E-05],"s":[0.4246144,0.00339709,0.4244883],"c":[0.4444443,0.3964725,0.3456789],"t1":{"c":[0,0,0],"x":0.5,"y":0.487972,"a":0.6495769,"m":0,"n":0,"r":0,"g":0,"o":0.5,"t":0.5,"e":0.5}}]},{"b":105,"a":[19],"e":"WELCOME","s":[{"p":[0.1832222,0.004188608,0.06242895],"r":[90,0,0],"s":[0.01495801,0.01496271,0.01496366],"c":[0,0,0]}]}]}