{"v":9,"a":[7,12,18],"tp_lr": [1,1,0],"p":[{"b":179,"a":[42],"s":[{"p":[0,0,0],"r":[9.2412E-27,3.734492E-17,-2.83563E-08],"s":[0.2150056,0.2150074,0.2150041],"c":[1,1,1],"b":["when starts then all parts face view"]}]},{"b":205,"s":[{"p":[-0.009680765,-0.1799673,0.005422113],"r":[-4.31652E-05,180,180],"s":[0.04500123,0.04500045,0.04500077],"c":[1,1,1]}]}]}