{"v":9,"p":[{"b":251,"s":[{"p":[0,0,0],"r":[0,0,0],"s":[0.2400008,0.2400002,0.3134599],"c":[1,0,0.3428572]}]}]}