{"n":"light","v":9,"a":[7,14,18,31],"tp_lp": [1,1,1],"tp_lp": [1,1,1],"tp_lr": [1,1,1],"p":[{"b":3,"t":3,"a":[12,37],"s":[{"p":[0,0,0],"r":[0,0,0],"s":[0.05658509,0.05658491,0.0565863],"c":[0.5555556,0.4744267,0.4320986],"b":["when starts then become next in 1s"]},{"p":[0,0,0],"r":[0,0,0],"s":[0.03912789,0.03912771,0.03912909],"c":[0.5555556,0.4744267,0.4320986],"b":["when starts then become next in 1s"]}]}]}