{"v":9,"a":[7,18],"p":[{"t":7,"a":[12,36],"s":[{"p":[-0.2082939,0,0],"r":[0,0,0],"s":[3.390824,0.1750062,4.408062],"c":[1,1,1]}]}]}