{"n":"snail pot","v":9,"a":[7,18,21],"p":[{"b":74,"t":9,"t1":33,"t2":33,"s":[{"p":[0,0,0],"r":[0,0,0],"s":[0.008837909,0.005836645,0.008838017],"c":[0.6666667,0.5439154,0.5185186],"t1":{"c":[0.1111111,0.1111111,0.1111111],"x":0.5,"y":0.5,"a":0.5809139,"m":0,"n":0,"r":0,"g":0,"o":0.5,"t":0.5,"e":0.5},"t2":{"c":[0.1111111,0.1111111,0.1111111],"x":0.5,"y":0.5,"a":0.6796223,"m":0,"n":0,"r":0,"g":0,"o":0.5,"t":0.5,"e":0.5}}]},{"b":74,"t":9,"t1":33,"t2":33,"s":[{"p":[0,0.02830625,-4.949223E-09],"r":[3.460444E-12,270,180],"s":[0.008842378,0.02243121,0.008841683],"c":[0.6666667,0.5439154,0.5185186],"t1":{"c":[0.1111111,0.1111111,0.1111111],"x":0.5,"y":0.5,"a":0.5809139,"m":0,"n":0,"r":0,"g":0,"o":0.5,"t":0.5,"e":0.5},"t2":{"c":[0.1111111,0.1111111,0.1111111],"x":0.5,"y":0.5,"a":0.6796223,"m":0,"n":0,"r":0,"g":0,"o":0.5,"t":0.5,"e":0.5}}]},{"b":74,"t":9,"t1":33,"t2":33,"s":[{"p":[0,0.04725266,-8.261919E-09],"r":[0,0,0],"s":[0.003018072,0.01660925,0.003018029],"c":[0.6666667,0.5439154,0.5185186],"t1":{"c":[0.1111111,0.1111111,0.1111111],"x":0.5,"y":0.5,"a":0.5809139,"m":0,"n":0,"r":0,"g":0,"o":0.5,"t":0.5,"e":0.5},"t2":{"c":[0.1111111,0.1111111,0.1111111],"x":0.5,"y":0.5,"a":0.6796223,"m":0,"n":0,"r":0,"g":0,"o":0.5,"t":0.5,"e":0.5}}]},{"b":74,"t1":33,"t2":33,"s":[{"p":[0,0.06246614,-1.092193E-08],"r":[-1.001792E-05,270,180],"s":[0.002751008,0.0007882061,0.002751351],"c":[0.222222,0.181305,0.1728394],"t1":{"c":[0.1111111,0.1111111,0.1111111],"x":0.5,"y":0.5,"a":0.5809139,"m":0,"n":0,"r":0,"g":0,"o":0.5,"t":0.5,"e":0.5},"t2":{"c":[0.1111111,0.1111111,0.1111111],"x":0.5,"y":0.5,"a":0.6796223,"m":0,"n":0,"r":0,"g":0,"o":0.5,"t":0.5,"e":0.5}}]}]}