{"n":"ground","v":9,"a":[1,7,18],"p":[{"s":[{"p":[-0.6942775,0.06507526,-0.5194741],"r":[0,270,0],"s":[20.49742,0.1781614,6.956385],"c":[0.2222221,0.2222221,0.2222221]}]}]}