{"v":9,"a":[7,18,31],"p":[{"s":[{"p":[0,0,0],"r":[0,0,4.378969E-13],"s":[0.0110558,0.0110569,0.01104908],"c":[0.2222221,0.2222221,0.2222221]}]}]}