{"n":"pmback","v":9,"a":[7,18],"p":[{"a":[12,36],"s":[{"p":[0,0,0],"r":[0,0,0],"s":[0.1750007,0.1749981,0.1749993],"c":[1,1,1]}]}]}