{"v":9,"a":[7,18],"p":[{"b":205,"t":7,"i":[{"t":"60b455ab872d1725a96ab1dc","p":[-4.371138E-08,4.37114E-08,0.25],"r":[1.001791E-05,180,90.00001]}],"s":[{"p":[0,0,0],"r":[0,0,0],"s":[0.04500036,0.04500158,0.0450006],"c":[1,1,1],"b":["when starts then all parts face view"]}]}]}