{"v":9,"a":[22,18],"p":[{"b":179,"t":7,"c":[[-0.5,0.5,0,0,3]],"s":[{"p":[0,0,0],"r":[0,0,0],"s":[0.2150224,0.2150166,0.2150064],"c":[1,1,1]}]},{"b":179,"t":7,"c":[[0.5,0.5,0,2,-1]],"s":[{"p":[-0.1052957,9.205238E-09,0.1067071],"r":[5.008957E-06,90,5.008957E-06],"s":[0.2151577,0.2151665,0.2150934],"c":[1,1,1]}]},{"b":179,"t":7,"c":[[0.5,-0.5,1,0],[-0.5,-0.5,1,3],[-0.5,-0.5,0,2,-1]],"s":[{"p":[-0.1052957,9.205238E-09,0.1067071],"r":[5.008957E-06,90,5.008958E-06],"s":[0.2151722,0.2151836,0.2151059],"c":[1,1,1]}]},{"b":179,"t":7,"c":[[0.5,-0.5,1,0],[-0.5,-0.5,0,3],[0.5,0.5,0,2,-1]],"s":[{"p":[-0.1052957,9.20524E-09,0.1067071],"r":[5.008958E-06,89.99999,5.008956E-06],"s":[0.2151788,0.2151995,0.2151244],"c":[1,1,1]}]}]}