{"v":9,"a":[1,7,12,18,31],"p":[{"b":205,"t":7,"s":[{"p":[0,0,0],"r":[0,0,0],"s":[0.01568437,0.04499964,0.04500319],"c":[1,0,0]}]},{"b":205,"t":7,"s":[{"p":[0,0,0],"r":[-6.568452E-13,89.99999,9.325354E-13],"s":[0.01568593,0.04500204,0.04500464],"c":[0.1142854,1,0]}]},{"b":205,"t":7,"s":[{"p":[0,0,0],"r":[90,-1.001791E-05,0],"s":[0.01568456,0.04499743,0.04500841],"c":[0.1142856,0,1]}]}]}