{"n":"maze-end","v":9,"p":[{"s":[{"p":[0,0,0],"r":[0,0,8.537734E-07],"s":[0.1750037,0.1750038,0.1750049],"c":[1,1,1]}]}]}