{"v":9,"p":[{"s":[{"p":[0,0,0],"r":[0,0,0],"s":[0.9432029,0.0114655,8.828744],"c":[1,1,1]}]}]}