{"v":9,"p":[{"b":131,"e":"J.W-D-7","s":[{"p":[0,0,0],"r":[0,0,-2.134434E-07],"s":[0.003000003,0.003000001,0.003000004],"c":[1,1,1]}]}]}