{"v":9,"a":[7,13,18,31],"p":[{"t":1,"s":[{"p":[0,0,0],"r":[0,0,0],"s":[12.15668,14.06172,0.1701329],"c":[0.4444437,0.4571425,0.6666667]}]},{"b":3,"t":3,"a":[12,37,36],"s":[{"p":[-0.3582611,0.3309093,3.999962],"r":[-1.707547E-06,180,1.024528E-05],"s":[0.1250175,0.1250126,0.1250146],"c":[0.6049383,0.6148147,0.7777778]}]},{"b":59,"t":1,"s":[{"p":[0.1022072,0.2123113,0.09633636],"r":[-6.830189E-06,90.00001,90],"s":[4.769381,4.769059,4.769382],"c":[0.4444439,0.3978831,0.2962958]}]}]}