{"v":9,"a":[7,18,20],"p":[{"t":9,"s":[{"p":[0,0,0],"r":[0,0,0],"s":[23.98361,0.1756119,2.436758],"c":[0.7111112,0.2222218,1]}]}]}