{"v":9,"p":[{"b":179,"c":[[-12.965,-13.917,1.008,0],[-10.793,15.847,1.085,3],[17.144,13.936,1.85,1],[15.11,-15.807,1.837,2]],"s":[{"p":[0,0,0],"r":[0,0,0],"s":[0.2150004,0.2150005,0.2150002],"c":[0.577778,0.2222221,1]}]}]}