{"v":9,"a":[22,21,48],"p":[{"b":4,"a":[8,12],"n":"camera","s":[{"p":[0.006986481,-0.03934783,-0.0198648],"r":[270,180,0],"s":[0.1251769,0.1251817,0.1250752],"c":[1,1,1],"b":["when starts then stream to nearest"]}]},{"a":[1,12,35],"s":[{"p":[-0.03667735,-0.0267101,-0.004314363],"r":[0,0,1.195283E-05],"s":[0.9876277,0.02244331,0.7099771],"c":[1,1,1]}]}]}