{"v":9,"a":[7,18],"p":[{"b":3,"t1":13,"s":[{"p":[0,0,0],"r":[0,0,0],"s":[9.725986,0.8519399,9.726548],"c":[1,0.9301587,0.7777778],"t1":{"c":[1,0.9301587,0.7777778],"x":0.17,"y":0.17,"a":0.8925,"m":0.5,"n":0.5,"r":0,"g":0,"o":0.5,"t":0.5,"e":0.5}}]},{"b":175,"t1":37,"s":[{"p":[-1.249172E-05,-0.5373487,-4.197579E-06],"r":[-1.001792E-05,270,180],"s":[4.28845,4.289113,4.289166],"c":[0.222222,0.1834213,0.09876522],"t1":{"c":[0.1111111,0.1111111,0.1111111],"x":0.6921859,"y":0.6960392,"a":1,"m":0,"n":0,"r":0,"g":0,"o":0.5,"t":0.5,"e":0.5}}]},{"b":55,"t1":13,"s":[{"p":[2.795008E-06,-0.3775555,-1.328543E-05],"r":[1.001792E-05,90,-1.001792E-05],"s":[7.079581,2.235509,7.079331],"c":[1,0.9301587,0.7777778],"t1":{"c":[1,0.9301587,0.7777778],"x":0.17,"y":0.17,"a":0.8925,"m":0.5,"n":0.5,"r":0,"g":0,"o":0.5,"t":0.5,"e":0.5}}]},{"b":3,"t1":37,"s":[{"p":[6.957815E-06,-0.7728961,-9.580421E-06],"r":[270,90.00001,0],"s":[9.654926,9.652302,1.618536],"c":[0.2222219,0.1834212,0.0987651],"t1":{"c":[0.1111111,0.1111111,0.1111111],"x":0.6921859,"y":0.6960392,"a":1,"m":0,"n":0,"r":0,"g":0,"o":0.5,"t":0.5,"e":0.5}}]}]}