{"n":"wall","v":9,"a":[4,5,7,18,20],"p":[{"s":[{"p":[0,0,0],"r":[0,0,0],"s":[1.560614,2.246751,0.1983148],"c":[1,1,1]}]},{"s":[{"p":[-0.0130201,1.244627,0.5537226],"r":[90,90.00001,0],"s":[1.300591,1.558935,0.1750487],"c":[1,1,1]}]},{"s":[{"p":[-0.08455592,0.1111662,0.1865766],"r":[0,-9.659346E-06,270],"s":[1.445444,0.2142736,0.1750671],"c":[1,1,1]}]},{"s":[{"p":[-0.2073336,0.09566844,0.50336],"r":[1.526666E-13,180,180],"s":[0.1750094,1.05414,0.175002],"c":[1,1,1]}]}]}