{"n":"senior mint","v":9,"a":[2,3,7,18],"p":[{"b":3,"t":9,"s":[{"p":[0,0,0],"r":[0,0,0],"s":[0.02359105,0.01760209,0.01127845],"c":[0.06349195,0.2222221,0],"b":["when consumed then play apple bite 3, then destroy all parts"]}]}]}