{"v":9,"a":[7,18],"p":[{"b":205,"a":[12,37,36],"s":[{"p":[0.3210892,0.1825989,-0.2000997],"r":[0,0,0],"s":[0.04500047,0.0450004,0.04500038],"c":[1,1,1]}]}]}