{"v":9,"a":[22,31],"p":[{"s":[{"p":[-0.009587605,0.02843619,0.07804247],"r":[351.877,88.9,348.6381],"s":[0.00885149,0.008845021,0.01562528],"c":[1,0,0.3428571]}]},{"s":[{"p":[-0.02709623,0.02644493,0.08298267],"r":[346.4522,20.19888,3.296875],"s":[0.008848866,0.008843257,0.04326016],"c":[1,0,0.3428571]}]},{"s":[{"p":[0.008769086,0.02943783,0.0832895],"r":[352.7551,334.8322,11.93663],"s":[0.008845884,0.008842906,0.04325959],"c":[1,0,0.3428571]}]},{"s":[{"p":[-0.005989599,0.01257051,0.03089994],"r":[348.7536,357.2736,8.283201],"s":[0.02385667,0.02385376,0.02385134],"c":[1,1,1]}]}]}