{"v":9,"p":[{"b":88,"s":[{"p":[0.09450385,0.007104859,0.002141576],"r":[359.5791,179.4055,272.1276],"s":[0.009735897,0.03541665,0.01590835],"c":[1,1,1]}]},{"s":[{"p":[-0.002054318,0.001646538,-0.006450358],"r":[352.962,350.4174,359.9101],"s":[0.1296229,0.009955793,0.01393978],"c":[1,1,1],"b":["when touches face then play track "]}]}]}