{"v":9,"a":[27,36],"p":[{"b":10,"t":10,"s":[{"p":[0,0,0],"r":[0,0,0],"s":[0.04657522,0.066842,0.06685521],"c":[0.6285716,0,1]}]}]}