{"v":9,"a":[7,18,31],"p":[{"b":205,"i":[{"t":"60c055fdd2f8b925a38db629","p":[0.01677361,-0.08542705,0.01554949],"r":[-5.008956E-06,90.00001,-3.053332E-12]}],"s":[{"p":[0,0,0],"r":[0,0,0],"s":[0.01245826,0.01245775,0.0124585],"c":[1,1,1],"b":["when starts then all parts face nearest 234"]}]}]}