{"n":"123","v":9,"a":[7,18,31],"p":[{"b":205,"i":[{"t":"5e2d25c086c3fb287e65402c","p":[-4.761908E-09,9.523817E-09,-0.05446988],"r":[1.502687E-05,5.008955E-06,-5.008955E-06]},{"t":"60c056a1e91894051df9a50b","p":[0.04456998,-3.896431E-09,-0.05446992],"r":[-4.186632E-13,270,-1.570147E-12]}],"s":[{"p":[0,0,0],"r":[0,0,0],"s":[0.01245826,0.01245775,0.0124585],"c":[1,1,1],"b":["when starts then all parts face view"]}]}]}