{"v":9,"p":[{"b":8,"s":[{"p":[0,0,0],"r":[0,0,0],"s":[0.1022731,0.1346435,0.1250005],"c":[1,1,1]}]}]}