{"v":9,"p":[{"b":14,"s":[{"p":[0,0,0],"r":[0,0,0],"s":[0.06000015,0.06000006,0.06000012],"c":[1,1,1]}]},{"b":14,"s":[{"p":[-0.149373,-0.01395682,-0.04395349],"r":[358.2223,322.0764,344.5601],"s":[0.06000013,0.06000004,0.06000015],"c":[1,1,1]}]}]}