{"v":9,"a":[7,18,21],"p":[{"b":179,"im":"1751318448664024502/7F74A4CB43F5DCB955EE13D50F9FE3DC9D7C06CE/","s":[{"p":[0.001883722,0.4125839,0.4470173],"r":[-4.451116E-12,180,1.001791E-05],"s":[2.247767,0.9770771,0.7586215],"c":[1,1,1]}]},{"b":179,"im":"1783967370546590868/A0329B1947D5BAE5DACCCE79EAF4B196CD56B328/","s":[{"p":[0.001882768,0.4125846,0.4381791],"r":[-3.03978E-12,180,180],"s":[2.402801,1.092897,1.351575],"c":[1,1,1]}]}]}