{"v":9,"a":[7,18,21],"p":[{"b":179,"im":"1751318448664297825/5CFACC80BB7BE630BD679F0A1E1C445D55D4644D/","imt":1,"s":[{"p":[0.002188188,0.4793072,0.5193089],"r":[-8.725781E-12,180,1.001791E-05],"s":[1.790558,1.135097,1.337802],"c":[1,1,1]}]}]}