{"v":9,"a":[22,12,18,49],"p":[{"b":69,"s":[{"p":[0,0,0.1367087],"r":[22.50004,90,90],"s":[0.0491104,0.07484771,0.04910852],"c":[0.2222221,0.2222221,0.2222221]}]},{"b":69,"s":[{"p":[4.137394E-08,-4.137395E-08,0.2366314],"r":[22.50001,90.00002,90.00002],"s":[0.0491336,0.02738364,0.04912609],"c":[0.2222221,0.2222221,0.2222221]}]},{"b":205,"a":[12],"i":[{"t":"60c7f01ac2387a49d4f6cc9e","p":[4.648903E-08,-4.648903E-08,0.2658863],"r":[1.001791E-05,-4.378967E-13,-6.157141E-14]}],"s":[{"p":[0,0,0],"r":[0,0,0],"s":[0.04500452,0.04500106,0.0450052],"c":[1,1,1],"b":["when starts then all parts face nearest aelbor"]}]},{"b":69,"s":[{"p":[-1.042161E-14,-1.192093E-07,0.02634239],"r":[22.50001,90,90],"s":[0.04912189,0.02994592,0.04911785],"c":[0.2222221,0.2222221,0.2222221]}]}]}