{"n":"small feather","v":9,"a":[7,18,49],"p":[{"b":3,"s":[{"p":[0,0,0],"r":[0,0,0],"s":[0.01938887,0.03856826,0.0102205],"c":[0.08359777,0.03703704,0.111111]}]}]}