{"n":"medium feather","v":9,"a":[7,18,49],"p":[{"b":3,"s":[{"p":[0,0,0],"r":[0,0,0],"s":[0.05499928,0.007129163,0.01843201],"c":[0.08359777,0.03703704,0.111111]}]}]}