{"v":9,"a":[31,49],"p":[{"b":3,"t":2,"s":[{"p":[0,0,0],"r":[0,0,4.268868E-07],"s":[0.01119868,0.01119856,0.01119864],"c":[0,0.5714284,1]}]}]}