{"n":"pmwr","v":9,"a":[7,18],"p":[{"a":[12,36],"s":[{"p":[0,0,0],"r":[0,0,0],"s":[0.001,0.04923221,0.1584776],"c":[1,1,1]}]}]}