{"v":9,"a":[7,12,18],"p":[{"s":[{"p":[0,0,0],"r":[1.628444E-12,-2.42657E-20,-3.448363E-34],"s":[0.5025905,0.5069081,0.02605127],"c":[1,1,1],"b":["when starts then all parts face view"]}]}]}