{"n":"siruneelbowl","v":9,"a":[31],"p":[{"a":[12,37],"s":[{"p":[0,0,0],"r":[0,0,0],"s":[0.02517353,0.02517411,0.02517412],"c":[1,1,1]}]}]}