{"v":9,"a":[22,18],"p":[{"t":1,"t1":108,"s":[{"p":[0.1079559,-0.2512655,-0.1994706],"r":[0,0,-6.909726E-06],"s":[0.6554075,0.5170572,0.01183636],"c":[0.4444442,0.4444442,0.4444442],"t1":{"c":[1,0.6857142,0],"x":0.4362854,"y":0.6048812,"a":0.6284294,"m":0,"n":0,"r":0,"g":0,"o":0.5,"t":0.5,"e":0.5}}]},{"t":1,"t1":108,"s":[{"p":[0.4438448,-0.2512656,-0.1891366],"r":[-7.075837E-06,315,-8.158508E-06],"s":[0.03349538,0.5170089,0.0118544],"c":[0.4444442,0.4444442,0.4444442],"t1":{"c":[1,0.6857142,0],"x":0.4362854,"y":0.6048812,"a":0.6284294,"m":0,"n":0,"r":0,"g":0,"o":0.5,"t":0.5,"e":0.5}}]},{"t":1,"t1":108,"s":[{"p":[0.4694423,-0.2512656,-0.1808649],"r":[0,0,-1.243275E-05],"s":[0.0335007,0.5172241,0.01185411],"c":[0.4444442,0.4444442,0.4444442],"t1":{"c":[1,0.6857142,0],"x":0.4362854,"y":0.6048812,"a":0.6284294,"m":0,"n":0,"r":0,"g":0,"o":0.5,"t":0.5,"e":0.5}}]}]}