{"v":9,"p":[{"s":[{"p":[0,0,0],"r":[0,0,0],"s":[0.1750005,0.3819121,0.1750005],"c":[1,1,1]}]},{"b":2,"s":[{"p":[-0.001964342,0.24801,0.001355305],"r":[271.2345,340.1642,20.16066],"s":[0.09265237,0.08791332,0.1243797],"c":[1,1,1]}]}]}