{"v":9,"p":[{"b":14,"s":[{"p":[-0.1198767,0.08867192,0.4004652],"r":[8.345225,347.6152,327.1821],"s":[0.0602704,0.01270252,0.06000058],"c":[1,1,1],"pr":{"c":[0.1111111,0.03809524,0],"m":0.25,"a":0.25,"s":0.15,"z":0.25,"g":0.5,"h":0.25}}]},{"s":[{"p":[-0.08605705,0.1120388,0.2506269],"r":[31.76631,77.21849,95.88442],"s":[0.02719584,0.06135811,0.1696576],"c":[1,1,1],"pr":{"c":[0,0,0],"m":0.25,"a":0.25,"s":0.15,"z":0.25,"g":0.5,"h":0.25}}]},{"s":[{"p":[-0.06032819,0.1220973,0.1543132],"r":[5.384325,346.7314,58.67436],"s":[0.01354544,0.04831113,0.1750039],"c":[1,1,1],"pr":{"c":[0,0,0],"m":0.25,"a":0.25,"s":0.15,"z":0.25,"g":0.5,"h":0.25}}]}]}