{"n":"rsleeve","v":9,"a":[22,18],"p":[{"b":205,"s":[{"p":[0,0,0],"r":[1.145E-13,1.207418E-06,-1.086676E-05],"s":[0.009502334,0.009503111,0.009504462],"c":[1,1,1]}]},{"b":86,"i":[{"t":"60ceca0b39c3c41fc62fcd0c","p":[0.00648272,0.3467007,0.00657317],"r":[270,-4.829672E-06,0]}],"s":[{"p":[-1.10135E-07,-3.72529E-08,0.05757333],"r":[22.50001,90,90],"s":[0.0300326,0.07077748,0.03004147],"c":[0,0.4444439,0.2539677],"b":["when starts then all parts face nearest rlbow"]}]}]}