{"v":9,"a":[1,7],"p":[{"t1":158,"t2":57,"s":[{"p":[-0.04583824,-0.009742483,0.08120454],"r":[0,0,-1.001791E-05],"s":[1.850212,39.0444,0.1421791],"c":[0.222222,0.1142855,0],"t1":{"c":[0.7777778,0.5604938,0.08641972],"x":0.5,"y":0.5650382,"a":1,"m":0,"n":0,"r":0,"g":0,"o":0.5,"t":0.5,"e":0.5},"t2":{"c":[0.7777778,0.5604938,0.08641972],"x":0.5,"y":0.5301524,"a":0.6910783,"m":0,"n":0,"r":0,"g":0,"o":0.5,"t":0.5,"e":0.5}}]},{"t1":158,"t2":57,"s":[{"p":[-0.2538888,0.846009,0.08159578],"r":[0,0,270],"s":[1.850652,39.05686,0.1422413],"c":[0.222222,0.1142855,0],"t1":{"c":[0.7777778,0.5604938,0.08641972],"x":0.5,"y":0.3757317,"a":0.2387619,"m":0,"n":0.115963,"r":0,"g":0,"o":0.5,"t":0.5,"e":0.5},"t2":{"c":[0.7777778,0.5604938,0.08641972],"x":0.5,"y":0.5301524,"a":0.699149,"m":0,"n":0,"r":0,"g":0,"o":0.5,"t":0.5,"e":0.5}}]}]}