{"v":9,"a":[7,18],"p":[{"b":205,"s":[{"p":[0,0,0],"r":[-1.162597E-06,-1.162597E-06,6.830189E-06],"s":[0.0135128,0.01351348,0.01350437],"c":[1,1,1]}]},{"b":69,"i":[{"t":"60cecb18ce706b1fc099f41a","p":[-0.00413797,0.1819063,0.004211038],"r":[270.4918,315.2114,134.7877]},{"t":"60cec6c9ce706b1fc099f417","p":[-0.02441372,0.1683348,0.002848729],"r":[359.7027,23.17091,269.6785]}],"s":[{"p":[4.500838E-05,0.0001008168,0.1368719],"r":[293.1727,270.7556,268.9838],"s":[0.02780663,0.09126468,0.03164282],"c":[0.7777778,0.6419752,0.3456786],"b":["when starts then all parts face nearest rbw"]}]}]}