{"n":"rubber banana","v":9,"a":[2,9,21,38],"tp_m": 0.1,"tp_ad": 0,"p":[{"b":198,"s":[{"p":[0,0,0],"r":[0,0,0],"s":[0.02866748,0.02866746,0.02866745],"c":[0.8663139,0.8888889,0.09876534],"b":["when touched then multiply speed 1.4, play squelchy squirt","when consumed then play multi chew, destroy all parts "]}]},{"b":5,"s":[{"p":[0.1105996,0.08776815,-0.0004566982],"r":[57.6165,277.9704,128.3686],"s":[0.006283653,0.006537693,0.03060294],"c":[0.2222221,0.1262785,0.02469136]}]}]}