{"n":"ampelbol","v":9,"a":[7,18,31,48],"p":[{"s":[{"p":[0,0,0],"r":[0,0,-5.008957E-06],"s":[0.03875659,0.03875424,0.03875312],"c":[1,1,1]}]}]}