{"v":9,"a":[7,13,18,31,38,39],"inc":[["amongus","60d21d0bb3a54959dc615250"]],"p":[{"b":205,"pr":32,"s":[{"p":[0.07192101,-4.073584,0.1037574],"r":[270,180,0],"s":[0.045005,0.04499981,0.04500457],"c":[1,1,1],"b":["when told start then become next in 0.2s"],"pr":{"c":[0.5185185,0.6666666,0.7777778],"a":0}},{"p":[0.07192101,-4.073584,0.1037574],"r":[270,180,0],"s":[0.045005,0.04499981,0.04500457],"c":[1,1,1],"b":["when starts then emit gravity-free amongus with 1","when starts then become next in 0.5s"],"pr":{"c":[0.5185185,0.6666666,0.7777778],"a":0.02708507}}]},{"s":[{"p":[0,0,0],"r":[-1.707547E-05,-8.964022E-08,-4.919315E-06],"s":[0.06221598,0.062213,0.06221436],"c":[0.4444443,0.5714285,0.6666667],"b":["when touches hand then tell start"]}]}]}