{"v":9,"p":[{"t":3,"s":[{"p":[0,0,0],"r":[0,0,0],"s":[0.1750022,0.1750023,0.1750024],"c":[1,1,1]}]}]}