{"n":"combatelbol","v":9,"a":[7,18,31],"p":[{"a":[12,37],"s":[{"p":[0,0,0],"r":[0,0,0],"s":[0.04169333,0.04169623,0.04169175],"c":[1,1,1]}]}]}