{"v":9,"a":[7,18],"p":[{"a":[12,37],"i":[{"t":"60d6d0209939bd12fc9d526f","p":[0,0,0],"r":[0,0,180]}],"s":[{"p":[0.0579986,-0.3105725,-0.04153383],"r":[0,0,0],"s":[0.1750049,0.175004,0.1750014],"c":[1,1,1],"b":["when starts then set constant rotation to 0 0 50"]}]}]}