{"v":9,"a":[7,18,31],"p":[{"t":19,"a":[29],"s":[{"p":[0,0,0],"r":[0,0,0],"s":[0.1750027,0.1750008,0.1750015],"c":[0.3703702,0.5396825,0.5555556]}]}]}