{"v":9,"a":[31],"p":[{"b":4,"t":21,"s":[{"p":[0.0002307836,0.003252596,0.1444251],"r":[9.055636E-06,-9.055638E-06,89.99998],"s":[0.01087138,0.01087099,0.1368076],"c":[1,0.5142855,0]}]},{"b":205,"a":[12],"i":[{"t":"60dc03dd8576d865d0ae3a8e","p":[0.03020387,-0.003461236,0.2507849],"r":[-1.536793E-05,90,67.50001]}],"s":[{"p":[0,0,0],"r":[-3.415095E-06,-4.268868E-06,-1.195283E-05],"s":[0.02043387,0.02043315,0.02043355],"c":[1,1,1],"b":["when starts then all parts face nearest r elbow point"]}]}]}