{"v":9,"a":[2],"inc":[["thing","60e06c9196b7fc2ca4e81759"]],"p":[{"b":14,"a":[42],"s":[{"p":[0,0,0],"r":[0,0,0],"s":[0.06000028,0.2724771,0.0111694],"c":[1,1,1],"b":["when triggered then emit gravity-free thing"]}]}]}