{"v":9,"a":[2,16],"p":[{"b":73,"s":[{"p":[0,0,0],"r":[0,0,-1.334021E-07],"s":[0.0108486,0.01084889,0.01084868],"c":[0,0,0]}]}]}