{"v":9,"p":[{"b":73,"t":3,"s":[{"p":[0,0,0],"r":[0,0,0],"s":[0.08682635,0.08682624,0.0868264],"c":[0.1142855,1,0],"b":["when starts then trail start"]}]}]}