{"v":9,"p":[{"b":139,"e":"THIS ISLAND IS IN UNDERCONTROLE BY ME AND YOU FUCK UP ME","s":[{"p":[0,0,0],"r":[-4.268869E-07,5.093858E-16,-1.367372E-07],"s":[0.003000001,0.003000002,0.003000002],"c":[0.2857141,1,0]}]}]}