{"v":9,"a":[27],"p":[{"b":73,"s":[{"p":[0,0,0],"r":[0,0,0],"s":[0.1160694,0.1160693,0.1160695],"c":[0,0,0]}]}]}