{"v":9,"a":[21],"p":[{"b":100,"e":"Wait! Iit's dangerous out there.\nHere, take this remote.\nWith it you can control every\nanimation in this museum.\nEnjoy!\n-The Managment","s":[{"p":[-0.2864476,0.03706591,0.17075],"r":[89.98022,-8.451929E-06,0],"s":[0.00439431,0.004394272,0.004394371],"c":[1,1,1]}]},{"im":"1783967370546590868/A0329B1947D5BAE5DACCCE79EAF4B196CD56B328/","imt":1,"s":[{"p":[-0.03580071,-2.775341E-07,2.533197E-07],"r":[0,0,0],"s":[0.5753011,0.05806084,0.375683],"c":[1,1,1]}]}]}