{"v":9,"a":[7],"p":[{"b":131,"e":"MK17","s":[{"p":[0,0,0],"r":[0,0,-6.157171E-14],"s":[0.006516168,0.006516182,0.006516067],"c":[0.4571425,1,0]}]}]}