{"v":9,"a":[7,18],"p":[{"b":36,"s":[{"p":[0,0,0],"r":[0,0,0],"s":[0.1250147,0.1250153,0.1250104],"c":[0,0,0]}]}]}