{"v":9,"a":[7],"p":[{"t":7,"s":[{"p":[0,0,0],"r":[0,0,0],"s":[0.4243227,0.05942305,0.1454629],"c":[0.201058,0.148148,0.3333332]}]}]}