{"v":9,"a":[7,18],"p":[{"a":[12],"s":[{"p":[0,0,0],"r":[0,0,0],"s":[0.215047,0.08451663,0.2150465],"c":[1,1,1],"b":["when told by any pmcheck then tell body pmsit"]}]},{"a":[12],"s":[{"p":[0,0,0.4729587],"r":[0,0,-8.537737E-06],"s":[0.2150562,0.084521,0.2150547],"c":[1,1,1],"b":["when told by any pmcheck then tell body pmstand"]}]}]}