{"v":9,"a":[7,18,31],"p":[{"b":205,"t":7,"a":[12,37],"s":[{"p":[0,0,0],"r":[0,0,0],"s":[0.04499901,0.04499784,0.04500792],"c":[0.6666667,0.4571425,0]}]},{"b":69,"t":1,"ac":{"id":"60e3f085d028d01ffc3781d9","c":10},"s":[{"p":[0,0,0],"r":[1.024528E-05,90,270],"s":[0.02805908,0.0174012,0.02804708],"c":[0.6666667,0.4571425,0],"b":["when starts then project with 10% reach"]}]},{"b":69,"t":1,"id":"60e3f085d028d01ffc3781d9","s":[{"p":[0,0,0],"r":[1.024528E-05,90,270],"s":[0.02855633,0.01789845,0.02854433],"c":[0.6666667,0.4571425,0]},{"p":[0,-8.940697E-08,-0.04595619],"r":[0,90.00001,270],"s":[0.02855687,0.01789885,0.02854429],"c":[0.6666667,0.4571425,0]}]}]}