{"n":"ground","v":9,"a":[1],"p":[{"b":17,"t1":22,"t2":4,"s":[{"p":[0,0,0],"r":[0,0,0],"s":[65.30699,0.11062,84.73701],"c":[1,1,1],"t1":{"c":[0.4444444,0.4444444,0.4444444],"x":0.17,"y":0.17,"a":0.69625,"m":0.5,"n":0.5,"r":0,"g":0,"o":0.5,"t":0.5,"e":0.5},"t2":{"c":[0,0,0],"x":0.17,"y":0.17,"a":0.69625,"m":0.5,"n":0.5,"r":0,"g":0,"o":0.5,"t":0.5,"e":0.5}}]}]}