{"v":9,"a":[7],"p":[{"t1":77,"s":[{"p":[0,0,0],"r":[0,0,0],"s":[0.4403321,0.1750069,0.3990711],"c":[0.5555556,0.3086419,0.3086419],"t1":{"c":[0,0,0],"x":0.5,"y":0.5,"a":0.8925,"m":0,"n":0,"r":0,"g":0,"o":0.5,"t":0.5,"e":0.5}}]},{"b":139,"e":"THE WEIRD DOOR","s":[{"p":[-0.2168359,0.0900469,0.1082316],"r":[90,-1.001791E-05,0],"s":[0.005080848,0.005080339,0.005080744],"c":[1,0.8571429,0]}]}]}