{"v":9,"a":[7],"p":[{"t1":4,"s":[{"p":[0,0,0],"r":[0,0,0],"s":[0.09161516,4.548267,2.605104],"c":[1,1,1],"b":["when touched then become 2 in 5","when touched then play metal door"],"t1":{"c":[0,0,0],"x":0.17,"y":0.17,"a":0.69625,"m":0.5,"n":0.5,"r":0,"g":0,"o":0.5,"t":0.5,"e":0.5}},{"p":[-0.002333456,2.156967,-0.03919742],"r":[0,0,0],"s":[0.09165275,4.549055,2.606136],"c":[1,1,1],"b":["when starts then become 1 in 7"],"t1":{"c":[0,0,0],"x":0.17,"y":0.17,"a":0.69625,"m":0.5,"n":0.5,"r":0,"g":0,"o":0.5,"t":0.5,"e":0.5}}]}]}