{"v":9,"a":[22,18,31],"p":[{"b":69,"i":[{"t":"60e405e322a1b6052b04b938","p":[0,0.03593412,0],"r":[270,337.5,0]}],"s":[{"p":[7.348506E-09,-0.001167595,0.04713794],"r":[-3.415095E-06,270,270],"s":[0.04554203,0.04553881,0.04554435],"c":[0.7777778,0.3456787,0.7160493]}]},{"b":205,"t":7,"a":[12],"s":[{"p":[0,0,0],"r":[-9.847584E-28,2.426571E-20,4.65039E-06],"s":[0.04500504,0.04500205,0.04500578],"c":[1,1,1],"b":["when starts then all parts face nearest amaniwristr"]}]}]}