{"v":9,"a":[7],"p":[{"b":132,"t":2,"e":"MADE BY AMPLIFIED","s":[{"p":[0,0,0],"r":[0,0,0],"s":[0.003000126,0.003000003,0.003000322],"c":[0,0.7428566,1]}]},{"s":[{"p":[0.3145599,-0.02381396,0.01706126],"r":[270,180,0],"s":[0.6555475,0.03375036,0.06365177],"c":[0.2730158,0.2222221,0.6666667]}]}]}