{"v":9,"a":[7,12,18,31,49],"p":[{"b":69,"t":1,"s":[{"p":[-7.450581E-09,4.274823E-16,0.06016278],"r":[0,270,90],"s":[0.04785166,0.04786163,0.04786208],"c":[0.8888889,0.7026455,0.296296]}]},{"b":205,"a":[12],"i":[{"t":"60e4005937130a051f0d7c8d","p":[-1.490116E-08,1.811201E-08,0.1035886],"r":[-1.628444E-12,-3.559076E-20,1.001791E-05]}],"s":[{"p":[0,0,0],"r":[8.14222E-13,8.678093E-27,1.221333E-12],"s":[0.04499066,0.04501398,0.0450027],"c":[1,1,1],"b":["when starts then all parts face nearest amanitail10"]}]}]}