{"n":"ljwristl","v":9,"p":[{"s":[{"p":[0,0,0],"r":[0,0,-2.134434E-07],"s":[0.04372707,0.04476683,0.0408072],"c":[1,1,1]}]}]}