{"v":9,"p":[{"b":14,"s":[{"p":[0,0,0],"r":[0,0,0],"s":[0.06000002,0.06000002,0.06000005],"c":[1,1,1]}]},{"b":6,"s":[{"p":[-0.02602434,0.07322323,0.2596792],"r":[342.9865,8.342093,47.33697],"s":[0.125,0.1250002,0.1250001],"c":[1,1,1]}]}]}