{"v":9,"a":[7,18],"p":[{"b":134,"e":"PLEASE MAKE A SEPERATE COPY IF YOU WANT TO TAKE\nA PEAK OR MAKE SOME CHANGES :)","s":[{"p":[-0.001001359,1.75083E-10,-0.009802223],"r":[1.001791E-05,-8.757938E-13,-1.001791E-05],"s":[0.003000121,0.003000047,0.003000202],"c":[0.8,0,1]}]},{"b":134,"e":"PLEASE MAKE A SEPERATE COPY IF YOU WANT TO TAKE\nA PEAK OR MAKE SOME CHANGES :)","s":[{"p":[-0.001001359,1.75083E-10,-0.007019998],"r":[0,0,0],"s":[0.003000681,0.003000021,0.003000736],"c":[1,0.1714284,0]}]}]}