{"n":"harold","v":9,"a":[7,18],"p":[{"a":[12],"i":[{"t":"60ea7d7d8ec45c3461128f11","p":[2.498065,0.1687871,0.34516],"r":[15.11674,20.31279,77.34127]}],"s":[{"p":[0,0,0],"r":[0,0,0],"s":[0.1750116,0.1750182,0.1750126],"c":[1,1,1],"b":["when starts then become next in 1s"]},{"p":[-1.867266E-05,0.0003229976,0.06758379],"r":[0.1831286,0.01054989,359.8989],"s":[0.1750285,0.1750323,0.1750237],"c":[1,1,1],"b":["when starts then become next in 1s"]}]}]}