{"n":"harold","v":9,"a":[7],"p":[{"a":[12],"i":[{"t":"60ea7dc64ae1360626bda7ce","p":[-0.0004134178,0.0004718304,0.04102761],"r":[359.9897,0.1744037,270.1018]}],"s":[{"p":[0,0,0],"r":[0,0,0],"s":[0.1749993,0.1750454,0.1750422],"c":[1,1,1],"b":["when starts then set constant rotation to 0 0 20"]}]}]}