{"v":9,"p":[{"b":250,"c":[[0.062,0.149,0.463,29,21,40,11],[-0.384,-0.004,0.062,1,8,52,3],[-0.315,-0.112,-0.238,5,36,19,43],[-0.171,-0.373,-0.105,6,24,48,24],[0.058,-0.526,-0.007,34,2,43,3],[-0.288,0.207,-0.142,0,42,20,35],[-0.15,0.299,-0.146,3,20,51,24],[-0.039,0.414,-0.014,24,2,47,3],[0.235,0.084,-0.215,12,37,17,43],[0.322,-0.365,0.399,15,44,10,49],[0.226,0.092,0.455,28,27,37,19],[0.248,-0.276,0.455,39,18,36,26],[0.131,-0.518,0.389,16,21,44,36],[0.368,-0.442,-0.08,17,16,50,33],[0.426,-0.19,-0.12,18,30,20,47],[0.062,-0.242,-0.403,32,13,44,25],[0.437,-0.153,0.424,10,48,13,41],[0.077,-0.072,0.49,54,2,35,3],[-0.302,0.153,0.246,2,49,12,37],[-0.101,0.293,0.17,4,23,45,27],[0.249,0.374,0.155,13,12,52,36],[-0.036,0.412,-0.374,14,6,55,33],[0.361,-0.089,0.008,11,8,48,3],[-0.239,-0.202,0.189,8,44,13,41],[-0.012,-0.011,-0.402,44,2,39,3],[-0.373,0.19,-0.382,22,21,43,10],[0.263,0.161,-0.405,21,26,37,26]],"s":[{"p":[-0.1250734,0.0461432,-0.0866539],"r":[352.0906,270.2821,339.7092],"s":[0.09651128,0.08301401,0.3822561],"c":[0.2222218,0.3999995,1]}]},{"b":250,"t":1,"c":[[0.151,0.29,0.425,29,21,40,11],[-0.384,-0.004,0.062,1,8,52,3],[-0.315,-0.112,-0.238,5,36,19,43],[-0.171,-0.373,-0.105,6,24,48,24],[0.058,-0.526,-0.007,34,2,43,3],[-0.288,0.207,-0.142,0,42,20,35],[-0.15,0.299,-0.146,3,20,51,24],[-0.039,0.414,-0.014,24,2,47,3],[0.235,0.084,-0.215,12,37,17,43],[0.322,-0.508,0.421,15,44,10,49],[0.273,0.305,0.43,28,27,37,19],[0.248,-0.276,0.455,39,18,36,26],[0.163,-0.668,0.423,16,21,44,36],[0.368,-0.442,-0.08,17,16,50,33],[0.426,-0.19,-0.12,18,30,20,47],[0.062,-0.242,-0.403,32,13,44,25],[0.437,-0.153,0.424,10,48,13,41],[0.077,-0.072,0.49,54,2,35,3],[-0.302,0.153,0.246,2,49,12,37],[-0.101,0.293,0.17,4,23,45,27],[0.249,0.374,0.155,13,12,52,36],[-0.036,0.412,-0.374,14,6,55,33],[0.361,-0.089,0.008,11,8,48,3],[-0.051,0.276,0.427,8,44,13,41],[-0.012,-0.011,-0.402,44,2,39,3],[-0.373,0.19,-0.382,22,21,43,10],[0.263,0.161,-0.405,21,26,37,26],[-0.008,-0.61,0.418,38,15,42,10]],"s":[{"p":[0.2041591,0.03776221,-0.1013658],"r":[359.5549,269.804,1.181665],"s":[0.07827585,0.04799691,0.4299013],"c":[0.6666667,0.6666667,0.6666667]}]},{"b":250,"t":1,"c":[[-0.082,0.453,0.132,4,23,45,27],[0.031,0.347,-0.051,24,2,47,3],[-0.14,0.502,0.303,29,21,40,11],[0.112,0.304,0.113,13,12,52,36],[0.167,0.143,0.225,10,48,13,41],[-0.246,0.251,0.208,2,49,12,37],[-0.18,0.257,-0.111,3,20,51,24],[0.173,0.192,-0.181,14,6,55,33],[-0.14,0.131,-0.483,22,21,43,10],[-0.253,0.093,-0.47,0,42,20,35],[-0.384,0.055,-0.066,1,8,52,3],[0.08,-0.051,-0.392,44,2,39,3],[0.142,0.102,-0.363,21,26,37,26],[0.269,0.088,-0.191,12,37,17,43],[0.298,-0.019,0.032,11,8,48,3],[0.244,-0.256,0.268,15,44,10,49],[0.278,-0.27,-0.222,18,30,20,47],[-0.062,-0.326,-0.029,34,2,43,3],[-0.207,-0.32,-0.23,6,24,48,24],[0.158,-0.345,-0.176,17,16,50,33],[0.042,-0.328,0.162,16,21,44,36],[0.17,-0.193,-0.315,32,13,44,25],[-0.287,0.132,0.283,8,44,13,41],[0.031,0.316,0.311,28,27,37,19]],"s":[{"p":[0.3457631,0.03837873,-0.06322937],"r":[13.6384,342.6511,249.1024],"s":[-0.1542682,-0.08623266,-0.1820785],"c":[0.6666667,0.6666667,0.6666667]}]},{"b":249,"t":1,"c":[[-0.154,0.332,-0.055,9,28,12],[-0.177,0.23,-0.223,2,5,38],[-0.392,0.021,-0.149,1,42,3],[-0.361,0.058,0.239,21,23,3],[0,0.115,0.482,23,8,8],[-0.256,0.158,0.217,20,18,10],[0.194,0.48,0.018,8,28,18],[0.054,0.165,-0.484,4,2,6],[0.376,0.246,-0.29,5,8,40],[0.559,-0.026,-0.15,14,38,7],[0.571,-0.001,0.231,34,17,7],[-0.353,-0.254,-0.257,0,15,25],[-0.025,-0.044,-0.443,3,8,5],[0.267,-0.206,-0.358,10,7,40],[-0.154,-0.513,0.094,18,8,15],[-0.314,-0.235,0.357,22,3,17],[-0.013,-0.095,0.567,24,5,3]],"s":[{"p":[0.3263097,-0.03827466,-0.009487256],"r":[351.9937,57.7891,311.4963],"s":[-0.059177,-0.1014288,-0.05232793],"c":[0.6666667,0.6666667,0.6666667]}]},{"b":249,"t":1,"c":[[-0.154,0.332,-0.055,9,28,12],[-0.177,0.23,-0.223,2,5,38],[-0.392,0.021,-0.149,1,42,3],[-0.361,0.058,0.239,21,23,3],[0,0.115,0.482,23,8,8],[-0.256,0.158,0.217,20,18,10],[0.229,0.359,-0.155,8,28,18],[0.054,0.165,-0.484,4,2,6],[0.376,0.246,-0.29,5,8,40],[0.559,-0.026,-0.15,14,38,7],[0.569,-0.049,0.147,34,17,7],[-0.353,-0.254,-0.257,0,15,25],[-0.025,-0.044,-0.443,3,8,5],[0.267,-0.206,-0.358,10,7,40],[-0.154,-0.513,0.094,18,8,15],[-0.314,-0.235,0.357,22,3,17],[-0.013,-0.095,0.567,24,5,3],[0.318,0.25,0.203,30,5,15]],"s":[{"p":[0.3151678,-0.01174769,0.01639388],"r":[316.7426,355.7872,2.367149],"s":[-0.02686731,-0.04464902,-0.03665796],"c":[0.6666667,0.6666667,0.6666667]}]},{"b":249,"t":1,"v":4,"s":[{"p":[0.319881,0.008666128,0.02390417],"r":[295.9505,351.3163,8.803354],"s":[-0.02686743,-0.04464943,-0.02863916],"c":[0.6666667,0.6666667,0.6666667]}]},{"b":249,"t":1,"v":4,"s":[{"p":[0.3297254,0.02948895,0.01993616],"r":[298.4919,1.89217,359.7916],"s":[-0.02686743,-0.04464929,-0.02863905],"c":[0.6666667,0.6666667,0.6666667]}]},{"b":249,"t":1,"v":4,"s":[{"p":[0.3392641,0.060449,0.006170303],"r":[281.6074,161.8663,194.8735],"s":[-0.02078737,-0.0405049,-0.01789046],"c":[0.6666667,0.6666667,0.6666667]}]}]}