{"v":9,"p":[{"b":250,"c":[[0.062,0.149,0.463,29,21,40,11],[-0.384,-0.004,0.062,1,8,52,3],[-0.315,-0.112,-0.238,5,36,19,43],[-0.171,-0.373,-0.105,6,24,48,24],[0.058,-0.526,-0.007,34,2,43,3],[-0.288,0.207,-0.142,0,42,20,35],[-0.15,0.299,-0.146,3,20,51,24],[-0.039,0.414,-0.014,24,2,47,3],[0.235,0.084,-0.215,12,37,17,43],[0.322,-0.365,0.399,15,44,10,49],[0.226,0.092,0.455,28,27,37,19],[0.248,-0.276,0.455,39,18,36,26],[0.131,-0.518,0.389,16,21,44,36],[0.368,-0.442,-0.08,17,16,50,33],[0.426,-0.19,-0.12,18,30,20,47],[0.062,-0.242,-0.403,32,13,44,25],[0.437,-0.153,0.424,10,48,13,41],[0.077,-0.072,0.49,54,2,35,3],[-0.302,0.153,0.246,2,49,12,37],[-0.101,0.293,0.17,4,23,45,27],[0.249,0.374,0.155,13,12,52,36],[-0.036,0.412,-0.374,14,6,55,33],[0.361,-0.089,0.008,11,8,48,3],[-0.239,-0.202,0.189,8,44,13,41],[-0.012,-0.011,-0.402,44,2,39,3],[-0.373,0.19,-0.382,22,21,43,10],[0.263,0.161,-0.405,21,26,37,26]],"s":[{"p":[0,0,0],"r":[0,0,-1.067217E-07],"s":[0.0965112,0.08301381,0.3179254],"c":[0.2222218,0.3999995,1]}]},{"b":250,"t":1,"c":[[0.115,0.347,0.403,29,21,40,11],[-0.384,-0.004,0.062,1,8,52,3],[-0.315,-0.112,-0.238,5,36,19,43],[-0.171,-0.373,-0.105,6,24,48,24],[0.058,-0.526,-0.007,34,2,43,3],[-0.288,0.207,-0.142,0,42,20,35],[-0.15,0.299,-0.146,3,20,51,24],[-0.039,0.414,-0.014,24,2,47,3],[0.235,0.084,-0.215,12,37,17,43],[0.322,-0.365,0.399,15,44,10,49],[0.186,0.375,0.43,28,27,37,19],[0.248,-0.276,0.455,39,18,36,26],[0.143,-0.615,0.402,16,21,44,36],[0.368,-0.442,-0.08,17,16,50,33],[0.426,-0.19,-0.12,18,30,20,47],[0.062,-0.242,-0.403,32,13,44,25],[0.437,-0.153,0.424,10,48,13,41],[0.077,-0.072,0.49,54,2,35,3],[-0.302,0.153,0.246,2,49,12,37],[-0.101,0.293,0.17,4,23,45,27],[0.249,0.374,0.155,13,12,52,36],[-0.036,0.412,-0.374,14,6,55,33],[0.361,-0.089,0.008,11,8,48,3],[-0.247,0.104,0.424,8,44,13,41],[-0.012,-0.011,-0.402,44,2,39,3],[-0.373,0.19,-0.382,22,21,43,10],[0.263,0.161,-0.405,21,26,37,26],[-0.042,-0.604,0.399,38,15,42,10]],"s":[{"p":[-0.02552622,0.02870238,-0.269895],"r":[6.789489,5.093356,6.817801],"s":[0.07827523,0.04799642,0.3724446],"c":[0.6666667,0.6666667,0.6666667]}]},{"b":250,"t":1,"c":[[-0.082,0.453,0.132,4,23,45,27],[0.031,0.347,-0.051,24,2,47,3],[-0.14,0.502,0.303,29,21,40,11],[0.112,0.304,0.113,13,12,52,36],[0.167,0.143,0.225,10,48,13,41],[-0.246,0.251,0.208,2,49,12,37],[-0.18,0.257,-0.111,3,20,51,24],[0.173,0.192,-0.181,14,6,55,33],[-0.14,0.131,-0.483,22,21,43,10],[-0.253,0.093,-0.47,0,42,20,35],[-0.384,0.055,-0.066,1,8,52,3],[0.08,-0.051,-0.392,44,2,39,3],[0.142,0.102,-0.363,21,26,37,26],[0.269,0.088,-0.191,12,37,17,43],[0.298,-0.019,0.032,11,8,48,3],[0.244,-0.256,0.268,15,44,10,49],[0.278,-0.27,-0.222,18,30,20,47],[-0.062,-0.326,-0.029,34,2,43,3],[-0.207,-0.32,-0.23,6,24,48,24],[0.158,-0.345,-0.176,17,16,50,33],[0.042,-0.328,0.162,16,21,44,36],[0.17,-0.193,-0.315,32,13,44,25],[-0.287,0.132,0.283,8,44,13,41],[0.031,0.316,0.311,28,27,37,19]],"s":[{"p":[0.004137188,0.09625995,-0.4182049],"r":[41.44526,224.6058,218.1027],"s":[0.2033488,0.1136685,0.2400047],"c":[0.6666667,0.6666667,0.6666667]}]},{"b":249,"t":1,"c":[[-0.154,0.332,-0.055,9,28,12],[-0.177,0.23,-0.223,2,5,38],[-0.392,0.021,-0.149,1,42,3],[-0.361,0.058,0.239,21,23,3],[0,0.115,0.482,23,8,8],[-0.256,0.158,0.217,20,18,10],[0.194,0.48,0.018,8,28,18],[0.054,0.165,-0.484,4,2,6],[0.376,0.246,-0.29,5,8,40],[0.559,-0.026,-0.15,14,38,7],[0.571,-0.001,0.231,34,17,7],[-0.353,-0.254,-0.257,0,15,25],[-0.025,-0.044,-0.443,3,8,5],[0.267,-0.206,-0.358,10,7,40],[-0.154,-0.513,0.094,18,8,15],[-0.314,-0.235,0.357,22,3,17],[-0.013,-0.095,0.567,24,5,3]],"s":[{"p":[-0.007613586,0.2108391,-0.3670173],"r":[22.68725,318.0302,335.5643],"s":[0.07800446,0.1336985,0.06897647],"c":[0.6666667,0.6666667,0.6666667]}]},{"b":249,"t":1,"c":[[-0.154,0.332,-0.055,9,28,12],[-0.177,0.23,-0.223,2,5,38],[-0.392,0.021,-0.149,1,42,3],[-0.361,0.058,0.239,21,23,3],[0,0.115,0.482,23,8,8],[-0.256,0.158,0.217,20,18,10],[0.229,0.359,-0.155,8,28,18],[0.054,0.165,-0.484,4,2,6],[0.376,0.246,-0.29,5,8,40],[0.559,-0.026,-0.15,14,38,7],[0.569,-0.049,0.147,34,17,7],[-0.353,-0.254,-0.257,0,15,25],[-0.025,-0.044,-0.443,3,8,5],[0.267,-0.206,-0.358,10,7,40],[-0.154,-0.513,0.094,18,8,15],[-0.314,-0.235,0.357,22,3,17],[-0.013,-0.095,0.567,24,5,3],[0.318,0.25,0.203,30,5,15]],"s":[{"p":[0.0381927,0.2002376,-0.3472046],"r":[352.9812,259.7266,346.9287],"s":[0.03541525,0.05885406,0.04832077],"c":[0.6666667,0.6666667,0.6666667]}]},{"b":249,"t":1,"v":4,"s":[{"p":[0.0634091,0.1863938,-0.3529677],"r":[332.3798,263.7299,348.4914],"s":[0.03541538,0.05885438,0.03775068],"c":[0.6666667,0.6666667,0.6666667]}]},{"b":249,"t":1,"v":4,"s":[{"p":[0.07828125,0.1647862,-0.369143],"r":[336.1848,268.0709,347.0066],"s":[0.03541533,0.0588543,0.03775061],"c":[0.6666667,0.6666667,0.6666667]}]},{"b":249,"t":1,"v":4,"s":[{"p":[0.09143844,0.1251315,-0.3892896],"r":[300.4145,292.2511,323.9937],"s":[0.02740095,0.05339155,0.0235824],"c":[0.6666667,0.6666667,0.6666667]}]}]}