{"n":"plate","v":9,"a":[7,18],"p":[{"b":5,"s":[{"p":[0,0,0],"r":[0,0,0],"s":[0.09999982,0.1000013,0.005061813],"c":[0.7777778,0.7777778,0.7777778]}]},{"b":202,"s":[{"p":[0,-4.656613E-10,0.003102065],"r":[90,-1.001791E-05,0],"s":[0.02475214,0.001,0.02475278],"c":[1,1,1]}]},{"b":200,"s":[{"p":[0,0,-0.003031611],"r":[0,270,90],"s":[0.08510874,0.0024359,0.08510942],"c":[0.7777778,0.7777778,0.7777778]}]}]}