{"v":9,"p":[{"b":205,"a":[8],"s":[{"p":[0,0,0],"r":[0,0,-4.268868E-07],"s":[0.04500009,0.04500009,0.04500003],"c":[0,0,0]}]}]}