{"v":9,"a":[21],"p":[{"b":14,"s":[{"p":[-0.04347111,0.02462374,0.0008382928],"r":[293.0687,217.771,99.89015],"s":[0.003467659,0.003467697,0.009006427],"c":[0,0,0]}]},{"b":14,"s":[{"p":[-0.03037831,0.004862771,-0.001421844],"r":[13.95926,329.2177,28.46041],"s":[0.003467676,0.003467705,0.004498444],"c":[0,0,0]}]}]}