{"v":9,"a":[22,18],"p":[{"a":[21,22,36],"i":[{"t":"60fdca95b15dd87bcaa76d4f","p":[0.3030953,0.004787392,0.00233462],"r":[-1.001791E-05,1.628444E-12,-1.423631E-19]},{"t":"60fdcb2cd1a472072d2fe33c","p":[-0.2182412,0.00524191,0.002892474],"r":[0,0,0]},{"t":"60fdcbc796a7b07bd66bc171","p":[0.3069946,1.064152,0.002038796],"r":[-1.001791E-05,1.628444E-12,-1.423631E-19]}],"s":[{"p":[0,0,0],"r":[0,0,0],"s":[0.114518,0.3571745,0.09101769],"c":[1,1,1],"b":["when touched then become 2 in 1s"]},{"p":[1.489174,-2.603754E-07,0.6264192],"r":[1.710165E-05,135,7.083733E-06],"s":[0.1148355,0.3572527,0.09086919],"c":[1,1,1],"b":["when touched then become 1 in 1s"]}]}]}