{"v":9,"p":[{"b":44,"s":[{"p":[0,0,0],"r":[0,0,0],"s":[0.1250005,0.1250004,0.1250002],"c":[1,1,1]}]},{"b":52,"s":[{"p":[0.2341563,0.1034572,0.1490741],"r":[4.601654,354.0392,36.76146],"s":[0.1250005,0.1250005,0.1250002],"c":[1,1,1]}]},{"b":38,"s":[{"p":[0.193431,0.08109842,-0.1650951],"r":[336.0918,151.7422,74.9436],"s":[0.1250004,0.1250004,0.1250001],"c":[1,1,1]}]}]}