{"v":9,"p":[{"b":5,"s":[{"p":[-0.004975306,0.0002056547,-0.02113017],"r":[3.87933,357.7021,295.5305],"s":[0.09081466,0.1099663,0.02247797],"c":[0.4444443,0.4444443,0.4444443]}]},{"b":56,"s":[{"p":[0.05065808,0.05672776,0.008393295],"r":[357.6535,6.014696,138.6983],"s":[0.0299254,0.02181198,0.05663234],"c":[0.5555556,0.5555556,0.5555556]}]}]}