{"n":"placard","v":9,"p":[{"t":2,"pr":3,"s":[{"p":[0,0,0],"r":[0,0,0],"s":[0.409674,0.07818452,0.2348655],"c":[0.04938262,0.2222221,0.2222221],"pr":{"c":[1,1,1],"m":0.25,"a":0.25,"s":0.15,"z":0.25,"g":0.5,"h":0.25}}]},{"b":18,"e":"CREEPY SNOWMAN\n        REV 1","s":[{"p":[-0.1372002,0.04230833,0.054008],"r":[87.47385,10.19301,10.74385],"s":[0.002999998,0.003000001,0.003000001],"c":[1,1,1]}]}]}