{"v":9,"a":[7,18],"p":[{"b":60,"t":1,"s":[{"p":[0,0,0],"r":[0,0,0],"s":[0.8137908,3.819466,0.9811325],"c":[0.06172822,0.2592588,0.5555556]}]}]}