{"v":9,"a":[6,7,14,31,48],"p":[{"b":9,"t":3,"s":[{"p":[0,0,0],"r":[0,0,0],"s":[0.0096008,0.009604326,0.009604787],"c":[0.8888889,0.7026455,0.2962962]}]}]}