{"n":"dot","v":9,"a":[2,3],"p":[{"b":205,"s":[{"p":[0,0,0],"r":[1.366037E-05,1.811128E-05,1.811128E-05],"s":[0.04499997,0.0450002,0.04500046],"c":[1,1,1]}]},{"b":3,"t":2,"pr":2,"s":[{"p":[0.002733695,-0.04792529,-0.007337049],"r":[275.4759,224.4957,50.80414],"s":[0.005915569,0.01358539,0.01244539],"c":[0,1,0.2285714],"b":["when triggered then become next"],"pr":{"c":[0,1,0.2285715],"m":0.25,"a":1,"s":0,"z":0.2893838,"g":0.5,"h":0.5065267}},{"p":[0.002733695,-0.04792529,-0.007337049],"r":[275.4758,224.4957,50.80412],"s":[0.005915569,0.01358539,0.01244539],"c":[0,1,0.2285713],"b":["when starts then project with 99% reach","when starts then show line with 0.01 width","when triggered then become next"],"pr":{"c":[0,1,0.2285715],"m":0.25,"a":1,"s":0,"z":0.2893838,"g":0.5,"h":0.5065267}}]}]}