{"v":9,"p":[{"s":[{"p":[0,0,0],"r":[-6.830189E-06,3.415095E-06,-2.035555E-13],"s":[0.1750002,0.1750004,0.1750003],"c":[1,1,1]}]},{"s":[{"p":[-0.3377162,1.368668,-0.8136899],"r":[350.9725,337.458,81.77724],"s":[0.1750003,0.1750002,0.1750003],"c":[1,1,1]}]}]}