{"n":"shirt","v":9,"p":[{"b":5,"s":[{"p":[9.880401E-05,0.01066857,-0.04559234],"r":[358.5696,358.6839,359.1603],"s":[0.1083391,0.01041794,0.4629481],"c":[0.2962962,0.3174602,0.3333332]}]},{"b":3,"s":[{"p":[-0.01158737,0.01348789,0.1701382],"r":[88.02543,325.9716,327.7025],"s":[0.2055892,0.1379566,0.01553966],"c":[0.2962962,0.3174602,0.3333332]}]},{"b":76,"s":[{"p":[0.1824332,0.01268671,0.1322128],"r":[271.314,201.3675,142.0691],"s":[0.03008038,0.09776796,0.005000297],"c":[0.2962962,0.3174602,0.3333332]}]},{"b":76,"s":[{"p":[-0.1909719,0.01936132,0.1300713],"r":[273.2993,107.1678,266.3427],"s":[0.03007762,0.0977537,0.005000012],"c":[0.2962962,0.3174602,0.3333332]}]}]}