{"v":9,"p":[{"b":17,"t":2,"t1":168,"t2":167,"s":[{"p":[-0.03149378,-0.05640359,-0.00676398],"r":[5.259604,0.7324742,356.9706],"s":[0.06000027,0.0600002,0.06000037],"c":[1,0,0],"t1":{"c":[0.4444444,0.09876538,0.09876538],"a":0.04218679},"t2":{"c":[1,0,0],"a":0.75}}]},{"b":17,"t":2,"t1":168,"t2":167,"s":[{"p":[-0.03073749,-0.06007632,-0.005673483],"r":[75.17849,331.7499,314.3864],"s":[0.06000011,0.06000012,0.06000006],"c":[0.7777778,0.2592591,0.2592591],"t1":{"c":[1,0,0],"a":0.02601926},"t2":{"c":[0.2222221,0.04938267,0.04938267],"a":0.75}}]},{"b":17,"t":2,"s":[{"p":[-0.03598499,-0.06114113,-0.008762497],"r":[18.66214,8.08438,84.87762],"s":[0.05999953,0.05999981,0.0599997],"c":[1,0,0]}]},{"b":17,"t":2,"t1":168,"t2":167,"s":[{"p":[-0.03327845,-0.05724112,-0.008186501],"r":[1.132102,331.4266,119.5876],"s":[0.05999979,0.05999994,0.05999992],"c":[0.5555556,0.0617283,0.0617283],"t1":{"c":[0.8888889,0.2962962,0.2962962],"a":0.04106038},"t2":{"c":[0.7777778,0.1728395,0.1728395],"a":0.75}}]}]}