{"v":9,"p":[{"b":56,"s":[{"p":[0,0,0],"r":[0,0,0],"s":[0.1250001,0.125,0.1250001],"c":[1,0.9460317,0.8888889]}]},{"b":55,"s":[{"p":[0.3391511,0.06747577,-0.1046377],"r":[356.427,34.62638,21.37178],"s":[0.1250001,0.1250001,0.1250001],"c":[1,1,1]}]},{"b":43,"s":[{"p":[0.1130669,-0.002765849,-0.2391937],"r":[12.5577,284.3909,345.6958],"s":[0.1250002,0.1250001,0.1250003],"c":[1,1,1]}]}]}