{"v":9,"a":[6,7,14,18,31,48],"p":[{"b":9,"t":3,"s":[{"p":[0,0,0],"r":[0,0,0],"s":[0.01443131,0.01442906,0.01442986],"c":[0.304762,0,0.6666667]}]}]}