{"v":9,"p":[{"b":9,"c":[[-0.92,0.992,-0.659,27,15,28,27,16],[-0.363,0.569,-1.314,13,58,2,3,20,3],[-0.198,1.107,-0.604,29,69,2,3,43,1],[-0.006,-0.008,-1.443,0,6,3,3,65],[-0.613,-0.504,-1.124,2,3,60,1,8,1],[-1.184,0.511,-0.72,4,13,52,3,38,1]],"s":[{"p":[0,0,0],"r":[0,0,-1.173938E-06],"s":[0.1250001,0.1250001,0.125],"c":[1,1,1],"b":["when hears no then become 2"]},{"p":[-0.06948479,0.2537318,0.07938157],"r":[13.32049,4.616643,32.32254],"s":[0.1250003,0.1250002,0.125],"c":[0,1,1],"b":["when starts then become 1 in 0"]}]}]}