{"n":"tp1","v":9,"a":[31],"p":[{"b":5,"s":[{"p":[0,0,0],"r":[0,0,0],"s":[0.2767736,0.2767645,0.04207534],"c":[1,1,1]}]},{"s":[{"p":[0.001983881,-0.5022619,1.268606],"r":[0,0,90.00001],"s":[0.07555923,0.07555513,0.07555427],"c":[1,0,0],"b":["when touches hand then send one nearby onto tp2"]}]},{"b":18,"e":"TELEPORT UP","s":[{"p":[-0.1019844,-0.5084045,1.36443],"r":[68.76316,183.9849,183.383],"s":[0.003000112,0.002999881,0.003000102],"c":[1,0,0]}]}]}