{"v":9,"a":[22,18],"p":[{"b":205,"a":[8],"s":[{"p":[-4.561941E-08,-1.10135E-07,-1.421085E-14],"r":[270,180,0],"s":[0.8305142,0.3226919,0.001],"c":[1,1,1]}]}]}