{"n":"tp2","v":9,"a":[31],"p":[{"b":5,"s":[{"p":[0,0,0],"r":[0,0,0],"s":[0.2767736,0.2767645,0.04207534],"c":[1,1,1]}]},{"s":[{"p":[0.001983881,-0.5022619,1.268606],"r":[0,0,90.00001],"s":[0.07555923,0.07555513,0.07555427],"c":[1,0,0],"b":["when touches hand then send one nearby onto tp1"]}]},{"b":18,"e":"TELEPORT DOWN","s":[{"p":[-0.1309043,-0.5086308,1.361423],"r":[62.63,185.818,185.6113],"s":[0.003000368,0.002999838,0.003000329],"c":[1,0,0]}]}]}