{"v":9,"p":[{"b":3,"s":[{"p":[0,0,0],"r":[2.561321E-06,-1.693645E-13,-7.577241E-06],"s":[0.1250001,0.125,0.125],"c":[0,0.05714257,1]}]}]}