{"v":9,"a":[7],"p":[{"s":[{"p":[0,0,0],"r":[0,0,0],"s":[0.5317835,0.01517726,0.1913907],"c":[1,0,0.342857],"b":["when touches hand then show chat keyboard"]}]}]}