{"n":"cookie","v":9,"a":[2,31],"p":[{"b":9,"t1":10,"t2":76,"s":[{"p":[0,0,0],"r":[0,0,4.268868E-06],"s":[0.08644927,0.04134076,0.07859822],"c":[0,0.3999991,1],"b":["when consumed then play munching, add crumbles, become untweened next"],"t1":{"c":[0.1142857,0,1],"a":0},"t2":{"c":[0,0,0],"x":0.5,"y":0.5824072,"a":0.8925,"m":0,"n":0,"r":0,"g":0,"o":0.5,"t":0.5,"e":0.5}},{"p":[0,0,0],"r":[0,0,4.268868E-06],"s":[0.06293976,0.02573104,0.05508872],"c":[0,0.3999991,1],"b":["when consumed then play munching, add crumbles, become untweened next"],"t1":{"c":[0.1142857,0,1],"a":0},"t2":{"c":[0,0,0],"x":0.5,"y":0.5824072,"a":0.8925,"m":0,"n":0,"r":0,"g":0,"o":0.5,"t":0.5,"e":0.5}},{"p":[0,0,0],"r":[0,0,4.268868E-06],"s":[0.04140958,0.004200859,0.03355854],"c":[0,0.399999,1],"b":["when consumed then play munching, add crumbles, destroy all parts"],"t1":{"c":[0.1142857,0,1],"a":0},"t2":{"c":[0,0,0],"x":0.5,"y":0.5824072,"a":0.8925,"m":0,"n":0,"r":0,"g":0,"o":0.5,"t":0.5,"e":0.5}}]}]}