{"v":9,"a":[7,12,18,49],"p":[{"b":69,"t":19,"t1":168,"s":[{"p":[-7.450581E-09,0,0.06546403],"r":[2.561321E-05,90,270],"s":[0.05309603,0.04042713,0.05310236],"c":[0,0,0],"t1":{"c":[0,0,0],"a":0.02275734}}]},{"b":205,"a":[12],"i":[{"t":"6123107ccb0a8e052128a7b6","p":[0,0,0.08719254],"r":[0,0,-8.537737E-06]}],"s":[{"p":[0,0,0],"r":[-8.142219E-13,1.735618E-26,-2.442666E-12],"s":[0.04500261,0.04500375,0.04500982],"c":[1,1,1],"b":["when starts then all parts face nearest rh1"]}]}]}