{"v":9,"p":[{"b":4,"t":2,"s":[{"p":[0,0,0],"r":[0,0,0],"s":[0.1250001,0.1250001,0.1250002],"c":[1,0,0]}]}]}