{"v":9,"a":[49],"p":[{"s":[{"p":[0,0,0],"r":[0,0,0],"s":[0.05896866,0.002386456,0.001866346],"c":[0.7777778,0.7777778,0.7777778]}]},{"s":[{"p":[0.02294839,-1.862645E-09,-4.012424E-09],"r":[-1.221333E-12,1.001791E-05,270],"s":[0.01052975,0.01314015,0.01110947],"c":[0.7777778,0.1728394,0.1728394]}]}]}