{"v":9,"a":[7,18,49],"p":[{"t1":4,"c":[[0.797,0.422,0.022,4,6,11],[-0.807,0.639,0.016,5,6,7],[-0.383,0.197,-1.042,7,8,4],[0.487,0.193,-1.031,6,6,8]],"s":[{"p":[0,0,0],"r":[0,0,0],"s":[5.83204,0.084482,4.064661],"c":[0.4444443,0.4444443,0.4444443],"t1":{"c":[0.2222221,0.2222221,0.2222221],"x":0.17,"y":0.17,"a":0.69625,"m":0.5,"n":0.5,"r":0,"g":0,"o":0.5,"t":0.5,"e":0.5}}]}]}