{"v":9,"a":[5,7,18,49],"p":[{"t":2,"s":[{"p":[0,0,0],"r":[1.831999E-12,-9.706281E-20,-1.551764E-33],"s":[0.6227607,0.4693958,0.03973616],"c":[0.4444442,0.4444442,0.4444442],"b":["when starts then all parts face view"]}]},{"b":20,"e":"GREETINGS, I'M CASTELLAN, THE\nSTEWARD OF CASTLE RAVENSWICH.\nTHE MASTER DOES NOT PERMIT\nVISITORS, YET YOU HAVE GAINED\nENTRY ON THE ONE NIGHT IT IS\nPOSSIBLE TO DO SO.  YOU ARE NOT\nTHE FIRST, AND WILL NOT BE THE\nLAST...","s":[{"p":[0.2663574,-0.2027541,-0.02641302],"r":[0,0,180],"s":[0.004562846,0.004561593,0.004562678],"c":[0,0,0]}]},{"b":11,"t":2,"s":[{"p":[-0.1442871,0.2779337,-0.002242982],"r":[-1.502687E-05,270,-5.008966E-06],"s":[0.01595218,0.08329322,0.0801117],"c":[0.4444442,0.4444442,0.4444442]}]}]}