{"n":"jinxorb","v":9,"a":[1,5,7,49],"inc":[["bot o light","588d1449ae5e341a104bd1d4"],["bot o light 2","588d1a81c5d8598313cf15f4"],["spotlight bot","58aa818dd2d7d50710db34ef"],["microphone bot","58aa795967d0aed1132c3592"],["scrubber bot","58aa79760f9146c6131a265e"],["party light bot","58aa7cf66cf9b083722ab87a"],["bot boomerang","58b34c7b9d844dc9139deff3"],["spotlight bot 2","58b35a315b5612fb1398e550"]],"p":[{"b":3,"t":1,"a":[3],"s":[{"p":[0,0,0],"r":[-1.280661E-06,-4.268869E-07,1.024528E-05],"s":[0.0610062,0.06100287,0.06100191],"c":[0,0,0],"b":["when starts then become 2 in 4s"]}]},{"b":5,"t":2,"s":[{"p":[0.0009600045,0.001608885,0.000814713],"r":[3.380772E-05,270,180],"s":[0.04942891,0.04951623,0.01367067],"c":[0,1,0.5714287],"b":["when starts then become 2 in 4s"]}]}]}