{"v":9,"a":[22],"p":[{"s":[{"p":[0,0,0],"r":[0,0,0],"s":[1.790787,0.02008561,0.01573018],"c":[0.1142857,0,1]}]},{"s":[{"p":[0.01199755,-0.001384258,0.0001831056],"r":[0,337.5,0],"s":[1.791731,0.02009035,0.01573488],"c":[1,0,0.3428572]}]}]}