{"v":9,"a":[7],"p":[{"s":[{"p":[0.02821577,0.0009053908,0.00919819],"r":[-6.171555E-06,270,-1.162596E-06],"s":[1.791931,0.02009179,0.01573616],"c":[1,0,0.3428572]}]},{"s":[{"p":[0.006523522,0.001226306,-0.002793313],"r":[0,0,-5.008957E-06],"s":[1.791055,0.02008657,0.01573116],"c":[0.1142857,0,1]}]}]}