{"v":9,"a":[7,18],"p":[{"s":[{"p":[0,0,0],"r":[0,0,0],"s":[2.244368,0.0382217,0.6413184],"c":[0,0,0]}]}]}