{"v":9,"a":[7,13,18],"p":[{"s":[{"p":[0,0,0],"r":[0,0,0],"s":[2.992454,0.03822181,0.64101],"c":[0,0,0]}]}]}