{"n":"v8s","v":9,"a":[21],"p":[{"b":5,"s":[{"p":[0,0,0],"r":[0,0,0],"s":[0.003919536,0.003919206,0.003919419],"c":[0.2222221,0.2222221,0.2222221]}]},{"b":5,"s":[{"p":[0,0,-0.01999474],"r":[0,0,0],"s":[0.002524874,0.002524864,0.04709661],"c":[0.2222221,0.2222221,0.2222221]}]}]}