{"v":9,"a":[22,18],"p":[{"b":4,"a":[12,36],"i":[{"t":"6146f2fe89b1141c68ba8bb3","p":[0.01202587,0.1069583,0.2151764],"r":[90,270,0]}],"s":[{"p":[0,0,0],"r":[0,0,0],"s":[0.1250206,0.1250348,0.1250202],"c":[0,1,1],"b":["when told by any door1 then become 2 in 2s"]},{"p":[-0.09742477,-0.0001646069,-0.07239046],"r":[-7.939788E-07,292.5,-6.163245E-06],"s":[0.1251345,0.1251941,0.1250862],"c":[0,1,1],"b":["when told by any door1 then become 1 in 2s"]}]}]}