{"v":9,"p":[{"a":[6],"s":[{"p":[0,0,0],"r":[0,0,0],"s":[0.4597895,0.001,0.36808],"c":[1,1,1]}]}]}