{"v":9,"a":[2,15,50],"p":[{"b":251,"s":[{"p":[0,0,0],"r":[0,0,0],"s":[0.2399999,0.2400001,0.24],"c":[1,1,1]}]}]}