{"v":9,"a":[7],"p":[{"b":8,"s":[{"p":[0,0,0],"r":[0,0,0],"s":[0.1250501,0.1249933,0.1250205],"c":[1,1,1]}]}]}