{"v":9,"a":[7],"p":[{"b":29,"s":[{"p":[0,0,0],"r":[0,0,0],"s":[0.1250206,0.1250058,0.1250034],"c":[1,1,1]}]}]}