{"v":9,"a":[7],"p":[{"b":61,"s":[{"p":[0,0,0],"r":[0,0,0],"s":[0.1250605,0.1250123,0.1250383],"c":[1,1,1]}]}]}