{"v":9,"a":[7],"p":[{"b":64,"s":[{"p":[0,0,0],"r":[0,0,0],"s":[0.1250488,0.1250201,0.1250555],"c":[1,1,1]}]}]}