{"v":9,"a":[7,18,31],"p":[{"s":[{"p":[0,0,0],"r":[0,0,0],"s":[0.07107082,0.07106724,0.07107027],"c":[1,0,0.3428572]}]}]}