{"n":"10m","v":9,"a":[7,18],"p":[{"s":[{"p":[0,0,0],"r":[0,0,0],"s":[0.01987825,0.008684553,10.05019],"c":[0,0,0]}]}]}