{"n":"outside","v":9,"a":[7,18],"p":[{"s":[{"p":[0,0,0],"r":[0,0,0],"s":[24.46639,24.46638,0.001],"c":[0.222222,0.222222,0.222222]}]}]}