{"v":9,"a":[7,18],"p":[{"a":[1,4],"s":[{"p":[0,0,0],"r":[0,0,0],"s":[0.8056036,0.01851473,0.4931424],"c":[0,0,0]}]}]}