{"n":"frame","v":9,"a":[7,31,32],"p":[{"b":82,"t":19,"c":[[-1.1,0.5,1.1,61,11,-10,18,-17,19,-18,20,43,-62,60,-66,62,-55,57],[-1.1,-0.5,-1.1,24,49,-50,51,-52,54,-55,57,9,-67,68,-69,71,-72,74,-66,55],[-1.1,0.5,-1.1,67,8,-5,19,-20,10,7,-18,9,-6,20,-45,47],[1.1,0.5,-1.1,47,48,-47,49,-48,50,1,-50,53,-52,54,-53,55],[1.1,0.5,1.1,58,61,-62,60,-63,55,-54,56,-55,57,1],[1.1,-0.5,-1.1,32,62,-61,63,-62,64,3,-66,67,-66,68],[1.1,-0.5,1.1,37,69,-63,75,-78,70,-69,71,3,-76,69,-77,89,-78,74],[-1.1,-0.5,1.1,29,95,-96,57,41,-99,56,-53,92],[-1.5,-0.5,1.5,0,5,20]],"sa":0,"s":[{"p":[0,0,0],"r":[0,0,0],"s":[0.03139759,0.03139969,0.03140068],"c":[1,0,0]}]}]}