{"v":9,"p":[{"s":[{"p":[-0.3173348,-0.01752811,-0.08249632],"r":[351.8712,352.4005,28.52344],"s":[0.4830391,0.1750014,0.1750013],"c":[1,1,1]}]},{"b":2,"s":[{"p":[-0.1840311,0.03782357,-0.1539898],"r":[345.58,125.2658,243.3045],"s":[0.07112749,0.06072333,0.2099968],"c":[1,1,1]}]}]}