{"v":9,"p":[{"b":5,"t1":76,"c":[[-1.1,1,-0.4,20,17]],"sa":4,"s":[{"p":[0,0,0],"r":[0,0,0],"s":[7.686215,9.53071,0.1000004],"c":[0.03809522,0.3333332,0],"t1":{"c":[0.03809522,0.3333333,0],"x":0.5,"y":0.5,"a":0.8925,"m":0,"n":0,"r":0,"g":0,"o":0.5,"t":0.5,"e":0.5}}]}]}