{"n":"coffe","v":9,"a":[1,2,7],"p":[{"b":5,"t1":168,"s":[{"p":[0.05402158,0.08608972,-0.08528046],"r":[270,45.00001,0],"s":[0.04543507,0.04543086,0.0454325],"c":[1,1,1],"t1":{"c":[0,0,0],"a":0.05}}]},{"b":202,"t1":168,"s":[{"p":[0.05402158,0.1660896,-0.08528048],"r":[-9.255346E-06,337.5,3.833689E-06],"s":[0.03193471,0.06194304,0.03193389],"c":[1,1,1],"t1":{"c":[0,0,0],"a":0.05}}]},{"b":5,"t1":168,"s":[{"p":[0.05402169,0.1514821,-0.08528043],"r":[270,45,0],"s":[0.04409307,0.04408448,0.1642579],"c":[0.4444442,0.3005289,0.1481479],"b":["when consumed then play drink sip "],"t1":{"c":[0,0,0],"a":0.05}}]},{"b":57,"t1":168,"s":[{"p":[0.07585867,0.1454117,-0.1409661],"r":[270,67.49999,0],"s":[0.05111475,0.0510636,0.05104864],"c":[1,1,1],"t1":{"c":[0,0,0],"a":0.05}}]}]}