{"v":9,"p":[{"b":10,"t":19,"s":[{"p":[0.1834165,0.2163222,0.08855218],"r":[0.6328144,179.9362,108.8856],"s":[0.2225953,0.1250029,0.3655353],"c":[0.2222219,0.4761904,0.6666667]}]},{"b":36,"t":19,"s":[{"p":[0.0327602,0.2618472,0.0737197],"r":[358.7699,177.4657,181.4202],"s":[0.125001,0.1250007,0.1250005],"c":[0.2222219,0.4761904,0.6666667]}]},{"b":10,"t":19,"s":[{"p":[0.3004633,0.1743482,0.1132321],"r":[5.863768,176.6765,105.1782],"s":[0.1201425,0.02995874,0.2091117],"c":[1,1,1]}]}]}