{"n":"drill guide","v":9,"p":[{"t":9,"s":[{"p":[-0.1834801,0.07448618,0.05832355],"r":[358.299,170.9304,79.90409],"s":[0.09235524,0.03181941,0.02633997],"c":[1,1,1]}]},{"b":10,"t":7,"s":[{"p":[-0.1927175,0.1320371,0.05110577],"r":[327.7873,65.13381,180.8279],"s":[0.02841412,0.02841396,0.02841412],"c":[0,1,0.9142858]}]},{"b":10,"t":7,"s":[{"p":[-0.1742799,0.02780659,0.05178749],"r":[357.8052,50.78841,179.8239],"s":[0.02841411,0.02841393,0.02841409],"c":[0,1,0.9142858]}]},{"t":9,"s":[{"p":[-0.1262119,0.06412112,0.05924607],"r":[1.279791,174.1125,19.40339],"s":[0.1380608,0.02552982,0.01663743],"c":[1,1,1]}]}]}