{"v":9,"a":[1,2],"p":[{"b":17,"s":[{"p":[0,0,0],"r":[0,0,0],"s":[0.06000002,0.06000003,0.06000005],"c":[0.2222221,0.6666666,1]}]}]}