{"v":9,"a":[1,2],"p":[{"b":18,"e":"PARENT","s":[{"p":[0,0,0],"r":[0,0,0],"s":[0.003000002,0.003,0.003000002],"c":[1,1,1]}]},{"s":[{"p":[-0.0286851,-0.1362833,-0.005670581],"r":[285.1908,83.77212,242.3764],"s":[0.006879141,0.004298619,0.1750007],"c":[0.7777778,0.9047619,1]}]},{"s":[{"p":[0.163114,-0.1279446,-0.01136163],"r":[293.8563,282.0544,49.11927],"s":[0.006879156,0.004298626,0.175001],"c":[0.7777778,0.9047619,1]}]}]}