{"n":"ground","v":9,"a":[1],"p":[{"b":17,"s":[{"p":[0,0,0],"r":[0,0,0],"s":[52.26243,0.001,47.10256],"c":[0.9019608,0.8509804,0.7215686]}]}]}