{"n":"painter1","v":9,"a":[7,13,18],"p":[{"a":[12,37],"s":[{"p":[0,0,0],"r":[0,0,0],"s":[0.1750018,0.1749963,0.1750082],"c":[1,1,1]}]},{"b":179,"s":[{"p":[0.3319217,1.157108,-1.298183],"r":[0,90.00001,270],"s":[2.396615,4.375098,0.2149693],"c":[1,1,1]}]},{"b":179,"s":[{"p":[0.3319216,2.69835,-0.255842],"r":[0,90,270],"s":[0.6863741,2.288059,0.214948],"c":[1,1,1]}]}]}