{"v":9,"a":[22,13,18],"p":[{"b":4,"a":[12],"i":[{"t":"61868d119b7bc7238818cf10","p":[0.4325638,-0.01893115,0.215838],"r":[0,270,180]}],"s":[{"p":[0,0,0],"r":[0,0,0],"s":[0.1250243,0.03930169,0.1250311],"c":[1,0,0.3428572],"b":["when told d00rr1 then become 2 in 2s"]},{"p":[0.0002661943,0.1296252,-0.1734886],"r":[292.5,180,180],"s":[0.1251172,0.03933285,0.125063],"c":[1,0,0.3428571],"b":["when told d00rr1 then become 1 in 2s"]}]}]}