{"v":9,"a":[7,18],"p":[{"s":[{"p":[0,0,0],"r":[0,0,0],"s":[4.842623,0.03942614,4.055336],"c":[1,1,1]}]}]}