{"v":9,"a":[2],"tp_m": 20,"p":[{"b":14,"s":[{"p":[0.01593221,-0.05881737,0.1327486],"r":[1.375382,358.2151,34.67729],"s":[0.02248533,0.02349057,0.02892905],"c":[0.8444445,1,0.222222]}]},{"b":10,"s":[{"p":[0.01417961,-0.06345578,0.234926],"r":[27.60686,266.9886,277.0412],"s":[0.006064651,0.01067854,0.005237044],"c":[1,0.4158729,0.111111]}]},{"b":5,"s":[{"p":[0.04120825,-0.05736486,-0.02812332],"r":[4.0636,354.4003,336.1326],"s":[0.1244222,0.1302169,0.2792797],"c":[1,0.936508,0.5555556]}]}]}