{"v":9,"a":[31],"p":[{"s":[{"p":[0.06973168,-0.1455235,-0.1464767],"r":[0.9261349,5.456045,3.702011],"s":[0.2849789,0.2849784,0.284979],"c":[0.2804231,0.2592591,0.3333331]}]},{"s":[{"p":[-0.2517112,0.06988823,0.2307667],"r":[16.22948,82.39849,356.6697],"s":[0.1252435,0.125243,0.1252434],"c":[0.3703701,0.6666667,0.4888889]}]},{"s":[{"p":[0.01505313,0.2085426,0.3671202],"r":[330.5329,114.5728,347.3481],"s":[0.2070774,0.2070765,0.207077],"c":[1,0.4888889,0.222222]}]},{"s":[{"p":[-0.1803363,0.322677,0.6313639],"r":[12.02685,187.2512,69.74989],"s":[0.09144945,0.09144918,0.09144951],"c":[0.5555556,0.7333331,1]}]}]}