{"v":9,"p":[{"s":[{"p":[-0.01684802,0.1447157,-0.07848914],"r":[354.7843,358.5997,3.837535],"s":[0.04130243,0.2701435,0.04876884],"c":[0.8888889,0.3950615,0.818342]}]},{"s":[{"p":[-0.006506543,-0.003439549,-0.0317257],"r":[14.93425,357.1157,358.9543],"s":[0.175001,0.03337047,0.1750009],"c":[1,0.7904761,0.3333331]}]}]}