{"v":9,"a":[7],"p":[{"b":12,"s":[{"p":[0,0,0],"r":[0,0,0],"s":[0.1103921,0.2315938,0.04073351],"c":[1,0.447619,0.3333331]}]}]}