{"v":9,"a":[2,3],"p":[{"s":[{"p":[0,0,0],"r":[3.415094E-06,5.088886E-14,1.707547E-06],"s":[0.3083158,0.05912839,0.05147976],"c":[0,0,0]}]},{"b":18,"e":"Hown_Brash#9878","s":[{"p":[-0.1391796,0.03869126,0.01910822],"r":[89.11331,331.6915,331.4511],"s":[0.003000004,0.003000002,0.003000002],"c":[1,1,1]}]}]}