{"n":"shroom lib","v":9,"p":[{"b":166,"t1":63,"s":[{"p":[0.01110294,0.01023479,-0.004115411],"r":[1.727692,348.1458,356.1245],"s":[0.03000035,0.03000032,0.03000017],"c":[1,0.9301587,0.7777778],"t1":{"c":[0,0,0],"x":0.5,"y":0.5,"a":0.8925,"m":0,"n":0,"r":0,"g":0,"o":0.5,"t":0.5,"e":0.5}}]},{"b":181,"t1":62,"s":[{"p":[0.009460848,0.155384,0.005954552],"r":[3.430335,356.6979,5.036385],"s":[0.06000024,0.06000007,0.06000021],"c":[0.8888889,0.7647266,0.4938272],"t1":{"c":[0,0,0],"x":0.5,"y":0.5,"a":0.8925,"m":0,"n":0,"r":0,"g":0,"o":0.5,"t":0.5,"e":0.5}}]}]}