{"v":9,"p":[{"b":76,"t":1,"t2":43,"s":[{"p":[0,0,0],"r":[0,0,0],"s":[0.07499993,0.01796095,0.07499997],"c":[0.2222221,0.1679011,0.04938262],"t2":{"c":[0.7777778,0.6419752,0.3456789],"x":0.5,"y":0.5,"a":0.8925,"m":0,"n":0,"r":0,"g":0,"o":0.5,"t":0.5,"e":0.5}}]}]}