{"v":9,"p":[{"b":10,"t":2,"pr":1,"t1":13,"s":[{"p":[0,0,0],"r":[-6.828522E-06,-1.907867E-14,3.201651E-07],"s":[0.125,0.1250001,0.125],"c":[0.05079354,0.4444443,0],"t1":{"c":[0,0.05714262,1],"x":0.17,"y":0.17,"a":0.8925,"m":0.5,"n":0.5,"r":0,"g":0,"o":0.5,"t":0.5,"e":0.5},"pr":{"c":[0.6666667,0.6666667,0.6666667],"m":0.25,"a":0.25,"s":0.15,"z":0.25,"g":0.5,"h":0.25}}]}]}