{"v":9,"p":[{"s":[{"p":[-0.2923257,0.1307816,-0.1162211],"r":[9.479918,351.0114,325.7485],"s":[0.1749999,0.1750001,0.175],"c":[1,1,1]}]},{"s":[{"p":[0.2748157,-0.218321,-0.1889085],"r":[36.68794,44.34105,54.99227],"s":[0.1749999,0.1750003,0.1750003],"c":[1,1,1]}]}]}