{"n":"out of service","v":9,"p":[{"a":[23],"s":[{"p":[0,0,0],"r":[0,0,0],"s":[0.335372,0.02629951,0.06692447],"c":[0.9936507,1,0.7777778]}]},{"b":20,"a":[23],"e":"OUT OF SERVICE","s":[{"p":[-0.1270339,0.01510215,0.02084184],"r":[90,5.008957E-06,0],"s":[0.004844535,0.004844517,0.004844117],"c":[0.111111,0.111111,0.111111]}]},{"a":[23,32,33],"s":[{"p":[0.1660706,-0.0006001033,0.02774167],"r":[0,45,0],"s":[0.0441091,0.04367116,0.02729598],"c":[0.6666667,0.6243386,0.3703702]}]}]}