{"n":"gallery target","v":9,"a":[2,5,7,14,18,31],"tp_lr": [1,1,0],"p":[{"b":146,"a":[23],"s":[{"p":[0,0,0],"r":[0,0,7.656432E-20],"s":[0.05051496,0.05051443,0.05051377],"c":[1,1,1]}]},{"b":57,"a":[23],"s":[{"p":[-0.02074051,3.626386E-09,0],"r":[270,90.00001,0],"s":[0.05583058,0.05583153,0.055841],"c":[1,0,0]}]},{"b":57,"a":[23],"s":[{"p":[-0.03078699,5.382968E-09,0],"r":[270,90.00002,0],"s":[0.03064786,0.03064905,0.03065864],"c":[1,0,0]}]},{"b":5,"a":[23],"s":[{"p":[-0.02824593,4.938674E-09,0],"r":[1.001791E-05,90,1.628444E-12],"s":[0.0128745,0.01287087,0.01287434],"c":[1,0,0],"b":["when any part touches bullet then tell hit, tell first of any targhit","when told hit then add crumbles, play bongo set 7, destroy all parts"]}]}]}