{"n":"car","v":9,"a":[2,7,14,15],"tp_ad": 1000000,"tp_ad": 1000000,"tp_lp": [1,1,0],"tp_ad": 1000000,"tp_ad": 1000000,"tp_lp": [1,1,0],"tp_lr": [1,1,1],"p":[{"b":4,"t":2,"s":[{"p":[0,0,0],"r":[0,0,0],"s":[0.00902639,0.02918995,0.02919229],"c":[0,0.05714229,1],"b":["when starts then propel forward with 10"]}]}]}