{"v":9,"p":[{"b":11,"s":[{"p":[0,0,0],"r":[0,0,0],"s":[0.3736615,0.2198294,0.1070775],"c":[1,1,1]}]}]}