{"n":"prizes","v":9,"a":[22,18],"p":[{"a":[23],"s":[{"p":[0,0,0],"r":[0,0,0],"s":[0.2946832,0.026517,0.07159981],"c":[0.7777778,0.7160494,0.3456789]}]},{"a":[23],"s":[{"p":[0,-0.02983458,0.02983457],"r":[270,1.931869E-05,0],"s":[0.2947524,0.02652431,0.07161745],"c":[0.7777778,0.7160494,0.3456789]}]},{"b":18,"a":[19,23],"e":"POTENTIAL PRIZES!\nSEE CAVE CURRENCY\nTELLER TO CLAIM.","s":[{"p":[0.005586154,0.01486607,0.04250631],"r":[90,-4.829673E-06,0],"s":[0.002050722,0.002049711,0.002050497],"c":[0.111111,0.111111,0.111111]}]}]}