{"v":9,"p":[{"b":14,"s":[{"p":[0,0,0],"r":[0,0,0],"s":[0.05999997,0.05999997,0.05999994],"c":[1,1,1]}]}]}