{"n":"ld human head","v":9,"a":[7,12,31],"p":[{"a":[12],"i":[{"t":"61c8df8447e22905dd391f46","p":[-0.007914544,0.01907742,0.01124],"r":[2.003582E-05,180,1.001791E-05]}],"s":[{"p":[0,0,0],"r":[0,0,0],"s":[0.3072984,0.3072253,0.3073261],"c":[1,1,1]}]}]}