{"v":9,"p":[{"b":68,"t":2,"s":[{"p":[0,0,0],"r":[0,0,1.707547E-06],"s":[0.1541202,0.1609727,0.1605526],"c":[1,0,0.8571426]}]},{"b":18,"t":2,"e":"OWO","s":[{"p":[0.06364408,-0.1882869,-0.1831723],"r":[273.569,135.9352,143.2816],"s":[0.01438888,0.01438886,0.01438887],"c":[1,1,1]}]},{"b":197,"t":2,"s":[{"p":[0.05551978,0.002356149,-0.118874],"r":[61.43018,246.3871,73.83933],"s":[0.06000008,0.06000003,0.06000006],"c":[1,1,1]}]},{"b":197,"t":2,"s":[{"p":[0.06951696,-0.02370976,0.1146382],"r":[296.6383,152.5866,34.47775],"s":[0.06000028,0.06000022,0.06000032],"c":[1,1,1]}]}]}