{"v":9,"a":[7],"p":[{"c":[[0.5,0.499,0.786,2,6,14],[-0.456,0.479,0.62,3,6,8],[-0.496,-0.502,0.54,1,13,2],[0.212,-0.108,0.375,0,13,10]],"sa":83,"s":[{"p":[0,0,0],"r":[0,0,0],"s":[12.18347,18.94118,0.4450565],"c":[0.9019608,0.8509804,0.7215686]}]}]}