{"n":"door icon","v":9,"a":[7,21],"p":[{"a":[23],"s":[{"p":[0,0,0],"r":[0,0,0],"s":[0.006033194,0.001049781,0.01073115],"c":[0,0,0]}]},{"a":[23],"s":[{"p":[-3.521027E-11,0.0004177094,5.820766E-11],"r":[0,0,1.001791E-05],"s":[0.005416515,0.000271038,0.01011469],"c":[0.691358,0.8380951,0.8888889]}]},{"a":[23],"s":[{"p":[-0.001058102,0.002271652,0.0002384188],"r":[-2.003236E-07,4.83624E-07,45],"s":[0.005081544,0.001049961,0.00971956],"c":[0,0,0]}]},{"b":5,"a":[23],"s":[{"p":[-0.0003416541,0.003627778,-0.0001673694],"r":[45.00004,90.00001,112.5],"s":[0.0002621181,0.0002621003,0.0002621133],"c":[0.691358,0.8380951,0.8888889]}]}]}