{"n":"trash icon","v":9,"a":[7,18,21],"p":[{"a":[23,32],"s":[{"p":[-0.01273918,2.277943E-09,0],"r":[0,0,0],"s":[0.008070772,0.01210039,0.04503702],"c":[0.4320984,0.5238094,0.5555556]}]},{"a":[23],"s":[{"p":[0,0,0],"r":[0,0,0],"s":[0.007183163,0.01210065,0.04428789],"c":[0.4320984,0.5238094,0.5555556]}]},{"a":[23,33],"s":[{"p":[0,0,0.02217209],"r":[0,0,-8.537737E-06],"s":[0.03378801,0.0121016,0.005431673],"c":[0.4320983,0.5238094,0.5555556]}]},{"b":7,"s":[{"p":[0,0,0.03095305],"r":[0,0,0],"s":[0.0186203,0.006620028,0.009402569],"c":[0.4320984,0.5238094,0.5555556]}]}]}