{"v":9,"p":[{"b":44,"s":[{"p":[-0.0504803,-0.006910168,-0.01322807],"r":[358.643,354.0072,355.2047],"s":[0.1250002,0.1250002,0.1250002],"c":[0.01269842,0,0.111111]}]},{"b":5,"s":[{"p":[0.02406817,0.04483468,-0.04608686],"r":[86.81162,167.8798,59.24133],"s":[0.007400088,0.008382022,0.1000002],"c":[0.01269842,0,0.111111]}]},{"b":5,"s":[{"p":[0.01198731,0.04012303,0.0279447],"r":[84.29408,1.739104,263.3619],"s":[0.007400093,0.008382021,0.1000002],"c":[0.01269842,0,0.111111]}]}]}