{"v":9,"a":[12,27],"p":[{"a":[12],"s":[{"p":[0,0,0],"r":[0,0,0],"s":[0.108452,0.1008892,0.1150255],"c":[1,1,1]}]}]}