{"v":9,"a":[7,31],"p":[{"b":5,"s":[{"p":[0,0,0],"r":[0,0,0],"s":[0.3589633,0.3589633,0.3931516],"c":[1,0,0]}]}]}