{"n":"report icon","v":9,"a":[1,22,18,21],"p":[{"b":11,"a":[23],"s":[{"p":[0,0,0],"r":[3.415095E-06,8.537738E-07,3.415095E-06],"s":[0.003642168,0.00655947,0.006561603],"c":[0.4320985,0.5238094,0.5555556]}]},{"s":[{"p":[4.537668E-10,0.00904151,-0.001724819],"r":[45.00002,9.659347E-06,90.00001],"s":[0.003646161,0.006647032,0.03146346],"c":[0.4320984,0.5238094,0.5555556]}]}]}