{"v":9,"p":[{"t1":12,"s":[{"p":[-0.0202118,0.001385201,0.04316628],"r":[0.04541129,356.7744,10.92608],"s":[0.3217897,0.3810608,0.01615146],"c":[0.3333332,0.2285713,0],"t1":{"c":[0,0,0],"x":0.0324661,"y":0.17,"a":0.8925,"m":0.5,"n":0.5,"r":0,"g":0,"o":0.5,"t":0.5,"e":0.5}}]},{"t1":12,"s":[{"p":[0.2889825,0.06315657,0.06460157],"r":[359.9595,179.5091,349.4073],"s":[0.3218072,0.3811266,0.01614914],"c":[0.3333332,0.2285713,0],"t1":{"c":[0,0,0],"x":0.0324661,"y":0.17,"a":0.8925,"m":0.5,"n":0.5,"r":0,"g":0,"o":0.5,"t":0.5,"e":0.5}}]}]}