{"n":"ground","v":9,"a":[1],"p":[{"b":17,"t":1,"t1":43,"s":[{"p":[0,0,0],"r":[0,0,0],"s":[101.3891,0.11062,230.6952],"c":[0.6687831,0.2962962,0.8888889],"t1":{"c":[0.2730158,0.6666667,0.2222221],"x":0.01871228,"y":0.03618646,"a":0.8925,"m":0,"n":0,"r":0,"g":0,"o":0.5,"t":0.5,"e":0.5},"pr":{"c":[0.6687831,0.2962962,0.8888889],"m":0.25,"a":0.25,"s":0.15,"z":0.25,"g":0.5,"h":0.25}}]}]}