{"v":9,"p":[{"b":151,"i":[{"t":"61f019395d55a67a2582bfd6","p":[0.1999381,0.9198325,0.04380751],"r":[39.25093,43.0812,33.29158]},{"t":"61f019395d55a67a2582bfd6","p":[0.874119,-0.3309524,-0.02389497],"r":[8.504753,213.5184,137.4308]},{"t":"61f019395d55a67a2582bfd6","p":[-0.1408313,-0.8964075,-0.0164597],"r":[343.8573,51.96722,208.7404]},{"t":"61f019395d55a67a2582bfd6","p":[-0.8414799,0.3356169,0.003739566],"r":[323.8641,75.4809,49.37742]}],"t1":22,"c":[[0.267,1.404,0.74,217,123],[0.321,1.427,1.142,347,4,18],[0.175,0.979,1.242,211,128],[0.323,0.269,1.581,201]],"s":[{"p":[0,0,0],"r":[0,0,0],"s":[0.5688725,0.5580215,0.1225688],"c":[0,0.1269839,0.5555556],"t1":{"c":[0.2539681,0.5555556,0],"x":0.17,"y":0.17,"a":0.69625,"m":0.5,"n":0.5,"r":0,"g":0,"o":0.5,"t":0.5,"e":0.5}}]}]}