{"v":9,"p":[{"t":2,"im":"1841411102538063588/59569A0262CB081A1FCD10EC0EE9953D9D3D07DA/","s":[{"p":[0,0,0],"r":[0,0,0],"s":[0.3552673,0.001000001,0.6141939],"c":[1,1,1]}]}]}