{"v":9,"a":[22,18],"p":[{"id":"61f25e353df5e25bd48463ab","s":[{"p":[0,0,0],"r":[0,0,0],"s":[0.1750014,0.1750012,0.1750036],"c":[1,1,1]}]},{"ac":{"id":"61f25e353df5e25bd48463ab","c":36},"s":[{"p":[-0.03197933,-0.04349821,3.604236E-07],"r":[0,0,337.5],"s":[0.1699522,0.1772235,0.1698057],"c":[1,1,1],"b":["when starts then set constant rotation to 0 0 10"]}]}]}