{"n":"nrgball","v":9,"a":[2,9,12,31],"p":[{"b":56,"t":2,"a":[42],"s":[{"p":[0,0,0],"r":[0,0,0],"s":[0.01505619,0.03033857,0.01467246],"c":[1,0.5142855,0],"b":["when starts then become next in 0.5s"]},{"p":[0,0,0],"r":[0,0,0],"s":[0.05410829,0.06939067,0.05372456],"c":[1,0.5142855,0],"b":["when starts then become 1 in 0.5s"]}]}]}