{"n":"torch stand emitted light","v":9,"a":[2,14,31,49],"tp_m": 1000,"tp_d": 100000,"tp_ad": 100000,"tp_m": 1000,"tp_d": 100000,"tp_ad": 100000,"tp_lp": [1,1,1],"tp_m": 1000,"tp_d": 100000,"tp_ad": 100000,"tp_m": 1000,"tp_d": 100000,"tp_ad": 100000,"tp_lp": [1,1,1],"tp_lr": [1,1,1],"p":[{"b":62,"t":3,"a":[11,36],"s":[{"p":[0,0,0],"r":[1.024529E-05,-4.909195E-06,3.799293E-05],"s":[0.04599857,0.04597227,0.04598531],"c":[0.8888889,0.7026455,0.2962962],"b":["when starts then become next in 0.8s"]},{"p":[2.219651E-06,3.640017E-06,-1.154176E-07],"r":[-0.0002253963,0.0001504775,3.777919E-05],"s":[0.06319421,0.06316791,0.06318095],"c":[0.8888889,0.7026455,0.2962961],"b":["when starts then become next in 0.5s"]},{"p":[2.219651E-06,3.640017E-06,-1.154176E-07],"r":[-0.0002253963,0.0001504775,3.777919E-05],"s":[0.03814729,0.038121,0.03813404],"c":[0.8888889,0.7026455,0.296296],"b":["when starts then become 1 in 0.2s"]}]}]}