{"n":"lab wall","v":9,"a":[5,7,18],"p":[{"s":[{"p":[0,0,0],"r":[0,0,0],"s":[1.056759,22.93774,4.791849],"c":[1,0.895238,0.6666666]}]}]}