{"n":"big ol floor","v":9,"a":[6,7,18],"p":[{"s":[{"p":[0,0,0],"r":[0,0,-7.656432E-20],"s":[1061.44,0.1739671,2500],"c":[1,1,1]}]}]}