{"n":"floor","v":9,"a":[7],"p":[{"t1":45,"s":[{"p":[0,0,0],"r":[0,0,0],"s":[21.10857,19.14886,0.1749144],"c":[0.7777778,0.7530864,0.6049383],"t1":{"c":[1,0.984127,0.8888889],"x":0.5,"y":0.5,"a":0.437129,"m":0,"n":0,"r":0,"g":0,"o":0.5,"t":0.5,"e":0.5}}]}]}