{"n":"arrow1","v":9,"a":[2,7,16,18],"tp_d": 2,"tp_ad": 2,"p":[{"b":6,"t":1,"a":[23],"s":[{"p":[-0.001630317,-0.001413828,0.05792905],"r":[0,0,0],"s":[0.02721276,0.02721498,0.02722352],"c":[0.3333332,0.3333332,0.3333332]}]},{"b":14,"t":1,"a":[23],"s":[{"p":[1.808958E-08,9.044789E-09,-0.1034603],"r":[0,-1.001791E-05,0],"s":[0.01471181,0.01471695,0.05846724],"c":[0.444444,0.3823628,0.2469131]}]},{"b":5,"a":[23],"s":[{"p":[1.806941E-08,9.034701E-09,-0.1033449],"r":[5.008957E-06,180,180],"s":[0.007672823,0.007672208,0.1568912],"c":[0.8888889,0.8606702,0.691358]}]}]}