{"n":"cave torch light","v":9,"a":[2,7,14,31,49],"tp_lp": [1,1,1],"tp_lp": [1,1,1],"tp_lr": [1,1,1],"p":[{"b":62,"t":3,"s":[{"p":[0,0,0],"r":[0,0,0],"s":[0.05270731,0.0527068,0.05270526],"c":[1,0.7904761,0.3333332]}]}]}