{"v":9,"a":[7],"p":[{"s":[{"p":[0,0,0],"r":[0,0,0],"s":[4.150568,18.96032,0.0634637],"c":[1,1,1]}]}]}