{"v":9,"a":[7],"p":[{"s":[{"p":[0,0,0],"r":[0,0,0],"s":[9.385477,6.183607,0.245457],"c":[1,1,1]}]}]}