{"v":9,"a":[7],"p":[{"s":[{"p":[0,0,0],"r":[0,0,0],"s":[2.892841,3.686454,0.03089825],"c":[1,1,1]}]}]}