{"v":9,"a":[7],"p":[{"s":[{"p":[0,0,0],"r":[0,0,0],"s":[6.533324,0.07009726,9.39337],"c":[1,1,1]}]}]}