{"v":9,"p":[{"b":14,"s":[{"p":[0.002621174,0.007899821,-0.2937369],"r":[272.187,318.3526,130.5125],"s":[0.06000035,0.01648715,0.02567573],"c":[0.5555556,0.2310404,0.0617283]}]},{"b":14,"s":[{"p":[0.007106543,0.006393075,-0.3845106],"r":[1.103777,356.8938,91.03762],"s":[0.03329089,0.008575655,0.02414181],"c":[0.5555556,0.2310404,0.0617283]}]},{"b":14,"s":[{"p":[-0.001705158,-0.007628253,-0.002314429],"r":[2.192865,359.718,1.651773],"s":[0.001000003,0.02892363,0.1046877],"c":[0.7777778,0.7506173,0.691358]}]}]}