{"v":9,"p":[{"s":[{"p":[0,0,0],"r":[0,0,0],"s":[1.380026,0.2433195,0.0469657],"c":[1,1,1]}]}]}