{"v":9,"p":[{"s":[{"p":[0,0,0],"r":[0,0,0],"s":[0.1750005,0.175,0.1750004],"c":[1,1,1]}]},{"s":[{"p":[-0.3808089,-0.5510402,-1.096043],"r":[325.713,241.6433,91.45362],"s":[0.1750005,93.97683,2500.006],"c":[1,1,1]}]}]}