{"v":9,"tp_m": 0,"p":[{"b":14,"a":[5],"s":[{"p":[0,0,0],"r":[0,0,0],"s":[0.06000012,0.0600004,0.06000038],"c":[1,1,1]}]}]}