{"v":9,"p":[{"s":[{"p":[0,0,0],"r":[-1.083892E-07,5.047267E-17,-5.336085E-08],"s":[0.1750001,0.175,0.1750001],"c":[1,1,1],"b":["when starts then become next in 0.5s"]},{"p":[0,0,0],"r":[-1.083892E-07,5.047267E-17,-5.336085E-08],"s":[0.1750001,0.175,0.1750001],"c":[1,1,1],"b":["when starts then play horror piano dark with very-varied-pitch  surround 10%","when starts then become next in 0.5s"]},{"p":[0,0,0],"r":[-1.083892E-07,5.047267E-17,-5.336085E-08],"s":[0.1750001,0.175,0.1750001],"c":[1,1,1],"b":["when starts then play scary horror background with surround -2.5 octaves 10%","when starts then become next in 2"]},{"p":[0,0,0],"r":[-1.083892E-07,5.047267E-17,-5.336085E-08],"s":[0.1750001,0.175,0.1750001],"c":[1,1,1],"b":["when starts then play scary horror ghost with -1.3 octaves surround 12%"]}]}]}