{"v":9,"a":[23,36,37,38,39,54],"p":[{"a":[36],"s":[{"p":[0,0,0],"r":[0,0,0],"s":[0.1750002,0.1750001,0.1750001],"c":[1,1,1],"b":["when starts then become next in 0.5"]},{"p":[0,0,0],"r":[0,0,0],"s":[0.1750002,0.1750001,0.1750001],"c":[1,1,1],"b":["when starts then play horror falling gate with stretch surround"]}]}]}