{"v":9,"a":[1,31,48],"p":[{"b":10,"pr":31,"s":[{"p":[0,0,0],"r":[0,0,0],"s":[0.7728044,0.7728033,0.7728044],"c":[0,0,0],"pr":{"c":[0,0,0],"m":0.1498868,"a":1,"s":0.4504019,"z":0.4504977,"g":0.6651251,"h":0.75}}]}]}