{"v":9,"a":[7,18,48],"p":[{"s":[{"p":[0,0,0],"r":[0,0,0],"s":[8.913469,0.001000346,10.06084],"c":[1,1,1]}]}]}