{"n":"box","v":9,"a":[7,18],"p":[{"s":[{"p":[0,0,0],"r":[0,0,0],"s":[0.1750483,0.1750069,0.1750472],"c":[1,1,1],"b":["when starts then become 2 in 0.2s"]},{"p":[9.246794E-09,0.05288565,2.291718E-07],"r":[0,0,0],"s":[0.1750652,0.2726322,0.1750621],"c":[1,1,1],"b":["when starts then become 1 in 0.2s"]}]}]}