{"v":9,"p":[{"b":68,"s":[{"p":[0.003556963,-0.01085265,0.002195795],"r":[0.4980954,359.9333,1.830781],"s":[0.2233634,0.1000007,0.2444854],"c":[1,1,1]}]},{"b":49,"s":[{"p":[-0.003434069,0.08718646,-0.1231782],"r":[357.6171,270.5124,356.6099],"s":[0.1250004,0.1250003,0.1250001],"c":[1,1,1]}]},{"b":69,"s":[{"p":[0.1334258,0.04504479,0.05190255],"r":[85.97478,104.3939,284.2082],"s":[0.03236091,0.04927531,0.07500041],"c":[1,1,1]}]},{"b":69,"s":[{"p":[-0.1151152,0.03566127,0.06056207],"r":[88.38711,317.6158,137.715],"s":[0.03236088,0.04927538,0.07500035],"c":[1,1,1]}]}]}