{"v":9,"a":[1,2,9,14],"p":[{"b":17,"s":[{"p":[0,0,0],"r":[0,0,-1.000516E-07],"s":[3.363355,0.11062,3.201109],"c":[0.9019608,0.8509804,0.7215686]}]}]}