{"v":9,"a":[20,21],"p":[{"b":73,"t1":14,"t2":127,"s":[{"p":[-15.03077,6.351708,0.6924863],"r":[30.51793,359.9913,341.6395],"s":[43.59152,43.59143,43.59159],"c":[1,0.5142855,0],"t1":{"c":[0.3333333,0.1714285,0],"x":0.17,"y":0.01474492,"a":0.8925,"m":0.5,"n":0.5,"r":0,"g":0,"o":0.5,"t":0.5,"e":0.5},"t2":{"c":[0,0,0],"x":0.6490855,"y":0.6821759,"a":0.8925,"m":0,"n":0,"r":0,"g":0,"o":0.5,"t":0.5,"e":0.5}}]},{"b":73,"t":16,"s":[{"p":[-15.60234,6.87771,0.3538527],"r":[329.4821,179.9913,108.3605],"s":[48.36995,48.37228,48.3682],"c":[0.4444442,0.276543,0.09876525]}]}]}