{"v":9,"a":[22,31],"p":[{"b":4,"a":[12],"s":[{"p":[0,0,0],"r":[0.01979389,4.708932E-05,4.710558E-05],"s":[0.02830406,0.02830687,0.0283063],"c":[1,1,1]}]},{"b":69,"s":[{"p":[0.000213475,-0.002144419,0.1138307],"r":[315.0001,270.0198,269.972],"s":[0.03919146,0.06744697,0.03918807],"c":[0.1851848,0.1936503,0.333333],"b":["when starts then all parts face nearest d4"]}]}]}