{"v":9,"p":[{"b":10,"s":[{"p":[0,0,0],"r":[0,0,0],"s":[0.1250001,0.1250002,0.1250002],"c":[1,1,1]}]},{"b":6,"s":[{"p":[-0.05637719,0.03232743,0.1662025],"r":[336.4965,331.2844,351.3923],"s":[0.125,0.1250002,0.1250001],"c":[1,1,1]}]}]}