{"v":9,"p":[{"b":205,"t":7,"i":[{"t":"62775358219be91c4b0d2af2","p":[-0.005052857,-0.007908197,0.2170648],"r":[354.5229,267.3784,87.54832]},{"t":"627753e1e6c7241c51585f27","p":[-0.01243631,-0.01630334,0.3357956],"r":[0.4012988,359.1718,175.4686]}],"s":[{"p":[0,0,0],"r":[0,0,-2.134434E-07],"s":[0.045,0.04500001,0.04500004],"c":[0,0.9142855,1],"b":["when starts then all parts face nearest pointa"]}]}]}