{"n":"ground","v":9,"a":[1],"p":[{"b":17,"s":[{"p":[0,0,0],"r":[0,0,0],"s":[15.67261,0.11062,358.5756],"c":[0,0.5555556,0.1269841]}]}]}