{"n":"re45 round","v":9,"a":[2,7,15,18],"p":[{"b":14,"a":[42],"s":[{"p":[0,0,0],"r":[0,0,0],"s":[0.008497847,0.008826502,0.018023],"c":[0.9714286,1,0]}]}]}