{"v":9,"p":[{"b":35,"s":[{"p":[-0.1202017,0.148039,0.1062105],"r":[27.02007,349.1548,305.6526],"s":[0.1059667,0.2032735,0.1494545],"c":[1,1,1]}]},{"b":35,"s":[{"p":[-0.07515731,0.153795,-0.02670395],"r":[19.55235,157.6997,222.3482],"s":[0.1192734,0.1269759,0.1995206],"c":[1,1,1]}]},{"b":5,"s":[{"p":[0.01664259,0.03251325,0.02636974],"r":[12.90213,343.7257,344.8556],"s":[0.07919815,0.0853371,0.3864446],"c":[1,1,1],"b":["when consumed then play drink sip and swallow","when touched then give haptic feedback"]},{"p":[-0.002801337,0.006461068,0.005567798],"r":[359.2476,1.172005,0.06966833],"s":[0.07919764,0.08533626,0.3864421],"c":[1,1,1]}]}]}