{"v":9,"p":[{"b":14,"s":[{"p":[-0.1843555,0.08338425,-0.144399],"r":[12.93099,321.9633,316.6667],"s":[0.06000008,0.06000003,0.06000004],"c":[1,1,1]}]},{"b":13,"s":[{"p":[-0.3268961,0.2000317,-0.2602539],"r":[2.091895,320.5643,317.0044],"s":[0.06000019,0.06000012,0.0600001],"c":[1,1,1]}]}]}