{"v":9,"p":[{"b":10,"t":2,"s":[{"p":[-0.002350037,0.1582814,0.01474756],"r":[308.2066,329.894,25.67565],"s":[0.1250001,0.1250001,0.1250003],"c":[1,1,1]}]},{"s":[{"p":[0.2137203,0.2655909,0.182402],"r":[2.813974,325.4071,266.7834],"s":[0.5015618,0.0496332,0.5033179],"c":[1,1,1]}]},{"s":[{"p":[-0.01568108,-0.01790991,-0.03376749],"r":[3.520211,326.1369,1.166644],"s":[0.5015627,0.04963315,0.5033175],"c":[1,1,1]}]}]}