{"v":9,"p":[{"b":9,"s":[{"p":[0.1324776,-0.3330249,0.04186256],"r":[359.9479,23.77137,0.2878565],"s":[0.1250007,0.1250001,0.1250006],"c":[1,1,1]}]},{"b":151,"t1":37,"s":[{"p":[0.09172723,-0.01402281,0.02474049],"r":[5.881712,9.908979,93.37232],"s":[0.2761783,0.4566476,0.4112554],"c":[1,1,1],"t1":{"c":[0,0,0],"x":0.5,"y":0.5,"a":0.8925,"m":0,"n":0,"r":0,"g":0,"o":0.5,"t":0.5,"e":0.5}}]}]}