{"v":9,"a":[7],"p":[{"s":[{"p":[0,0,0],"r":[0,0,3.828216E-20],"s":[0.02195511,2.542101,4.33975],"c":[1,1,1]}]}]}