{"v":9,"a":[2],"p":[{"b":180,"s":[{"p":[0,0,0],"r":[0,0,1.28066E-06],"s":[0.1250001,0.1250001,0.125],"c":[1,1,1]}]},{"b":180,"s":[{"p":[0.02574023,-0.1600101,-0.06645172],"r":[21.34427,353.2422,12.57674],"s":[0.1250001,0.1250001,0.125],"c":[1,1,1]}]},{"b":69,"s":[{"p":[-0.4862863,-0.2973793,0.2801583],"r":[44.13282,53.1988,298.714],"s":[0.07500101,0.3417394,0.07500031],"c":[1,1,1]}]}]}