{"v":9,"p":[{"a":[1],"s":[{"p":[0,0,0],"r":[0,0,0],"s":[0.5813329,0.01143868,0.365732],"c":[1,1,1]}]}]}