{"v":9,"a":[7],"p":[{"b":18,"e":"MOE'S BURGER AND FRY","s":[{"p":[0,0,0],"r":[0,0,0],"s":[0.05001219,0.05000066,0.05001222],"c":[1,1,1]}]},{"b":4,"s":[{"p":[4.698588,-1.358137,0.04794073],"r":[0,90,270],"s":[0.3782281,0.001000156,0.3781703],"c":[1,1,1]}]},{"b":5,"s":[{"p":[3.603785,-1.405457,0.04826999],"r":[1.001792E-05,90.00001,0],"s":[0.001000082,0.1000044,1.807497],"c":[1,1,1]}]}]}