{"v":9,"a":[22,18],"p":[{"b":5,"s":[{"p":[0,0,0],"r":[0,0,0],"s":[0.03014652,0.03014632,0.03014652],"c":[0.3333332,0.3333332,0.3333332]}]},{"b":5,"s":[{"p":[0.0002096295,-0.004508018,0.4794604],"r":[0.482108,0.167923,292.1549],"s":[0.0130861,0.01308558,1.255279],"c":[0.3333332,0.3333332,0.3333332]}]}]}