{"v":9,"a":[27,31],"p":[{"b":3,"s":[{"p":[0,0,0],"r":[0,0,0],"s":[0.05919082,0.05919072,0.05919081],"c":[1,0.984127,0.8888889]}]}]}