{"v":9,"a":[1,2,13,29,30],"tp_m": 0.0001,"p":[{"b":35,"s":[{"p":[0.6288986,-0.08133754,0.3603498],"r":[2.414837E-06,180,90],"s":[0.1250969,0.1251595,0.1251751],"c":[0.5555556,0.5555556,0.5555556]}]},{"b":35,"s":[{"p":[-0.60812,-0.08133753,0.3603497],"r":[2.414837E-06,180,90],"s":[0.1251384,0.1251983,0.1252241],"c":[0.5555556,0.5555556,0.5555556]}]},{"s":[{"p":[0,0,0],"r":[0,0,0],"s":[1.421084,0.0336211,0.7306287],"c":[0.3333331,0.3333331,0.3333331]}]},{"b":69,"s":[{"p":[-0.009464264,0.01760267,-0.3142816],"r":[89.86877,297.6264,27.75179],"s":[0.02140648,0.02140259,0.001000106],"c":[0.5555556,0.5555556,0.5555556]}]}]}