{"v":9,"a":[22,18,31],"p":[{"b":2,"a":[36],"i":[{"t":"62afaae334fb9412b11d1e42","p":[0.03139109,0.3086109,-0.1900163],"r":[67.49999,2.331975E-05,2.524111E-05]}],"s":[{"p":[0,0,0],"r":[0,0,0],"s":[0.06401779,0.06404655,0.06404126],"c":[1,1,1],"b":["when told by any hood then become next in 4"]},{"p":[0,0.003279688,-0.005926967],"r":[67.49999,1.063833E-12,1.001791E-05],"s":[0.06403188,0.06407635,0.06406421],"c":[1,1,1],"b":["when told by any hood then become previous in 4"]}]}]}