{"v":9,"a":[1],"p":[{"b":10,"s":[{"p":[0,0,0],"r":[0,0,0],"s":[0.1610599,0.1391622,0.2859772],"c":[0.4444443,0.148148,0.2497354]}]},{"b":10,"s":[{"p":[0.006232062,-0.02286786,0.1295827],"r":[353.0815,268.8522,347.902],"s":[0.1127396,0.1243704,0.1952898],"c":[0.4444443,0.148148,0.2497354]}]},{"s":[{"p":[-0.07965647,-0.1081509,0.1687375],"r":[327.7015,359.1486,162.7718],"s":[0.08763055,0.01545537,0.04585304],"c":[1,1,1]}]},{"b":141,"e":"DAVIS","s":[{"p":[-0.04132728,-0.1223238,0.1912585],"r":[304.5467,146.7463,27.46993],"s":[0.003000002,0.003,0.003000001],"c":[0,0,0]}]}]}