{"v":9,"a":[1,22],"p":[{"t1":154,"s":[{"p":[0,0,0],"r":[0,0,0],"s":[2500.004,2500.027,0.1750104],"c":[0.3908288,0.4444443,0.3456789],"t1":{"c":[0.1869488,0.2222221,0.1728394],"x":0.5,"y":0.2575505,"a":0.8925,"m":0,"n":0,"r":0,"g":0,"o":0.5,"t":0.5,"e":0.5}}]}]}