{"v":9,"a":[7],"p":[{"t":1,"t2":75,"s":[{"p":[0,0,0],"r":[0,0,0],"s":[1.497178,0.02096193,0.1042763],"c":[0.6666667,0.6666667,0.6666667],"t2":{"c":[0,0,0],"x":0.5496554,"y":0.178776,"a":0.8925,"m":0,"n":0,"r":0,"g":0,"o":0.5,"t":0.5,"e":0.5}}]}]}