{"v":9,"a":[22,13,18],"p":[{"b":35,"t":1,"s":[{"p":[0.6662159,0.6021332,-0.2739958],"r":[270,270,0],"s":[0.04502374,0.04499526,0.04500431],"c":[0.6666667,0.6666667,0.6666667],"b":["when touches hand then become next in 0.5s"]},{"p":[0.6662159,0.6021332,-0.2739958],"r":[270,270,0],"s":[0.04502374,0.04499526,0.04500431],"c":[0.6666667,0.6666667,0.6666667],"b":["when starts then tell any stovedoor2","when starts then become 1 in 0.1s"]}]},{"b":35,"t":1,"s":[{"p":[0.6658478,0.5480075,-0.2739958],"r":[9.838631E-06,180,90],"s":[0.04497876,0.04497868,0.04499278],"c":[0.6666667,0.6666667,0.6666667]}]},{"t":1,"s":[{"p":[0.7377148,0.4569384,-0.2467011],"r":[270,-2.897804E-05,0],"s":[0.1898206,0.01520892,0.5901494],"c":[0.6666667,0.6666667,0.6666667]}]}]}