{"v":9,"a":[22,12,13,18,31,50],"tp_lp": [1,1,1],"tp_lp": [1,1,1],"tp_lr": [1,0,1],"p":[{"t":1,"i":[{"t":"62b0f889786a57128f52bdd0","p":[0.2382317,0.004297849,0.02920151],"r":[0,0,90]}],"t1":43,"s":[{"p":[-0.03849196,0.009223491,0.2786046],"r":[90,270,0],"s":[0.5558847,0.4872353,0.01281064],"c":[1,1,1],"t1":{"c":[0.6666667,0.6666667,0.6666667],"x":0.3888607,"y":0.6120307,"a":0.8925,"m":0,"n":0,"r":0,"g":0,"o":0.5,"t":0.5,"e":0.5}}]},{"a":[12],"s":[{"p":[0,0,0],"r":[1.855262E-06,1.831999E-12,2.966046E-20],"s":[0.02765727,0.02765608,0.02765645],"c":[1,1,1]}]}]}