{"v":9,"a":[7,18],"p":[{"a":[12],"pr":8,"s":[{"p":[0,-2.14812,0],"r":[1.001791E-05,8.757938E-13,1.001791E-05],"s":[0.7544891,0.4631149,0.4738935],"c":[1,1,1],"b":["when told by any grill2 then become 2 in 0.5s"],"pr":{"c":[1,0.7301587,0.4444444],"a":0.25}},{"p":[0,0.0723871,0],"r":[0,0,0],"s":[0.7549469,0.4631379,0.4741454],"c":[1,1,1],"b":["when told by any grill2 then become 1 in 0.5s"],"pr":{"c":[1,0.7301587,0.4444444],"a":0.25}}]}]}