{"v":9,"a":[7,18],"p":[{"b":7,"t":1,"s":[{"p":[-0.000350954,-0.0007345102,-0.01268935],"r":[1.949798E-05,180,90],"s":[0.02692102,0.01376997,0.01646952],"c":[0.6666667,0.6666667,0.6666667]}]},{"b":5,"t":1,"s":[{"p":[-2.328306E-10,-5.021548E-10,-0.00287199],"r":[0,0,1.001791E-05],"s":[0.02240464,0.02239642,0.01491011],"c":[0.8888889,0.8888889,0.8888889]}]},{"s":[{"p":[-0.0007801058,0.04368353,-0.00143075],"r":[270.1009,89.95403,0],"s":[0.001000084,0.06914263,0.02022057],"c":[1,1,1]}]},{"b":18,"e":"GRILL","s":[{"p":[-0.03001213,0.05748701,-0.002541777],"r":[0.03023448,0.02318908,359.9893],"s":[0.001923208,0.00192233,0.001923325],"c":[1,0,0]}]}]}