{"v":9,"p":[{"s":[{"p":[0,0,0],"r":[0,0,0],"s":[71.6004,0.2156524,33.43537],"c":[1,1,1]}]}]}