{"v":9,"p":[{"b":56,"t":4,"a":[3],"s":[{"p":[0,0,0],"r":[0,0,0],"s":[0.1250005,0.1250003,0.1250005],"c":[0.111111,0.111111,0.111111],"b":["when looked at then become 2 in 0.2s"]},{"p":[-0.006062698,0.008989222,0.004534336],"r":[359.9684,358.7821,0.5105302],"s":[0.1250007,0.1250003,0.1250007],"c":[1,1,1],"b":["when looked at then become 1 in 0.2s"]}]}]}