{"v":9,"inc":[["light 1","5cfa97e318f6ab0624343834"]],"p":[{"b":76,"s":[{"p":[-0.1206787,0.03274701,0.009829633],"r":[66.24965,335.8613,240.0858],"s":[0.07500001,0.07500008,0.07500013],"c":[1,1,1]}]},{"b":17,"a":[8,18],"c":[[1.083,0.91,-0.431,509,7,66,5]],"sa":175,"s":[{"p":[-0.02231568,0.01638673,0.006752485],"r":[10.59028,25.48259,342.5838],"s":[0.06000046,0.06000052,0.06000021],"c":[1,1,1],"b":["when touched then emit gravity-free light 1"]},{"p":[0,0,0],"r":[-6.830188E-06,-4.071109E-13,6.830188E-06],"s":[0.06000011,0.06000017,0.06000009],"c":[1,1,1]}]}]}