{"v":9,"a":[22],"p":[{"a":[31],"i":[{"t":"62d3c6d27595931ef8e8dc18","p":[-0.01453593,0.02281189,0.01264882],"r":[5.762972E-06,2.134434E-06,-8.537735E-07]}],"s":[{"p":[0,0,0],"r":[0,0,0],"s":[0.01992725,0.1750025,0.0161712],"c":[1,1,1],"b":["when starts then set constant rotation to 50 0 0"]}]}]}