{"n":"fall","v":9,"a":[2],"tp_d": 7,"tp_ad": 0.09,"p":[{"b":89,"s":[{"p":[0,0,0],"r":[0,0,0],"s":[0.02788191,0.05012956,0.02788516],"c":[0.2730157,0.3333332,0.2222221],"b":["when starts then set constant rotation to 70 10 40","when touched then become untweened next in 1s"]},{"p":[0,0,0],"r":[0,0,0],"s":[0.02788191,0.05012956,0.02788516],"c":[0.2730157,0.3333332,0.222222],"b":["when starts then destroy all parts with 0.5 shrink"]}]}]}