{"v":9,"a":[22],"p":[{"b":60,"t":1,"s":[{"p":[0,0,0],"r":[0,0,0],"s":[0.0948522,0.09484006,8.918102],"c":[0.3333331,0.3333331,0.3333331]}]}]}