{"v":9,"p":[{"b":10,"s":[{"p":[-0.3801618,-0.1415432,-0.2637481],"r":[58.8513,315.5994,270.333],"s":[0.1250003,0.1250003,0.1250002],"c":[1,1,1]}]},{"b":10,"s":[{"p":[-1.926034,1.14618,1.828114],"r":[319.3761,327.573,312.5052],"s":[162.2405,60.06922,0.716993],"c":[1,1,1]}]},{"b":10,"s":[{"p":[-0.5892756,-0.9799274,-0.1245213],"r":[312.7666,288.2035,209.7174],"s":[0.1250008,0.1250005,0.1250006],"c":[1,1,1]}]},{"b":10,"s":[{"p":[-0.8141669,-1.06902,-0.3704067],"r":[334.6497,350.7757,141.4485],"s":[0.1250007,0.1250005,0.1250005],"c":[1,1,1]}]}]}