{"n":"scene","v":9,"a":[25,48],"p":[{"a":[1,4,27,23,25],"s":[{"p":[-0.3805537,-0.02146138,-0.008995339],"r":[3.392666,29.04353,341.1964],"s":[0.8873916,0.1750031,0.6890971],"c":[0.02469136,0.1111109,0.1111109]}]},{"a":[1],"s":[{"p":[-0.3817427,0.942596,3.8445E-05],"r":[55.59403,289.4206,196.3327],"s":[0.8873808,0.1750019,0.6890955],"c":[0.02469136,0.1111109,0.1111109]},{"p":[-0.6468216,0.9504636,-0.1648136],"r":[1.389884,354.0173,250.7285],"s":[1.12301,0.2001105,0.6777246],"c":[0.02469136,0.1111109,0.1111109]}]}]}