{"n":"sand","v":9,"a":[1,7,18],"p":[{"b":17,"t1":13,"s":[{"p":[0,0,0],"r":[0,0,0],"s":[7.283676,0.1106218,9.058578],"c":[1,0.8253968,0.4444443],"t1":{"c":[1,0.7904761,0.3333333],"x":0.17,"y":0.09749667,"a":0.8925,"m":0.5,"n":0.5,"r":0,"g":0,"o":0.5,"t":0.5,"e":0.5}}]}]}