{"v":9,"p":[{"s":[{"p":[0,0,0],"r":[0,0,0],"s":[0.1750012,0.1750014,0.1750016],"c":[1,1,1],"b":["when touches hand then send one nearby onto spawn room"]}]},{"b":131,"t":2,"e":"TO: SPAWN","s":[{"p":[-0.199202,0.1335454,0.05741927],"r":[85.5464,314.3948,314.9912],"s":[0.006927782,0.006927775,0.006927788],"c":[0.9714285,0,1]}]}]}