{"v":9,"p":[{"s":[{"p":[0,0,0],"r":[0,0,-1.600825E-07],"s":[0.175,2.937073,0.175],"c":[1,1,1]}]}]}