{"v":9,"a":[2,49],"p":[{"b":4,"t":4,"pr":4,"s":[{"p":[0.002838851,0.00441435,-0.00931964],"r":[0.8277367,0.8772237,357.5331],"s":[0.01610243,0.06150413,0.2427032],"c":[0,0.8888889,0.8888889],"pr":{"c":[0,0.8888889,0.8888889],"m":0.25,"a":0.25,"s":0.15,"z":0.25,"g":0.5,"h":0.25}}]},{"b":7,"t":1,"s":[{"p":[-0.003017652,0.004587859,-0.2540849],"r":[1.613575,350.8997,89.89622],"s":[0.1513515,0.04454862,0.05319282],"c":[0.2962962,0.3333332,0.3047618]}]},{"b":7,"t":1,"s":[{"p":[-0.002809115,0.003528327,-0.2951716],"r":[357.8872,176.918,270.7624],"s":[0.1513553,0.04454906,0.05319391],"c":[0.2962962,0.3333332,0.3047618]}]},{"b":69,"t":1,"s":[{"p":[0.02515245,0.01242545,-0.3490869],"r":[21.82692,87.23669,271.5086],"s":[0.02598145,0.05214386,0.0290977],"c":[0.7901235,0.8888889,0.8126984]}]}]}