{"v":9,"p":[{"b":3,"t":3,"s":[{"p":[0.09656206,-0.2311162,-0.4466845],"r":[28.24384,331.6606,348.759],"s":[0.252941,0.1250004,0.2131869],"c":[0.9714286,1,0]}]},{"b":3,"t":3,"s":[{"p":[-0.9448775,1.059315,-0.355424],"r":[27.93167,327.9028,283.4121],"s":[0.252941,0.1250006,0.2131869],"c":[0.9714286,1,0]}]},{"b":3,"t":3,"s":[{"p":[-1.845905,2.150887,-0.2033692],"r":[40.55214,323.949,266.5093],"s":[0.2529418,0.1250009,0.2131875],"c":[0.9714286,1,0]}]},{"b":3,"s":[{"p":[-0.9020399,1.758181,0.001922458],"r":[354.8057,344.1085,205.9783],"s":[0.2529414,0.1250008,0.2131871],"c":[1,1,1]}]}]}