{"v":9,"p":[{"s":[{"p":[0,0,0],"r":[0,0,0],"s":[3.142534,0.1750006,1.61125],"c":[0.3333332,0.2857142,0]}]},{"t":14,"s":[{"p":[0.03736595,0.07037197,0.1317968],"r":[3.16333,356.7015,269.678],"s":[0.1750011,2.972955,0.1750009],"c":[0.9714286,1,0]}]}]}