{"v":9,"a":[49],"p":[{"b":14,"t":2,"s":[{"p":[0,0,0],"r":[0,0,0],"s":[0.01042551,0.01042552,0.32265],"c":[1,0,0]}]},{"b":14,"t":2,"s":[{"p":[-0.2301326,0.2878279,-0.3748673],"r":[1.638401,1.50752,351.1414],"s":[0.01042553,0.01042553,0.3226507],"c":[1,0,0]}]}]}