{"n":"002","v":9,"p":[{"b":251,"c":[[-0.005,-0.044,-2.356,0,8,6,4],[-0.03,0.02,0.115,5,4,6,8]],"s":[{"p":[0,0,0],"r":[-3.415095E-06,0,0],"s":[0.2400016,0.240002,0.03927564],"c":[1,0,0]}]}]}