{"n":"webbrowser","v":9,"a":[1,7],"p":[{"t":2,"im":"973226846963759528/9634C38ED06D87C900E0411DEE5CAE885DAFBFBD/","s":[{"p":[0,0,0],"r":[0,0,0],"s":[0.8166947,0.007316671,1.451905],"c":[1,1,1]}]}]}