{"v":9,"a":[1,31],"p":[{"b":9,"t":3,"s":[{"p":[0,0,0],"r":[0,0,0],"s":[0.03710289,0.0371027,0.03710276],"c":[1,1,1]}]}]}