{"v":9,"a":[7,13,18],"p":[{"s":[{"p":[0,0,0],"r":[0,0,0],"s":[6.752126,0.1750282,3.854235],"c":[0.2222221,0.5333329,1]}]},{"s":[{"p":[-3.2886,2.293278,0],"r":[0,0,270],"s":[4.412941,0.1751622,3.857119],"c":[0.2222219,0.5333328,1]}]},{"s":[{"p":[9.536743E-07,4.581699,-1.192093E-07],"r":[0,0,0],"s":[6.754445,0.1751286,3.85606],"c":[0.222222,0.5333328,1]}]}]}