{"v":9,"a":[27],"p":[{"b":3,"s":[{"p":[-0.001488143,0.03100791,0.03459825],"r":[351.7167,16.64166,336.1246],"s":[0.03569897,0.04604501,0.03177225],"c":[1,1,1]}]},{"b":69,"s":[{"p":[-0.009525742,0.08702177,0.0572038],"r":[341.8132,228.3334,138.1867],"s":[0.01323223,0.02748679,0.02249454],"c":[1,1,1]}]},{"b":69,"s":[{"p":[-0.03374077,0.04961377,0.07639634],"r":[340.6339,231.5477,106.2756],"s":[0.01323225,0.02748679,0.02249455],"c":[1,1,1]}]},{"b":69,"s":[{"p":[-0.04683419,0.01111199,0.07805406],"r":[341.5433,225.4938,78.19952],"s":[0.01323226,0.02748687,0.02249461],"c":[1,1,1]}]}]}