{"v":9,"a":[7,18],"p":[{"s":[{"p":[0,0,0],"r":[0,0,0],"s":[1.873034,0.01623142,0.5378441],"c":[1,0.7809523,0.6666666]}]}]}