{"v":9,"p":[{"t":1,"a":[1,4],"s":[{"p":[0,0,0],"r":[0,0,0],"s":[0.865196,0.05138068,0.525637],"c":[0,0,0]}]}]}