{"v":9,"p":[{"b":3,"s":[{"p":[0,0,0],"r":[0,0,0],"s":[0.08157446,0.117802,0.1799277],"c":[1,1,1]}]}]}