{"v":9,"p":[{"b":3,"s":[{"p":[0.2227704,0.05790083,0.07440878],"r":[349.0688,31.16844,4.781897],"s":[0.125,0.125,0.1250001],"c":[1,1,1]}]},{"b":3,"s":[{"p":[0.01895359,0.1654986,0.08512755],"r":[345.3884,10.54106,334.8147],"s":[0.125,0.125,0.125],"c":[1,1,1]}]},{"b":3,"s":[{"p":[0.4878132,0.3149746,-0.260144],"r":[343.5217,60.73736,345.9072],"s":[0.125,0.1250002,0.1250003],"c":[1,1,1]}]},{"b":3,"s":[{"p":[-0.06443433,0.1366478,-0.1402596],"r":[34.74231,346.7894,275.2518],"s":[0.1250001,0.1250002,0.1250003],"c":[1,1,1]}]}]}