{"v":9,"a":[7],"p":[{"s":[{"p":[0,0,0],"r":[0,0,0],"s":[184.8044,1699.931,0.1546837],"c":[0.2910051,0.5555556,0.1851851]}]}]}