{"v":9,"p":[{"b":68,"s":[{"p":[0,0,0],"r":[0,0,0],"s":[0.2163208,0.1006765,0.2893525],"c":[1,0.2634919,0.111111]}]}]}