{"v":9,"inc":[["thing","63e8306188cda53d30cab015"]],"p":[{"s":[{"p":[0,0,0],"r":[0,0,0],"s":[0.05854495,0.05153589,0.01728062],"c":[1,1,1],"b":["when touched then emit thing with 1"],"pr":{"c":[0,0,0],"m":0.25,"a":0.25,"s":0.15,"z":0.25,"g":0.5,"h":0.25}}]}]}