{"v":9,"p":[{"b":178,"s":[{"p":[0.4651683,0.5120831,-0.08541578],"r":[350.4337,106.0508,10.95861],"s":[0.04500008,0.04500001,0.04500007],"c":[1,1,1]}]},{"b":251,"s":[{"p":[0.3752547,0.4707899,-0.03338003],"r":[341.7065,129.9169,260.0583],"s":[0.2400008,0.2400008,0.2400009],"c":[1,1,1]}]}]}