{"n":"wall","v":9,"a":[7,13,18],"p":[{"s":[{"p":[0,0,0],"r":[0,0,0],"s":[5.985302,0.02532682,4.809826],"c":[0.5555556,0.4056436,0.2469135]}]},{"s":[{"p":[-0.004835605,-2.66222,0.02994561],"r":[359.3551,359.7802,359.8983],"s":[5.991194,0.02534733,4.812647],"c":[0.5555556,0.4056436,0.2469135]}]}]}