{"v":9,"p":[{"t1":168,"s":[{"p":[0,0,0],"r":[0,0,0],"s":[0.1750003,0.1750002,0.1750003],"c":[1,0,0.5142856],"b":["when touched then become next in 1","when touched then play button click"],"t1":{"c":[0,0,0],"a":0.05}},{"p":[0.5694534,0.2116046,0.09615979],"r":[0.02513574,351.5633,39.32293],"s":[0.001,0.1750005,0.9102677],"c":[0,1,0.3999999],"b":["when touched then become previous in 1s","when touched then play button click"],"t1":{"c":[0,0,0],"a":0.05}}]}]}