{"n":"croc body","v":9,"a":[2,24],"bod":{"al": {"i":"637a482fd75b651698d5ca26","p":[-0.02273375,-0.03979339,-0.08407644],"r":[10.24401,340.1093,58.16261]},"ar": {"i":"637a4800aa0cac05dca7659f","p":[0.02660113,-0.06086664,-0.06760301],"r":[349.3722,14.01843,295.0604]},"lt": {"i":"637a4c4d04a85c29620a5e11","p":[-0.003739521,0.0934602,-0.06536473],"r":[272.4445,12.90007,166.2301]}},"p":[{"b":68,"s":[{"p":[0.001802545,-0.003754802,0.002814416],"r":[359.9007,359.6379,0.6283256],"s":[0.1000001,0.1232174,0.2416048],"c":[0.1417987,0.6666667,0.07407392]}]},{"b":198,"s":[{"p":[-0.0030865,-0.1243238,-0.1182023],"r":[4.229537,88.74436,136.1575],"s":[0.06716076,0.06000069,0.06000135],"c":[0.1417988,0.6666667,0.07407395]}]}]}