{"v":9,"a":[22,12,31],"p":[{"a":[23],"s":[{"p":[-4.79491E-09,2.694537E-16,0.02681508],"r":[1.628444E-12,270,-2.911885E-19],"s":[0.05275569,0.05265512,0.0527548],"c":[0.2857141,0,1]}]},{"s":[{"p":[0.0002812378,-2.264088E-06,0.005079304],"r":[270,270,0],"s":[0.02044624,0.02044213,0.02044405],"c":[0,0.7428569,1]}]}]}