{"v":9,"a":[31],"p":[{"b":16,"s":[{"p":[-0.01272416,0,1.862645E-09],"r":[90,9.659345E-06,0],"s":[0.09613605,0.1344804,0.09613555],"c":[0.6666667,0.5502645,0.2962962]}]},{"b":57,"s":[{"p":[-0.004192293,-0.006262064,-0.0006036754],"r":[90,9.659345E-06,0],"s":[0.1373958,0.1373875,0.1373916],"c":[0.5555556,0.4973545,0.3703702]}]},{"b":10,"s":[{"p":[-0.02081689,-0.02079439,0.2177193],"r":[270,180,0],"s":[0.06834571,0.06834847,0.06834898],"c":[1,0.5619047,0.3333332]}]}]}