{"n":"boyhead","v":9,"a":[12,21],"p":[{"b":16,"s":[{"p":[-0.009606686,0.007091787,0.03737941],"r":[51.63944,108.0737,113.8397],"s":[0.1115267,0.1560097,0.1115262],"c":[0.9777777,0.2222221,1]}]},{"b":57,"s":[{"p":[0.002681281,0.0071899,0.03690348],"r":[51.63944,108.0737,113.8397],"s":[0.1593918,0.1593822,0.1593871],"c":[0.6539682,0.2222221,0.6666667]}]},{"b":10,"s":[{"p":[-0.007377077,-0.08050811,0.2756757],"r":[308.3606,288.0737,246.1603],"s":[0.07928741,0.07929055,0.07929117],"c":[0.4345677,0.09876534,0.4444443]}]}]}