{"v":9,"p":[{"b":9,"s":[{"p":[0,0,0],"r":[0,0,0],"s":[0.1250002,0.1250001,0.1250002],"c":[1,0.6857142,0],"b":["when touched then tell any rotate"]}]}]}