{"n":"icecreamcone","v":9,"a":[1,2,3,49],"p":[{"b":4,"a":[23],"t1":155,"s":[{"p":[0,0,0],"r":[0,0,0],"s":[0.04426773,0.04426806,0.06047326],"c":[1,0.8603175,0.5555556],"t1":{"c":[0.6666667,0.526984,0.2222221],"x":0.5,"y":0.5,"a":0.8925,"m":0,"n":0,"r":0,"g":0,"o":0.5,"t":0.5,"e":0.5}}]},{"b":5,"t1":155,"s":[{"p":[0,-7.450581E-09,-0.05966712],"r":[-4.829673E-06,180,90],"s":[0.02741285,0.02741409,0.004946288],"c":[0.5555556,0.4056436,0.2469135],"t1":{"c":[0.6666667,0.526984,0.2222221],"x":0.5,"y":0.5,"a":0.8925,"m":0,"n":0,"r":0,"g":0,"o":0.5,"t":0.5,"e":0.5}}]},{"t":7,"a":[12,23,38],"s":[{"p":[0,0,0],"r":[0,270,90.00002],"s":[0.03836319,0.07831697,0.0383632],"c":[1,1,1],"b":["when touches hammer then tell back"]}]},{"b":3,"s":[{"p":[0.0004971027,0.001098864,-0.0746708],"r":[270,0,0],"s":[0.0442796,0.0442696,0.04427622],"c":[1,1,1]}]}]}