{"v":9,"p":[{"b":5,"s":[{"p":[0.001682447,0.02532461,0.02668237],"r":[341.6373,2.054784,7.687762],"s":[0.006754735,0.006754759,0.05031002],"c":[1,0.8888889,0.2222221]}]},{"b":16,"s":[{"p":[0.00081982,0.0197542,0.008516898],"r":[48.9151,294.5172,118.7851],"s":[0.006486497,0.006486281,0.006485941],"c":[0.111111,0.1022926,0.04938261]}]}]}