{"v":9,"p":[{"b":59,"s":[{"p":[0,0,0],"r":[0,0,1.707547E-06],"s":[0.01038729,0.3843335,0.01038703],"c":[0.7654321,0.7777778,0.3456789]}]},{"b":5,"s":[{"p":[-0.0004987298,0.0194062,0.0002508152],"r":[270.1758,117.6213,219.9156],"s":[0.008457501,0.008462217,0.001000221],"c":[0.7654321,0.7777778,0.3456789]}]}]}