{"v":9,"a":[7,13,18],"p":[{"s":[{"p":[0,0,0],"r":[0,0,0],"s":[10.60141,0.04915259,9.14535],"c":[0.4444443,0.4444443,0.4444443]}]},{"s":[{"p":[2.596627,-3.814697E-06,5.471787],"r":[0,-1.001791E-05,0],"s":[5.337119,0.04915614,1.866896],"c":[0.4444443,0.4444443,0.4444443]}]},{"s":[{"p":[-4.066313,-4.291534E-06,5.471785],"r":[1.001791E-05,0,0],"s":[1.488817,0.04916137,1.867665],"c":[0.4444443,0.4444443,0.4444443]}]}]}