{"v":9,"a":[7],"p":[{"t":2,"s":[{"p":[0.1202069,4.510672,-0.0041852],"r":[0,0,0],"s":[6.696982,0.02099502,0.02073009],"c":[0.4571431,0,1]}]},{"t":2,"s":[{"p":[0.04546166,0.009741306,-0.02969504],"r":[0,0,0],"s":[6.701699,0.02092788,0.02070964],"c":[0.4571431,0,1]}]}]}