{"v":9,"a":[1],"p":[{"s":[{"p":[0,0,0],"r":[0,0,-2.134434E-07],"s":[0.1749997,0.1749998,0.1749998],"c":[1,1,1],"b":["when touches hand then turn invisible, become next in 0"]},{"p":[0,0,0],"r":[0,0,-2.134434E-07],"s":[0.1749997,0.1749998,0.1749998],"c":[1,1,1],"b":["when touches hand then turn visible, become next in 0"]}]}]}