{"n":"el2","v":9,"p":[{"t":7,"s":[{"p":[0,0,0],"r":[0,0,0],"s":[0.004999415,0.1750003,0.1750004],"c":[1,0.1714284,0]}]}]}