{"v":9,"a":[7],"p":[{"a":[1],"s":[{"p":[0,0,0],"r":[0,0,0],"s":[1.057909,0.008984998,1.196399],"c":[1,1,1]}]}]}