{"v":9,"a":[1,27],"p":[{"b":68,"s":[{"p":[0.03354041,-0.09727014,-0.02824364],"r":[71.99175,92.97903,282.2881],"s":[0.02229873,0.008945907,0.02241711],"c":[0,0.05714255,1]}]},{"b":54,"s":[{"p":[0.03654043,-0.09923718,-0.008506263],"r":[358.9216,23.47084,197.5151],"s":[0.02008548,0.0252621,0.02027806],"c":[0,0.05714255,1]}]},{"b":61,"s":[{"p":[0.03153667,-0.0931328,-0.03727733],"r":[68.80349,96.3662,280.5853],"s":[0.04434337,0.02888453,0.04622239],"c":[0,0.9142855,1]}]}]}