{"n":"retrievable ball","v":9,"a":[2],"p":[{"b":9,"s":[{"p":[0,0,0],"r":[0,0,0],"s":[0.1250002,0.1249999,0.1250001],"c":[1,1,1]}]}]}