{"n":"target","v":9,"a":[2,3,7,18,31],"inc":[["thing","64835bc1d3effe05cb26088f"],["thing 2","64835c743ae8af47204375b0"]],"p":[{"s":[{"p":[0.008531076,0.000156344,-0.005984085],"r":[358.3803,35.02325,0.8599197],"s":[0.175007,0.1750008,0.1750041],"c":[1,1,1],"b":["when triggered then tell launch"]}]},{"b":4,"s":[{"p":[0.09768503,0.001790216,-0.06852072],"r":[359.1404,125.0476,358.3801],"s":[0.01900942,0.01899841,0.01900605],"c":[1,1,1],"b":["when told launch then emit "]},{"p":[0.09768503,0.001790216,-0.06852072],"r":[359.1404,125.0476,358.3801],"s":[0.01900942,0.01899841,0.01900605],"c":[1,1,1]}]}]}