{"v":9,"p":[{"b":5,"t":3,"s":[{"p":[0,0,0],"r":[0,0,-1.707547E-06],"s":[0.1,0.1000001,859.6761],"c":[0.5925926,0.2962962,0.6666667]}]}]}