{"v":9,"p":[{"s":[{"p":[0,0,0],"r":[0,0,0],"s":[0.3963035,0.3054207,0.300155],"c":[1,0.8253968,0.4444443]}]}]}