{"v":9,"a":[7,18],"p":[{"t1":10,"t2":106,"s":[{"p":[0,0,0],"r":[0,0,0],"s":[4.763807,4.891111,0.001000694],"c":[1,0.9682539,0.7777778],"t1":{"c":[0,0,0],"a":0},"t2":{"c":[0,0,0],"x":0.5,"y":0.5,"a":0.8925,"m":0,"n":0,"r":0,"g":0,"o":0.5,"t":0.5,"e":0.5}}]}]}