{"v":9,"a":[7],"p":[{"a":[1],"s":[{"p":[1.693935,3.319754,-1.335295],"r":[-8.14222E-13,90.00002,180],"s":[1.235007,0.05458449,0.6237491],"c":[0,0,0]}]}]}