{"n":"dirt","v":9,"a":[7],"p":[{"b":153,"s":[{"p":[0,0,0],"r":[0,0,0],"s":[1.097519,1.876113,0.1862653],"c":[0.8888889,0.7647266,0.4938272]}]}]}