{"n":"chalk","v":9,"a":[2,3,31],"p":[{"b":5,"c":[[1.164,1.157,0.384,7,61],[-1.111,0.671,0.384,23,40,14],[-1.089,-0.377,0.384,27,33],[-0.797,1.157,0.384,21,43],[-0.383,1.438,0.384,19,46],[0.184,1.556,0.384,17,49],[0.722,1.45,0.384,15,52],[1.456,0.725,0.384,3,66,5],[1.569,0.177,0.384,0,72],[1.468,-0.345,0.384,4,67],[-0.349,-1.103,0.384,31,27],[0.184,-1.207,0.384,12,21,23],[-0.799,-0.806,0.384,29,30],[-1.203,0.177,0.384,25,36]],"s":[{"p":[0.001964849,0.0006922072,-0.001239411],"r":[359.4368,359.9025,2.032586],"s":[0.008177663,0.008177658,0.1339771],"c":[1,1,1]}]},{"a":[12],"s":[{"p":[0.003040986,0.002819167,0.05265462],"r":[355.871,359.9886,52.98245],"s":[0.01696795,0.01696774,0.01696794],"c":[1,1,1],"b":["when triggered then trail start","when trigger let go then trail end"]}]}]}