{"n":"light","v":9,"a":[2,16],"p":[{"b":17,"t":3,"s":[{"p":[0,0,0],"r":[0,0,0],"s":[0.06000002,0.06000001,0.06000001],"c":[0.752381,0.3333332,1]}]}]}