{"v":9,"a":[5],"p":[{"s":[{"p":[0,0,0],"r":[0,0,0],"s":[1.830505,0.1750163,1.243238],"c":[1,1,1]}]}]}