{"v":9,"a":[7,18],"p":[{"b":17,"s":[{"p":[0,0,0],"r":[0,0,0],"s":[2.099042,0.08765072,2.309561],"c":[0.3333332,0.2962962,0.07407395]}]}]}