{"n":"henge xdddddd","v":9,"p":[{"b":9,"s":[{"p":[0.07475638,-0.01182113,-0.243228],"r":[359.8096,14.36815,357.8038],"s":[0.1436507,1.311395,0.1471583],"c":[0.5555556,0.5555556,0.5555556]}]},{"b":9,"s":[{"p":[-0.7717139,-0.1255366,1.004198],"r":[1.220516,257.7571,359.5275],"s":[0.1436508,1.311394,0.1471584],"c":[0.5555556,0.5555556,0.5555556]}]},{"b":9,"s":[{"p":[-0.3179981,0.9841546,0.3780008],"r":[315.1243,237.1681,86.22353],"s":[0.1436519,1.31141,0.1471604],"c":[0.5555556,0.5555556,0.5555556]}]}]}