{"v":9,"a":[7,18],"p":[{"t1":29,"t2":34,"s":[{"p":[0,0,0],"r":[0,0,0],"s":[2500,0.3006809,942.7274],"c":[0.04938262,0.4444443,0.1396825],"t1":{"c":[0,0.1111111,0.02539684],"x":0.006004691,"y":0.01858521,"a":0.8925,"m":0,"n":0,"r":0,"g":0,"o":0.5,"t":0.5,"e":0.5},"t2":{"c":[0,0.2222221,0.05079364],"x":0.03334177,"y":0.09674746,"a":0.8925,"m":0,"n":0,"r":0,"g":0,"o":0.5,"t":0.5,"e":0.5}}]}]}