{"v":9,"a":[1,7],"tp_lp": [1,1,1],"tp_lp": [1,1,1],"tp_lr": [1,1,1],"p":[{"a":[3],"c":[[2.9,-0.3,-0.4,4,6,11],[2.9,-0.3,0,2,6,14],[-0.5,-0.2,-0.5,5,6,7],[-0.5,-0.2,-0.1,3,6,8],[2.9,-0.7,0,0,13,10],[-0.5,-0.6,-0.1,1,13,2],[2.9,-0.7,-0.4,6,6,8],[-0.5,-0.6,-0.5,7,8,4]],"s":[{"p":[0,0,0],"r":[0,0,0],"s":[0.1757056,0.1753061,0.1755322],"c":[0,0,0]}]}]}