{"v":9,"a":[7,18],"p":[{"b":169,"t1":38,"s":[{"p":[0,0,0],"r":[0,0,0],"s":[0.4030005,0.2629243,0.04328647],"c":[0.4444443,0.3470898,0.2962962],"t1":{"c":[0,0,0],"x":0.2001724,"y":0.6849308,"a":0.8907762,"m":0,"n":0,"r":0,"g":0,"o":0.5,"t":0.5,"e":0.5}}]}]}