{"v":9,"a":[7],"p":[{"b":11,"t1":15,"t2":119,"s":[{"p":[1.820001,-0.01129802,-0.6322458],"r":[-1.024528E-05,270,270],"s":[0.01702208,0.2126091,0.2126179],"c":[0.4444442,0.3470897,0.2962961],"t1":{"c":[0,0,0],"x":0.02199189,"y":0.04068916,"a":1,"m":0.5,"n":0.5,"r":0,"g":0,"o":0.5,"t":0.5,"e":0.5},"t2":{"c":[0,0,0],"x":0.3942468,"y":0.3648546,"a":0.8925,"m":0,"n":0,"r":0,"g":0,"o":0.5,"t":0.5,"e":0.5}}]}]}