{"v":9,"p":[{"b":202,"s":[{"p":[0,0,0],"r":[0,0,1.707547E-06],"s":[12.78154,1.256113,12.78156],"c":[1,1,1]}]}]}