{"v":9,"p":[{"s":[{"p":[0,0,0],"r":[-8.537735E-07,-2.544443E-14,3.415094E-06],"s":[0.1750004,0.1750003,0.1750004],"c":[1,1,1],"b":["when starts then allow any person size , then become untweened next in 0.0s"]},{"p":[0,0,0],"r":[-8.537735E-07,-2.544443E-14,3.415094E-06],"s":[0.1750004,0.1750003,0.1750004],"c":[1,1,1],"b":["when starts then allow any person size , then become untweened next in 0.0s"]}]}]}