{"v":9,"p":[{"b":5,"t":7,"s":[{"p":[-0.1414608,0.2391777,0.2252652],"r":[11.16793,179.8635,252.1682],"s":[0.03001083,0.02965259,0.968142],"c":[0,0.9142855,1]}]},{"b":4,"t":7,"s":[{"p":[-0.1415347,0.1755172,-0.0832898],"r":[344.4358,1.701694,167.292],"s":[0.09186115,0.09318122,0.04568536],"c":[0,0.9142855,1]}]},{"b":4,"t":7,"s":[{"p":[-0.1402783,0.315525,0.5461126],"r":[18.97984,179.1631,246.1209],"s":[0.1865282,0.1858727,0.0670955],"c":[0,0.9142855,1]}]},{"b":5,"t1":43,"s":[{"p":[-0.1458037,0.1631804,-0.1597954],"r":[22.40772,182.7996,108.2934],"s":[0.2894632,0.2947417,0.07204022],"c":[1,1,1],"t1":{"c":[0,0,0],"x":0.5,"y":0.5,"a":0.8925,"m":0,"n":0,"r":0,"g":0.01879454,"o":0.5,"t":0.5,"e":0.5}}]}]}