{"v":9,"a":[7,18],"p":[{"b":2,"i":[{"t":"656868e63ce12605c779ecd3","p":[2.695723,-15.02468,-1.072079],"r":[8.537737E-06,135,90.00001]}],"s":[{"p":[0,0,0],"r":[0,0,0],"s":[0.1250218,0.1250491,0.1249653],"c":[1,1,1],"b":["when starts then set constant rotation to 0 0 28"]}]}]}