{"v":9,"p":[{"b":2,"a":[12],"i":[{"t":"656872090600a914c70555c4","p":[0.3589942,-0.5068704,0.148849],"r":[15.27277,92.54613,19.74293]}],"s":[{"p":[0,0,0],"r":[0,0,-4.268868E-07],"s":[0.1250054,0.125005,0.1250068],"c":[1,1,1],"b":["when starts then set constant rotation to 0 0 -200"]}]}]}