{"v":9,"p":[{"s":[{"p":[0,0,0],"r":[0,0,0],"s":[0.1750059,0.07292587,0.1750087],"c":[1,0,0],"b":["when touches hand then tell any boom"]}]}]}