{"n":"lazar","v":9,"a":[1,2,3,7,31],"p":[{"b":5,"t":9,"s":[{"p":[-5.323441E-05,-0.0009460449,-0.06313384],"r":[0,180,270],"s":[0.005466535,0.005466372,0.1616029],"c":[0.222222,0.222222,0.222222]},{"p":[0.0001321957,0.002439022,-0.0587616],"r":[34.95355,157.711,273.7241],"s":[0.005466467,0.005466343,0.1616025],"c":[0.222222,0.222222,0.222222]}]},{"b":3,"t":3,"a":[37,42],"s":[{"p":[0,0,0],"r":[0,1.366038E-05,0],"s":[0.005839444,0.005838433,0.005839593],"c":[0,0,0],"b":["when triggered then become untweened next","when starts then project with 0% reach","when starts then turn visible"]},{"p":[-5.960465E-08,0,7.105427E-15],"r":[0,1.366038E-05,0],"s":[0.01156413,0.01156413,0.01156413],"c":[1,0,0],"b":["when starts then project with 1000 default, show line with 0.001 width","when trigger let go then become untweened 1","when starts then turn invisible"]}]}]}