{"n":"crystal tie","v":9,"a":[31],"p":[{"b":199,"t":7,"i":[{"t":"65585273dcf5a7049c9b665d","p":[-0.09789312,0.08340546,-0.3463892],"r":[308.497,112.3398,282.2408]},{"t":"656d5098a5f43d14c216f61e","p":[-0.4834596,0.72745,-0.1963609],"r":[294.3551,2.892726,250.0369]}],"s":[{"p":[-0.03283662,-0.05869102,-0.0202241],"r":[329.1908,172.8507,137.9124],"s":[0.01827043,0.01827045,0.01827053],"c":[0.7901235,0.8888889,0.8888889]}]},{"b":199,"t":7,"s":[{"p":[-0.01947287,-0.04270307,-0.02426259],"r":[292.5512,223.9167,43.29166],"s":[0.01827036,0.01827038,0.01827049],"c":[0.7901235,0.8888889,0.8888889]}]}]}