{"v":9,"a":[2,7,14,21,32],"p":[{"b":5,"t1":4,"s":[{"p":[-0.2436974,0.0007611364,0.05109788],"r":[282.4509,351.7965,330.5649],"s":[0.01224688,0.01224503,0.00079683],"c":[0.5555556,0.5555556,0.5555556],"t1":{"c":[0.6666667,0.6666667,0.6666667],"x":0.1151628,"y":0.2423241,"a":0.69625,"m":0.5,"n":0.5,"r":0,"g":0,"o":0.5611814,"t":0.06284779,"e":0.5}}]},{"b":5,"s":[{"p":[-0.2436974,0.0007611364,0.05109788],"r":[282.4509,351.7965,330.5649],"s":[0.005977053,0.005975266,0.001384047],"c":[0.3880067,0.5555556,0.2469132]}]},{"s":[{"p":[-0.2435747,-0.003128879,0.05024757],"r":[10.82276,321.7742,353.8072],"s":[0.03635176,0.002002773,0.03963422],"c":[0,0,0],"b":["when consumed then destroy all parts","when consumed then send one nearby to construction platform"]}]}]}