{"n":"ground","v":9,"a":[1],"p":[{"b":17,"t2":14,"s":[{"p":[0,0,0],"r":[0,0,0],"s":[3.380889,0.11062,3.880707],"c":[0.9019608,0.8509804,0.7215686],"t2":{"c":[0.09523801,0.3333333,0],"x":0.17,"y":0.17,"a":0.8925,"m":0.5,"n":0.5,"r":0,"g":0,"o":0.5,"t":0.5,"e":0.5}}]}]}