{"v":9,"a":[7,31],"p":[{"b":151,"pr":47,"s":[{"p":[0,0,0],"r":[0,0,0],"s":[0.008995235,0.008995254,0.008994202],"c":[1,1,1],"b":["when touches hand then send one nearby onto spatial anchor","when touches hand then become 2 in 0.2s"],"pr":{"c":[0.7901235,0.8465608,0.8888889],"m":0.4318507,"a":0.25,"s":0,"z":0.241641,"g":0.6117592,"h":0.5}},{"p":[0,0,0],"r":[0,0,0],"s":[0.008995235,0.008995254,0.008994202],"c":[1,1,1],"b":["when starts then become 1 in 0.5s"],"pr":{"c":[0.5925926,0.7619047,0.8888889],"m":0.4318507,"a":0.25,"s":0,"z":0.2399394,"g":0.6117592,"h":0.5}}]}]}