{"v":9,"a":[2,3,7,31,32],"inc":[["tbolt","658a81740600a914c70556b2"],["tbolt 2","658a82afbaa2b214c0065482"]],"p":[{"b":5,"s":[{"p":[0.01830756,0.01223565,-0.01445941],"r":[346.2852,333.9072,314.1592],"s":[0.003574049,0.003385503,0.2947477],"c":[0.5555556,0.5555556,0.5555556],"pr":{"c":[0.3333333,0.3333333,0.3333333],"m":0.25,"a":0.25,"s":0.15,"z":0.25,"g":0.5,"h":0.25}}]},{"b":3,"t":2,"s":[{"p":[-0.04044436,0.04483527,0.1055061],"r":[346.2853,333.9072,44.15925],"s":[0.01003662,0.01003674,0.01003677],"c":[1,1,1],"b":["when triggered then become 2 in 0.2s","when triggered then emit tbolt 2 with 10"]},{"p":[-0.04044436,0.04483527,0.1055061],"r":[346.2853,333.9072,44.15925],"s":[0.01003662,0.01003674,0.01003677],"c":[1,0.7777778,0.7777778],"b":["when starts then become 1 in 1","when starts then send one nearby onto tbolt 2"]},{"p":[-0.04044436,0.04483527,0.1055061],"r":[346.2853,333.9072,44.15925],"s":[0.01003662,0.01003674,0.01003677],"c":[1,1,1]}]}]}