{"v":9,"a":[2,3,31],"p":[{"b":15,"s":[{"p":[0,0,0],"r":[0,0,0],"s":[0.005496189,0.005496234,0.2252906],"c":[0.3333332,0.3333332,0.3333332]}]},{"b":250,"pr":33,"s":[{"p":[-0.001304254,0.001600079,0.1197382],"r":[46.7088,59.10936,356.4542],"s":[0.02996942,0.02996938,0.0299694],"c":[0.7901235,0.8465608,0.8888889],"b":["when triggered then become 2 in 0.2s"],"pr":{"c":[1,1,1],"m":0,"a":0,"s":0.15,"z":0.25,"g":0.5,"h":0}},{"p":[-0.001304254,0.001600079,0.1197382],"r":[46.70881,59.10936,356.4542],"s":[0.02996942,0.02996938,0.0299694],"c":[0.7901235,0.8465608,0.8888889],"b":["when trigger let go then become 1 in 0.2s"],"pr":{"c":[1,1,1],"m":1,"a":1,"s":0.2168322,"z":0.4257803,"g":0.3763685,"h":0}}]}]}