{"v":9,"a":[2,7,18,31,32],"p":[{"b":82,"t":9,"s":[{"p":[-0.01839846,0.001748792,-0.116979],"r":[0.8460772,8.938254,356.4276],"s":[0.04037451,0.01404031,0.04037506],"c":[0.6666667,0.6666667,0.6666667]}]},{"t":9,"s":[{"p":[-0.01788294,0.009806985,-0.1169396],"r":[86.32902,265.6311,76.66645],"s":[0.120567,0.1216008,0.0005384015],"c":[0.6666667,0.6666667,0.6666667]}]}]}