{"v":9,"a":[2,7,15,18,32],"p":[{"t1":87,"t2":3,"s":[{"p":[0,0,0],"r":[0,0,0],"s":[0.1750093,0.001000039,0.1750163],"c":[0,0,0],"t1":{"c":[1,1,1],"x":0.00504303,"y":0.006020069,"a":0.8925,"m":0,"n":0,"r":0,"g":0,"o":0.5,"t":0.5,"e":0.5},"t2":{"c":[1,1,1],"x":0,"y":0,"a":0.69625,"m":0.5,"n":0.5,"r":0,"g":0,"o":0.5,"t":0.5,"e":0.5}}]}]}