{"n":"uno card","v":9,"a":[1],"p":[{"s":[{"p":[-0.00867939,0.04844224,-0.1960169],"r":[0,0,0],"s":[0.07499988,0.004999818,0.1250025],"c":[1,1,1]}]},{"b":38,"s":[{"p":[0.01732065,0.04944277,-0.2345189],"r":[0,270,270],"s":[0.003041519,0.0420274,0.03503064],"c":[0,0,0]}]},{"b":38,"s":[{"p":[-0.03467941,0.04944278,-0.1575182],"r":[0,90,270],"s":[0.003041521,0.0420274,0.03503065],"c":[0,0,0]}]},{"b":18,"e":"8","s":[{"p":[0.03739087,0.05325754,-0.174939],"r":[87.4855,352.7707,262.8676],"s":[0.00696507,0.006965066,0.006965083],"c":[0,0,0]}]}]}