{"n":"uno card","v":9,"a":[1],"p":[{"s":[{"p":[-0.00867939,0.04844224,-0.1960169],"r":[0,0,0],"s":[0.07499988,0.004999818,0.1250025],"c":[1,1,1]}]},{"b":38,"s":[{"p":[0.01732065,0.04944277,-0.2345189],"r":[0,270,270],"s":[0.003041519,0.0420274,0.03503064],"c":[0,0.2285711,1]}]},{"b":38,"s":[{"p":[-0.03467941,0.04944278,-0.1575182],"r":[0,90,270],"s":[0.003041521,0.0420274,0.03503065],"c":[0,0.2285711,1]}]},{"b":18,"e":"10","s":[{"p":[-0.05619491,0.05522797,-0.2004735],"r":[87.36344,280.9892,330.3307],"s":[0.0046269,0.0046269,0.004626933],"c":[0,0.228571,1]}]}]}