{"v":9,"p":[{"b":3,"t":3,"a":[36],"s":[{"p":[-0.421344,-0.2328349,-0.4109971],"r":[30.81148,323.201,304.0512],"s":[0.06043685,0.06090884,0.05143451],"c":[0,0,0],"b":["when touches hand then become 2 in 0.2s"],"pr":{"c":[0,0,0],"m":0.25,"a":0.25,"s":0.15,"z":0.25,"g":0.5,"h":0.25}},{"p":[0.03427346,-0.1467091,0.1619549],"r":[359.3528,1.425449,337.0316],"s":[0.04766049,0.05270245,0.04753275],"c":[0.9904761,1,0.6666666],"b":["when touches hand then become 1 in 0.2s"],"pr":{"c":[0,0,0],"m":0.25,"a":0.25,"s":0.15,"z":0.25,"g":0.5,"h":0.25}}]}]}