{"v":9,"a":[7,18,32],"p":[{"b":214,"t1":7,"t2":3,"c":[[-0.404,1.288,-1.584,5,6,7],[-0.993,0.744,-1.626,7,8,4],[-2.183,1.225,-0.743,1,13,2],[-0.733,1.222,2.161,3,6,8],[-0.334,-0.451,-0.742,6,6,8],[1.183,-0.679,0.308,0,13,10]],"cx":0,"s":[{"p":[0.03499985,0,3.059784E-09],"r":[1.001791E-05,6.157171E-14,1.001791E-05],"s":[0.08818501,0.1163751,0.08004691],"c":[1,1,1],"b":["when let go then become 2 in 0.2s"],"t1":{"c":[0,0,0],"x":0,"y":0.00165987,"a":0.8925,"m":0.5,"n":0.5,"r":0,"g":0,"o":0.5,"t":0.5,"e":0.5},"t2":{"c":[0,0,0],"x":0,"y":0,"a":0.69625,"m":0.5,"n":0.5,"r":0,"g":0,"o":0.5,"t":0.5,"e":0.5}},{"p":[0,0,0],"r":[0,0,0],"s":[0.08818354,0.1163747,0.08004556],"c":[1,1,1],"b":["when touched then become 3 in 0.2s"],"t1":{"c":[0,0,0],"x":0,"y":0.00165987,"a":0.8925,"m":0.5,"n":0.5,"r":0,"g":0,"o":0.5,"t":0.5,"e":0.5},"t2":{"c":[0,0,0],"x":0,"y":0,"a":0.69625,"m":0.5,"n":0.5,"r":0,"g":0,"o":0.5,"t":0.5,"e":0.5}},{"p":[4.371239E-10,0,-0.005000114],"r":[1.001791E-05,0,0],"s":[0.1113166,0.1395061,0.09822316],"c":[1,1,1],"b":["when starts then play static interference noise with very-low-pitch "],"t1":{"c":[0,0,0],"x":0,"y":0.00165987,"a":0.8925,"m":0.5,"n":0.5,"r":0,"g":0,"o":0.5,"t":0.5,"e":0.5},"t2":{"c":[0,0,0],"x":0,"y":0,"a":0.69625,"m":0.5,"n":0.5,"r":0,"g":0,"o":0.5,"t":0.5,"e":0.5}}]}]}